text,category,priority,location
led street light needs replacement in rtc bus stand.,Street Lighting,Medium,RTC Bus Stand
no power supply to bose nagar area for several days.,Electricity,Medium,Bose Nagar
stretch of road near Dilsukhnagar is damaged and dangerous.,Roads,High,Dilsukhnagar
Pot holes in Dilsukhnagar area destroying vehicles.,Roads,Medium,Dilsukhnagar
Street lights remain ON during daytime in main junction wasting electricity.,Street Lighting,Medium,main junction
Road near Jubilee Hills has large cracks and is sinking.,Roads,High,Jubilee Hills
flooding in anna nagar due to inadequate drainage.,Drainage,High,Anna Nagar
Manhole open in Ward 7 road is dangerous.,Drainage,Medium,Ward 7
garbage bins in near government hospital are overflowing.,Sanitation,High,near government hospital
Electricity supply disrupted for several days in Anna Nagar.,Electricity,Medium,Anna Nagar
Drainage work done but not completed in Bhagath Singh Nagar.,Drainage,Medium,Bhagath Singh Nagar
our entire street has been without water since 2 weeks.,Water Supply,Medium,Jubilee Hills
Open drain in near government hospital causing mosquito breeding.,Drainage,Low,near government hospital
street light pole broken near ward 7.,Street Lighting,Medium,Ward 7
Power cuts happening frequently in LB Nagar!,Electricity,Medium,LB Nagar
high voltage sparks from wire near near railway station.,Electricity,Critical,near railway station
water tanker not coming for 10 days to indira nagar.,Water Supply,Medium,Indira Nagar
Flooding in Lakshmi Puram due to inadequate drainage.,Drainage,High,Lakshmi Puram
Water supply cut without notice in Dilsukhnagar area.,Water Supply,Medium,Dilsukhnagar
No water coming from tap for 1 week in Gandhi Nagar!,Water Supply,High,Gandhi Nagar
No dustbins provided in Dilsukhnagar market area!,Sanitation,Low,Dilsukhnagar
garbage vehicle not coming to begumpet since last tuesday.,Sanitation,Medium,Begumpet
Street light pole broken near Anna Nagar.,Street Lighting,Medium,Anna Nagar
Many potholes on the main road in LB Nagar causing accidents!,Roads,High,LB Nagar
No potable water available in Indira Nagar ward.,Water Supply,Medium,Indira Nagar
Dustbin near Bhagath Singh Nagar is full and not cleared for last Tuesday.,Sanitation,Medium,Bhagath Singh Nagar
Nala near LB Nagar encroached blocking water flow!,Drainage,Medium,LB Nagar
High voltage sparks from wire near Lakshmi Puram.,Electricity,Critical,Lakshmi Puram
Underground drainage choked in Himayatnagar for 10 days.,Drainage,Medium,Himayatnagar
Cable theft causing power outage in Himayatnagar.,Electricity,Medium,Himayatnagar
Septic tank overflow in near school colony.,Drainage,Medium,near school
Road construction incomplete in Kukatpally for Monday.,Roads,Medium,Kukatpally
Road condition in Ameerpet is very bad due to potholes.,Roads,Medium,Ameerpet
water is not supplied for 3 days and people are suffering.,Water Supply,Medium,Ward 7
Manhole open in Ward 5 road is dangerous.,Drainage,Medium,Ward 5
Damaged street light post on Himayatnagar road.,Street Lighting,Medium,Himayatnagar
Unhygienic conditions in Ward 7 market due to garbage.,Sanitation,Medium,Ward 7
Sewage water mixing with drinking water in Gandhi Nagar.,Water Supply,Medium,Gandhi Nagar
Open defecation near Patel Nagar because of no toilet.,Sanitation,Medium,Patel Nagar
The pipeline near outer ring road is leaking and water is wasted!,Water Supply,Medium,outer ring road
road markings faded on ward 7 road posing danger.,Roads,Low,Ward 7
sewage pumping station failed in rajampet.,Drainage,Medium,Rajampet
Bad smell from drain near Himayatnagar.,Drainage,Medium,Himayatnagar
The road near New Town has too many potholes!,Roads,Medium,New Town
Water meter damaged in Uppal colony.,Water Supply,Low,Uppal
cable theft causing power outage in ambedkar nagar.,Electricity,Medium,Ambedkar Nagar
Main drain in Ramaiah Street blocked after heavy rain!,Drainage,Medium,Ramaiah Street
Power supply cut without prior notice in MG Road.,Electricity,Medium,MG Road
transformer noise disturbing residents of new town.,Electricity,Low,New Town
New streets in near government hospital have no street light installed.,Street Lighting,Medium,near government hospital
the pipeline near new town is leaking and water is wasted.,Water Supply,Medium,New Town
no sanitation service in our locality in uppal.,Sanitation,Medium,Uppal
Irregular water supply in Dilsukhnagar residential area.,Water Supply,Medium,Dilsukhnagar
no water in uppal apartment complex for 3 days.,Water Supply,High,Uppal
Many potholes on main road in Ambedkar Nagar causing accidents.,Roads,High,Ambedkar Nagar
Electric wire hanging low on near government hospital road dangerous.,Electricity,Medium,near government hospital
Speed breaker missing near school in outer ring road!,Roads,Medium,outer ring road
Open sewer near Rajampet market causing health risk.,Drainage,Medium,Rajampet
Road divider broken on Nehru Colony highway.,Roads,Medium,Nehru Colony
power disruption causing losses to businesses in nehru colony.,Electricity,Medium,Nehru Colony
Unhygienic conditions in Ashok Nagar market due to garbage.,Sanitation,Medium,Ashok Nagar
Power supply quality poor with low voltage in Dilsukhnagar.,Electricity,Medium,Dilsukhnagar
Water is not supplied for a month and people are suffering!,Water Supply,Medium,Begumpet
Drainage water entering homes in near school.,Drainage,High,near school
Road excavation by contractor in Dilsukhnagar not restored.,Roads,Medium,Dilsukhnagar
Water supply is completely disrupted in our area since since last month.,Water Supply,High,Ramaiah Street
Footpath damaged near Srinivasa Nagar causing inconvenience.,Roads,Low,Srinivasa Nagar
new streets in near government hospital have no street light installed.,Street Lighting,Medium,near government hospital
Underground drainage choked in Jubilee Hills for 1 week!,Drainage,Medium,Jubilee Hills
Road repair needed urgently in Kukatpally!,Roads,Medium,Kukatpally
Garbage vehicle not coming to Old Town since 3 days!,Sanitation,Medium,Old Town
Main water pipe burst on Indira Nagar road causing wastage!,Water Supply,Medium,Indira Nagar
Park in Ameerpet has no lighting making it unsafe!,Street Lighting,High,Ameerpet
entire rtc bus stand area dark at night due to power failure.,Street Lighting,Medium,RTC Bus Stand
garbage vehicle not coming to nehru colony since a month.,Sanitation,Medium,Nehru Colony
Sewage water mixing with drinking water in Uppal!,Water Supply,Medium,Uppal
Water meter damaged in Jubilee Hills colony.,Water Supply,Low,Jubilee Hills
No water coming from tap for more than a week in Ramaiah Street.,Water Supply,High,Ramaiah Street
Water standing in New Town for 15 days due to poor drainage!,Drainage,Medium,New Town
street light pole broken near indira nagar.,Street Lighting,Medium,Indira Nagar
Street light reports pending for since last month in Ward 5.,Street Lighting,Medium,Ward 5
Street lights not working in Ward 5 for 5 days.,Street Lighting,Medium,Ward 5
Solar street lights not working in Srinivasa Nagar for yesterday.,Street Lighting,Medium,Srinivasa Nagar
Dirty water is coming from tap in Anna Nagar.,Water Supply,Medium,Anna Nagar
Sewage water on road in Uppal creating unhygienic conditions.,Drainage,Medium,Uppal
waste segregation not done by staff in ward 12.,Sanitation,Medium,Ward 12
Transformer blown in near government hospital area since more than a week!,Electricity,High,near government hospital
dirty water is coming from the tap in main junction.,Water Supply,Medium,main junction
Electricity restored but flickering continuously in RTC Bus Stand!,Electricity,Medium,RTC Bus Stand
Littering problem on Bhagath Singh Nagar beach area.,Sanitation,Low,Bhagath Singh Nagar
Waste segregation not done by staff in Jubilee Hills.,Sanitation,Medium,Jubilee Hills
Water supply is interrupted daily in Bose Nagar!,Water Supply,Medium,Bose Nagar
Street lights on Station Road road are dim and not enough!,Street Lighting,Medium,Station Road
street lamp broken near lakshmi puram school.,Street Lighting,Medium,Lakshmi Puram
Water logging in Gandhi Nagar due to blocked drainage!,Drainage,Medium,Gandhi Nagar
Water tanker not coming for 2 weeks to ECIL.,Water Supply,Medium,ECIL
Water contamination noticed in LB Nagar supply!,Water Supply,Critical,LB Nagar
Ward Ward 12 has been facing water shortage since 2 months.,Water Supply,High,Ward 12
park in ramaiah street has no lighting making it unsafe.,Street Lighting,High,Ramaiah Street
Vandalism of street light in Dilsukhnagar colony.,Street Lighting,Medium,Dilsukhnagar
Sweeper has not visited Bose Nagar for 10 days!,Sanitation,Medium,Bose Nagar
septic tank overflow in kukatpally colony.,Drainage,Medium,Kukatpally
Water meter damaged in Bose Nagar colony!,Water Supply,Low,Bose Nagar
Sewer line broken near Patel Nagar causing leakage!,Drainage,Medium,Patel Nagar
main water pipe burst on bose nagar road causing wastage.,Water Supply,Medium,Bose Nagar
Flooding in Jubilee Hills due to inadequate drainage!,Drainage,High,Jubilee Hills
Drinking water pipeline broken near Anna Nagar!,Water Supply,High,Anna Nagar
road divider broken on ramaiah street highway.,Roads,Medium,Ramaiah Street
Our entire street has been without water since 2 weeks.,Water Supply,Medium,near school
Garbage truck route skipping Lakshmi Puram area.,Sanitation,Medium,Lakshmi Puram
low water pressure in patel nagar for the past 5 days.,Water Supply,Medium,Patel Nagar
road divider broken on himayatnagar highway.,Roads,Medium,Himayatnagar
Sewage water mixing with drinking water in Nehru Colony.,Water Supply,Medium,Nehru Colony
Dustbin near Rajampet is full and not cleared for 15 days!,Sanitation,Medium,Rajampet
Several street lights off on Ward 5 road for 3 days.,Street Lighting,Medium,Ward 5
Meter not working properly at Ambedkar Nagar!,Electricity,Low,Ambedkar Nagar
electric pole damaged near new town road.,Electricity,Medium,New Town
road near near school has large cracks and is sinking.,Roads,High,near school
street light cable stolen in near school colony.,Street Lighting,Medium,near school
Drain near ECIL is blocked and water is overflowing.,Drainage,Medium,ECIL
Road not repaired for yesterday in Old Town.,Roads,Medium,Old Town
Street light timer malfunction in Dilsukhnagar ward.,Street Lighting,Low,Dilsukhnagar
narrow road in station road causing traffic jams.,Roads,Low,Station Road
Electricity restored but flickering continuously in Ambedkar Nagar.,Electricity,Medium,Ambedkar Nagar
Open sewer near Rajampet market causing health risk!,Drainage,Medium,Rajampet
Water supply cut without notice in Jubilee Hills area.,Water Supply,Medium,Jubilee Hills
street light timer malfunction in bhagath singh nagar ward.,Street Lighting,Low,Bhagath Singh Nagar
High voltage sparks from wire near Gandhi Nagar!,Electricity,Critical,Gandhi Nagar
Street lights not working in near railway station for 3 days!,Street Lighting,Medium,near railway station
Road divider broken on Bose Nagar highway.,Roads,Medium,Bose Nagar
Solar street lights not working in ECIL for more than a week.,Street Lighting,Medium,ECIL
Sewage pumping station failed in Himayatnagar!,Drainage,Medium,Himayatnagar
Electricity restored but flickering continuously in Gandhi Nagar.,Electricity,Medium,Gandhi Nagar
Open defecation near Ambedkar Nagar because of no toilet!,Sanitation,Medium,Ambedkar Nagar
footpath damaged near bose nagar causing inconvenience.,Roads,Low,Bose Nagar
Electricity bill is incorrect for connection in MG Road.,Electricity,Medium,MG Road
Main drain in near school blocked after heavy rain!,Drainage,Medium,near school
several street lights off on station road road for last week.,Street Lighting,Medium,Station Road
Electric pole damaged near near school road.,Electricity,Medium,near school
fuse box damaged in begumpet locality.,Electricity,Medium,Begumpet
Open garbage dumped near near school park.,Sanitation,Medium,near school
Industrial waste illegally dumped near New Town.,Sanitation,Medium,New Town
public toilet near old town is very dirty and needs cleaning.,Sanitation,Medium,Old Town
Road repair needed urgently in Dilsukhnagar.,Roads,Medium,Dilsukhnagar
Nala near Rajampet encroached blocking water flow.,Drainage,Medium,Rajampet
Road excavation by contractor in Bose Nagar not restored.,Roads,Medium,Bose Nagar
Garbage bins in LB Nagar are overflowing!,Sanitation,High,LB Nagar
open garbage dumped near ramaiah street park.,Sanitation,Medium,Ramaiah Street
Road markings faded on near school road posing danger.,Roads,Low,near school
Traffic island on Begumpet road is broken.,Roads,Medium,Begumpet
Unauthorized construction blocking Kukatpally road.,Roads,Medium,Kukatpally
Electricity restored but flickering continuously in Nehru Colony.,Electricity,Medium,Nehru Colony
many potholes on the main road in nehru colony causing accidents.,Roads,High,Nehru Colony
Littering problem on ECIL beach area.,Sanitation,Low,ECIL
Waste segregation not done by staff in Ashok Nagar.,Sanitation,Medium,Ashok Nagar
Power failure in Himayatnagar since 3 days causing problems!,Electricity,High,Himayatnagar
no water coming from tap for 4 days in ramaiah street.,Water Supply,High,Ramaiah Street
Garbage has not been collected in Nehru Colony for 15 days.,Sanitation,Medium,Nehru Colony
Water is not supplied for Monday and people are suffering.,Water Supply,Medium,outer ring road
Damaged street light post on outer ring road road!,Street Lighting,Medium,outer ring road
Several street lights off on Kukatpally road for 1 week!,Street Lighting,Medium,Kukatpally
Drainage work done but not completed in Station Road!,Drainage,Medium,Station Road
No potable water available in LB Nagar ward.,Water Supply,Medium,LB Nagar
Water standing in Ward 5 for 5 days due to poor drainage!,Drainage,Medium,Ward 5
Garbage vehicle not coming to MG Road since 4 days.,Sanitation,Medium,MG Road
Drainage system in LB Nagar is choked and needs cleaning.,Drainage,Medium,LB Nagar
Stormwater drain not maintained in Rajampet for Monday.,Drainage,Medium,Rajampet
Women feel unsafe walking on main junction due to no street lights.,Street Lighting,Medium,main junction
Dirty water is coming from tap in Patel Nagar.,Water Supply,Medium,Patel Nagar
Electricity restored but flickering continuously in near railway station!,Electricity,Medium,near railway station
Street lights remain ON during daytime in Indira Nagar wasting electricity.,Street Lighting,Medium,Indira Nagar
open sewer near main junction market causing health risk.,Drainage,Medium,main junction
Entire near government hospital area dark at night due to power failure!,Street Lighting,Medium,near government hospital
Electricity supply disrupted for Monday in near school.,Electricity,Medium,near school
Water supply disruption affecting Gandhi Nagar colony!,Water Supply,Medium,Gandhi Nagar
Water supply cut without notice in ECIL area.,Water Supply,Medium,ECIL
solid waste management failure in station road ward.,Sanitation,Medium,Station Road
Solid waste management failure in LB Nagar ward.,Sanitation,Medium,LB Nagar
Unhygienic conditions in Anna Nagar market due to garbage.,Sanitation,Medium,Anna Nagar
Traffic island on Bose Nagar road is broken.,Roads,Medium,Bose Nagar
vandalism of street light in ashok nagar colony.,Street Lighting,Medium,Ashok Nagar
Ward Rajampet has been facing water shortage since 15 days.,Water Supply,High,Rajampet
Main road in Dilsukhnagar is waterlogged after rain.,Roads,Medium,Dilsukhnagar
Traffic island on Lakshmi Puram road is broken.,Roads,Medium,Lakshmi Puram
Road markings faded on Himayatnagar road posing danger.,Roads,Low,Himayatnagar
New electricity connection not provided in Gandhi Nagar for 4 days.,Electricity,Medium,Gandhi Nagar
Fuse box damaged in Begumpet locality.,Electricity,Medium,Begumpet
Street light timer malfunction in Begumpet ward.,Street Lighting,Low,Begumpet
Dirty water is coming from the tap in Lakshmi Puram.,Water Supply,Medium,Lakshmi Puram
Sewage pumping station failed in ECIL.,Drainage,Medium,ECIL
Electric wire hanging low on Himayatnagar road dangerous.,Electricity,Medium,Himayatnagar
our entire street has been without water since 3 months.,Water Supply,Medium,Kukatpally
water supply cut without notice in ambedkar nagar area.,Water Supply,Medium,Ambedkar Nagar
Water supply is completely disrupted in our area since 5 days!,Water Supply,High,Ward 12
Narrow road in MG Road causing traffic jams.,Roads,Low,MG Road
led street light needs replacement in ameerpet.,Street Lighting,Medium,Ameerpet
new electricity connection not provided in uppal for 2 weeks.,Electricity,Medium,Uppal
Open sewer near outer ring road market causing health risk!,Drainage,Medium,outer ring road
Drain not cleaned before monsoon in Indira Nagar!,Drainage,Low,Indira Nagar
Nala near RTC Bus Stand encroached blocking water flow.,Drainage,Medium,RTC Bus Stand
Open defecation near Ward 7 because of no toilet.,Sanitation,Medium,Ward 7
Sweeper has not visited Bose Nagar for last week!,Sanitation,Medium,Bose Nagar
Street light pole broken near Bose Nagar!,Street Lighting,Medium,Bose Nagar
Water logging in Himayatnagar due to blocked drainage!,Drainage,Medium,Himayatnagar
Water supply disruption affecting Anna Nagar colony.,Water Supply,Medium,Anna Nagar
Drain not cleaned in Srinivasa Nagar for since last month causing flooding.,Drainage,High,Srinivasa Nagar
Women feel unsafe walking on outer ring road due to no street lights!,Street Lighting,Medium,outer ring road
High voltage sparks from wire near Nehru Colony.,Electricity,Critical,Nehru Colony
Power supply quality poor with low voltage in MG Road.,Electricity,Medium,MG Road
Sewage water mixing with drinking water in Jubilee Hills!,Water Supply,Medium,Jubilee Hills
Garbage vehicle not coming to Begumpet since 2 days.,Sanitation,Medium,Begumpet
Loose electric wire on road near MG Road is dangerous!,Electricity,Critical,MG Road
High voltage sparks from wire near Patel Nagar.,Electricity,Critical,Patel Nagar
Public places dirty due to no sweeping in LB Nagar!,Sanitation,Medium,LB Nagar
Pipeline leakage causing water logging in Ashok Nagar.,Water Supply,Critical,Ashok Nagar
Water logging in Station Road due to blocked drainage.,Drainage,Medium,Station Road
Power disruption causing losses to businesses in Lakshmi Puram.,Electricity,Medium,Lakshmi Puram
Road excavation by contractor in Bhagath Singh Nagar not restored!,Roads,Medium,Bhagath Singh Nagar
Water supply cut without notice in Ambedkar Nagar area!,Water Supply,Medium,Ambedkar Nagar
Loose electric wire on road near Begumpet is dangerous!,Electricity,Critical,Begumpet
street light pole broken near dilsukhnagar.,Street Lighting,Medium,Dilsukhnagar
Electric pole damaged near Anna Nagar road.,Electricity,Medium,Anna Nagar
Overhead cable broken and lying on road in Old Town.,Electricity,Medium,Old Town
Nala near Indira Nagar encroached blocking water flow!,Drainage,Medium,Indira Nagar
open garbage dumped near ward 12 park.,Sanitation,Medium,Ward 12
Unauthorized construction blocking Bose Nagar road.,Roads,Medium,Bose Nagar
Public places dirty due to no sweeping in Kukatpally!,Sanitation,Medium,Kukatpally
construction debris not removed from dilsukhnagar for 5 days.,Sanitation,Medium,Dilsukhnagar
dustbin near himayatnagar is full and not cleared for 10 days.,Sanitation,Medium,Himayatnagar
women feel unsafe walking on lakshmi puram due to no street lights.,Street Lighting,Medium,Lakshmi Puram
street light cable stolen in ramaiah street colony.,Street Lighting,Medium,Ramaiah Street
Many potholes on the main road in Nehru Colony causing accidents.,Roads,High,Nehru Colony
Littering problem on near railway station beach area.,Sanitation,Low,near railway station
Irregular water supply in MG Road residential area!,Water Supply,Medium,MG Road
Speed breaker missing near school in Nehru Colony!,Roads,Medium,Nehru Colony
Street light timer malfunction in Nehru Colony ward.,Street Lighting,Low,Nehru Colony
frequent power outages in dilsukhnagar colony.,Electricity,Medium,Dilsukhnagar
Underground drainage choked in Ward 12 for last Tuesday!,Drainage,Medium,Ward 12
Street lamp broken near Gandhi Nagar school.,Street Lighting,Medium,Gandhi Nagar
Public water tap not working in Ambedkar Nagar for more than a week.,Water Supply,Medium,Ambedkar Nagar
Public toilet near Ward 5 is very dirty and needs cleaning.,Sanitation,Medium,Ward 5
park in old town has no lighting making it unsafe.,Street Lighting,High,Old Town
Main water pipe burst on Dilsukhnagar road causing wastage.,Water Supply,Medium,Dilsukhnagar
Public toilet near Dilsukhnagar is very dirty and needs cleaning!,Sanitation,Medium,Dilsukhnagar
Flooding in Indira Nagar due to inadequate drainage.,Drainage,High,Indira Nagar
electricity bill is incorrect for connection in rajampet.,Electricity,Medium,Rajampet
Overhead cable broken and lying on road in Ramaiah Street!,Electricity,Medium,Ramaiah Street
Drainage water entering homes in LB Nagar!,Drainage,High,LB Nagar
Garbage truck route skipping Bose Nagar area!,Sanitation,Medium,Bose Nagar
Drainage work done but not completed in Srinivasa Nagar.,Drainage,Medium,Srinivasa Nagar
New colony Ward 5 not provided with street lights!,Street Lighting,Medium,Ward 5
Drainage system in RTC Bus Stand is choked and needs cleaning.,Drainage,Medium,RTC Bus Stand
Drainage system in Market Area is choked and needs cleaning!,Drainage,Medium,Market Area
Sewage smell coming from Uppal street!,Sanitation,Medium,Uppal
Drainage work done but not completed in Ward 5!,Drainage,Medium,Ward 5
sewage pumping station failed in indira nagar.,Drainage,Medium,Indira Nagar
Drainage canal blocked near Station Road bridge!,Drainage,Medium,Station Road
new colony ambedkar nagar not provided with street lights.,Street Lighting,Medium,Ambedkar Nagar
LED street light needs replacement in Bose Nagar!,Street Lighting,Medium,Bose Nagar
Road markings faded on Ashok Nagar road posing danger!,Roads,Low,Ashok Nagar
water is not supplied for monday and people are suffering.,Water Supply,Medium,Bhagath Singh Nagar
Road divider broken on LB Nagar highway.,Roads,Medium,LB Nagar
Street lights on ECIL road are dim and not enough.,Street Lighting,Medium,ECIL
Open sewer near Nehru Colony market causing health risk.,Drainage,Medium,Nehru Colony
waste burning happening near mg road affecting air quality.,Sanitation,Medium,MG Road
Drainage canal blocked near Ambedkar Nagar bridge!,Drainage,Medium,Ambedkar Nagar
Transformer noise disturbing residents of Lakshmi Puram.,Electricity,Low,Lakshmi Puram
Low water pressure in Ward 12 for the past since last month!,Water Supply,Medium,Ward 12
Garbage truck route skipping Gandhi Nagar area!,Sanitation,Medium,Gandhi Nagar
many potholes on the main road in ameerpet causing accidents.,Roads,High,Ameerpet
main drain in old town blocked after heavy rain.,Drainage,Medium,Old Town
public places dirty due to no sweeping in gandhi nagar.,Sanitation,Medium,Gandhi Nagar
Street lights remain ON during daytime in Gandhi Nagar wasting electricity!,Street Lighting,Medium,Gandhi Nagar
There has been no water supply in Nehru Colony for several days!,Water Supply,High,Nehru Colony
Street light cable stolen in Ameerpet colony.,Street Lighting,Medium,Ameerpet
Hand pump not working in Market Area for Monday!,Water Supply,Medium,Market Area
Underground drainage choked in Ashok Nagar for 7 days.,Drainage,Medium,Ashok Nagar
Drainage canal blocked near Ambedkar Nagar bridge.,Drainage,Medium,Ambedkar Nagar
frequent power outages in near school colony.,Electricity,Medium,near school
street light near ameerpet is not functioning since monday.,Street Lighting,Medium,Ameerpet
Bad smell from drain near Anna Nagar!,Drainage,Medium,Anna Nagar
flooding in ward 5 due to inadequate drainage.,Drainage,High,Ward 5
Power cuts happening frequently in Ward 5.,Electricity,Medium,Ward 5
our entire street has been without water since 2 months.,Water Supply,Medium,Ramaiah Street
the stretch of road near uppal is damaged and dangerous.,Roads,High,Uppal
Sweeper has not visited Market Area for last Tuesday!,Sanitation,Medium,Market Area
Dark roads in near school due to non-working street lights.,Street Lighting,High,near school
water standing in lakshmi puram for several days due to poor drainage.,Drainage,Medium,Lakshmi Puram
Main drain in outer ring road blocked after heavy rain!,Drainage,Medium,outer ring road
Sewage pumping station failed in Ambedkar Nagar!,Drainage,Medium,Ambedkar Nagar
road surface broken in indira nagar after heavy rain.,Roads,Medium,Indira Nagar
Flickering street light near New Town disturbing residents.,Street Lighting,Low,New Town
Unauthorized construction blocking LB Nagar road.,Roads,Medium,LB Nagar
Digging work done on Nehru Colony road not filled properly.,Roads,Medium,Nehru Colony
Road not repaired for several days in near railway station.,Roads,Medium,near railway station
accidents happening on ward 12 road due to no lighting.,Street Lighting,High,Ward 12
New streets in ECIL have no street light installed.,Street Lighting,Medium,ECIL
New colony Anna Nagar not provided with street lights!,Street Lighting,Medium,Anna Nagar
Power cuts happening frequently in Station Road.,Electricity,Medium,Station Road
the stretch of road near ward 7 is damaged and dangerous.,Roads,High,Ward 7
The stretch of road near outer ring road is damaged and dangerous.,Roads,High,outer ring road
drainage work done but not completed in ashok nagar.,Drainage,Medium,Ashok Nagar
Drainage system in Ambedkar Nagar is choked and needs cleaning!,Drainage,Medium,Ambedkar Nagar
garbage has not been collected in mg road for 3 days.,Sanitation,Medium,MG Road
Street light pole broken near Begumpet.,Street Lighting,Medium,Begumpet
road divider broken on outer ring road highway.,Roads,Medium,outer ring road
Many potholes on the main road in Ward 12 causing accidents!,Roads,High,Ward 12
Sewage water on road in near school creating unhygienic conditions.,Drainage,Medium,near school
No sanitation service in our locality in Bose Nagar.,Sanitation,Medium,Bose Nagar
Irregular water supply in Ward 5 residential area!,Water Supply,Medium,Ward 5
No power supply to Srinivasa Nagar area for yesterday.,Electricity,Medium,Srinivasa Nagar
Digging work done on Old Town road not filled properly!,Roads,Medium,Old Town
our entire street has been without water since last week.,Water Supply,Medium,Ward 7
Water contamination noticed in Ambedkar Nagar supply.,Water Supply,Critical,Ambedkar Nagar
Street lights not working in Lakshmi Puram for several days!,Street Lighting,Medium,Lakshmi Puram
Open garbage dumped near RTC Bus Stand park!,Sanitation,Medium,RTC Bus Stand
electric wire hanging low on anna nagar road dangerous.,Electricity,Medium,Anna Nagar
Electricity meter tampered in Jubilee Hills apartment.,Electricity,Medium,Jubilee Hills
Drain near Kukatpally is blocked and water is overflowing.,Drainage,Medium,Kukatpally
sewage water mixing with drinking water in jubilee hills.,Water Supply,Medium,Jubilee Hills
Bridge on Begumpet road is damaged and unsafe.,Roads,High,Begumpet
street lights remain on during daytime in ramaiah street wasting electricity.,Street Lighting,Medium,Ramaiah Street
Unhygienic conditions in Ameerpet market due to garbage.,Sanitation,Medium,Ameerpet
underground drainage choked in gandhi nagar for a month.,Drainage,Medium,Gandhi Nagar
Water is not supplied for 5 days and people are suffering.,Water Supply,Medium,Gandhi Nagar
unhygienic conditions in rtc bus stand market due to garbage.,Sanitation,Medium,RTC Bus Stand
Ring road near Station Road damaged and needs resurfacing!,Roads,Medium,Station Road
road markings faded on near government hospital road posing danger.,Roads,Low,near government hospital
Electricity bill is incorrect for connection in Station Road.,Electricity,Medium,Station Road
Ring road near near railway station damaged and needs resurfacing.,Roads,Medium,near railway station
Drain not cleaned in New Town for 3 months causing flooding.,Drainage,High,New Town
traffic island on rajampet road is broken.,Roads,Medium,Rajampet
Road condition in Anna Nagar is very bad due to potholes!,Roads,Medium,Anna Nagar
road not repaired for last tuesday in gandhi nagar.,Roads,Medium,Gandhi Nagar
underground drainage choked in bhagath singh nagar for yesterday.,Drainage,Medium,Bhagath Singh Nagar
power supply quality poor with low voltage in ward 5.,Electricity,Medium,Ward 5
Septic tank overflow in Market Area colony.,Drainage,Medium,Market Area
bad smell from drain near near government hospital.,Drainage,Medium,near government hospital
Drainage work done but not completed in Rajampet.,Drainage,Medium,Rajampet
Road not repaired for since last month in Jubilee Hills.,Roads,Medium,Jubilee Hills
Dead animals lying on road in ECIL creating health hazard!,Sanitation,High,ECIL
Electricity supply disrupted for 2 months in Patel Nagar.,Electricity,Medium,Patel Nagar
street lights on srinivasa nagar road are dim and not enough.,Street Lighting,Medium,Srinivasa Nagar
The stretch of road near Indira Nagar is damaged and dangerous!,Roads,High,Indira Nagar
the road near near government hospital has too many potholes.,Roads,Medium,near government hospital
Road repair needed urgently in near school.,Roads,Medium,near school
no water coming from tap for more than a week in outer ring road.,Water Supply,High,outer ring road
Road not repaired for a month in Himayatnagar!,Roads,Medium,Himayatnagar
Garbage vehicle not coming to near railway station since 2 weeks.,Sanitation,Medium,near railway station
stormwater drain not maintained in uppal for more than a week.,Drainage,Medium,Uppal
Many potholes on main road in Bhagath Singh Nagar causing accidents.,Roads,High,Bhagath Singh Nagar
bridge on gandhi nagar road is damaged and unsafe.,Roads,High,Gandhi Nagar
Water supply is completely disrupted in our area since yesterday.,Water Supply,High,main junction
Park in Old Town has no lighting making it unsafe!,Street Lighting,High,Old Town
Garbage bins in Ashok Nagar are overflowing.,Sanitation,High,Ashok Nagar
No potable water available in Bose Nagar ward.,Water Supply,Medium,Bose Nagar
Public toilet near LB Nagar is very dirty and needs cleaning.,Sanitation,Medium,LB Nagar
Park in Dilsukhnagar has no lighting making it unsafe.,Street Lighting,High,Dilsukhnagar
Street light cable stolen in Srinivasa Nagar colony.,Street Lighting,Medium,Srinivasa Nagar
Bad smell from drain near Ramaiah Street.,Drainage,Medium,Ramaiah Street
many potholes on the main road in ashok nagar causing accidents.,Roads,High,Ashok Nagar
Sewage water on road in MG Road creating unhygienic conditions!,Drainage,Medium,MG Road
bio-medical waste dumped near dilsukhnagar road.,Sanitation,High,Dilsukhnagar
Rainwater harvesting pit blocked near Old Town.,Drainage,Medium,Old Town
stretch of road near ECIL is damaged and dangerous.,Roads,High,ECIL
electricity supply disrupted for 7 days in bhagath singh nagar.,Electricity,Medium,Bhagath Singh Nagar
Ward Ameerpet has been facing water shortage since a month.,Water Supply,High,Ameerpet
Sewage overflowing on road in Ashok Nagar!,Drainage,High,Ashok Nagar
Road construction incomplete in Market Area for since last month!,Roads,Medium,Market Area
Open garbage dumped near near government hospital park.,Sanitation,High,near government hospital
Flickering street light near Himayatnagar disturbing residents.,Street Lighting,Low,Himayatnagar
Garbage has not been collected in Srinivasa Nagar for last Tuesday.,Sanitation,Medium,Srinivasa Nagar
There is no electricity supply in Ramaiah Street since 3 days.,Electricity,High,Ramaiah Street
Drainage water entering homes in outer ring road.,Drainage,High,outer ring road
Main water pipe burst on Station Road road causing wastage!,Water Supply,Medium,Station Road
Many potholes on main road in Lakshmi Puram causing accidents.,Roads,High,Lakshmi Puram
Water not coming from since last month.,Water Supply,High,Ramaiah Street
meter not working properly at ameerpet.,Electricity,Low,Ameerpet
Water standing in Old Town for 3 months due to poor drainage.,Drainage,Medium,Old Town
Garbage truck route skipping Anna Nagar area!,Sanitation,Medium,Anna Nagar
Transformer noise disturbing residents of MG Road!,Electricity,Low,MG Road
Solar street lights not working in near government hospital for since last month!,Street Lighting,Medium,near government hospital
Power cuts happening frequently in Patel Nagar!,Electricity,Medium,Patel Nagar
Rainwater harvesting pit blocked near Bose Nagar.,Drainage,Medium,Bose Nagar
Electricity restored but flickering continuously in Patel Nagar.,Electricity,Medium,Patel Nagar
Unauthorized construction blocking Ward 12 road.,Roads,Medium,Ward 12
No power supply to Ward 5 area for more than a week.,Electricity,Medium,Ward 5
Sewage water on road in Rajampet creating unhygienic conditions!,Drainage,Medium,Rajampet
Water contamination noticed in Himayatnagar supply.,Water Supply,Critical,Himayatnagar
Water tanker not coming for 2 weeks to MG Road.,Water Supply,Medium,MG Road
Road divider broken on Uppal highway!,Roads,Medium,Uppal
Road divider broken on Bhagath Singh Nagar highway.,Roads,Medium,Bhagath Singh Nagar
main water pipe burst on ward 12 road causing wastage.,Water Supply,Medium,Ward 12
Overhead cable broken and lying on road in Begumpet!,Electricity,Medium,Begumpet
Drain outlet blocked in Station Road causing backflow!,Drainage,Medium,Station Road
the road near ramaiah street has too many potholes.,Roads,Medium,Ramaiah Street
pipeline leakage causing water logging in ecil.,Water Supply,Critical,ECIL
Pot holes in Rajampet area destroying vehicles.,Roads,Medium,Rajampet
rainwater harvesting pit blocked near uppal.,Drainage,Medium,Uppal
There is no electricity supply in Ward 5 since yesterday.,Electricity,High,Ward 5
Main water pipe burst on New Town road causing wastage.,Water Supply,Medium,New Town
Industrial waste illegally dumped near Market Area!,Sanitation,Medium,Market Area
no sanitation service in our locality in jubilee hills.,Sanitation,Medium,Jubilee Hills
narrow road in jubilee hills causing traffic jams.,Roads,Low,Jubilee Hills
road near himayatnagar has large cracks and is sinking.,Roads,High,Himayatnagar
Pot holes in Bhagath Singh Nagar area destroying vehicles.,Roads,Medium,Bhagath Singh Nagar
Electricity supply disrupted for 7 days in Uppal!,Electricity,Medium,Uppal
Garbage pile near Himayatnagar hospital entrance.,Sanitation,High,Himayatnagar
New electricity connection not provided in Gandhi Nagar for last week!,Electricity,Medium,Gandhi Nagar
Street lights not working in main junction for 15 days!,Street Lighting,Medium,main junction
Pot holes in Jubilee Hills area destroying vehicles!,Roads,Medium,Jubilee Hills
Waste segregation not done by staff in outer ring road!,Sanitation,Medium,outer ring road
Low water pressure in RTC Bus Stand for the past 2 months!,Water Supply,Medium,RTC Bus Stand
water supply is interrupted daily in dilsukhnagar.,Water Supply,Medium,Dilsukhnagar
garbage vehicle not coming to station road since yesterday.,Sanitation,Medium,Station Road
There has been no water supply in near railway station for yesterday.,Water Supply,High,near railway station
unauthorized construction blocking ward 12 road.,Roads,Medium,Ward 12
bad smell from drain near rtc bus stand.,Drainage,Medium,RTC Bus Stand
Waste collection not done for more than a week in near school.,Sanitation,Medium,near school
No dustbins provided in Himayatnagar market area!,Sanitation,Low,Himayatnagar
Hand pump not working in ECIL for last Tuesday!,Water Supply,Medium,ECIL
dustbin near rajampet is full and not cleared for several days.,Sanitation,Medium,Rajampet
irregular water supply in ward 5 residential area.,Water Supply,Medium,Ward 5
public places dirty due to no sweeping in old town.,Sanitation,Medium,Old Town
Sewage overflowing on road in near government hospital!,Drainage,High,near government hospital
Open defecation near outer ring road because of no toilet.,Sanitation,Medium,outer ring road
Our entire street has been without water since 3 days!,Water Supply,Medium,Ward 12
LED street light needs replacement in RTC Bus Stand.,Street Lighting,Medium,RTC Bus Stand
Traffic island on Patel Nagar road is broken!,Roads,Medium,Patel Nagar
There has been no water supply in Anna Nagar for last Tuesday.,Water Supply,High,Anna Nagar
Sewage water mixing with drinking water in Market Area.,Water Supply,Medium,Market Area
Street light near RTC Bus Stand is not functioning since more than a week.,Street Lighting,Medium,RTC Bus Stand
Substation fault causing outage in Ward 5 for a month!,Electricity,Medium,Ward 5
New colony Bhagath Singh Nagar not provided with street lights.,Street Lighting,Medium,Bhagath Singh Nagar
electric wire hanging low on old town road dangerous.,Electricity,Medium,Old Town
main road in ameerpet is waterlogged after rain.,Roads,Medium,Ameerpet
many potholes on the main road in ward 7 causing accidents.,Roads,High,Ward 7
footpath damaged near ward 5 causing inconvenience.,Roads,Low,Ward 5
Electric wire hanging low on Bose Nagar road dangerous!,Electricity,Medium,Bose Nagar
Drainage system in Nehru Colony is choked and needs cleaning.,Drainage,Medium,Nehru Colony
Electricity restored but flickering continuously in Station Road.,Electricity,Medium,Station Road
Irregular water supply in Ramaiah Street residential area.,Water Supply,Medium,Ramaiah Street
public water tap not working in lb nagar for several days.,Water Supply,Medium,LB Nagar
Bio-medical waste dumped near Uppal road!,Sanitation,High,Uppal
Vandalism of street light in Ashok Nagar colony!,Street Lighting,Medium,Ashok Nagar
Road construction incomplete in Bhagath Singh Nagar for 10 days.,Roads,Medium,Bhagath Singh Nagar
the stretch of road near himayatnagar is damaged and dangerous.,Roads,High,Himayatnagar
Entire Lakshmi Puram area dark at night due to power failure.,Street Lighting,Medium,Lakshmi Puram
Transformer blown in Ward 7 area since 3 days.,Electricity,High,Ward 7
Water supply cut without notice in Bhagath Singh Nagar area!,Water Supply,Medium,Bhagath Singh Nagar
Transformer noise disturbing residents of main junction!,Electricity,Low,main junction
Solid waste management failure in Market Area ward.,Sanitation,Medium,Market Area
street lights not working in bhagath singh nagar for last week.,Street Lighting,Medium,Bhagath Singh Nagar
Dustbin near Ramaiah Street is full and not cleared for last Tuesday.,Sanitation,Medium,Ramaiah Street
Several street lights off on Rajampet road for yesterday!,Street Lighting,Medium,Rajampet
Loose electric wire on road near Srinivasa Nagar is dangerous!,Electricity,Critical,Srinivasa Nagar
Electricity bill is incorrect for connection in Begumpet.,Electricity,Medium,Begumpet
road near ecil has large cracks and is sinking.,Roads,High,ECIL
Transformer noise disturbing residents of Bhagath Singh Nagar.,Electricity,Low,Bhagath Singh Nagar
power cuts happening frequently in near government hospital.,Electricity,Medium,near government hospital
Water tanker not coming for 5 days to Bhagath Singh Nagar!,Water Supply,Medium,Bhagath Singh Nagar
Several street lights off on Bose Nagar road for 7 days.,Street Lighting,Medium,Bose Nagar
Frequent power outages in Ashok Nagar colony!,Electricity,Medium,Ashok Nagar
solid waste management failure in patel nagar ward.,Sanitation,Medium,Patel Nagar
led street light needs replacement in ambedkar nagar.,Street Lighting,Medium,Ambedkar Nagar
Entire ECIL area dark at night due to power failure.,Street Lighting,Medium,ECIL
sewer line broken near new town causing leakage.,Drainage,Medium,New Town
Dead animals lying on road in Anna Nagar creating health hazard.,Sanitation,High,Anna Nagar
Garbage pile near LB Nagar hospital entrance!,Sanitation,High,LB Nagar
Fuse box damaged in Market Area locality.,Electricity,Medium,Market Area
digging work done on uppal road not filled properly.,Roads,Medium,Uppal
Water standing in near railway station for 4 days due to poor drainage.,Drainage,Medium,near railway station
construction debris not removed from dilsukhnagar for a month.,Sanitation,Medium,Dilsukhnagar
Open defecation near Himayatnagar because of no toilet.,Sanitation,Medium,Himayatnagar
Flooding in Old Town due to inadequate drainage.,Drainage,High,Old Town
Solar street lights not working in near government hospital for last week!,Street Lighting,Medium,near government hospital
Pipeline leakage causing water logging in Anna Nagar.,Water Supply,Critical,Anna Nagar
Sewer line broken near Himayatnagar causing leakage!,Drainage,Medium,Himayatnagar
Dirty water is coming from the tap in Himayatnagar!,Water Supply,Medium,Himayatnagar
Speed breaker missing near school in RTC Bus Stand.,Roads,Medium,RTC Bus Stand
Loose electric wire on road near Srinivasa Nagar is dangerous.,Electricity,Critical,Srinivasa Nagar
No potable water available in Lakshmi Puram ward.,Water Supply,Medium,Lakshmi Puram
Waste collection not done for 2 months in Srinivasa Nagar.,Sanitation,Medium,Srinivasa Nagar
Narrow road in Ameerpet causing traffic jams.,Roads,Low,Ameerpet
Public places dirty due to no sweeping in Uppal!,Sanitation,Medium,Uppal
Street light reports pending for last Tuesday in main junction.,Street Lighting,Medium,main junction
There has been no water supply in RTC Bus Stand for Monday!,Water Supply,High,RTC Bus Stand
Pipeline leakage causing water logging in Uppal.,Water Supply,Critical,Uppal
drinking water pipeline broken near near railway station.,Water Supply,High,near railway station
Solid waste management failure in Uppal ward.,Sanitation,Medium,Uppal
drainage work done but not completed in nehru colony.,Drainage,Medium,Nehru Colony
power supply cut without prior notice in station road.,Electricity,Medium,Station Road
Flickering street light near Indira Nagar disturbing residents.,Street Lighting,Low,Indira Nagar
There is no electricity supply in Station Road since Monday!,Electricity,High,Station Road
Electricity restored but flickering continuously in Uppal.,Electricity,Medium,Uppal
Drainage canal blocked near main junction bridge.,Drainage,Medium,main junction
Several street lights off on Market Area road for 3 days!,Street Lighting,Medium,Market Area
Flickering street light near Kukatpally disturbing residents!,Street Lighting,Low,Kukatpally
Cable theft causing power outage in Anna Nagar.,Electricity,Medium,Anna Nagar
Main drain in near railway station blocked after heavy rain!,Drainage,Medium,near railway station
Street lights not working in Nehru Colony for since last month!,Street Lighting,Medium,Nehru Colony
Street light near LB Nagar is not functioning since last Tuesday!,Street Lighting,Medium,LB Nagar
Ring road near Begumpet damaged and needs resurfacing!,Roads,Medium,Begumpet
rainwater harvesting pit blocked near bose nagar.,Drainage,Medium,Bose Nagar
Road surface broken in Srinivasa Nagar after heavy rain.,Roads,Medium,Srinivasa Nagar
road markings faded on dilsukhnagar road posing danger.,Roads,Low,Dilsukhnagar
open sewer near kukatpally market causing health risk.,Drainage,Medium,Kukatpally
Electric pole damaged near ECIL road!,Electricity,Medium,ECIL
Many potholes on main road in Nehru Colony causing accidents.,Roads,High,Nehru Colony
drainage system in jubilee hills is choked and needs cleaning.,Drainage,Medium,Jubilee Hills
Water standing in outer ring road for yesterday due to poor drainage.,Drainage,Medium,outer ring road
No proper road in Patel Nagar colony since 2 months!,Roads,Medium,Patel Nagar
road condition in old town is very bad due to potholes.,Roads,Medium,Old Town
the road near kukatpally has too many potholes.,Roads,Medium,Kukatpally
pipeline near Ashok Nagar is leaking and water is wasted.,Water Supply,Medium,Ashok Nagar
drain outlet blocked in ameerpet causing backflow.,Drainage,Medium,Ameerpet
New streets in Ramaiah Street have no street light installed.,Street Lighting,Medium,Ramaiah Street
Sewage water on road in Lakshmi Puram creating unhygienic conditions!,Drainage,Medium,Lakshmi Puram
Loose electric wire on road near Patel Nagar is dangerous.,Electricity,Critical,Patel Nagar
Narrow road in Ashok Nagar causing traffic jams!,Roads,Low,Ashok Nagar
rainwater harvesting pit blocked near ambedkar nagar.,Drainage,Medium,Ambedkar Nagar
Ring road near near school damaged and needs resurfacing.,Roads,Medium,near school
Construction debris not removed from outer ring road for more than a week!,Sanitation,Medium,outer ring road
Electricity restored but flickering continuously in main junction!,Electricity,Medium,main junction
street light pole broken near near school.,Street Lighting,Medium,near school
Electricity bill is incorrect for connection in Rajampet.,Electricity,Medium,Rajampet
Dustbin near Patel Nagar is full and not cleared for a month.,Sanitation,Medium,Patel Nagar
Power supply quality poor with low voltage in Anna Nagar!,Electricity,Medium,Anna Nagar
narrow road in dilsukhnagar causing traffic jams.,Roads,Low,Dilsukhnagar
Manhole open in near government hospital road is dangerous.,Drainage,Medium,near government hospital
narrow road in uppal causing traffic jams.,Roads,Low,Uppal
Water not coming from several days.,Water Supply,High,Ramaiah Street
Public places dirty due to no sweeping in Market Area.,Sanitation,Medium,Market Area
Vandalism of street light in Jubilee Hills colony.,Street Lighting,Medium,Jubilee Hills
waste collection not done for 10 days in ecil.,Sanitation,Medium,ECIL
Road not repaired for 3 days in LB Nagar.,Roads,Medium,LB Nagar
Water is not supplied for 1 week and people are suffering!,Water Supply,Medium,Lakshmi Puram
sewage smell coming from lb nagar street.,Sanitation,Medium,LB Nagar
drinking water pipeline broken near kukatpally.,Water Supply,High,Kukatpally
Road markings faded on Rajampet road posing danger.,Roads,Low,Rajampet
Electric wire hanging low on Uppal road dangerous.,Electricity,Medium,Uppal
Bad smell from drain near Jubilee Hills.,Drainage,Medium,Jubilee Hills
there is no electricity supply in ward 12 since 3 months.,Electricity,High,Ward 12
the stretch of road near nehru colony is damaged and dangerous.,Roads,High,Nehru Colony
Garbage truck route skipping Patel Nagar area.,Sanitation,Medium,Patel Nagar
Industrial waste illegally dumped near Anna Nagar.,Sanitation,Medium,Anna Nagar
Septic tank overflow in Ward 7 colony!,Drainage,Medium,Ward 7
street lights on outer ring road road are dim and not enough.,Street Lighting,Medium,outer ring road
transformer blown in ecil area since last tuesday.,Electricity,High,ECIL
Load shedding scheduled but not notified to Station Road residents.,Electricity,Medium,Station Road
loose electric wire on road near new town is dangerous.,Electricity,Critical,New Town
No street lighting in Ashok Nagar causing safety issues.,Street Lighting,Medium,Ashok Nagar
Women feel unsafe walking on Gandhi Nagar due to no street lights.,Street Lighting,Medium,Gandhi Nagar
Unauthorized construction blocking Jubilee Hills road.,Roads,Medium,Jubilee Hills
Sweeper has not visited near railway station for since last month!,Sanitation,Medium,near railway station
Road near Uppal has large cracks and is sinking.,Roads,High,Uppal
No sanitation service in our locality in ECIL.,Sanitation,Medium,ECIL
Dark roads in near government hospital due to non-working street lights.,Street Lighting,High,near government hospital
Nala near Lakshmi Puram encroached blocking water flow!,Drainage,Medium,Lakshmi Puram
no street lighting in bose nagar causing safety issues.,Street Lighting,Medium,Bose Nagar
Power supply quality poor with low voltage in near railway station.,Electricity,Medium,near railway station
dirty water is coming from the tap in patel nagar.,Water Supply,Medium,Patel Nagar
There is no electricity supply in Ward 5 since 2 months.,Electricity,High,Ward 5
Septic tank overflow in Jubilee Hills colony.,Drainage,Medium,Jubilee Hills
Street light cable stolen in Bose Nagar colony!,Street Lighting,Medium,Bose Nagar
Irregular water supply in Ward 5 residential area.,Water Supply,Medium,Ward 5
stormwater drain not maintained in bose nagar for 5 days.,Drainage,Medium,Bose Nagar
Public places dirty due to no sweeping in Bhagath Singh Nagar.,Sanitation,Medium,Bhagath Singh Nagar
Open defecation near Market Area because of no toilet.,Sanitation,Medium,Market Area
Damaged street light post on Srinivasa Nagar road!,Street Lighting,Medium,Srinivasa Nagar
Public places dirty due to no sweeping in Nehru Colony.,Sanitation,Medium,Nehru Colony
water is not supplied for 2 days and people are suffering.,Water Supply,Medium,Ward 7
Road not repaired for 3 months in main junction.,Roads,Medium,main junction
Dirty water is coming from the tap in near railway station!,Water Supply,Medium,near railway station
Ward RTC Bus Stand has been facing water shortage since since last month!,Water Supply,High,RTC Bus Stand
dead animals lying on road in mg road creating health hazard.,Sanitation,High,MG Road
Street lights not working in Ambedkar Nagar for 3 months.,Street Lighting,Medium,Ambedkar Nagar
Open defecation near Lakshmi Puram because of no toilet!,Sanitation,Medium,Lakshmi Puram
Rainwater harvesting pit blocked near Srinivasa Nagar.,Drainage,Medium,Srinivasa Nagar
Sewage overflowing on road in main junction.,Drainage,High,main junction
New electricity connection not provided in near railway station for 7 days.,Electricity,Medium,near railway station
Dustbin near Bose Nagar is full and not cleared for 2 months.,Sanitation,Medium,Bose Nagar
Garbage has not been collected in near government hospital for several days.,Sanitation,High,near government hospital
Water contamination noticed in Old Town supply.,Water Supply,Critical,Old Town
Water not coming from 1 week.,Water Supply,High,Bose Nagar
Open drain in Ward 5 causing mosquito breeding.,Drainage,Low,Ward 5
open garbage dumped near uppal park.,Sanitation,Medium,Uppal
open drain in new town causing mosquito breeding.,Drainage,Low,New Town
pipeline leakage causing water logging in rtc bus stand.,Water Supply,Critical,RTC Bus Stand
No dustbins provided in Ramaiah Street market area!,Sanitation,Low,Ramaiah Street
Rainwater harvesting pit blocked near Kukatpally.,Drainage,Medium,Kukatpally
Road condition in Nehru Colony is very bad due to potholes.,Roads,Medium,Nehru Colony
Water is not supplied for more than a week and people are suffering!,Water Supply,Medium,ECIL
Several street lights off on Ameerpet road for since last month!,Street Lighting,Medium,Ameerpet
narrow road in rtc bus stand causing traffic jams.,Roads,Low,RTC Bus Stand
Dirty water is coming from tap in Old Town.,Water Supply,Medium,Old Town
Road construction incomplete in Ward 12 for yesterday.,Roads,Medium,Ward 12
Irregular water supply in RTC Bus Stand residential area.,Water Supply,Medium,RTC Bus Stand
Road condition in Ashok Nagar is very bad due to potholes.,Roads,Medium,Ashok Nagar
Drinking water pipeline broken near Ramaiah Street.,Water Supply,High,Ramaiah Street
No sanitation service in our locality in main junction!,Sanitation,Medium,main junction
no light near main junction bus stop causing issues.,Street Lighting,Medium,main junction
Street lights on Old Town road are dim and not enough.,Street Lighting,Medium,Old Town
Drain not cleaned in Ward 12 for a month causing flooding.,Drainage,High,Ward 12
Street light timer malfunction in MG Road ward.,Street Lighting,Low,MG Road
Water not coming from 2 months!,Water Supply,High,Station Road
Street light reports pending for 2 months in Indira Nagar!,Street Lighting,Medium,Indira Nagar
Load shedding scheduled but not notified to Jubilee Hills residents.,Electricity,Medium,Jubilee Hills
Power disruption causing losses to businesses in Patel Nagar.,Electricity,Medium,Patel Nagar
Electricity restored but flickering continuously in Bose Nagar.,Electricity,Medium,Bose Nagar
Electricity meter tampered in Ward 7 apartment.,Electricity,Medium,Ward 7
Bad smell from drain near LB Nagar!,Drainage,Medium,LB Nagar
Load shedding scheduled but not notified to Market Area residents.,Electricity,Medium,Market Area
Street light reports pending for 10 days in Anna Nagar!,Street Lighting,Medium,Anna Nagar
the pipeline near anna nagar is leaking and water is wasted.,Water Supply,Medium,Anna Nagar
Construction debris not removed from Bose Nagar for last Tuesday.,Sanitation,Medium,Bose Nagar
frequent power outages in begumpet colony.,Electricity,Medium,Begumpet
Power supply cut without prior notice in Rajampet.,Electricity,Medium,Rajampet
new streets in rtc bus stand have no street light installed.,Street Lighting,Medium,RTC Bus Stand
Nala near Bhagath Singh Nagar encroached blocking water flow.,Drainage,Medium,Bhagath Singh Nagar
Littering problem on Uppal beach area!,Sanitation,Low,Uppal
All street lights in Ward 7 area are off since 15 days.,Street Lighting,Medium,Ward 7
Water supply is interrupted daily in outer ring road!,Water Supply,Medium,outer ring road
new electricity connection not provided in old town for last tuesday.,Electricity,Medium,Old Town
Power failure in Market Area since 1 week causing problems.,Electricity,High,Market Area
Sewage water on road in ECIL creating unhygienic conditions!,Drainage,Medium,ECIL
Road not repaired for last week in Anna Nagar.,Roads,Medium,Anna Nagar
Water standing in Ameerpet for 15 days due to poor drainage.,Drainage,Medium,Ameerpet
Overhead cable broken and lying on road in New Town.,Electricity,Medium,New Town
Unauthorized construction blocking near school road!,Roads,Medium,near school
Irregular water supply in Uppal residential area.,Water Supply,Medium,Uppal
Water contamination noticed in Begumpet supply.,Water Supply,Critical,Begumpet
solar street lights not working in rajampet for 4 days.,Street Lighting,Medium,Rajampet
Street lights on Kukatpally road are dim and not enough.,Street Lighting,Medium,Kukatpally
Water not coming from last week!,Water Supply,High,near school
Flickering street light near RTC Bus Stand disturbing residents.,Street Lighting,Low,RTC Bus Stand
Damaged street light post on main junction road.,Street Lighting,Medium,main junction
Sweeper has not visited New Town for 7 days!,Sanitation,Medium,New Town
Electric pole damaged near Market Area road.,Electricity,Medium,Market Area
sweeper has not visited ashok nagar for since last month.,Sanitation,Medium,Ashok Nagar
Dead animals lying on road in Ward 7 creating health hazard.,Sanitation,High,Ward 7
Garbage bins in outer ring road are overflowing!,Sanitation,High,outer ring road
Several street lights off on Dilsukhnagar road for 2 weeks!,Street Lighting,Medium,Dilsukhnagar
Several street lights off on Ward 7 road for 2 days!,Street Lighting,Medium,Ward 7
Electric wire hanging low on main junction road dangerous!,Electricity,Medium,main junction
drainage system in lakshmi puram is choked and needs cleaning.,Drainage,Medium,Lakshmi Puram
Pot holes in Bose Nagar area destroying vehicles.,Roads,Medium,Bose Nagar
speed breaker missing near school in jubilee hills.,Roads,Medium,Jubilee Hills
Main water pipe burst on Patel Nagar road causing wastage!,Water Supply,Medium,Patel Nagar
Many potholes on main road in MG Road causing accidents.,Roads,High,MG Road
The pipeline near outer ring road is leaking and water is wasted.,Water Supply,Medium,outer ring road
Garbage has not been collected in Bhagath Singh Nagar for last week!,Sanitation,Medium,Bhagath Singh Nagar
public water tap not working in near school for 2 weeks.,Water Supply,Medium,near school
Street lights remain ON during daytime in MG Road wasting electricity.,Street Lighting,Medium,MG Road
Drain near Indira Nagar is blocked and water is overflowing.,Drainage,Medium,Indira Nagar
Water tanker not coming for last week to Station Road!,Water Supply,Medium,Station Road
No power supply to Station Road area for 10 days.,Electricity,Medium,Station Road
littering problem on indira nagar beach area.,Sanitation,Low,Indira Nagar
Dead animals lying on road in Bhagath Singh Nagar creating health hazard.,Sanitation,High,Bhagath Singh Nagar
flickering street light near ward 7 disturbing residents.,Street Lighting,Low,Ward 7
flooding in srinivasa nagar due to inadequate drainage.,Drainage,High,Srinivasa Nagar
unauthorized construction blocking station road road.,Roads,Medium,Station Road
Power supply quality poor with low voltage in LB Nagar.,Electricity,Medium,LB Nagar
road surface broken in old town after heavy rain.,Roads,Medium,Old Town
Side road in Ward 5 flooded due to poor drainage.,Roads,Medium,Ward 5
No dustbins provided in Dilsukhnagar market area.,Sanitation,Low,Dilsukhnagar
Sweeper has not visited Lakshmi Puram for last week!,Sanitation,Medium,Lakshmi Puram
Road near outer ring road has large cracks and is sinking!,Roads,High,outer ring road
There is no electricity supply in Patel Nagar since 15 days.,Electricity,High,Patel Nagar
Street light cable stolen in RTC Bus Stand colony.,Street Lighting,Medium,RTC Bus Stand
industrial waste illegally dumped near near government hospital.,Sanitation,High,near government hospital
Women feel unsafe walking on ECIL due to no street lights.,Street Lighting,Medium,ECIL
Drainage canal blocked near Ashok Nagar bridge.,Drainage,Medium,Ashok Nagar
Several street lights off on Gandhi Nagar road for 7 days.,Street Lighting,Medium,Gandhi Nagar
Street light reports pending for 5 days in Rajampet.,Street Lighting,Medium,Rajampet
Fuse box damaged in Bose Nagar locality.,Electricity,Medium,Bose Nagar
road near Srinivasa Nagar has too many potholes.,Roads,Medium,Srinivasa Nagar
Road near Nehru Colony has large cracks and is sinking.,Roads,High,Nehru Colony
Vandalism of street light in Bose Nagar colony!,Street Lighting,Medium,Bose Nagar
Drainage water entering homes in Lakshmi Puram.,Drainage,High,Lakshmi Puram
Street dogs attacking due to garbage at Uppal!,Sanitation,Medium,Uppal
Street light cable stolen in ECIL colony.,Street Lighting,Medium,ECIL
Electric wire hanging low on Begumpet road dangerous.,Electricity,Medium,Begumpet
Digging work done on Bose Nagar road not filled properly!,Roads,Medium,Bose Nagar
Sweeper has not visited Gandhi Nagar for 3 months!,Sanitation,Medium,Gandhi Nagar
Dustbin near Rajampet is full and not cleared for 15 days.,Sanitation,Medium,Rajampet
Industrial waste illegally dumped near Uppal.,Sanitation,Medium,Uppal
our entire street has been without water since since last month.,Water Supply,Medium,Nehru Colony
Rainwater harvesting pit blocked near LB Nagar.,Drainage,Medium,LB Nagar
No water in Old Town apartment complex for Monday.,Water Supply,High,Old Town
Construction debris not removed from Begumpet for a month.,Sanitation,Medium,Begumpet
Drain not cleaned before monsoon in main junction.,Drainage,Low,main junction
Underground drainage choked in near school for 2 days!,Drainage,Medium,near school
underground drainage choked in lakshmi puram for more than a week.,Drainage,Medium,Lakshmi Puram
Park in Ashok Nagar has no lighting making it unsafe.,Street Lighting,High,Ashok Nagar
Garbage bins in Lakshmi Puram are overflowing.,Sanitation,High,Lakshmi Puram
Electricity bill is incorrect for connection in Lakshmi Puram!,Electricity,Medium,Lakshmi Puram
no potable water available in jubilee hills ward.,Water Supply,Medium,Jubilee Hills
Power failure in Ambedkar Nagar since 15 days causing problems.,Electricity,High,Ambedkar Nagar
Frequent power outages in Kukatpally colony.,Electricity,Medium,Kukatpally
There is no electricity supply in Jubilee Hills since a month!,Electricity,High,Jubilee Hills
Stormwater drain not maintained in New Town for 3 months.,Drainage,Medium,New Town
Street light timer malfunction in near railway station ward.,Street Lighting,Low,near railway station
Open garbage dumped near Bhagath Singh Nagar park.,Sanitation,Medium,Bhagath Singh Nagar
Street light near Station Road is not functioning since yesterday!,Street Lighting,Medium,Station Road
power disruption causing losses to businesses in rtc bus stand.,Electricity,Medium,RTC Bus Stand
Transformer blown in ECIL area since 3 months!,Electricity,High,ECIL
Street light near Lakshmi Puram is not functioning since several days.,Street Lighting,Medium,Lakshmi Puram
electricity supply disrupted for last week in kukatpally.,Electricity,Medium,Kukatpally
New colony Ashok Nagar not provided with street lights.,Street Lighting,Medium,Ashok Nagar
Sewage overflowing on road in Bose Nagar!,Drainage,High,Bose Nagar
The road near Nehru Colony has too many potholes!,Roads,Medium,Nehru Colony
No water in Indira Nagar apartment complex for 3 days.,Water Supply,High,Indira Nagar
Dirty water is coming from tap in Ward 12.,Water Supply,Medium,Ward 12
dead animals lying on road in main junction creating health hazard.,Sanitation,High,main junction
road repair needed urgently in nehru colony.,Roads,Medium,Nehru Colony
water meter damaged in station road colony.,Water Supply,Low,Station Road
road not repaired for 2 months in lb nagar.,Roads,Medium,LB Nagar
power failure in ashok nagar since 4 days causing problems.,Electricity,High,Ashok Nagar
Our entire street has been without water since 2 months!,Water Supply,Medium,Ameerpet
Solid waste management failure in near school ward.,Sanitation,Medium,near school
Women feel unsafe walking on New Town due to no street lights!,Street Lighting,Medium,New Town
Power failure in Market Area since 5 days causing problems!,Electricity,High,Market Area
No water coming from tap for 2 weeks in Ramaiah Street.,Water Supply,High,Ramaiah Street
The stretch of road near Ambedkar Nagar is damaged and dangerous!,Roads,High,Ambedkar Nagar
littering problem on dilsukhnagar beach area.,Sanitation,Low,Dilsukhnagar
street light pole broken near jubilee hills.,Street Lighting,Medium,Jubilee Hills
drain outlet blocked in outer ring road causing backflow.,Drainage,Medium,outer ring road
drinking water pipeline broken near indira nagar.,Water Supply,High,Indira Nagar
Meter not working properly at Rajampet.,Electricity,Low,Rajampet
Accidents happening on Station Road road due to no lighting!,Street Lighting,High,Station Road
Water standing in Ashok Nagar for 3 months due to poor drainage.,Drainage,Medium,Ashok Nagar
Drainage canal blocked near Ramaiah Street bridge.,Drainage,Medium,Ramaiah Street
Power supply quality poor with low voltage in Rajampet.,Electricity,Medium,Rajampet
Park in New Town has no lighting making it unsafe!,Street Lighting,High,New Town
Sewage water mixing with drinking water in Rajampet!,Water Supply,Medium,Rajampet
water is not supplied for 10 days and people are suffering.,Water Supply,Medium,main junction
Electric wire hanging low on near railway station road dangerous.,Electricity,Medium,near railway station
substation fault causing outage in market area for 5 days.,Electricity,Medium,Market Area
road near patel nagar has large cracks and is sinking.,Roads,High,Patel Nagar
Drainage work done but not completed in LB Nagar!,Drainage,Medium,LB Nagar
flickering street light near patel nagar disturbing residents.,Street Lighting,Low,Patel Nagar
pot holes in market area area destroying vehicles.,Roads,Medium,Market Area
Frequent power outages in Station Road colony!,Electricity,Medium,Station Road
All street lights in near government hospital area are off since yesterday!,Street Lighting,Medium,near government hospital
frequent power outages in market area colony.,Electricity,Medium,Market Area
Industrial waste illegally dumped near Himayatnagar.,Sanitation,Medium,Himayatnagar
Street lights on Ward 12 road are dim and not enough!,Street Lighting,Medium,Ward 12
Electricity meter tampered in Station Road apartment!,Electricity,Medium,Station Road
road repair needed urgently in anna nagar.,Roads,Medium,Anna Nagar
Electricity supply disrupted for last Tuesday in Dilsukhnagar.,Electricity,Medium,Dilsukhnagar
Open garbage dumped near Old Town park.,Sanitation,Medium,Old Town
Substation fault causing outage in Rajampet for last week.,Electricity,Medium,Rajampet
no potable water available in himayatnagar ward.,Water Supply,Medium,Himayatnagar
Vandalism of street light in Rajampet colony!,Street Lighting,Medium,Rajampet
Public toilet near Lakshmi Puram is very dirty and needs cleaning.,Sanitation,Medium,Lakshmi Puram
Drain not cleaned before monsoon in Himayatnagar.,Drainage,Low,Himayatnagar
Unauthorized construction blocking Begumpet road.,Roads,Medium,Begumpet
several street lights off on near railway station road for 3 months.,Street Lighting,Medium,near railway station
Main water pipe burst on Bhagath Singh Nagar road causing wastage.,Water Supply,Medium,Bhagath Singh Nagar
water is not supplied for 5 days and people are suffering.,Water Supply,Medium,Dilsukhnagar
Water meter damaged in near school colony.,Water Supply,Low,near school
Pipeline leakage causing water logging in Rajampet.,Water Supply,Critical,Rajampet
High voltage sparks from wire near Bose Nagar.,Electricity,Critical,Bose Nagar
street dogs attacking due to garbage at ward 5.,Sanitation,Medium,Ward 5
Main water pipe burst on near government hospital road causing wastage!,Water Supply,Medium,near government hospital
New colony near railway station not provided with street lights.,Street Lighting,Medium,near railway station
Bridge on Patel Nagar road is damaged and unsafe.,Roads,High,Patel Nagar
Fuse box damaged in Nehru Colony locality.,Electricity,Medium,Nehru Colony
dead animals lying on road in begumpet creating health hazard.,Sanitation,High,Begumpet
new colony ward 12 not provided with street lights.,Street Lighting,Medium,Ward 12
Road surface broken in RTC Bus Stand after heavy rain!,Roads,Medium,RTC Bus Stand
Drainage water entering homes in Old Town.,Drainage,High,Old Town
Vandalism of street light in MG Road colony.,Street Lighting,Medium,MG Road
sweeper has not visited ramaiah street for 15 days.,Sanitation,Medium,Ramaiah Street
Construction debris not removed from Begumpet for yesterday.,Sanitation,Medium,Begumpet
electricity bill is incorrect for connection in lakshmi puram.,Electricity,Medium,Lakshmi Puram
Construction debris not removed from Ramaiah Street for 3 days.,Sanitation,Medium,Ramaiah Street
Flickering street light near Nehru Colony disturbing residents!,Street Lighting,Low,Nehru Colony
stretch of road near LB Nagar is damaged and dangerous.,Roads,High,LB Nagar
water standing in station road for yesterday due to poor drainage.,Drainage,Medium,Station Road
Electric pole damaged near Srinivasa Nagar road!,Electricity,Medium,Srinivasa Nagar
The pipeline near Anna Nagar is leaking and water is wasted.,Water Supply,Medium,Anna Nagar
Electricity supply disrupted for since last month in ECIL.,Electricity,Medium,ECIL
Solar street lights not working in Ameerpet for more than a week!,Street Lighting,Medium,Ameerpet
speed breaker missing near school in gandhi nagar.,Roads,Medium,Gandhi Nagar
There is no electricity supply in Anna Nagar since more than a week.,Electricity,High,Anna Nagar
main road in srinivasa nagar is waterlogged after rain.,Roads,Medium,Srinivasa Nagar
Open drain in Ward 7 causing mosquito breeding!,Drainage,Low,Ward 7
New streets in Kukatpally have no street light installed.,Street Lighting,Medium,Kukatpally
Public water tap not working in New Town for Monday.,Water Supply,Medium,New Town
Transformer noise disturbing residents of Ameerpet.,Electricity,Low,Ameerpet
Road construction incomplete in Dilsukhnagar for 4 days.,Roads,Medium,Dilsukhnagar
Garbage pile near Bhagath Singh Nagar hospital entrance.,Sanitation,High,Bhagath Singh Nagar
Women feel unsafe walking on Begumpet due to no street lights!,Street Lighting,Medium,Begumpet
Vandalism of street light in Gandhi Nagar colony.,Street Lighting,Medium,Gandhi Nagar
Drainage canal blocked near Ameerpet bridge!,Drainage,Medium,Ameerpet
No sanitation service in our locality in Gandhi Nagar.,Sanitation,Medium,Gandhi Nagar
Road repair needed urgently in Himayatnagar.,Roads,Medium,Himayatnagar
Garbage bins in Jubilee Hills are overflowing.,Sanitation,High,Jubilee Hills
Main drain in Market Area blocked after heavy rain.,Drainage,Medium,Market Area
Traffic island on ECIL road is broken.,Roads,Medium,ECIL
Garbage truck route skipping New Town area.,Sanitation,Medium,New Town
Rainwater harvesting pit blocked near Himayatnagar.,Drainage,Medium,Himayatnagar
Industrial waste illegally dumped near MG Road.,Sanitation,Medium,MG Road
Nala near Anna Nagar encroached blocking water flow!,Drainage,Medium,Anna Nagar
water supply is interrupted daily in begumpet.,Water Supply,Medium,Begumpet
Open garbage dumped near Rajampet park.,Sanitation,Medium,Rajampet
Drain not cleaned before monsoon in Anna Nagar.,Drainage,Low,Anna Nagar
road repair needed urgently in near school.,Roads,Medium,near school
Unhygienic conditions in Ward 5 market due to garbage.,Sanitation,Medium,Ward 5
Manhole open in Uppal road is dangerous.,Drainage,Medium,Uppal
drain not cleaned before monsoon in main junction.,Drainage,Low,main junction
Road divider broken on Anna Nagar highway.,Roads,Medium,Anna Nagar
Street lights on Bhagath Singh Nagar road are dim and not enough.,Street Lighting,Medium,Bhagath Singh Nagar
Water supply is interrupted daily in Ward 5.,Water Supply,Medium,Ward 5
No sanitation service in our locality in Uppal.,Sanitation,Medium,Uppal
No water coming from tap for Monday in Lakshmi Puram!,Water Supply,High,Lakshmi Puram
Garbage pile near Nehru Colony hospital entrance!,Sanitation,High,Nehru Colony
accidents happening on kukatpally road due to no lighting.,Street Lighting,High,Kukatpally
Main drain in Begumpet blocked after heavy rain.,Drainage,Medium,Begumpet
Footpath damaged near LB Nagar causing inconvenience.,Roads,Low,LB Nagar
Sewage water on road in Old Town creating unhygienic conditions!,Drainage,Medium,Old Town
Solar street lights not working in Ameerpet for yesterday!,Street Lighting,Medium,Ameerpet
High voltage sparks from wire near Begumpet.,Electricity,Critical,Begumpet
Street dogs attacking due to garbage at Bose Nagar.,Sanitation,Medium,Bose Nagar
Sewer line broken near Ward 7 causing leakage.,Drainage,Medium,Ward 7
Damaged street light post on Lakshmi Puram road.,Street Lighting,Medium,Lakshmi Puram
Irregular water supply in Kukatpally residential area.,Water Supply,Medium,Kukatpally
New electricity connection not provided in Dilsukhnagar for a month.,Electricity,Medium,Dilsukhnagar
main road in indira nagar is waterlogged after rain.,Roads,Medium,Indira Nagar
Drain near near railway station is blocked and water is overflowing.,Drainage,Medium,near railway station
Electricity supply disrupted for 1 week in Dilsukhnagar!,Electricity,Medium,Dilsukhnagar
Drain near Bhagath Singh Nagar is blocked and water is overflowing!,Drainage,Medium,Bhagath Singh Nagar
drainage water entering homes in uppal.,Drainage,High,Uppal
High voltage sparks from wire near outer ring road!,Electricity,Critical,outer ring road
Solid waste management failure in ECIL ward!,Sanitation,Medium,ECIL
women feel unsafe walking on srinivasa nagar due to no street lights.,Street Lighting,Medium,Srinivasa Nagar
Road markings faded on Dilsukhnagar road posing danger.,Roads,Low,Dilsukhnagar
Main drain in Ward 5 blocked after heavy rain.,Drainage,Medium,Ward 5
Street lights not working in Indira Nagar for a month!,Street Lighting,Medium,Indira Nagar
Several street lights off on Ward 5 road for 3 days!,Street Lighting,Medium,Ward 5
Garbage pile near Bose Nagar hospital entrance.,Sanitation,High,Bose Nagar
Bridge on Kukatpally road is damaged and unsafe!,Roads,High,Kukatpally
septic tank overflow in dilsukhnagar colony.,Drainage,Medium,Dilsukhnagar
Industrial waste illegally dumped near Ramaiah Street.,Sanitation,Medium,Ramaiah Street
Park in Begumpet has no lighting making it unsafe.,Street Lighting,High,Begumpet
pipeline leakage causing water logging in ashok nagar.,Water Supply,Critical,Ashok Nagar
street light pole broken near rajampet.,Street Lighting,Medium,Rajampet
No sanitation service in our locality in Himayatnagar.,Sanitation,Medium,Himayatnagar
Load shedding scheduled but not notified to Ashok Nagar residents.,Electricity,Medium,Ashok Nagar
no potable water available in uppal ward.,Water Supply,Medium,Uppal
Transformer noise disturbing residents of Ramaiah Street!,Electricity,Low,Ramaiah Street
ring road near bhagath singh nagar damaged and needs resurfacing.,Roads,Medium,Bhagath Singh Nagar
Flickering street light near outer ring road disturbing residents.,Street Lighting,Low,outer ring road
Water supply is completely disrupted in our area since 7 days.,Water Supply,High,Ambedkar Nagar
Drain outlet blocked in Ameerpet causing backflow!,Drainage,Medium,Ameerpet
Electric wire hanging low on ECIL road dangerous.,Electricity,Medium,ECIL
Speed breaker missing near school in Ambedkar Nagar.,Roads,Medium,Ambedkar Nagar
Drain not cleaned in Ward 7 for 2 days causing flooding.,Drainage,High,Ward 7
drainage work done but not completed in ecil.,Drainage,Medium,ECIL
Pipeline leakage causing water logging in Nehru Colony!,Water Supply,Critical,Nehru Colony
underground drainage choked in market area for 2 weeks.,Drainage,Medium,Market Area
main water pipe burst on jubilee hills road causing wastage.,Water Supply,Medium,Jubilee Hills
vandalism of street light in begumpet colony.,Street Lighting,Medium,Begumpet
Water supply is completely disrupted in our area since a month!,Water Supply,High,near government hospital
Women feel unsafe walking on Bose Nagar due to no street lights.,Street Lighting,Medium,Bose Nagar
Damaged street light post on Old Town road.,Street Lighting,Medium,Old Town
No water coming from tap for yesterday in Himayatnagar.,Water Supply,High,Himayatnagar
Substation fault causing outage in near railway station for 2 months.,Electricity,Medium,near railway station
Nala near Himayatnagar encroached blocking water flow.,Drainage,Medium,Himayatnagar
no dustbins provided in near school market area.,Sanitation,Low,near school
New electricity connection not provided in Market Area for a month!,Electricity,Medium,Market Area
Street light cable stolen in Nehru Colony colony!,Street Lighting,Medium,Nehru Colony
Public places dirty due to no sweeping in Begumpet.,Sanitation,Medium,Begumpet
Street light pole broken near Old Town.,Street Lighting,Medium,Old Town
no water coming from tap for 1 week in near railway station.,Water Supply,High,near railway station
Sewage overflowing on road in Ameerpet.,Drainage,High,Ameerpet
Drainage work done but not completed in RTC Bus Stand.,Drainage,Medium,RTC Bus Stand
No dustbins provided in Ameerpet market area.,Sanitation,Low,Ameerpet
drainage water entering homes in bose nagar.,Drainage,High,Bose Nagar
Dustbin near Lakshmi Puram is full and not cleared for 5 days!,Sanitation,Medium,Lakshmi Puram
Road condition in main junction is very bad due to potholes!,Roads,Medium,main junction
open drain in begumpet causing mosquito breeding.,Drainage,Low,Begumpet
water contamination noticed in lb nagar supply.,Water Supply,Critical,LB Nagar
Street lamp broken near Market Area school.,Street Lighting,Medium,Market Area
Road condition in Lakshmi Puram is very bad due to potholes.,Roads,Medium,Lakshmi Puram
littering problem on lb nagar beach area.,Sanitation,Low,LB Nagar
drainage system in ashok nagar is choked and needs cleaning.,Drainage,Medium,Ashok Nagar
Road construction incomplete in MG Road for more than a week.,Roads,Medium,MG Road
No water in Ashok Nagar apartment complex for 15 days.,Water Supply,High,Ashok Nagar
Gravel road in Ramaiah Street not paved causing dust!,Roads,Medium,Ramaiah Street
transformer blown in kukatpally area since 1 week.,Electricity,High,Kukatpally
Street lights remain ON during daytime in MG Road wasting electricity!,Street Lighting,Medium,MG Road
water logging in ramaiah street due to blocked drainage.,Drainage,Medium,Ramaiah Street
main road in lb nagar is waterlogged after rain.,Roads,Medium,LB Nagar
drain not cleaned in nehru colony for more than a week causing flooding.,Drainage,High,Nehru Colony
road markings faded on lakshmi puram road posing danger.,Roads,Low,Lakshmi Puram
Overhead cable broken and lying on road in Kukatpally.,Electricity,Medium,Kukatpally
waste segregation not done by staff in bose nagar.,Sanitation,Medium,Bose Nagar
Unauthorized construction blocking Old Town road!,Roads,Medium,Old Town
Water supply is interrupted daily in ECIL.,Water Supply,Medium,ECIL
LED street light needs replacement in Ward 12.,Street Lighting,Medium,Ward 12
Public places dirty due to no sweeping in Ward 12.,Sanitation,Medium,Ward 12
Underground drainage choked in Begumpet for 2 days.,Drainage,Medium,Begumpet
Irregular water supply in Old Town residential area.,Water Supply,Medium,Old Town
cable theft causing power outage in anna nagar.,Electricity,Medium,Anna Nagar
There is no electricity supply in main junction since yesterday.,Electricity,High,main junction
Septic tank overflow in Ameerpet colony!,Drainage,Medium,Ameerpet
road divider broken on jubilee hills highway.,Roads,Medium,Jubilee Hills
Vandalism of street light in Indira Nagar colony.,Street Lighting,Medium,Indira Nagar
Load shedding scheduled but not notified to Ambedkar Nagar residents.,Electricity,Medium,Ambedkar Nagar
Road repair needed urgently in Gandhi Nagar.,Roads,Medium,Gandhi Nagar
open defecation near dilsukhnagar because of no toilet.,Sanitation,Medium,Dilsukhnagar
Narrow road in Uppal causing traffic jams.,Roads,Low,Uppal
cable theft causing power outage in srinivasa nagar.,Electricity,Medium,Srinivasa Nagar
Garbage has not been collected in Indira Nagar for 7 days!,Sanitation,Medium,Indira Nagar
Water is not supplied for 1 week and people are suffering.,Water Supply,Medium,Ambedkar Nagar
LED street light needs replacement in Ramaiah Street.,Street Lighting,Medium,Ramaiah Street
high voltage sparks from wire near rajampet.,Electricity,Critical,Rajampet
Waste collection not done for last week in Gandhi Nagar.,Sanitation,Medium,Gandhi Nagar
Road construction incomplete in Ward 12 for Monday.,Roads,Medium,Ward 12
Water supply cut without notice in Indira Nagar area!,Water Supply,Medium,Indira Nagar
Loose electric wire on road near main junction is dangerous!,Electricity,Critical,main junction
Main road in Old Town is waterlogged after rain.,Roads,Medium,Old Town
Dead animals lying on road in Ambedkar Nagar creating health hazard!,Sanitation,High,Ambedkar Nagar
electric wire hanging low on ecil road dangerous.,Electricity,Medium,ECIL
Ring road near Ameerpet damaged and needs resurfacing.,Roads,Medium,Ameerpet
road repair needed urgently in ramaiah street.,Roads,Medium,Ramaiah Street
Electricity meter tampered in MG Road apartment.,Electricity,Medium,MG Road
Power failure in New Town since 3 months causing problems!,Electricity,High,New Town
Hand pump not working in Station Road for more than a week!,Water Supply,Medium,Station Road
Irregular water supply in Anna Nagar residential area!,Water Supply,Medium,Anna Nagar
Street lamp broken near Lakshmi Puram school.,Street Lighting,Medium,Lakshmi Puram
road construction incomplete in near railway station for 5 days.,Roads,Medium,near railway station
street lamp broken near old town school.,Street Lighting,Medium,Old Town
Drain outlet blocked in main junction causing backflow!,Drainage,Medium,main junction
New streets in Ambedkar Nagar have no street light installed.,Street Lighting,Medium,Ambedkar Nagar
No street lighting in Srinivasa Nagar causing safety issues!,Street Lighting,Medium,Srinivasa Nagar
Public water tap not working in Nehru Colony for Monday!,Water Supply,Medium,Nehru Colony
No water coming from tap for 1 week in Ramaiah Street.,Water Supply,High,Ramaiah Street
Littering problem on Ward 7 beach area.,Sanitation,Low,Ward 7
Garbage bins in Anna Nagar are overflowing!,Sanitation,High,Anna Nagar
Main water pipe burst on Ashok Nagar road causing wastage.,Water Supply,Medium,Ashok Nagar
Drainage water entering homes in Srinivasa Nagar.,Drainage,High,Srinivasa Nagar
Substation fault causing outage in Ashok Nagar for yesterday.,Electricity,Medium,Ashok Nagar
gravel road in ward 12 not paved causing dust.,Roads,Medium,Ward 12
Main water pipe burst on Ramaiah Street road causing wastage.,Water Supply,Medium,Ramaiah Street
Hand pump not working in Ward 12 for several days!,Water Supply,Medium,Ward 12
High voltage sparks from wire near Ambedkar Nagar!,Electricity,Critical,Ambedkar Nagar
Sewage water on road in Ambedkar Nagar creating unhygienic conditions.,Drainage,Medium,Ambedkar Nagar
pipeline near Indira Nagar is leaking and water is wasted.,Water Supply,Medium,Indira Nagar
Many potholes on main road in main junction causing accidents.,Roads,High,main junction
hand pump not working in bhagath singh nagar for 1 week.,Water Supply,Medium,Bhagath Singh Nagar
Dark roads in Ward 12 due to non-working street lights!,Street Lighting,High,Ward 12
Electric wire hanging low on Nehru Colony road dangerous!,Electricity,Medium,Nehru Colony
Sewage smell coming from Himayatnagar street.,Sanitation,Medium,Himayatnagar
Ring road near Dilsukhnagar damaged and needs resurfacing!,Roads,Medium,Dilsukhnagar
Waste collection not done for 7 days in Uppal.,Sanitation,Medium,Uppal
Vandalism of street light in Anna Nagar colony.,Street Lighting,Medium,Anna Nagar
New colony Bose Nagar not provided with street lights!,Street Lighting,Medium,Bose Nagar
Bridge on LB Nagar road is damaged and unsafe.,Roads,High,LB Nagar
waste segregation not done by staff in nehru colony.,Sanitation,Medium,Nehru Colony
Ring road near Begumpet damaged and needs resurfacing.,Roads,Medium,Begumpet
Road near Patel Nagar has large cracks and is sinking.,Roads,High,Patel Nagar
waste burning happening near srinivasa nagar affecting air quality.,Sanitation,Medium,Srinivasa Nagar
Water not coming from Monday.,Water Supply,High,near railway station
Water not coming from last week.,Water Supply,High,Ward 12
Water meter damaged in Station Road colony.,Water Supply,Low,Station Road
traffic island on main junction road is broken.,Roads,Medium,main junction
Our entire street has been without water since yesterday.,Water Supply,Medium,New Town
Electric wire hanging low on Patel Nagar road dangerous!,Electricity,Medium,Patel Nagar
Dustbin near Ashok Nagar is full and not cleared for 5 days.,Sanitation,Medium,Ashok Nagar
Transformer blown in Ameerpet area since 5 days!,Electricity,High,Ameerpet
Hand pump not working in Dilsukhnagar for 3 months.,Water Supply,Medium,Dilsukhnagar
Nala near Ward 12 encroached blocking water flow.,Drainage,Medium,Ward 12
footpath damaged near nehru colony causing inconvenience.,Roads,Low,Nehru Colony
pipeline leakage causing water logging in jubilee hills.,Water Supply,Critical,Jubilee Hills
Water supply is interrupted daily in Ramaiah Street.,Water Supply,Medium,Ramaiah Street
Low water pressure in main junction for the past Monday.,Water Supply,Medium,main junction
underground drainage choked in new town for 3 months.,Drainage,Medium,New Town
Water supply cut without notice in Ameerpet area.,Water Supply,Medium,Ameerpet
Drinking water pipeline broken near Old Town!,Water Supply,High,Old Town
nala near rajampet encroached blocking water flow.,Drainage,Medium,Rajampet
Narrow road in Jubilee Hills causing traffic jams.,Roads,Low,Jubilee Hills
Drainage canal blocked near Dilsukhnagar bridge.,Drainage,Medium,Dilsukhnagar
Construction debris not removed from Market Area for 3 months!,Sanitation,Medium,Market Area
High voltage sparks from wire near ECIL.,Electricity,Critical,ECIL
Electric pole damaged near Patel Nagar road.,Electricity,Medium,Patel Nagar
Drain not cleaned in Station Road for several days causing flooding.,Drainage,High,Station Road
Industrial waste illegally dumped near main junction.,Sanitation,Medium,main junction
Loose electric wire on road near Dilsukhnagar is dangerous.,Electricity,Critical,Dilsukhnagar
waste burning happening near nehru colony affecting air quality.,Sanitation,Medium,Nehru Colony
High voltage sparks from wire near Uppal.,Electricity,Critical,Uppal
Pipeline leakage causing water logging in Bose Nagar.,Water Supply,Critical,Bose Nagar
Septic tank overflow in New Town colony!,Drainage,Medium,New Town
Hand pump not working in near railway station for last Tuesday.,Water Supply,Medium,near railway station
Pipeline leakage causing water logging in Lakshmi Puram.,Water Supply,Critical,Lakshmi Puram
pipeline leakage causing water logging in mg road.,Water Supply,Critical,MG Road
Street light timer malfunction in Indira Nagar ward.,Street Lighting,Low,Indira Nagar
Sewage water mixing with drinking water in Ameerpet.,Water Supply,Medium,Ameerpet
waste burning happening near station road affecting air quality.,Sanitation,Medium,Station Road
sewage pumping station failed in ambedkar nagar.,Drainage,Medium,Ambedkar Nagar
Drain not cleaned before monsoon in Patel Nagar!,Drainage,Low,Patel Nagar
Open defecation near near school because of no toilet.,Sanitation,Medium,near school
Electricity supply disrupted for 1 week in Jubilee Hills.,Electricity,Medium,Jubilee Hills
Power supply cut without prior notice in near school.,Electricity,Medium,near school
The road near Srinivasa Nagar has too many potholes.,Roads,Medium,Srinivasa Nagar
Bridge on Station Road road is damaged and unsafe.,Roads,High,Station Road
Electricity bill is incorrect for connection in Uppal.,Electricity,Medium,Uppal
power disruption causing losses to businesses in anna nagar.,Electricity,Medium,Anna Nagar
street light near ameerpet is not functioning since 3 months.,Street Lighting,Medium,Ameerpet
Electricity supply disrupted for 10 days in Patel Nagar.,Electricity,Medium,Patel Nagar
new colony uppal not provided with street lights.,Street Lighting,Medium,Uppal
No light near Ameerpet bus stop causing issues.,Street Lighting,Medium,Ameerpet
Electricity restored but flickering continuously in Begumpet!,Electricity,Medium,Begumpet
Bio-medical waste dumped near Kukatpally road!,Sanitation,High,Kukatpally
Road divider broken on Jubilee Hills highway!,Roads,Medium,Jubilee Hills
Frequent power outages in Jubilee Hills colony.,Electricity,Medium,Jubilee Hills
open defecation near near school because of no toilet.,Sanitation,Medium,near school
water is not supplied for a month and people are suffering.,Water Supply,Medium,Anna Nagar
The road near Indira Nagar has too many potholes.,Roads,Medium,Indira Nagar
many potholes on the main road in patel nagar causing accidents.,Roads,High,Patel Nagar
power supply quality poor with low voltage in ramaiah street.,Electricity,Medium,Ramaiah Street
flooding in lb nagar due to inadequate drainage.,Drainage,High,LB Nagar
Rainwater harvesting pit blocked near main junction.,Drainage,Medium,main junction
Littering problem on Nehru Colony beach area.,Sanitation,Low,Nehru Colony
no street lighting in old town causing safety issues.,Street Lighting,Medium,Old Town
Street light near main junction is not functioning since yesterday!,Street Lighting,Medium,main junction
Rainwater harvesting pit blocked near Jubilee Hills.,Drainage,Medium,Jubilee Hills
road excavation by contractor in ecil not restored.,Roads,Medium,ECIL
overhead cable broken and lying on road in rtc bus stand.,Electricity,Medium,RTC Bus Stand
Hand pump not working in Anna Nagar for 5 days!,Water Supply,Medium,Anna Nagar
Waste burning happening near Ashok Nagar affecting air quality!,Sanitation,Medium,Ashok Nagar
Garbage has not been collected in New Town for 3 months.,Sanitation,Medium,New Town
Dark roads in main junction due to non-working street lights!,Street Lighting,High,main junction
Pipeline leakage causing water logging in Ambedkar Nagar!,Water Supply,Critical,Ambedkar Nagar
Electric pole damaged near Ward 7 road!,Electricity,Medium,Ward 7
Women feel unsafe walking on Kukatpally due to no street lights.,Street Lighting,Medium,Kukatpally
Flooding in Ameerpet due to inadequate drainage.,Drainage,High,Ameerpet
No potable water available in New Town ward.,Water Supply,Medium,New Town
Several street lights off on near school road for 3 days.,Street Lighting,Medium,near school
Public toilet near near school is very dirty and needs cleaning.,Sanitation,Medium,near school
Drainage water entering homes in Ameerpet.,Drainage,High,Ameerpet
Footpath damaged near Ward 7 causing inconvenience!,Roads,Low,Ward 7
public water tap not working in rtc bus stand for 2 days.,Water Supply,Medium,RTC Bus Stand
Hand pump not working in Gandhi Nagar for several days.,Water Supply,Medium,Gandhi Nagar
Power cuts happening frequently in Station Road!,Electricity,Medium,Station Road
Open sewer near Himayatnagar market causing health risk!,Drainage,Medium,Himayatnagar
Drain not cleaned before monsoon in Ward 5!,Drainage,Low,Ward 5
new colony srinivasa nagar not provided with street lights.,Street Lighting,Medium,Srinivasa Nagar
Water standing in Srinivasa Nagar for 15 days due to poor drainage.,Drainage,Medium,Srinivasa Nagar
meter not working properly at dilsukhnagar.,Electricity,Low,Dilsukhnagar
Solar street lights not working in Himayatnagar for 7 days!,Street Lighting,Medium,Himayatnagar
Drinking water pipeline broken near Begumpet.,Water Supply,High,Begumpet
Garbage pile near Ameerpet hospital entrance!,Sanitation,High,Ameerpet
Several street lights off on outer ring road road for since last month.,Street Lighting,Medium,outer ring road
Electric pole damaged near Station Road road.,Electricity,Medium,Station Road
Cable theft causing power outage in MG Road.,Electricity,Medium,MG Road
Street lights remain ON during daytime in Nehru Colony wasting electricity.,Street Lighting,Medium,Nehru Colony
New colony Bhagath Singh Nagar not provided with street lights!,Street Lighting,Medium,Bhagath Singh Nagar
Road condition in Ramaiah Street is very bad due to potholes.,Roads,Medium,Ramaiah Street
Side road in Market Area flooded due to poor drainage.,Roads,Medium,Market Area
Nala near Ameerpet encroached blocking water flow.,Drainage,Medium,Ameerpet
public places dirty due to no sweeping in market area.,Sanitation,Medium,Market Area
Street lights remain ON during daytime in Market Area wasting electricity.,Street Lighting,Medium,Market Area
Sewage pumping station failed in Patel Nagar!,Drainage,Medium,Patel Nagar
there is no electricity supply in ameerpet since 1 week.,Electricity,High,Ameerpet
Electricity meter tampered in Bose Nagar apartment.,Electricity,Medium,Bose Nagar
Water is not supplied for yesterday and people are suffering!,Water Supply,Medium,New Town
Irregular water supply in Station Road residential area.,Water Supply,Medium,Station Road
Traffic island on Nehru Colony road is broken!,Roads,Medium,Nehru Colony
drainage work done but not completed in indira nagar.,Drainage,Medium,Indira Nagar
Ring road near Lakshmi Puram damaged and needs resurfacing!,Roads,Medium,Lakshmi Puram
damaged street light post on old town road.,Street Lighting,Medium,Old Town
Public toilet near near railway station is very dirty and needs cleaning.,Sanitation,Medium,near railway station
Unhygienic conditions in near government hospital market due to garbage.,Sanitation,High,near government hospital
Waste burning happening near Ramaiah Street affecting air quality.,Sanitation,Medium,Ramaiah Street
power failure in ward 12 since 5 days causing problems.,Electricity,High,Ward 12
loose electric wire on road near rtc bus stand is dangerous.,Electricity,Critical,RTC Bus Stand
sewage water mixing with drinking water in kukatpally.,Water Supply,Medium,Kukatpally
Ring road near Patel Nagar damaged and needs resurfacing!,Roads,Medium,Patel Nagar
Solid waste management failure in Bose Nagar ward.,Sanitation,Medium,Bose Nagar
Road repair needed urgently in main junction.,Roads,Medium,main junction
water meter damaged in near school colony.,Water Supply,Low,near school
Rainwater harvesting pit blocked near Dilsukhnagar.,Drainage,Medium,Dilsukhnagar
drain near old town is blocked and water is overflowing.,Drainage,Medium,Old Town
Water contamination noticed in Kukatpally supply.,Water Supply,Critical,Kukatpally
water tanker not coming for more than a week to bose nagar.,Water Supply,Medium,Bose Nagar
Entire Indira Nagar area dark at night due to power failure!,Street Lighting,Medium,Indira Nagar
main water pipe burst on indira nagar road causing wastage.,Water Supply,Medium,Indira Nagar
Water contamination noticed in RTC Bus Stand supply!,Water Supply,Critical,RTC Bus Stand
Ring road near LB Nagar damaged and needs resurfacing.,Roads,Medium,LB Nagar
Street light near Ambedkar Nagar is not functioning since since last month.,Street Lighting,Medium,Ambedkar Nagar
Road excavation by contractor in outer ring road not restored.,Roads,Medium,outer ring road
Drain outlet blocked in Patel Nagar causing backflow!,Drainage,Medium,Patel Nagar
low water pressure in ward 12 for the past last tuesday.,Water Supply,Medium,Ward 12
Dustbin near Station Road is full and not cleared for since last month!,Sanitation,Medium,Station Road
Dustbin near Indira Nagar is full and not cleared for 4 days.,Sanitation,Medium,Indira Nagar
Narrow road in main junction causing traffic jams.,Roads,Low,main junction
No water in Lakshmi Puram apartment complex for 2 days.,Water Supply,High,Lakshmi Puram
septic tank overflow in uppal colony.,Drainage,Medium,Uppal
Digging work done on Ward 12 road not filled properly!,Roads,Medium,Ward 12
entire ward 7 area dark at night due to power failure.,Street Lighting,Medium,Ward 7
No light near Anna Nagar bus stop causing issues.,Street Lighting,Medium,Anna Nagar
Sewage overflowing on road in Rajampet!,Drainage,High,Rajampet
Electricity restored but flickering continuously in Jubilee Hills!,Electricity,Medium,Jubilee Hills
park in lb nagar has no lighting making it unsafe.,Street Lighting,High,LB Nagar
Unhygienic conditions in Gandhi Nagar market due to garbage.,Sanitation,Medium,Gandhi Nagar
new colony mg road not provided with street lights.,Street Lighting,Medium,MG Road
Waste burning happening near ECIL affecting air quality.,Sanitation,Medium,ECIL
Dead animals lying on road in near government hospital creating health hazard!,Sanitation,High,near government hospital
frequent power outages in main junction colony.,Electricity,Medium,main junction
Electricity bill is incorrect for connection in Ramaiah Street!,Electricity,Medium,Ramaiah Street
Bio-medical waste dumped near near government hospital road!,Sanitation,High,near government hospital
loose electric wire on road near station road is dangerous.,Electricity,Critical,Station Road
narrow road in begumpet causing traffic jams.,Roads,Low,Begumpet
low water pressure in ramaiah street for the past 5 days.,Water Supply,Medium,Ramaiah Street
No water in Ward 12 apartment complex for 5 days.,Water Supply,High,Ward 12
All street lights in Ramaiah Street area are off since Monday.,Street Lighting,Medium,Ramaiah Street
Drainage water entering homes in main junction.,Drainage,High,main junction
Loose electric wire on road near Market Area is dangerous.,Electricity,Critical,Market Area
Traffic island on Kukatpally road is broken.,Roads,Medium,Kukatpally
Pot holes in ECIL area destroying vehicles.,Roads,Medium,ECIL
No light near Old Town bus stop causing issues.,Street Lighting,Medium,Old Town
solid waste management failure in uppal ward.,Sanitation,Medium,Uppal
flooding in rajampet due to inadequate drainage.,Drainage,High,Rajampet
No potable water available in Kukatpally ward.,Water Supply,Medium,Kukatpally
New colony New Town not provided with street lights.,Street Lighting,Medium,New Town
Street light near Himayatnagar is not functioning since several days.,Street Lighting,Medium,Himayatnagar
water logging in ambedkar nagar due to blocked drainage.,Drainage,Medium,Ambedkar Nagar
transformer noise disturbing residents of himayatnagar.,Electricity,Low,Himayatnagar
electricity meter tampered in bose nagar apartment.,Electricity,Medium,Bose Nagar
Open garbage dumped near LB Nagar park.,Sanitation,Medium,LB Nagar
Traffic island on Himayatnagar road is broken.,Roads,Medium,Himayatnagar
Main drain in Anna Nagar blocked after heavy rain.,Drainage,Medium,Anna Nagar
No sanitation service in our locality in near government hospital.,Sanitation,High,near government hospital
transformer noise disturbing residents of mg road.,Electricity,Low,MG Road
Traffic island on Ramaiah Street road is broken!,Roads,Medium,Ramaiah Street
Street light pole broken near LB Nagar!,Street Lighting,Medium,LB Nagar
No water coming from tap for 5 days in Begumpet!,Water Supply,High,Begumpet
power cuts happening frequently in dilsukhnagar.,Electricity,Medium,Dilsukhnagar
dustbin near himayatnagar is full and not cleared for 15 days.,Sanitation,Medium,Himayatnagar
main drain in ameerpet blocked after heavy rain.,Drainage,Medium,Ameerpet
No power supply to near railway station area for 10 days!,Electricity,Medium,near railway station
new electricity connection not provided in ambedkar nagar for 15 days.,Electricity,Medium,Ambedkar Nagar
Dustbin near Ameerpet is full and not cleared for yesterday!,Sanitation,Medium,Ameerpet
Electricity restored but flickering continuously in near government hospital!,Electricity,Medium,near government hospital
park in station road has no lighting making it unsafe.,Street Lighting,High,Station Road
no water coming from tap for 2 weeks in gandhi nagar.,Water Supply,High,Gandhi Nagar
Entire Himayatnagar area dark at night due to power failure.,Street Lighting,Medium,Himayatnagar
public places dirty due to no sweeping in anna nagar.,Sanitation,Medium,Anna Nagar
garbage vehicle not coming to ambedkar nagar since 2 weeks.,Sanitation,Medium,Ambedkar Nagar
Public water tap not working in Old Town for 7 days.,Water Supply,Medium,Old Town
ring road near market area damaged and needs resurfacing.,Roads,Medium,Market Area
Traffic island on Indira Nagar road is broken.,Roads,Medium,Indira Nagar
new streets in jubilee hills have no street light installed.,Street Lighting,Medium,Jubilee Hills
Water supply is completely disrupted in our area since several days!,Water Supply,High,Ameerpet
Manhole open in LB Nagar road is dangerous.,Drainage,Medium,LB Nagar
Garbage truck route skipping Indira Nagar area!,Sanitation,Medium,Indira Nagar
Power disruption causing losses to businesses in Ameerpet.,Electricity,Medium,Ameerpet
Street light timer malfunction in Ambedkar Nagar ward.,Street Lighting,Low,Ambedkar Nagar
electricity meter tampered in market area apartment.,Electricity,Medium,Market Area
drainage water entering homes in near school.,Drainage,High,near school
water standing in indira nagar for 2 months due to poor drainage.,Drainage,Medium,Indira Nagar
Gravel road in RTC Bus Stand not paved causing dust!,Roads,Medium,RTC Bus Stand
water logging in outer ring road due to blocked drainage.,Drainage,Medium,outer ring road
Vandalism of street light in Ambedkar Nagar colony!,Street Lighting,Medium,Ambedkar Nagar
Road repair needed urgently in Bhagath Singh Nagar!,Roads,Medium,Bhagath Singh Nagar
water supply is interrupted daily in kukatpally.,Water Supply,Medium,Kukatpally
Several street lights off on Begumpet road for a month!,Street Lighting,Medium,Begumpet
Road markings faded on main junction road posing danger.,Roads,Low,main junction
Digging work done on Jubilee Hills road not filled properly.,Roads,Medium,Jubilee Hills
Construction debris not removed from Nehru Colony for last week.,Sanitation,Medium,Nehru Colony
there is no electricity supply in near school since a month.,Electricity,High,near school
vandalism of street light in nehru colony colony.,Street Lighting,Medium,Nehru Colony
Sewage pumping station failed in Ward 7.,Drainage,Medium,Ward 7
street dogs attacking due to garbage at lb nagar.,Sanitation,Medium,LB Nagar
Industrial waste illegally dumped near Bose Nagar.,Sanitation,Medium,Bose Nagar
Ring road near Srinivasa Nagar damaged and needs resurfacing.,Roads,Medium,Srinivasa Nagar
Public places dirty due to no sweeping in near school.,Sanitation,Medium,near school
Septic tank overflow in RTC Bus Stand colony.,Drainage,Medium,RTC Bus Stand
Side road in near school flooded due to poor drainage.,Roads,Medium,near school
nala near lb nagar encroached blocking water flow.,Drainage,Medium,LB Nagar
Unauthorized construction blocking main junction road.,Roads,Medium,main junction
street light timer malfunction in rajampet ward.,Street Lighting,Low,Rajampet
Unhygienic conditions in Srinivasa Nagar market due to garbage.,Sanitation,Medium,Srinivasa Nagar
Women feel unsafe walking on near railway station due to no street lights.,Street Lighting,Medium,near railway station
Overhead cable broken and lying on road in main junction.,Electricity,Medium,main junction
Power failure in Ward 5 since 10 days causing problems.,Electricity,High,Ward 5
Street light pole broken near Dilsukhnagar.,Street Lighting,Medium,Dilsukhnagar
Littering problem on Dilsukhnagar beach area!,Sanitation,Low,Dilsukhnagar
No street lighting in Gandhi Nagar causing safety issues.,Street Lighting,Medium,Gandhi Nagar
Manhole open in Ramaiah Street road is dangerous.,Drainage,Medium,Ramaiah Street
Narrow road in Bhagath Singh Nagar causing traffic jams.,Roads,Low,Bhagath Singh Nagar
Electricity restored but flickering continuously in Ashok Nagar.,Electricity,Medium,Ashok Nagar
Transformer noise disturbing residents of Dilsukhnagar!,Electricity,Low,Dilsukhnagar
accidents happening on outer ring road road due to no lighting.,Street Lighting,High,outer ring road
Solid waste management failure in Gandhi Nagar ward.,Sanitation,Medium,Gandhi Nagar
Waste segregation not done by staff in RTC Bus Stand.,Sanitation,Medium,RTC Bus Stand
