[2026-08-03 16:50:12,071] [INFO] [__main__]: Generating PaySim raw dataset (25000 rows)...
[2026-08-03 16:50:13,056] [INFO] [__main__]: PaySim raw dataset successfully saved to: D:\F Drive\GuidedGuard Explainable AI for Scam-Guided Digital Payment Detection\Code\data\raw\paysim_transactions.csv
[2026-08-03 16:50:13,060] [INFO] [__main__]: Generating Bank Account Fraud (BAF) raw dataset (20000 rows)...
[2026-08-03 16:50:13,189] [INFO] [__main__]: BAF raw dataset successfully saved to: D:\F Drive\GuidedGuard Explainable AI for Scam-Guided Digital Payment Detection\Code\data\raw\baf_base_dataset.csv
[2026-08-03 16:50:25,277] [INFO] [utils.data_loader]: Successfully loaded dataset 'paysim_transactions.csv' with shape (25000, 11)
[2026-08-03 16:50:25,307] [INFO] [utils.data_loader]: Successfully loaded dataset 'baf_base_dataset.csv' with shape (20000, 21)
[2026-08-03 16:51:33,996] [INFO] [utils.data_loader]: Successfully loaded dataset 'paysim_transactions.csv' with shape (25000, 11)
[2026-08-03 16:51:34,021] [INFO] [utils.data_loader]: Successfully loaded dataset 'baf_base_dataset.csv' with shape (20000, 21)
[2026-08-03 16:52:15,166] [INFO] [utils.data_loader]: Successfully loaded dataset 'paysim_transactions.csv' with shape (25000, 11)
[2026-08-03 16:52:15,198] [INFO] [utils.data_loader]: Successfully loaded dataset 'baf_base_dataset.csv' with shape (20000, 21)
[2026-08-03 16:59:22,232] [INFO] [utils.data_loader]: Successfully loaded dataset 'paysim_transactions.csv' with shape (25000, 11)
[2026-08-03 16:59:22,258] [INFO] [preprocessing.preprocessing]: Dataset Validation Complete: 25000 rows, 11 cols, 0 dups, 0 infs
[2026-08-03 16:59:22,271] [INFO] [preprocessing.preprocessing]: Duplicate Handling: Removed 0 duplicate rows (0.0%)
[2026-08-03 16:59:22,276] [INFO] [preprocessing.preprocessing]: Missing value imputation complete. Features updated: 0
[2026-08-03 16:59:22,304] [INFO] [preprocessing.preprocessing]: Data type conversion and optimization completed.
[2026-08-03 16:59:22,317] [INFO] [preprocessing.preprocessing]: Dropped 3 identifier / zero-variance columns: ['nameOrig', 'nameDest', 'isFlaggedFraud']
[2026-08-03 16:59:22,328] [INFO] [preprocessing.preprocessing]: Outlier capping completed across 1 numerical features.
[2026-08-03 16:59:22,335] [INFO] [preprocessing.preprocessing]: Categorical encoding completed using onehot. Shape: (25000, 10)
[2026-08-03 16:59:22,347] [INFO] [preprocessing.preprocessing]: Numerical feature scaling completed using standard. Scaled columns: 10
[2026-08-03 16:59:22,591] [INFO] [preprocessing.preprocessing]: Successfully saved processed dataset to: D:\F Drive\GuidedGuard Explainable AI for Scam-Guided Digital Payment Detection\Code\data\processed\paysim_clean.csv (25000 rows, 11 cols)
[2026-08-03 16:59:22,625] [INFO] [utils.data_loader]: Successfully loaded dataset 'baf_base_dataset.csv' with shape (20000, 21)
[2026-08-03 16:59:22,642] [INFO] [preprocessing.preprocessing]: Dataset Validation Complete: 20000 rows, 21 cols, 0 dups, 0 infs
[2026-08-03 16:59:22,654] [INFO] [preprocessing.preprocessing]: Duplicate Handling: Removed 0 duplicate rows (0.0%)
[2026-08-03 16:59:22,660] [INFO] [preprocessing.preprocessing]: Missing value imputation complete. Features updated: 0
[2026-08-03 16:59:22,684] [INFO] [preprocessing.preprocessing]: Data type conversion and optimization completed.
[2026-08-03 16:59:22,696] [INFO] [preprocessing.preprocessing]: Dropped 1 identifier / zero-variance columns: ['proposed_credit_limit']
[2026-08-03 16:59:22,724] [INFO] [preprocessing.preprocessing]: Outlier capping completed across 6 numerical features.
[2026-08-03 16:59:22,740] [INFO] [preprocessing.preprocessing]: Categorical encoding completed using onehot. Shape: (20000, 31)
[2026-08-03 16:59:22,778] [INFO] [preprocessing.preprocessing]: Numerical feature scaling completed using standard. Scaled columns: 31
[2026-08-03 16:59:23,384] [INFO] [preprocessing.preprocessing]: Successfully saved processed dataset to: D:\F Drive\GuidedGuard Explainable AI for Scam-Guided Digital Payment Detection\Code\data\processed\baf_clean.csv (20000 rows, 32 cols)
[2026-08-03 17:02:52,064] [INFO] [utils.data_loader]: Successfully loaded dataset 'paysim_clean.csv' with shape (25000, 11)
[2026-08-03 17:02:52,064] [INFO] [preprocessing.feature_engineering]: Starting feature engineering pipeline for 'PaySim'...
[2026-08-03 17:02:52,073] [INFO] [preprocessing.feature_engineering]: Transaction features created successfully.
[2026-08-03 17:02:52,084] [INFO] [preprocessing.feature_engineering]: Temporal features created successfully.
[2026-08-03 17:02:52,089] [INFO] [preprocessing.feature_engineering]: Velocity features created successfully.
[2026-08-03 17:02:52,097] [INFO] [preprocessing.feature_engineering]: Balance features created successfully.
[2026-08-03 17:02:52,105] [INFO] [preprocessing.feature_engineering]: Recipient features created successfully.
[2026-08-03 17:02:52,112] [INFO] [preprocessing.feature_engineering]: Device features created successfully.
[2026-08-03 17:02:52,120] [INFO] [preprocessing.feature_engineering]: Location features created successfully.
[2026-08-03 17:02:52,131] [INFO] [preprocessing.feature_engineering]: Customer behavior features created successfully.
[2026-08-03 17:02:52,160] [INFO] [preprocessing.feature_engineering]: Risk features created successfully.
[2026-08-03 17:02:52,176] [INFO] [preprocessing.feature_engineering]: Interaction features created successfully.
[2026-08-03 17:02:52,329] [INFO] [preprocessing.feature_engineering]: Feature matrix validation completed: 56 features, valid=True
[2026-08-03 17:02:52,330] [INFO] [preprocessing.feature_engineering]: Feature engineering pipeline completed for 'PaySim'. Final shape: (25000, 56)
[2026-08-03 17:02:53,243] [INFO] [preprocessing.preprocessing]: Successfully saved processed dataset to: D:\F Drive\GuidedGuard Explainable AI for Scam-Guided Digital Payment Detection\Code\data\processed\paysim_featured.csv (25000 rows, 56 cols)
[2026-08-03 17:02:53,386] [INFO] [utils.data_loader]: Successfully loaded dataset 'baf_clean.csv' with shape (20000, 32)
[2026-08-03 17:02:53,387] [INFO] [preprocessing.feature_engineering]: Starting feature engineering pipeline for 'BAF'...
[2026-08-03 17:02:53,392] [INFO] [preprocessing.feature_engineering]: Transaction features created successfully.
[2026-08-03 17:02:53,397] [INFO] [preprocessing.feature_engineering]: Temporal features created successfully.
[2026-08-03 17:02:53,402] [INFO] [preprocessing.feature_engineering]: Velocity features created successfully.
[2026-08-03 17:02:53,408] [INFO] [preprocessing.feature_engineering]: Balance features created successfully.
[2026-08-03 17:02:53,416] [INFO] [preprocessing.feature_engineering]: Recipient features created successfully.
[2026-08-03 17:02:53,426] [INFO] [preprocessing.feature_engineering]: Device features created successfully.
[2026-08-03 17:02:53,434] [INFO] [preprocessing.feature_engineering]: Location features created successfully.
[2026-08-03 17:02:53,445] [INFO] [preprocessing.feature_engineering]: Customer behavior features created successfully.
[2026-08-03 17:02:53,470] [INFO] [preprocessing.feature_engineering]: Risk features created successfully.
[2026-08-03 17:02:53,484] [INFO] [preprocessing.feature_engineering]: Interaction features created successfully.
[2026-08-03 17:02:53,665] [INFO] [preprocessing.feature_engineering]: Feature matrix validation completed: 70 features, valid=True
[2026-08-03 17:02:53,666] [INFO] [preprocessing.feature_engineering]: Feature engineering pipeline completed for 'BAF'. Final shape: (20000, 70)
[2026-08-03 17:02:54,531] [INFO] [preprocessing.preprocessing]: Successfully saved processed dataset to: D:\F Drive\GuidedGuard Explainable AI for Scam-Guided Digital Payment Detection\Code\data\processed\baf_featured.csv (20000 rows, 70 cols)
[2026-08-03 17:06:25,392] [INFO] [__main__]: Loaded training dataset from D:\F Drive\GuidedGuard Explainable AI for Scam-Guided Digital Payment Detection\Code\data\processed\paysim_featured.csv with shape (25000, 56)
[2026-08-03 17:06:25,474] [INFO] [__main__]: Train/Test split complete. X_train: (20000, 55), X_test: (5000, 55)
[2026-08-03 17:06:25,477] [INFO] [__main__]: Saved fitted StandardScaler artifact to: D:\F Drive\GuidedGuard Explainable AI for Scam-Guided Digital Payment Detection\Code\models\scaler.pkl
[2026-08-03 17:06:25,477] [INFO] [__main__]: Training model: Logistic Regression...
[2026-08-03 17:06:25,685] [INFO] [__main__]: Finished training Logistic Regression in 0.207s
[2026-08-03 17:06:25,685] [INFO] [__main__]: Training model: Decision Tree...
[2026-08-03 17:06:25,991] [INFO] [__main__]: Finished training Decision Tree in 0.307s
[2026-08-03 17:06:25,992] [INFO] [__main__]: Training model: Random Forest...
[2026-08-03 17:06:32,889] [INFO] [__main__]: Finished training Random Forest in 6.897s
[2026-08-03 17:06:32,889] [INFO] [__main__]: Training model: Extra Trees...
[2026-08-03 17:06:34,329] [INFO] [__main__]: Finished training Extra Trees in 1.44s
[2026-08-03 17:06:34,330] [INFO] [__main__]: Training model: Gradient Boosting...
[2026-08-03 17:07:10,211] [INFO] [__main__]: Finished training Gradient Boosting in 35.882s
[2026-08-03 17:07:10,211] [INFO] [__main__]: Training model: HistGradientBoosting...
[2026-08-03 17:07:12,825] [INFO] [__main__]: Finished training HistGradientBoosting in 2.614s
[2026-08-03 17:07:12,826] [INFO] [__main__]: Starting hyperparameter tuning for Random Forest...
[2026-08-03 17:07:55,026] [INFO] [__main__]: Hyperparameter tuning finished for Random Forest. Best F1 Score: 0.9851
[2026-08-03 17:07:55,060] [INFO] [__main__]: Logistic Regression Results -> Accuracy: 0.9992, F1: 0.9661, ROC-AUC: 0.9997
[2026-08-03 17:07:55,085] [INFO] [__main__]: Decision Tree Results -> Accuracy: 0.9994, F1: 0.9748, ROC-AUC: 0.9832
[2026-08-03 17:07:55,184] [INFO] [__main__]: Random Forest Results -> Accuracy: 0.9994, F1: 0.9744, ROC-AUC: 1.0
[2026-08-03 17:07:55,308] [INFO] [__main__]: Extra Trees Results -> Accuracy: 0.9984, F1: 0.9286, ROC-AUC: 1.0
[2026-08-03 17:07:55,339] [INFO] [__main__]: Gradient Boosting Results -> Accuracy: 1.0, F1: 1.0, ROC-AUC: 1.0
[2026-08-03 17:07:55,370] [INFO] [__main__]: HistGradientBoosting Results -> Accuracy: 0.9998, F1: 0.9916, ROC-AUC: 1.0
[2026-08-03 17:07:55,531] [INFO] [__main__]: Tuned Random Forest Results -> Accuracy: 0.9994, F1: 0.9744, ROC-AUC: 1.0
[2026-08-03 17:07:55,540] [INFO] [__main__]: Top Model Selected: 'Gradient Boosting' with F1-Score = 1.0
[2026-08-03 17:07:55,546] [INFO] [__main__]: Saved trained model artifact to: D:\F Drive\GuidedGuard Explainable AI for Scam-Guided Digital Payment Detection\Code\models\saved_model.pkl
[2026-08-03 17:07:55,551] [INFO] [__main__]: Saved model metadata JSON to: D:\F Drive\GuidedGuard Explainable AI for Scam-Guided Digital Payment Detection\Code\models\model_metadata.json
[2026-08-03 17:19:06,097] [INFO] [models.model_loader]: Successfully loaded trained model from D:\F Drive\GuidedGuard Explainable AI for Scam-Guided Digital Payment Detection\Code\models\saved_model.pkl
[2026-08-03 17:19:06,098] [INFO] [models.model_loader]: Successfully loaded scaler from D:\F Drive\GuidedGuard Explainable AI for Scam-Guided Digital Payment Detection\Code\models\scaler.pkl
[2026-08-03 17:19:06,273] [INFO] [utils.data_loader]: Successfully loaded dataset 'paysim_featured.csv' with shape (25000, 56)
[2026-08-03 17:19:06,278] [INFO] [explainability.shap_explainer]: Using robust tree attribution fallback explainer.
[2026-08-03 17:19:06,278] [INFO] [explainability.shap_explainer]: Computing exact feature attribution matrix...
[2026-08-03 17:19:07,934] [INFO] [explainability.shap_explainer]: Saved SHAP summary plot to: D:\F Drive\GuidedGuard Explainable AI for Scam-Guided Digital Payment Detection\Code\outputs\reports\xai\shap_summary_plot.png
[2026-08-03 17:19:08,551] [INFO] [explainability.shap_explainer]: Saved SHAP waterfall plot to: D:\F Drive\GuidedGuard Explainable AI for Scam-Guided Digital Payment Detection\Code\outputs\reports\xai\shap_waterfall_plot.png
[2026-08-03 17:19:08,556] [INFO] [explainability.shap_explainer]: Saved SHAP contributions CSV to: D:\F Drive\GuidedGuard Explainable AI for Scam-Guided Digital Payment Detection\Code\outputs\reports\xai\shap_feature_contributions.csv
[2026-08-03 17:19:08,557] [INFO] [explainability.shap_explainer]: Saved human-readable text narrative to: D:\F Drive\GuidedGuard Explainable AI for Scam-Guided Digital Payment Detection\Code\outputs\reports\xai\human_readable_explanations.txt
[2026-08-03 17:19:08,557] [INFO] [explainability.lime_explainer]: Using local surrogate linear explainer for LIME rules.
[2026-08-03 17:19:08,965] [INFO] [explainability.lime_explainer]: Saved LIME plot to: D:\F Drive\GuidedGuard Explainable AI for Scam-Guided Digital Payment Detection\Code\outputs\reports\xai\lime_local_explanation.png
[2026-08-03 17:24:15,454] [INFO] [models.model_loader]: Successfully loaded model artifact from D:\F Drive\GuidedGuard Explainable AI for Scam-Guided Digital Payment Detection\Code\models\saved_model.pkl
[2026-08-03 17:24:15,456] [INFO] [models.model_loader]: Successfully loaded scaler artifact from D:\F Drive\GuidedGuard Explainable AI for Scam-Guided Digital Payment Detection\Code\models\scaler.pkl
[2026-08-03 17:24:15,456] [INFO] [models.model_loader]: Artifact Validation Complete: ready=True, model=Gradient Boosting
[2026-08-03 17:24:15,457] [INFO] [preprocessing.feature_engineering]: Starting feature engineering pipeline for 'InferenceInput'...
[2026-08-03 17:24:15,459] [INFO] [preprocessing.feature_engineering]: Transaction features created successfully.
[2026-08-03 17:24:15,461] [INFO] [preprocessing.feature_engineering]: Temporal features created successfully.
[2026-08-03 17:24:15,462] [INFO] [preprocessing.feature_engineering]: Velocity features created successfully.
[2026-08-03 17:24:15,464] [INFO] [preprocessing.feature_engineering]: Balance features created successfully.
[2026-08-03 17:24:15,465] [INFO] [preprocessing.feature_engineering]: Recipient features created successfully.
[2026-08-03 17:24:15,466] [INFO] [preprocessing.feature_engineering]: Device features created successfully.
[2026-08-03 17:24:15,474] [INFO] [preprocessing.feature_engineering]: Location features created successfully.
[2026-08-03 17:24:15,476] [INFO] [preprocessing.feature_engineering]: Customer behavior features created successfully.
[2026-08-03 17:24:15,480] [INFO] [preprocessing.feature_engineering]: Risk features created successfully.
[2026-08-03 17:24:15,481] [INFO] [preprocessing.feature_engineering]: Interaction features created successfully.
[2026-08-03 17:24:15,487] [INFO] [preprocessing.feature_engineering]: Feature matrix validation completed: 54 features, valid=True
[2026-08-03 17:24:15,487] [INFO] [preprocessing.feature_engineering]: Feature engineering pipeline completed for 'InferenceInput'. Final shape: (1, 54)
[2026-08-03 17:24:15,493] [INFO] [preprocessing.preprocessing]: Dataset Validation Complete: 1 rows, 54 cols, 0 dups, 0 infs
[2026-08-03 17:24:15,494] [INFO] [preprocessing.preprocessing]: Duplicate Handling: Removed 0 duplicate rows (0.0%)
[2026-08-03 17:24:15,498] [INFO] [preprocessing.preprocessing]: Missing value imputation complete. Features updated: 0
[2026-08-03 17:24:15,501] [INFO] [preprocessing.preprocessing]: Data type conversion and optimization completed.
[2026-08-03 17:24:15,516] [INFO] [preprocessing.preprocessing]: Dropped 54 identifier / zero-variance columns: ['transaction_id', 'location', 'amount', 'oldbalanceOrg', 'newbalanceOrig', 'oldbalanceDest', 'newbalanceDest', 'type', 'device_type', 'log_amount', 'amount_deviation', 'relative_amount', 'amount_percentile', 'is_large_transaction', 'hour_of_day', 'day_of_week', 'is_weekend', 'is_business_hours', 'is_late_night', 'velocity_1h', 'velocity_6h', 'velocity_24h', 'avg_daily_transactions', 'recent_transaction_spike', 'balance_diff_orig', 'balance_error_orig', 'remaining_balance_pct_orig', 'balance_wipeout_orig', 'balance_diff_dest', 'balance_error_dest', 'beneficiary_transaction_count', 'is_new_beneficiary', 'beneficiary_avg_amount', 'beneficiary_fraud_history_flag', 'device_usage_count', 'device_risk_score', 'device_change_flag', 'is_new_device', 'high_risk_region_flag', 'location_change_flag', 'distance_from_home', 'avg_spending', 'spending_deviation', 'monthly_avg_spending', 'daily_avg_spending', 'spending_pattern_score', 'amount_risk_score', 'time_risk_score', 'recipient_risk_score', 'composite_behavior_risk_score', 'interaction_amount_x_velocity', 'interaction_amount_x_device_risk', 'interaction_velocity_x_recipient_risk', 'interaction_time_x_amount']
[2026-08-03 17:24:15,526] [INFO] [explainability.shap_explainer]: Using robust tree attribution fallback explainer.
[2026-08-03 17:24:15,526] [INFO] [explainability.shap_explainer]: Computing exact feature attribution matrix...
[2026-08-03 17:24:15,528] [INFO] [explainability.lime_explainer]: Using local surrogate linear explainer for LIME rules.
[2026-08-03 17:24:15,529] [INFO] [models.predict]: Single transaction inference complete in 72.95ms: Risk Score=0, Level=LOW
[2026-08-03 17:24:15,535] [INFO] [models.predict]: Starting batch prediction on 8 transactions from transactions.csv
[2026-08-03 17:24:15,536] [INFO] [preprocessing.feature_engineering]: Starting feature engineering pipeline for 'InferenceInput'...
[2026-08-03 17:24:15,538] [INFO] [preprocessing.feature_engineering]: Transaction features created successfully.
[2026-08-03 17:24:15,547] [INFO] [preprocessing.feature_engineering]: Temporal features created successfully.
[2026-08-03 17:24:15,548] [INFO] [preprocessing.feature_engineering]: Velocity features created successfully.
[2026-08-03 17:24:15,550] [INFO] [preprocessing.feature_engineering]: Balance features created successfully.
[2026-08-03 17:24:15,551] [INFO] [preprocessing.feature_engineering]: Recipient features created successfully.
[2026-08-03 17:24:15,552] [INFO] [preprocessing.feature_engineering]: Device features created successfully.
[2026-08-03 17:24:15,553] [INFO] [preprocessing.feature_engineering]: Location features created successfully.
[2026-08-03 17:24:15,555] [INFO] [preprocessing.feature_engineering]: Customer behavior features created successfully.
[2026-08-03 17:24:15,558] [INFO] [preprocessing.feature_engineering]: Risk features created successfully.
[2026-08-03 17:24:15,560] [INFO] [preprocessing.feature_engineering]: Interaction features created successfully.
[2026-08-03 17:24:15,565] [INFO] [preprocessing.feature_engineering]: Feature matrix validation completed: 56 features, valid=True
[2026-08-03 17:24:15,566] [INFO] [preprocessing.feature_engineering]: Feature engineering pipeline completed for 'InferenceInput'. Final shape: (1, 56)
[2026-08-03 17:24:15,570] [INFO] [preprocessing.preprocessing]: Dataset Validation Complete: 1 rows, 56 cols, 0 dups, 0 infs
[2026-08-03 17:24:15,572] [INFO] [preprocessing.preprocessing]: Duplicate Handling: Removed 0 duplicate rows (0.0%)
[2026-08-03 17:24:15,576] [INFO] [preprocessing.preprocessing]: Missing value imputation complete. Features updated: 0
[2026-08-03 17:24:15,578] [INFO] [preprocessing.preprocessing]: Data type conversion and optimization completed.
[2026-08-03 17:24:15,594] [INFO] [preprocessing.preprocessing]: Dropped 56 identifier / zero-variance columns: ['transaction_id', 'timestamp', 'location', 'amount', 'oldbalanceOrg', 'newbalanceOrig', 'oldbalanceDest', 'newbalanceDest', 'type', 'device_type', 'is_scam', 'log_amount', 'amount_deviation', 'relative_amount', 'amount_percentile', 'is_large_transaction', 'hour_of_day', 'day_of_week', 'is_weekend', 'is_business_hours', 'is_late_night', 'velocity_1h', 'velocity_6h', 'velocity_24h', 'avg_daily_transactions', 'recent_transaction_spike', 'balance_diff_orig', 'balance_error_orig', 'remaining_balance_pct_orig', 'balance_wipeout_orig', 'balance_diff_dest', 'balance_error_dest', 'beneficiary_transaction_count', 'is_new_beneficiary', 'beneficiary_avg_amount', 'beneficiary_fraud_history_flag', 'device_usage_count', 'device_risk_score', 'device_change_flag', 'is_new_device', 'high_risk_region_flag', 'location_change_flag', 'distance_from_home', 'avg_spending', 'spending_deviation', 'monthly_avg_spending', 'daily_avg_spending', 'spending_pattern_score', 'amount_risk_score', 'time_risk_score', 'recipient_risk_score', 'composite_behavior_risk_score', 'interaction_amount_x_velocity', 'interaction_amount_x_device_risk', 'interaction_velocity_x_recipient_risk', 'interaction_time_x_amount']
[2026-08-03 17:24:15,604] [INFO] [models.predict]: Single transaction inference complete in 68.16ms: Risk Score=0, Level=LOW
[2026-08-03 17:24:15,604] [INFO] [preprocessing.feature_engineering]: Starting feature engineering pipeline for 'InferenceInput'...
[2026-08-03 17:24:15,606] [INFO] [preprocessing.feature_engineering]: Transaction features created successfully.
[2026-08-03 17:24:15,610] [INFO] [preprocessing.feature_engineering]: Temporal features created successfully.
[2026-08-03 17:24:15,611] [INFO] [preprocessing.feature_engineering]: Velocity features created successfully.
[2026-08-03 17:24:15,613] [INFO] [preprocessing.feature_engineering]: Balance features created successfully.
[2026-08-03 17:24:15,614] [INFO] [preprocessing.feature_engineering]: Recipient features created successfully.
[2026-08-03 17:24:15,615] [INFO] [preprocessing.feature_engineering]: Device features created successfully.
[2026-08-03 17:24:15,616] [INFO] [preprocessing.feature_engineering]: Location features created successfully.
[2026-08-03 17:24:15,618] [INFO] [preprocessing.feature_engineering]: Customer behavior features created successfully.
[2026-08-03 17:24:15,622] [INFO] [preprocessing.feature_engineering]: Risk features created successfully.
[2026-08-03 17:24:15,624] [INFO] [preprocessing.feature_engineering]: Interaction features created successfully.
[2026-08-03 17:24:15,633] [INFO] [preprocessing.feature_engineering]: Feature matrix validation completed: 56 features, valid=True
[2026-08-03 17:24:15,634] [INFO] [preprocessing.feature_engineering]: Feature engineering pipeline completed for 'InferenceInput'. Final shape: (1, 56)
[2026-08-03 17:24:15,641] [INFO] [preprocessing.preprocessing]: Dataset Validation Complete: 1 rows, 56 cols, 0 dups, 0 infs
[2026-08-03 17:24:15,645] [INFO] [preprocessing.preprocessing]: Duplicate Handling: Removed 0 duplicate rows (0.0%)
[2026-08-03 17:24:15,654] [INFO] [preprocessing.preprocessing]: Missing value imputation complete. Features updated: 0
[2026-08-03 17:24:15,658] [INFO] [preprocessing.preprocessing]: Data type conversion and optimization completed.
[2026-08-03 17:24:15,677] [INFO] [preprocessing.preprocessing]: Dropped 56 identifier / zero-variance columns: ['transaction_id', 'timestamp', 'location', 'amount', 'oldbalanceOrg', 'newbalanceOrig', 'oldbalanceDest', 'newbalanceDest', 'type', 'device_type', 'is_scam', 'log_amount', 'amount_deviation', 'relative_amount', 'amount_percentile', 'is_large_transaction', 'hour_of_day', 'day_of_week', 'is_weekend', 'is_business_hours', 'is_late_night', 'velocity_1h', 'velocity_6h', 'velocity_24h', 'avg_daily_transactions', 'recent_transaction_spike', 'balance_diff_orig', 'balance_error_orig', 'remaining_balance_pct_orig', 'balance_wipeout_orig', 'balance_diff_dest', 'balance_error_dest', 'beneficiary_transaction_count', 'is_new_beneficiary', 'beneficiary_avg_amount', 'beneficiary_fraud_history_flag', 'device_usage_count', 'device_risk_score', 'device_change_flag', 'is_new_device', 'high_risk_region_flag', 'location_change_flag', 'distance_from_home', 'avg_spending', 'spending_deviation', 'monthly_avg_spending', 'daily_avg_spending', 'spending_pattern_score', 'amount_risk_score', 'time_risk_score', 'recipient_risk_score', 'composite_behavior_risk_score', 'interaction_amount_x_velocity', 'interaction_amount_x_device_risk', 'interaction_velocity_x_recipient_risk', 'interaction_time_x_amount']
[2026-08-03 17:24:15,687] [INFO] [models.predict]: Single transaction inference complete in 83.11ms: Risk Score=0, Level=LOW
[2026-08-03 17:24:15,687] [INFO] [preprocessing.feature_engineering]: Starting feature engineering pipeline for 'InferenceInput'...
[2026-08-03 17:24:15,689] [INFO] [preprocessing.feature_engineering]: Transaction features created successfully.
[2026-08-03 17:24:15,692] [INFO] [preprocessing.feature_engineering]: Temporal features created successfully.
[2026-08-03 17:24:15,693] [INFO] [preprocessing.feature_engineering]: Velocity features created successfully.
[2026-08-03 17:24:15,695] [INFO] [preprocessing.feature_engineering]: Balance features created successfully.
[2026-08-03 17:24:15,696] [INFO] [preprocessing.feature_engineering]: Recipient features created successfully.
[2026-08-03 17:24:15,697] [INFO] [preprocessing.feature_engineering]: Device features created successfully.
[2026-08-03 17:24:15,698] [INFO] [preprocessing.feature_engineering]: Location features created successfully.
[2026-08-03 17:24:15,700] [INFO] [preprocessing.feature_engineering]: Customer behavior features created successfully.
[2026-08-03 17:24:15,704] [INFO] [preprocessing.feature_engineering]: Risk features created successfully.
[2026-08-03 17:24:15,705] [INFO] [preprocessing.feature_engineering]: Interaction features created successfully.
[2026-08-03 17:24:15,710] [INFO] [preprocessing.feature_engineering]: Feature matrix validation completed: 56 features, valid=True
[2026-08-03 17:24:15,710] [INFO] [preprocessing.feature_engineering]: Feature engineering pipeline completed for 'InferenceInput'. Final shape: (1, 56)
[2026-08-03 17:24:15,716] [INFO] [preprocessing.preprocessing]: Dataset Validation Complete: 1 rows, 56 cols, 0 dups, 0 infs
[2026-08-03 17:24:15,718] [INFO] [preprocessing.preprocessing]: Duplicate Handling: Removed 0 duplicate rows (0.0%)
[2026-08-03 17:24:15,722] [INFO] [preprocessing.preprocessing]: Missing value imputation complete. Features updated: 0
[2026-08-03 17:24:15,723] [INFO] [preprocessing.preprocessing]: Data type conversion and optimization completed.
[2026-08-03 17:24:15,738] [INFO] [preprocessing.preprocessing]: Dropped 56 identifier / zero-variance columns: ['transaction_id', 'timestamp', 'location', 'amount', 'oldbalanceOrg', 'newbalanceOrig', 'oldbalanceDest', 'newbalanceDest', 'type', 'device_type', 'is_scam', 'log_amount', 'amount_deviation', 'relative_amount', 'amount_percentile', 'is_large_transaction', 'hour_of_day', 'day_of_week', 'is_weekend', 'is_business_hours', 'is_late_night', 'velocity_1h', 'velocity_6h', 'velocity_24h', 'avg_daily_transactions', 'recent_transaction_spike', 'balance_diff_orig', 'balance_error_orig', 'remaining_balance_pct_orig', 'balance_wipeout_orig', 'balance_diff_dest', 'balance_error_dest', 'beneficiary_transaction_count', 'is_new_beneficiary', 'beneficiary_avg_amount', 'beneficiary_fraud_history_flag', 'device_usage_count', 'device_risk_score', 'device_change_flag', 'is_new_device', 'high_risk_region_flag', 'location_change_flag', 'distance_from_home', 'avg_spending', 'spending_deviation', 'monthly_avg_spending', 'daily_avg_spending', 'spending_pattern_score', 'amount_risk_score', 'time_risk_score', 'recipient_risk_score', 'composite_behavior_risk_score', 'interaction_amount_x_velocity', 'interaction_amount_x_device_risk', 'interaction_velocity_x_recipient_risk', 'interaction_time_x_amount']
[2026-08-03 17:24:15,748] [INFO] [models.predict]: Single transaction inference complete in 60.31ms: Risk Score=0, Level=LOW
[2026-08-03 17:24:15,749] [INFO] [preprocessing.feature_engineering]: Starting feature engineering pipeline for 'InferenceInput'...
[2026-08-03 17:24:15,750] [INFO] [preprocessing.feature_engineering]: Transaction features created successfully.
[2026-08-03 17:24:15,753] [INFO] [preprocessing.feature_engineering]: Temporal features created successfully.
[2026-08-03 17:24:15,754] [INFO] [preprocessing.feature_engineering]: Velocity features created successfully.
[2026-08-03 17:24:15,756] [INFO] [preprocessing.feature_engineering]: Balance features created successfully.
[2026-08-03 17:24:15,756] [INFO] [preprocessing.feature_engineering]: Recipient features created successfully.
[2026-08-03 17:24:15,757] [INFO] [preprocessing.feature_engineering]: Device features created successfully.
[2026-08-03 17:24:15,758] [INFO] [preprocessing.feature_engineering]: Location features created successfully.
[2026-08-03 17:24:15,760] [INFO] [preprocessing.feature_engineering]: Customer behavior features created successfully.
[2026-08-03 17:24:15,764] [INFO] [preprocessing.feature_engineering]: Risk features created successfully.
[2026-08-03 17:24:15,765] [INFO] [preprocessing.feature_engineering]: Interaction features created successfully.
[2026-08-03 17:24:15,770] [INFO] [preprocessing.feature_engineering]: Feature matrix validation completed: 56 features, valid=True
[2026-08-03 17:24:15,770] [INFO] [preprocessing.feature_engineering]: Feature engineering pipeline completed for 'InferenceInput'. Final shape: (1, 56)
[2026-08-03 17:24:15,774] [INFO] [preprocessing.preprocessing]: Dataset Validation Complete: 1 rows, 56 cols, 0 dups, 0 infs
[2026-08-03 17:24:15,776] [INFO] [preprocessing.preprocessing]: Duplicate Handling: Removed 0 duplicate rows (0.0%)
[2026-08-03 17:24:15,781] [INFO] [preprocessing.preprocessing]: Missing value imputation complete. Features updated: 0
[2026-08-03 17:24:15,783] [INFO] [preprocessing.preprocessing]: Data type conversion and optimization completed.
[2026-08-03 17:24:15,797] [INFO] [preprocessing.preprocessing]: Dropped 56 identifier / zero-variance columns: ['transaction_id', 'timestamp', 'location', 'amount', 'oldbalanceOrg', 'newbalanceOrig', 'oldbalanceDest', 'newbalanceDest', 'type', 'device_type', 'is_scam', 'log_amount', 'amount_deviation', 'relative_amount', 'amount_percentile', 'is_large_transaction', 'hour_of_day', 'day_of_week', 'is_weekend', 'is_business_hours', 'is_late_night', 'velocity_1h', 'velocity_6h', 'velocity_24h', 'avg_daily_transactions', 'recent_transaction_spike', 'balance_diff_orig', 'balance_error_orig', 'remaining_balance_pct_orig', 'balance_wipeout_orig', 'balance_diff_dest', 'balance_error_dest', 'beneficiary_transaction_count', 'is_new_beneficiary', 'beneficiary_avg_amount', 'beneficiary_fraud_history_flag', 'device_usage_count', 'device_risk_score', 'device_change_flag', 'is_new_device', 'high_risk_region_flag', 'location_change_flag', 'distance_from_home', 'avg_spending', 'spending_deviation', 'monthly_avg_spending', 'daily_avg_spending', 'spending_pattern_score', 'amount_risk_score', 'time_risk_score', 'recipient_risk_score', 'composite_behavior_risk_score', 'interaction_amount_x_velocity', 'interaction_amount_x_device_risk', 'interaction_velocity_x_recipient_risk', 'interaction_time_x_amount']
[2026-08-03 17:24:15,807] [INFO] [models.predict]: Single transaction inference complete in 58.44ms: Risk Score=0, Level=LOW
[2026-08-03 17:24:15,808] [INFO] [preprocessing.feature_engineering]: Starting feature engineering pipeline for 'InferenceInput'...
[2026-08-03 17:24:15,810] [INFO] [preprocessing.feature_engineering]: Transaction features created successfully.
[2026-08-03 17:24:15,812] [INFO] [preprocessing.feature_engineering]: Temporal features created successfully.
[2026-08-03 17:24:15,814] [INFO] [preprocessing.feature_engineering]: Velocity features created successfully.
[2026-08-03 17:24:15,815] [INFO] [preprocessing.feature_engineering]: Balance features created successfully.
[2026-08-03 17:24:15,816] [INFO] [preprocessing.feature_engineering]: Recipient features created successfully.
[2026-08-03 17:24:15,817] [INFO] [preprocessing.feature_engineering]: Device features created successfully.
[2026-08-03 17:24:15,818] [INFO] [preprocessing.feature_engineering]: Location features created successfully.
[2026-08-03 17:24:15,820] [INFO] [preprocessing.feature_engineering]: Customer behavior features created successfully.
[2026-08-03 17:24:15,824] [INFO] [preprocessing.feature_engineering]: Risk features created successfully.
[2026-08-03 17:24:15,825] [INFO] [preprocessing.feature_engineering]: Interaction features created successfully.
[2026-08-03 17:24:15,830] [INFO] [preprocessing.feature_engineering]: Feature matrix validation completed: 56 features, valid=True
[2026-08-03 17:24:15,830] [INFO] [preprocessing.feature_engineering]: Feature engineering pipeline completed for 'InferenceInput'. Final shape: (1, 56)
[2026-08-03 17:24:15,834] [INFO] [preprocessing.preprocessing]: Dataset Validation Complete: 1 rows, 56 cols, 0 dups, 0 infs
[2026-08-03 17:24:15,837] [INFO] [preprocessing.preprocessing]: Duplicate Handling: Removed 0 duplicate rows (0.0%)
[2026-08-03 17:24:15,840] [INFO] [preprocessing.preprocessing]: Missing value imputation complete. Features updated: 0
[2026-08-03 17:24:15,842] [INFO] [preprocessing.preprocessing]: Data type conversion and optimization completed.
[2026-08-03 17:24:15,857] [INFO] [preprocessing.preprocessing]: Dropped 56 identifier / zero-variance columns: ['transaction_id', 'timestamp', 'location', 'amount', 'oldbalanceOrg', 'newbalanceOrig', 'oldbalanceDest', 'newbalanceDest', 'type', 'device_type', 'is_scam', 'log_amount', 'amount_deviation', 'relative_amount', 'amount_percentile', 'is_large_transaction', 'hour_of_day', 'day_of_week', 'is_weekend', 'is_business_hours', 'is_late_night', 'velocity_1h', 'velocity_6h', 'velocity_24h', 'avg_daily_transactions', 'recent_transaction_spike', 'balance_diff_orig', 'balance_error_orig', 'remaining_balance_pct_orig', 'balance_wipeout_orig', 'balance_diff_dest', 'balance_error_dest', 'beneficiary_transaction_count', 'is_new_beneficiary', 'beneficiary_avg_amount', 'beneficiary_fraud_history_flag', 'device_usage_count', 'device_risk_score', 'device_change_flag', 'is_new_device', 'high_risk_region_flag', 'location_change_flag', 'distance_from_home', 'avg_spending', 'spending_deviation', 'monthly_avg_spending', 'daily_avg_spending', 'spending_pattern_score', 'amount_risk_score', 'time_risk_score', 'recipient_risk_score', 'composite_behavior_risk_score', 'interaction_amount_x_velocity', 'interaction_amount_x_device_risk', 'interaction_velocity_x_recipient_risk', 'interaction_time_x_amount']
[2026-08-03 17:24:15,867] [INFO] [models.predict]: Single transaction inference complete in 59.49ms: Risk Score=0, Level=LOW
[2026-08-03 17:24:15,867] [INFO] [preprocessing.feature_engineering]: Starting feature engineering pipeline for 'InferenceInput'...
[2026-08-03 17:24:15,869] [INFO] [preprocessing.feature_engineering]: Transaction features created successfully.
[2026-08-03 17:24:15,872] [INFO] [preprocessing.feature_engineering]: Temporal features created successfully.
[2026-08-03 17:24:15,873] [INFO] [preprocessing.feature_engineering]: Velocity features created successfully.
[2026-08-03 17:24:15,875] [INFO] [preprocessing.feature_engineering]: Balance features created successfully.
[2026-08-03 17:24:15,875] [INFO] [preprocessing.feature_engineering]: Recipient features created successfully.
[2026-08-03 17:24:15,876] [INFO] [preprocessing.feature_engineering]: Device features created successfully.
[2026-08-03 17:24:15,878] [INFO] [preprocessing.feature_engineering]: Location features created successfully.
[2026-08-03 17:24:15,879] [INFO] [preprocessing.feature_engineering]: Customer behavior features created successfully.
[2026-08-03 17:24:15,883] [INFO] [preprocessing.feature_engineering]: Risk features created successfully.
[2026-08-03 17:24:15,884] [INFO] [preprocessing.feature_engineering]: Interaction features created successfully.
[2026-08-03 17:24:15,889] [INFO] [preprocessing.feature_engineering]: Feature matrix validation completed: 56 features, valid=True
[2026-08-03 17:24:15,889] [INFO] [preprocessing.feature_engineering]: Feature engineering pipeline completed for 'InferenceInput'. Final shape: (1, 56)
[2026-08-03 17:24:15,893] [INFO] [preprocessing.preprocessing]: Dataset Validation Complete: 1 rows, 56 cols, 0 dups, 0 infs
[2026-08-03 17:24:15,895] [INFO] [preprocessing.preprocessing]: Duplicate Handling: Removed 0 duplicate rows (0.0%)
[2026-08-03 17:24:15,899] [INFO] [preprocessing.preprocessing]: Missing value imputation complete. Features updated: 0
[2026-08-03 17:24:15,902] [INFO] [preprocessing.preprocessing]: Data type conversion and optimization completed.
[2026-08-03 17:24:15,916] [INFO] [preprocessing.preprocessing]: Dropped 56 identifier / zero-variance columns: ['transaction_id', 'timestamp', 'location', 'amount', 'oldbalanceOrg', 'newbalanceOrig', 'oldbalanceDest', 'newbalanceDest', 'type', 'device_type', 'is_scam', 'log_amount', 'amount_deviation', 'relative_amount', 'amount_percentile', 'is_large_transaction', 'hour_of_day', 'day_of_week', 'is_weekend', 'is_business_hours', 'is_late_night', 'velocity_1h', 'velocity_6h', 'velocity_24h', 'avg_daily_transactions', 'recent_transaction_spike', 'balance_diff_orig', 'balance_error_orig', 'remaining_balance_pct_orig', 'balance_wipeout_orig', 'balance_diff_dest', 'balance_error_dest', 'beneficiary_transaction_count', 'is_new_beneficiary', 'beneficiary_avg_amount', 'beneficiary_fraud_history_flag', 'device_usage_count', 'device_risk_score', 'device_change_flag', 'is_new_device', 'high_risk_region_flag', 'location_change_flag', 'distance_from_home', 'avg_spending', 'spending_deviation', 'monthly_avg_spending', 'daily_avg_spending', 'spending_pattern_score', 'amount_risk_score', 'time_risk_score', 'recipient_risk_score', 'composite_behavior_risk_score', 'interaction_amount_x_velocity', 'interaction_amount_x_device_risk', 'interaction_velocity_x_recipient_risk', 'interaction_time_x_amount']
[2026-08-03 17:24:15,926] [INFO] [models.predict]: Single transaction inference complete in 58.62ms: Risk Score=0, Level=LOW
[2026-08-03 17:24:15,926] [INFO] [preprocessing.feature_engineering]: Starting feature engineering pipeline for 'InferenceInput'...
[2026-08-03 17:24:15,930] [INFO] [preprocessing.feature_engineering]: Transaction features created successfully.
[2026-08-03 17:24:15,935] [INFO] [preprocessing.feature_engineering]: Temporal features created successfully.
[2026-08-03 17:24:15,937] [INFO] [preprocessing.feature_engineering]: Velocity features created successfully.
[2026-08-03 17:24:15,939] [INFO] [preprocessing.feature_engineering]: Balance features created successfully.
[2026-08-03 17:24:15,941] [INFO] [preprocessing.feature_engineering]: Recipient features created successfully.
[2026-08-03 17:24:15,942] [INFO] [preprocessing.feature_engineering]: Device features created successfully.
[2026-08-03 17:24:15,943] [INFO] [preprocessing.feature_engineering]: Location features created successfully.
[2026-08-03 17:24:15,946] [INFO] [preprocessing.feature_engineering]: Customer behavior features created successfully.
[2026-08-03 17:24:15,953] [INFO] [preprocessing.feature_engineering]: Risk features created successfully.
[2026-08-03 17:24:15,955] [INFO] [preprocessing.feature_engineering]: Interaction features created successfully.
[2026-08-03 17:24:15,965] [INFO] [preprocessing.feature_engineering]: Feature matrix validation completed: 56 features, valid=True
[2026-08-03 17:24:15,965] [INFO] [preprocessing.feature_engineering]: Feature engineering pipeline completed for 'InferenceInput'. Final shape: (1, 56)
[2026-08-03 17:24:15,973] [INFO] [preprocessing.preprocessing]: Dataset Validation Complete: 1 rows, 56 cols, 0 dups, 0 infs
[2026-08-03 17:24:15,977] [INFO] [preprocessing.preprocessing]: Duplicate Handling: Removed 0 duplicate rows (0.0%)
[2026-08-03 17:24:15,984] [INFO] [preprocessing.preprocessing]: Missing value imputation complete. Features updated: 0
[2026-08-03 17:24:15,987] [INFO] [preprocessing.preprocessing]: Data type conversion and optimization completed.
[2026-08-03 17:24:16,005] [INFO] [preprocessing.preprocessing]: Dropped 56 identifier / zero-variance columns: ['transaction_id', 'timestamp', 'location', 'amount', 'oldbalanceOrg', 'newbalanceOrig', 'oldbalanceDest', 'newbalanceDest', 'type', 'device_type', 'is_scam', 'log_amount', 'amount_deviation', 'relative_amount', 'amount_percentile', 'is_large_transaction', 'hour_of_day', 'day_of_week', 'is_weekend', 'is_business_hours', 'is_late_night', 'velocity_1h', 'velocity_6h', 'velocity_24h', 'avg_daily_transactions', 'recent_transaction_spike', 'balance_diff_orig', 'balance_error_orig', 'remaining_balance_pct_orig', 'balance_wipeout_orig', 'balance_diff_dest', 'balance_error_dest', 'beneficiary_transaction_count', 'is_new_beneficiary', 'beneficiary_avg_amount', 'beneficiary_fraud_history_flag', 'device_usage_count', 'device_risk_score', 'device_change_flag', 'is_new_device', 'high_risk_region_flag', 'location_change_flag', 'distance_from_home', 'avg_spending', 'spending_deviation', 'monthly_avg_spending', 'daily_avg_spending', 'spending_pattern_score', 'amount_risk_score', 'time_risk_score', 'recipient_risk_score', 'composite_behavior_risk_score', 'interaction_amount_x_velocity', 'interaction_amount_x_device_risk', 'interaction_velocity_x_recipient_risk', 'interaction_time_x_amount']
[2026-08-03 17:24:16,019] [INFO] [models.predict]: Single transaction inference complete in 93.15ms: Risk Score=0, Level=LOW
[2026-08-03 17:24:16,021] [INFO] [preprocessing.feature_engineering]: Starting feature engineering pipeline for 'InferenceInput'...
[2026-08-03 17:24:16,023] [INFO] [preprocessing.feature_engineering]: Transaction features created successfully.
[2026-08-03 17:24:16,027] [INFO] [preprocessing.feature_engineering]: Temporal features created successfully.
[2026-08-03 17:24:16,028] [INFO] [preprocessing.feature_engineering]: Velocity features created successfully.
[2026-08-03 17:24:16,030] [INFO] [preprocessing.feature_engineering]: Balance features created successfully.
[2026-08-03 17:24:16,031] [INFO] [preprocessing.feature_engineering]: Recipient features created successfully.
[2026-08-03 17:24:16,032] [INFO] [preprocessing.feature_engineering]: Device features created successfully.
[2026-08-03 17:24:16,033] [INFO] [preprocessing.feature_engineering]: Location features created successfully.
[2026-08-03 17:24:16,034] [INFO] [preprocessing.feature_engineering]: Customer behavior features created successfully.
[2026-08-03 17:24:16,039] [INFO] [preprocessing.feature_engineering]: Risk features created successfully.
[2026-08-03 17:24:16,040] [INFO] [preprocessing.feature_engineering]: Interaction features created successfully.
[2026-08-03 17:24:16,046] [INFO] [preprocessing.feature_engineering]: Feature matrix validation completed: 56 features, valid=True
[2026-08-03 17:24:16,046] [INFO] [preprocessing.feature_engineering]: Feature engineering pipeline completed for 'InferenceInput'. Final shape: (1, 56)
[2026-08-03 17:24:16,050] [INFO] [preprocessing.preprocessing]: Dataset Validation Complete: 1 rows, 56 cols, 0 dups, 0 infs
[2026-08-03 17:24:16,052] [INFO] [preprocessing.preprocessing]: Duplicate Handling: Removed 0 duplicate rows (0.0%)
[2026-08-03 17:24:16,056] [INFO] [preprocessing.preprocessing]: Missing value imputation complete. Features updated: 0
[2026-08-03 17:24:16,059] [INFO] [preprocessing.preprocessing]: Data type conversion and optimization completed.
[2026-08-03 17:24:16,074] [INFO] [preprocessing.preprocessing]: Dropped 56 identifier / zero-variance columns: ['transaction_id', 'timestamp', 'location', 'amount', 'oldbalanceOrg', 'newbalanceOrig', 'oldbalanceDest', 'newbalanceDest', 'type', 'device_type', 'is_scam', 'log_amount', 'amount_deviation', 'relative_amount', 'amount_percentile', 'is_large_transaction', 'hour_of_day', 'day_of_week', 'is_weekend', 'is_business_hours', 'is_late_night', 'velocity_1h', 'velocity_6h', 'velocity_24h', 'avg_daily_transactions', 'recent_transaction_spike', 'balance_diff_orig', 'balance_error_orig', 'remaining_balance_pct_orig', 'balance_wipeout_orig', 'balance_diff_dest', 'balance_error_dest', 'beneficiary_transaction_count', 'is_new_beneficiary', 'beneficiary_avg_amount', 'beneficiary_fraud_history_flag', 'device_usage_count', 'device_risk_score', 'device_change_flag', 'is_new_device', 'high_risk_region_flag', 'location_change_flag', 'distance_from_home', 'avg_spending', 'spending_deviation', 'monthly_avg_spending', 'daily_avg_spending', 'spending_pattern_score', 'amount_risk_score', 'time_risk_score', 'recipient_risk_score', 'composite_behavior_risk_score', 'interaction_amount_x_velocity', 'interaction_amount_x_device_risk', 'interaction_velocity_x_recipient_risk', 'interaction_time_x_amount']
[2026-08-03 17:24:16,084] [INFO] [models.predict]: Single transaction inference complete in 64.27ms: Risk Score=0, Level=LOW
[2026-08-03 17:24:16,089] [INFO] [models.predict]: Batch prediction complete: 0/8 scam flags in 0.559s
[2026-08-03 17:25:01,076] [INFO] [models.model_loader]: Successfully loaded model artifact from D:\F Drive\GuidedGuard Explainable AI for Scam-Guided Digital Payment Detection\Code\models\saved_model.pkl
[2026-08-03 17:25:01,077] [INFO] [models.model_loader]: Successfully loaded scaler artifact from D:\F Drive\GuidedGuard Explainable AI for Scam-Guided Digital Payment Detection\Code\models\scaler.pkl
[2026-08-03 17:25:01,077] [INFO] [models.model_loader]: Artifact Validation Complete: ready=True, model=Gradient Boosting
[2026-08-03 17:25:01,079] [INFO] [preprocessing.feature_engineering]: Starting feature engineering pipeline for 'InferenceInput'...
[2026-08-03 17:25:01,082] [INFO] [preprocessing.feature_engineering]: Transaction features created successfully.
[2026-08-03 17:25:01,083] [INFO] [preprocessing.feature_engineering]: Temporal features created successfully.
[2026-08-03 17:25:01,084] [INFO] [preprocessing.feature_engineering]: Velocity features created successfully.
[2026-08-03 17:25:01,087] [INFO] [preprocessing.feature_engineering]: Balance features created successfully.
[2026-08-03 17:25:01,087] [INFO] [preprocessing.feature_engineering]: Recipient features created successfully.
[2026-08-03 17:25:01,088] [INFO] [preprocessing.feature_engineering]: Device features created successfully.
[2026-08-03 17:25:01,089] [INFO] [preprocessing.feature_engineering]: Location features created successfully.
[2026-08-03 17:25:01,091] [INFO] [preprocessing.feature_engineering]: Customer behavior features created successfully.
[2026-08-03 17:25:01,095] [INFO] [preprocessing.feature_engineering]: Risk features created successfully.
[2026-08-03 17:25:01,097] [INFO] [preprocessing.feature_engineering]: Interaction features created successfully.
[2026-08-03 17:25:01,103] [INFO] [preprocessing.feature_engineering]: Feature matrix validation completed: 54 features, valid=True
[2026-08-03 17:25:01,103] [INFO] [preprocessing.feature_engineering]: Feature engineering pipeline completed for 'InferenceInput'. Final shape: (1, 54)
[2026-08-03 17:25:01,107] [INFO] [preprocessing.preprocessing]: Dataset Validation Complete: 1 rows, 54 cols, 0 dups, 0 infs
[2026-08-03 17:25:01,109] [INFO] [preprocessing.preprocessing]: Duplicate Handling: Removed 0 duplicate rows (0.0%)
[2026-08-03 17:25:01,114] [INFO] [preprocessing.preprocessing]: Missing value imputation complete. Features updated: 0
[2026-08-03 17:25:01,116] [INFO] [preprocessing.preprocessing]: Data type conversion and optimization completed.
[2026-08-03 17:25:01,117] [INFO] [preprocessing.preprocessing]: Dropped 2 identifier / zero-variance columns: ['transaction_id', 'location']
[2026-08-03 17:25:01,120] [INFO] [preprocessing.preprocessing]: Categorical encoding completed using onehot. Shape: (1, 50)
[2026-08-03 17:25:44,555] [INFO] [models.model_loader]: Successfully loaded model artifact from D:\F Drive\GuidedGuard Explainable AI for Scam-Guided Digital Payment Detection\Code\models\saved_model.pkl
[2026-08-03 17:25:44,557] [INFO] [models.model_loader]: Successfully loaded scaler artifact from D:\F Drive\GuidedGuard Explainable AI for Scam-Guided Digital Payment Detection\Code\models\scaler.pkl
[2026-08-03 17:25:44,557] [INFO] [models.model_loader]: Artifact Validation Complete: ready=True, model=Gradient Boosting
[2026-08-03 17:25:44,558] [INFO] [preprocessing.feature_engineering]: Starting feature engineering pipeline for 'InferenceInput'...
[2026-08-03 17:25:44,560] [INFO] [preprocessing.feature_engineering]: Transaction features created successfully.
[2026-08-03 17:25:44,561] [INFO] [preprocessing.feature_engineering]: Temporal features created successfully.
[2026-08-03 17:25:44,563] [INFO] [preprocessing.feature_engineering]: Velocity features created successfully.
[2026-08-03 17:25:44,565] [INFO] [preprocessing.feature_engineering]: Balance features created successfully.
[2026-08-03 17:25:44,566] [INFO] [preprocessing.feature_engineering]: Recipient features created successfully.
[2026-08-03 17:25:44,567] [INFO] [preprocessing.feature_engineering]: Device features created successfully.
[2026-08-03 17:25:44,569] [INFO] [preprocessing.feature_engineering]: Location features created successfully.
[2026-08-03 17:25:44,570] [INFO] [preprocessing.feature_engineering]: Customer behavior features created successfully.
[2026-08-03 17:25:44,574] [INFO] [preprocessing.feature_engineering]: Risk features created successfully.
[2026-08-03 17:25:44,576] [INFO] [preprocessing.feature_engineering]: Interaction features created successfully.
[2026-08-03 17:25:44,581] [INFO] [preprocessing.feature_engineering]: Feature matrix validation completed: 54 features, valid=True
[2026-08-03 17:25:44,581] [INFO] [preprocessing.feature_engineering]: Feature engineering pipeline completed for 'InferenceInput'. Final shape: (1, 54)
[2026-08-03 17:25:44,586] [INFO] [preprocessing.preprocessing]: Dataset Validation Complete: 1 rows, 54 cols, 0 dups, 0 infs
[2026-08-03 17:25:44,587] [INFO] [preprocessing.preprocessing]: Duplicate Handling: Removed 0 duplicate rows (0.0%)
[2026-08-03 17:25:44,591] [INFO] [preprocessing.preprocessing]: Missing value imputation complete. Features updated: 0
[2026-08-03 17:25:44,593] [INFO] [preprocessing.preprocessing]: Data type conversion and optimization completed.
[2026-08-03 17:25:44,594] [INFO] [preprocessing.preprocessing]: Dropped 2 identifier / zero-variance columns: ['transaction_id', 'location']
[2026-08-03 17:25:44,597] [INFO] [preprocessing.preprocessing]: Categorical encoding completed using onehot. Shape: (1, 50)
[2026-08-03 17:25:44,598] [WARNING] [preprocessing.preprocessing]: Scaler transform fallback applied (The feature names should match those that were passed during fit.
Feature names seen at fit time, yet now missing:
- step
- type_CASH_OUT
- type_DEBIT
- type_PAYMENT
- type_TRANSFER
).
[2026-08-03 17:25:44,598] [INFO] [preprocessing.preprocessing]: Numerical feature scaling completed using standard. Scaled columns: 50
[2026-08-03 17:25:44,600] [INFO] [explainability.shap_explainer]: Using robust tree attribution fallback explainer.
[2026-08-03 17:25:44,600] [INFO] [explainability.shap_explainer]: Computing exact feature attribution matrix...
[2026-08-03 17:25:44,602] [INFO] [explainability.lime_explainer]: Using local surrogate linear explainer for LIME rules.
[2026-08-03 17:25:44,603] [INFO] [models.predict]: Single transaction inference complete in 45.95ms: Risk Score=33, Level=LOW
[2026-08-03 17:25:44,608] [INFO] [models.predict]: Starting batch prediction on 8 transactions from transactions.csv
[2026-08-03 17:25:44,608] [INFO] [preprocessing.feature_engineering]: Starting feature engineering pipeline for 'InferenceInput'...
[2026-08-03 17:25:44,611] [INFO] [preprocessing.feature_engineering]: Transaction features created successfully.
[2026-08-03 17:25:44,614] [INFO] [preprocessing.feature_engineering]: Temporal features created successfully.
[2026-08-03 17:25:44,615] [INFO] [preprocessing.feature_engineering]: Velocity features created successfully.
[2026-08-03 17:25:44,617] [INFO] [preprocessing.feature_engineering]: Balance features created successfully.
[2026-08-03 17:25:44,617] [INFO] [preprocessing.feature_engineering]: Recipient features created successfully.
[2026-08-03 17:25:44,618] [INFO] [preprocessing.feature_engineering]: Device features created successfully.
[2026-08-03 17:25:44,620] [INFO] [preprocessing.feature_engineering]: Location features created successfully.
[2026-08-03 17:25:44,622] [INFO] [preprocessing.feature_engineering]: Customer behavior features created successfully.
[2026-08-03 17:25:44,626] [INFO] [preprocessing.feature_engineering]: Risk features created successfully.
[2026-08-03 17:25:44,627] [INFO] [preprocessing.feature_engineering]: Interaction features created successfully.
[2026-08-03 17:25:44,632] [INFO] [preprocessing.feature_engineering]: Feature matrix validation completed: 56 features, valid=True
[2026-08-03 17:25:44,632] [INFO] [preprocessing.feature_engineering]: Feature engineering pipeline completed for 'InferenceInput'. Final shape: (1, 56)
[2026-08-03 17:25:44,637] [INFO] [preprocessing.preprocessing]: Dataset Validation Complete: 1 rows, 56 cols, 0 dups, 0 infs
[2026-08-03 17:25:44,639] [INFO] [preprocessing.preprocessing]: Duplicate Handling: Removed 0 duplicate rows (0.0%)
[2026-08-03 17:25:44,642] [INFO] [preprocessing.preprocessing]: Missing value imputation complete. Features updated: 0
[2026-08-03 17:25:44,644] [INFO] [preprocessing.preprocessing]: Data type conversion and optimization completed.
[2026-08-03 17:25:44,646] [INFO] [preprocessing.preprocessing]: Dropped 3 identifier / zero-variance columns: ['transaction_id', 'timestamp', 'location']
[2026-08-03 17:25:44,647] [INFO] [preprocessing.preprocessing]: Categorical encoding completed using onehot. Shape: (1, 51)
[2026-08-03 17:25:44,648] [WARNING] [preprocessing.preprocessing]: Scaler transform fallback applied (The feature names should match those that were passed during fit.
Feature names unseen at fit time:
- is_scam
Feature names seen at fit time, yet now missing:
- step
- type_CASH_OUT
- type_DEBIT
- type_PAYMENT
- type_TRANSFER
).
[2026-08-03 17:25:44,648] [INFO] [preprocessing.preprocessing]: Numerical feature scaling completed using standard. Scaled columns: 51
[2026-08-03 17:25:44,651] [INFO] [models.predict]: Single transaction inference complete in 43.3ms: Risk Score=10, Level=LOW
[2026-08-03 17:25:44,652] [INFO] [preprocessing.feature_engineering]: Starting feature engineering pipeline for 'InferenceInput'...
[2026-08-03 17:25:44,654] [INFO] [preprocessing.feature_engineering]: Transaction features created successfully.
[2026-08-03 17:25:44,657] [INFO] [preprocessing.feature_engineering]: Temporal features created successfully.
[2026-08-03 17:25:44,659] [INFO] [preprocessing.feature_engineering]: Velocity features created successfully.
[2026-08-03 17:25:44,660] [INFO] [preprocessing.feature_engineering]: Balance features created successfully.
[2026-08-03 17:25:44,661] [INFO] [preprocessing.feature_engineering]: Recipient features created successfully.
[2026-08-03 17:25:44,662] [INFO] [preprocessing.feature_engineering]: Device features created successfully.
[2026-08-03 17:25:44,663] [INFO] [preprocessing.feature_engineering]: Location features created successfully.
[2026-08-03 17:25:44,666] [INFO] [preprocessing.feature_engineering]: Customer behavior features created successfully.
[2026-08-03 17:25:44,669] [INFO] [preprocessing.feature_engineering]: Risk features created successfully.
[2026-08-03 17:25:44,671] [INFO] [preprocessing.feature_engineering]: Interaction features created successfully.
[2026-08-03 17:25:44,687] [INFO] [preprocessing.feature_engineering]: Feature matrix validation completed: 56 features, valid=True
[2026-08-03 17:25:44,688] [INFO] [preprocessing.feature_engineering]: Feature engineering pipeline completed for 'InferenceInput'. Final shape: (1, 56)
[2026-08-03 17:25:44,694] [INFO] [preprocessing.preprocessing]: Dataset Validation Complete: 1 rows, 56 cols, 0 dups, 0 infs
[2026-08-03 17:25:44,697] [INFO] [preprocessing.preprocessing]: Duplicate Handling: Removed 0 duplicate rows (0.0%)
[2026-08-03 17:25:44,701] [INFO] [preprocessing.preprocessing]: Missing value imputation complete. Features updated: 0
[2026-08-03 17:25:44,703] [INFO] [preprocessing.preprocessing]: Data type conversion and optimization completed.
[2026-08-03 17:25:44,705] [INFO] [preprocessing.preprocessing]: Dropped 3 identifier / zero-variance columns: ['transaction_id', 'timestamp', 'location']
[2026-08-03 17:25:44,707] [INFO] [preprocessing.preprocessing]: Categorical encoding completed using onehot. Shape: (1, 51)
[2026-08-03 17:25:44,707] [WARNING] [preprocessing.preprocessing]: Scaler transform fallback applied (The feature names should match those that were passed during fit.
Feature names unseen at fit time:
- is_scam
Feature names seen at fit time, yet now missing:
- step
- type_CASH_OUT
- type_DEBIT
- type_PAYMENT
- type_TRANSFER
).
[2026-08-03 17:25:44,708] [INFO] [preprocessing.preprocessing]: Numerical feature scaling completed using standard. Scaled columns: 51
[2026-08-03 17:25:44,710] [INFO] [models.predict]: Single transaction inference complete in 58.61ms: Risk Score=33, Level=LOW
[2026-08-03 17:25:44,710] [INFO] [preprocessing.feature_engineering]: Starting feature engineering pipeline for 'InferenceInput'...
[2026-08-03 17:25:44,713] [INFO] [preprocessing.feature_engineering]: Transaction features created successfully.
[2026-08-03 17:25:44,715] [INFO] [preprocessing.feature_engineering]: Temporal features created successfully.
[2026-08-03 17:25:44,717] [INFO] [preprocessing.feature_engineering]: Velocity features created successfully.
[2026-08-03 17:25:44,718] [INFO] [preprocessing.feature_engineering]: Balance features created successfully.
[2026-08-03 17:25:44,719] [INFO] [preprocessing.feature_engineering]: Recipient features created successfully.
[2026-08-03 17:25:44,720] [INFO] [preprocessing.feature_engineering]: Device features created successfully.
[2026-08-03 17:25:44,721] [INFO] [preprocessing.feature_engineering]: Location features created successfully.
[2026-08-03 17:25:44,724] [INFO] [preprocessing.feature_engineering]: Customer behavior features created successfully.
[2026-08-03 17:25:44,727] [INFO] [preprocessing.feature_engineering]: Risk features created successfully.
[2026-08-03 17:25:44,728] [INFO] [preprocessing.feature_engineering]: Interaction features created successfully.
[2026-08-03 17:25:44,734] [INFO] [preprocessing.feature_engineering]: Feature matrix validation completed: 56 features, valid=True
[2026-08-03 17:25:44,734] [INFO] [preprocessing.feature_engineering]: Feature engineering pipeline completed for 'InferenceInput'. Final shape: (1, 56)
[2026-08-03 17:25:44,737] [INFO] [preprocessing.preprocessing]: Dataset Validation Complete: 1 rows, 56 cols, 0 dups, 0 infs
[2026-08-03 17:25:44,740] [INFO] [preprocessing.preprocessing]: Duplicate Handling: Removed 0 duplicate rows (0.0%)
[2026-08-03 17:25:44,745] [INFO] [preprocessing.preprocessing]: Missing value imputation complete. Features updated: 0
[2026-08-03 17:25:44,747] [INFO] [preprocessing.preprocessing]: Data type conversion and optimization completed.
[2026-08-03 17:25:44,748] [INFO] [preprocessing.preprocessing]: Dropped 3 identifier / zero-variance columns: ['transaction_id', 'timestamp', 'location']
[2026-08-03 17:25:44,750] [INFO] [preprocessing.preprocessing]: Categorical encoding completed using onehot. Shape: (1, 51)
[2026-08-03 17:25:44,750] [WARNING] [preprocessing.preprocessing]: Scaler transform fallback applied (The feature names should match those that were passed during fit.
Feature names unseen at fit time:
- is_scam
Feature names seen at fit time, yet now missing:
- step
- type_CASH_OUT
- type_DEBIT
- type_PAYMENT
- type_TRANSFER
).
[2026-08-03 17:25:44,750] [INFO] [preprocessing.preprocessing]: Numerical feature scaling completed using standard. Scaled columns: 51
[2026-08-03 17:25:44,753] [INFO] [models.predict]: Single transaction inference complete in 42.84ms: Risk Score=10, Level=LOW
[2026-08-03 17:25:44,754] [INFO] [preprocessing.feature_engineering]: Starting feature engineering pipeline for 'InferenceInput'...
[2026-08-03 17:25:44,756] [INFO] [preprocessing.feature_engineering]: Transaction features created successfully.
[2026-08-03 17:25:44,758] [INFO] [preprocessing.feature_engineering]: Temporal features created successfully.
[2026-08-03 17:25:44,759] [INFO] [preprocessing.feature_engineering]: Velocity features created successfully.
[2026-08-03 17:25:44,761] [INFO] [preprocessing.feature_engineering]: Balance features created successfully.
[2026-08-03 17:25:44,762] [INFO] [preprocessing.feature_engineering]: Recipient features created successfully.
[2026-08-03 17:25:44,763] [INFO] [preprocessing.feature_engineering]: Device features created successfully.
[2026-08-03 17:25:44,764] [INFO] [preprocessing.feature_engineering]: Location features created successfully.
[2026-08-03 17:25:44,766] [INFO] [preprocessing.feature_engineering]: Customer behavior features created successfully.
[2026-08-03 17:25:44,769] [INFO] [preprocessing.feature_engineering]: Risk features created successfully.
[2026-08-03 17:25:44,771] [INFO] [preprocessing.feature_engineering]: Interaction features created successfully.
[2026-08-03 17:25:44,776] [INFO] [preprocessing.feature_engineering]: Feature matrix validation completed: 56 features, valid=True
[2026-08-03 17:25:44,777] [INFO] [preprocessing.feature_engineering]: Feature engineering pipeline completed for 'InferenceInput'. Final shape: (1, 56)
[2026-08-03 17:25:44,780] [INFO] [preprocessing.preprocessing]: Dataset Validation Complete: 1 rows, 56 cols, 0 dups, 0 infs
[2026-08-03 17:25:44,782] [INFO] [preprocessing.preprocessing]: Duplicate Handling: Removed 0 duplicate rows (0.0%)
[2026-08-03 17:25:44,786] [INFO] [preprocessing.preprocessing]: Missing value imputation complete. Features updated: 0
[2026-08-03 17:25:44,788] [INFO] [preprocessing.preprocessing]: Data type conversion and optimization completed.
[2026-08-03 17:25:44,790] [INFO] [preprocessing.preprocessing]: Dropped 3 identifier / zero-variance columns: ['transaction_id', 'timestamp', 'location']
[2026-08-03 17:25:44,792] [INFO] [preprocessing.preprocessing]: Categorical encoding completed using onehot. Shape: (1, 51)
[2026-08-03 17:25:44,792] [WARNING] [preprocessing.preprocessing]: Scaler transform fallback applied (The feature names should match those that were passed during fit.
Feature names unseen at fit time:
- is_scam
Feature names seen at fit time, yet now missing:
- step
- type_CASH_OUT
- type_DEBIT
- type_PAYMENT
- type_TRANSFER
).
[2026-08-03 17:25:44,792] [INFO] [preprocessing.preprocessing]: Numerical feature scaling completed using standard. Scaled columns: 51
[2026-08-03 17:25:44,795] [INFO] [models.predict]: Single transaction inference complete in 41.63ms: Risk Score=10, Level=LOW
[2026-08-03 17:25:44,795] [INFO] [preprocessing.feature_engineering]: Starting feature engineering pipeline for 'InferenceInput'...
[2026-08-03 17:25:44,798] [INFO] [preprocessing.feature_engineering]: Transaction features created successfully.
[2026-08-03 17:25:44,800] [INFO] [preprocessing.feature_engineering]: Temporal features created successfully.
[2026-08-03 17:25:44,801] [INFO] [preprocessing.feature_engineering]: Velocity features created successfully.
[2026-08-03 17:25:44,803] [INFO] [preprocessing.feature_engineering]: Balance features created successfully.
[2026-08-03 17:25:44,804] [INFO] [preprocessing.feature_engineering]: Recipient features created successfully.
[2026-08-03 17:25:44,805] [INFO] [preprocessing.feature_engineering]: Device features created successfully.
[2026-08-03 17:25:44,806] [INFO] [preprocessing.feature_engineering]: Location features created successfully.
[2026-08-03 17:25:44,808] [INFO] [preprocessing.feature_engineering]: Customer behavior features created successfully.
[2026-08-03 17:25:44,812] [INFO] [preprocessing.feature_engineering]: Risk features created successfully.
[2026-08-03 17:25:44,813] [INFO] [preprocessing.feature_engineering]: Interaction features created successfully.
[2026-08-03 17:25:44,818] [INFO] [preprocessing.feature_engineering]: Feature matrix validation completed: 56 features, valid=True
[2026-08-03 17:25:44,818] [INFO] [preprocessing.feature_engineering]: Feature engineering pipeline completed for 'InferenceInput'. Final shape: (1, 56)
[2026-08-03 17:25:44,823] [INFO] [preprocessing.preprocessing]: Dataset Validation Complete: 1 rows, 56 cols, 0 dups, 0 infs
[2026-08-03 17:25:44,824] [INFO] [preprocessing.preprocessing]: Duplicate Handling: Removed 0 duplicate rows (0.0%)
[2026-08-03 17:25:44,828] [INFO] [preprocessing.preprocessing]: Missing value imputation complete. Features updated: 0
[2026-08-03 17:25:44,830] [INFO] [preprocessing.preprocessing]: Data type conversion and optimization completed.
[2026-08-03 17:25:44,831] [INFO] [preprocessing.preprocessing]: Dropped 3 identifier / zero-variance columns: ['transaction_id', 'timestamp', 'location']
[2026-08-03 17:25:44,833] [INFO] [preprocessing.preprocessing]: Categorical encoding completed using onehot. Shape: (1, 51)
[2026-08-03 17:25:44,834] [WARNING] [preprocessing.preprocessing]: Scaler transform fallback applied (The feature names should match those that were passed during fit.
Feature names unseen at fit time:
- is_scam
Feature names seen at fit time, yet now missing:
- step
- type_CASH_OUT
- type_DEBIT
- type_PAYMENT
- type_TRANSFER
).
[2026-08-03 17:25:44,834] [INFO] [preprocessing.preprocessing]: Numerical feature scaling completed using standard. Scaled columns: 51
[2026-08-03 17:25:44,837] [INFO] [models.predict]: Single transaction inference complete in 41.35ms: Risk Score=10, Level=LOW
[2026-08-03 17:25:44,837] [INFO] [preprocessing.feature_engineering]: Starting feature engineering pipeline for 'InferenceInput'...
[2026-08-03 17:25:44,839] [INFO] [preprocessing.feature_engineering]: Transaction features created successfully.
[2026-08-03 17:25:44,842] [INFO] [preprocessing.feature_engineering]: Temporal features created successfully.
[2026-08-03 17:25:44,843] [INFO] [preprocessing.feature_engineering]: Velocity features created successfully.
[2026-08-03 17:25:44,845] [INFO] [preprocessing.feature_engineering]: Balance features created successfully.
[2026-08-03 17:25:44,846] [INFO] [preprocessing.feature_engineering]: Recipient features created successfully.
[2026-08-03 17:25:44,846] [INFO] [preprocessing.feature_engineering]: Device features created successfully.
[2026-08-03 17:25:44,848] [INFO] [preprocessing.feature_engineering]: Location features created successfully.
[2026-08-03 17:25:44,850] [INFO] [preprocessing.feature_engineering]: Customer behavior features created successfully.
[2026-08-03 17:25:44,854] [INFO] [preprocessing.feature_engineering]: Risk features created successfully.
[2026-08-03 17:25:44,855] [INFO] [preprocessing.feature_engineering]: Interaction features created successfully.
[2026-08-03 17:25:44,860] [INFO] [preprocessing.feature_engineering]: Feature matrix validation completed: 56 features, valid=True
[2026-08-03 17:25:44,860] [INFO] [preprocessing.feature_engineering]: Feature engineering pipeline completed for 'InferenceInput'. Final shape: (1, 56)
[2026-08-03 17:25:44,864] [INFO] [preprocessing.preprocessing]: Dataset Validation Complete: 1 rows, 56 cols, 0 dups, 0 infs
[2026-08-03 17:25:44,866] [INFO] [preprocessing.preprocessing]: Duplicate Handling: Removed 0 duplicate rows (0.0%)
[2026-08-03 17:25:44,870] [INFO] [preprocessing.preprocessing]: Missing value imputation complete. Features updated: 0
[2026-08-03 17:25:44,872] [INFO] [preprocessing.preprocessing]: Data type conversion and optimization completed.
[2026-08-03 17:25:44,873] [INFO] [preprocessing.preprocessing]: Dropped 3 identifier / zero-variance columns: ['transaction_id', 'timestamp', 'location']
[2026-08-03 17:25:44,875] [INFO] [preprocessing.preprocessing]: Categorical encoding completed using onehot. Shape: (1, 51)
[2026-08-03 17:25:44,876] [WARNING] [preprocessing.preprocessing]: Scaler transform fallback applied (The feature names should match those that were passed during fit.
Feature names unseen at fit time:
- is_scam
Feature names seen at fit time, yet now missing:
- step
- type_CASH_OUT
- type_DEBIT
- type_PAYMENT
- type_TRANSFER
).
[2026-08-03 17:25:44,876] [INFO] [preprocessing.preprocessing]: Numerical feature scaling completed using standard. Scaled columns: 51
[2026-08-03 17:25:44,879] [INFO] [models.predict]: Single transaction inference complete in 40.94ms: Risk Score=33, Level=LOW
[2026-08-03 17:25:44,879] [INFO] [preprocessing.feature_engineering]: Starting feature engineering pipeline for 'InferenceInput'...
[2026-08-03 17:25:44,881] [INFO] [preprocessing.feature_engineering]: Transaction features created successfully.
[2026-08-03 17:25:44,884] [INFO] [preprocessing.feature_engineering]: Temporal features created successfully.
[2026-08-03 17:25:44,885] [INFO] [preprocessing.feature_engineering]: Velocity features created successfully.
[2026-08-03 17:25:44,887] [INFO] [preprocessing.feature_engineering]: Balance features created successfully.
[2026-08-03 17:25:44,888] [INFO] [preprocessing.feature_engineering]: Recipient features created successfully.
[2026-08-03 17:25:44,889] [INFO] [preprocessing.feature_engineering]: Device features created successfully.
[2026-08-03 17:25:44,890] [INFO] [preprocessing.feature_engineering]: Location features created successfully.
[2026-08-03 17:25:44,892] [INFO] [preprocessing.feature_engineering]: Customer behavior features created successfully.
[2026-08-03 17:25:44,895] [INFO] [preprocessing.feature_engineering]: Risk features created successfully.
[2026-08-03 17:25:44,897] [INFO] [preprocessing.feature_engineering]: Interaction features created successfully.
[2026-08-03 17:25:44,902] [INFO] [preprocessing.feature_engineering]: Feature matrix validation completed: 56 features, valid=True
[2026-08-03 17:25:44,903] [INFO] [preprocessing.feature_engineering]: Feature engineering pipeline completed for 'InferenceInput'. Final shape: (1, 56)
[2026-08-03 17:25:44,907] [INFO] [preprocessing.preprocessing]: Dataset Validation Complete: 1 rows, 56 cols, 0 dups, 0 infs
[2026-08-03 17:25:44,909] [INFO] [preprocessing.preprocessing]: Duplicate Handling: Removed 0 duplicate rows (0.0%)
[2026-08-03 17:25:44,913] [INFO] [preprocessing.preprocessing]: Missing value imputation complete. Features updated: 0
[2026-08-03 17:25:44,915] [INFO] [preprocessing.preprocessing]: Data type conversion and optimization completed.
[2026-08-03 17:25:44,916] [INFO] [preprocessing.preprocessing]: Dropped 3 identifier / zero-variance columns: ['transaction_id', 'timestamp', 'location']
[2026-08-03 17:25:44,918] [INFO] [preprocessing.preprocessing]: Categorical encoding completed using onehot. Shape: (1, 51)
[2026-08-03 17:25:44,919] [WARNING] [preprocessing.preprocessing]: Scaler transform fallback applied (The feature names should match those that were passed during fit.
Feature names unseen at fit time:
- is_scam
Feature names seen at fit time, yet now missing:
- step
- type_CASH_OUT
- type_DEBIT
- type_PAYMENT
- type_TRANSFER
).
[2026-08-03 17:25:44,919] [INFO] [preprocessing.preprocessing]: Numerical feature scaling completed using standard. Scaled columns: 51
[2026-08-03 17:25:44,921] [INFO] [models.predict]: Single transaction inference complete in 42.5ms: Risk Score=10, Level=LOW
[2026-08-03 17:25:44,922] [INFO] [preprocessing.feature_engineering]: Starting feature engineering pipeline for 'InferenceInput'...
[2026-08-03 17:25:44,924] [INFO] [preprocessing.feature_engineering]: Transaction features created successfully.
[2026-08-03 17:25:44,926] [INFO] [preprocessing.feature_engineering]: Temporal features created successfully.
[2026-08-03 17:25:44,928] [INFO] [preprocessing.feature_engineering]: Velocity features created successfully.
[2026-08-03 17:25:44,929] [INFO] [preprocessing.feature_engineering]: Balance features created successfully.
[2026-08-03 17:25:44,930] [INFO] [preprocessing.feature_engineering]: Recipient features created successfully.
[2026-08-03 17:25:44,931] [INFO] [preprocessing.feature_engineering]: Device features created successfully.
[2026-08-03 17:25:44,932] [INFO] [preprocessing.feature_engineering]: Location features created successfully.
[2026-08-03 17:25:44,934] [INFO] [preprocessing.feature_engineering]: Customer behavior features created successfully.
[2026-08-03 17:25:44,938] [INFO] [preprocessing.feature_engineering]: Risk features created successfully.
[2026-08-03 17:25:44,939] [INFO] [preprocessing.feature_engineering]: Interaction features created successfully.
[2026-08-03 17:25:44,944] [INFO] [preprocessing.feature_engineering]: Feature matrix validation completed: 56 features, valid=True
[2026-08-03 17:25:44,944] [INFO] [preprocessing.feature_engineering]: Feature engineering pipeline completed for 'InferenceInput'. Final shape: (1, 56)
[2026-08-03 17:25:44,949] [INFO] [preprocessing.preprocessing]: Dataset Validation Complete: 1 rows, 56 cols, 0 dups, 0 infs
[2026-08-03 17:25:44,951] [INFO] [preprocessing.preprocessing]: Duplicate Handling: Removed 0 duplicate rows (0.0%)
[2026-08-03 17:25:44,955] [INFO] [preprocessing.preprocessing]: Missing value imputation complete. Features updated: 0
[2026-08-03 17:25:44,957] [INFO] [preprocessing.preprocessing]: Data type conversion and optimization completed.
[2026-08-03 17:25:44,958] [INFO] [preprocessing.preprocessing]: Dropped 3 identifier / zero-variance columns: ['transaction_id', 'timestamp', 'location']
[2026-08-03 17:25:44,960] [INFO] [preprocessing.preprocessing]: Categorical encoding completed using onehot. Shape: (1, 51)
[2026-08-03 17:25:44,961] [WARNING] [preprocessing.preprocessing]: Scaler transform fallback applied (The feature names should match those that were passed during fit.
Feature names unseen at fit time:
- is_scam
Feature names seen at fit time, yet now missing:
- step
- type_CASH_OUT
- type_DEBIT
- type_PAYMENT
- type_TRANSFER
).
[2026-08-03 17:25:44,961] [INFO] [preprocessing.preprocessing]: Numerical feature scaling completed using standard. Scaled columns: 51
[2026-08-03 17:25:44,963] [INFO] [models.predict]: Single transaction inference complete in 41.54ms: Risk Score=10, Level=LOW
[2026-08-03 17:25:44,968] [INFO] [models.predict]: Batch prediction complete: 0/8 scam flags in 0.365s
[2026-08-03 18:08:05,125] [INFO] [models.model_loader]: Artifact Validation Complete: ready=True, model=Gradient Boosting
[2026-08-03 18:08:05,128] [INFO] [preprocessing.feature_engineering]: Starting feature engineering pipeline for 'InferenceInput'...
[2026-08-03 18:08:05,135] [INFO] [preprocessing.feature_engineering]: Transaction features created successfully.
[2026-08-03 18:08:05,138] [INFO] [preprocessing.feature_engineering]: Temporal features created successfully.
[2026-08-03 18:08:05,140] [INFO] [preprocessing.feature_engineering]: Velocity features created successfully.
[2026-08-03 18:08:05,142] [INFO] [preprocessing.feature_engineering]: Balance features created successfully.
[2026-08-03 18:08:05,143] [INFO] [preprocessing.feature_engineering]: Recipient features created successfully.
[2026-08-03 18:08:05,144] [INFO] [preprocessing.feature_engineering]: Device features created successfully.
[2026-08-03 18:08:05,144] [INFO] [preprocessing.feature_engineering]: Location features created successfully.
[2026-08-03 18:08:05,146] [INFO] [preprocessing.feature_engineering]: Customer behavior features created successfully.
[2026-08-03 18:08:05,150] [INFO] [preprocessing.feature_engineering]: Risk features created successfully.
[2026-08-03 18:08:05,151] [INFO] [preprocessing.feature_engineering]: Interaction features created successfully.
[2026-08-03 18:08:05,158] [INFO] [preprocessing.feature_engineering]: Feature matrix validation completed: 48 features, valid=True
[2026-08-03 18:08:05,158] [INFO] [preprocessing.feature_engineering]: Feature engineering pipeline completed for 'InferenceInput'. Final shape: (1, 48)
[2026-08-03 18:08:05,165] [INFO] [preprocessing.preprocessing]: Dataset Validation Complete: 1 rows, 48 cols, 0 dups, 0 infs
[2026-08-03 18:08:05,168] [INFO] [preprocessing.preprocessing]: Duplicate Handling: Removed 0 duplicate rows (0.0%)
[2026-08-03 18:08:05,171] [INFO] [preprocessing.preprocessing]: Missing value imputation complete. Features updated: 0
[2026-08-03 18:08:05,172] [INFO] [preprocessing.preprocessing]: Data type conversion and optimization completed.
[2026-08-03 18:08:05,172] [INFO] [preprocessing.preprocessing]: Dropped 0 identifier / zero-variance columns: []
[2026-08-03 18:08:05,174] [WARNING] [preprocessing.preprocessing]: Scaler transform fallback applied (The feature names should match those that were passed during fit.
Feature names seen at fit time, yet now missing:
- newbalanceDest
- oldbalanceDest
- step
- type_CASH_OUT
- type_DEBIT
- ...
).
[2026-08-03 18:08:05,174] [INFO] [preprocessing.preprocessing]: Numerical feature scaling completed using standard. Scaled columns: 48
[2026-08-03 18:08:05,178] [INFO] [explainability.shap_explainer]: Using robust tree attribution fallback explainer.
[2026-08-03 18:08:05,178] [INFO] [explainability.shap_explainer]: Computing exact feature attribution matrix...
[2026-08-03 18:08:05,180] [INFO] [explainability.lime_explainer]: Using local surrogate linear explainer for LIME rules.
[2026-08-03 18:08:05,181] [INFO] [models.predict]: Single transaction inference complete in 55.59ms: Risk Score=28, Level=LOW
[2026-08-03 18:14:08,456] [INFO] [models.model_loader]: Artifact Validation Complete: ready=True, model=Gradient Boosting
[2026-08-03 18:14:08,456] [INFO] [models.model_loader]: Artifact Validation Complete: ready=True, model=Gradient Boosting
[2026-08-03 18:14:53,384] [INFO] [models.model_loader]: Artifact Validation Complete: ready=True, model=Gradient Boosting
[2026-08-03 18:14:53,385] [INFO] [models.model_loader]: Artifact Validation Complete: ready=True, model=Gradient Boosting
[2026-08-03 18:15:25,847] [INFO] [models.model_loader]: Artifact Validation Complete: ready=True, model=Gradient Boosting
[2026-08-03 18:15:50,015] [INFO] [models.model_loader]: Artifact Validation Complete: ready=True, model=Gradient Boosting
[2026-08-03 18:15:59,970] [INFO] [models.model_loader]: Artifact Validation Complete: ready=True, model=Gradient Boosting
[2026-08-03 18:15:59,971] [INFO] [models.model_loader]: Artifact Validation Complete: ready=True, model=Gradient Boosting
[2026-08-03 18:16:15,649] [INFO] [models.model_loader]: Artifact Validation Complete: ready=True, model=Gradient Boosting
[2026-08-03 18:16:15,650] [INFO] [models.model_loader]: Artifact Validation Complete: ready=True, model=Gradient Boosting
[2026-08-03 18:16:41,831] [INFO] [models.model_loader]: Artifact Validation Complete: ready=True, model=Gradient Boosting
[2026-08-03 18:16:41,832] [INFO] [models.model_loader]: Artifact Validation Complete: ready=True, model=Gradient Boosting
[2026-08-03 18:16:45,561] [INFO] [models.model_loader]: Artifact Validation Complete: ready=True, model=Gradient Boosting
[2026-08-03 18:16:45,562] [INFO] [models.model_loader]: Artifact Validation Complete: ready=True, model=Gradient Boosting
[2026-08-03 18:16:49,366] [INFO] [models.model_loader]: Artifact Validation Complete: ready=True, model=Gradient Boosting
[2026-08-03 18:16:49,366] [INFO] [models.model_loader]: Artifact Validation Complete: ready=True, model=Gradient Boosting
[2026-08-03 18:16:51,447] [INFO] [models.model_loader]: Artifact Validation Complete: ready=True, model=Gradient Boosting
[2026-08-03 18:16:51,448] [INFO] [models.model_loader]: Artifact Validation Complete: ready=True, model=Gradient Boosting
[2026-08-03 18:16:54,265] [INFO] [models.model_loader]: Artifact Validation Complete: ready=True, model=Gradient Boosting
[2026-08-03 18:16:54,266] [INFO] [models.model_loader]: Artifact Validation Complete: ready=True, model=Gradient Boosting
[2026-08-03 18:17:06,060] [INFO] [models.model_loader]: Artifact Validation Complete: ready=True, model=Gradient Boosting
[2026-08-03 18:17:10,578] [INFO] [models.model_loader]: Artifact Validation Complete: ready=True, model=Gradient Boosting
[2026-08-03 18:17:10,580] [INFO] [models.model_loader]: Artifact Validation Complete: ready=True, model=Gradient Boosting
[2026-08-03 18:17:24,418] [INFO] [models.model_loader]: Artifact Validation Complete: ready=True, model=Gradient Boosting
[2026-08-03 18:17:29,021] [INFO] [models.model_loader]: Artifact Validation Complete: ready=True, model=Gradient Boosting
[2026-08-03 18:17:29,034] [INFO] [preprocessing.feature_engineering]: Starting feature engineering pipeline for 'InferenceInput'...
[2026-08-03 18:17:29,036] [INFO] [preprocessing.feature_engineering]: Transaction features created successfully.
[2026-08-03 18:17:29,040] [INFO] [preprocessing.feature_engineering]: Temporal features created successfully.
[2026-08-03 18:17:29,043] [INFO] [preprocessing.feature_engineering]: Velocity features created successfully.
[2026-08-03 18:17:29,046] [INFO] [preprocessing.feature_engineering]: Balance features created successfully.
[2026-08-03 18:17:29,048] [INFO] [preprocessing.feature_engineering]: Recipient features created successfully.
[2026-08-03 18:17:29,050] [INFO] [preprocessing.feature_engineering]: Device features created successfully.
[2026-08-03 18:17:29,052] [INFO] [preprocessing.feature_engineering]: Location features created successfully.
[2026-08-03 18:17:29,055] [INFO] [preprocessing.feature_engineering]: Customer behavior features created successfully.
[2026-08-03 18:17:29,062] [INFO] [preprocessing.feature_engineering]: Risk features created successfully.
[2026-08-03 18:17:29,066] [INFO] [preprocessing.feature_engineering]: Interaction features created successfully.
[2026-08-03 18:17:29,074] [INFO] [preprocessing.feature_engineering]: Feature matrix validation completed: 56 features, valid=True
[2026-08-03 18:17:29,075] [INFO] [preprocessing.feature_engineering]: Feature engineering pipeline completed for 'InferenceInput'. Final shape: (1, 56)
[2026-08-03 18:17:29,081] [INFO] [preprocessing.preprocessing]: Dataset Validation Complete: 1 rows, 56 cols, 0 dups, 0 infs
[2026-08-03 18:17:29,084] [INFO] [preprocessing.preprocessing]: Duplicate Handling: Removed 0 duplicate rows (0.0%)
[2026-08-03 18:17:29,088] [INFO] [preprocessing.preprocessing]: Missing value imputation complete. Features updated: 0
[2026-08-03 18:17:29,091] [INFO] [preprocessing.preprocessing]: Data type conversion and optimization completed.
[2026-08-03 18:17:29,093] [INFO] [preprocessing.preprocessing]: Dropped 2 identifier / zero-variance columns: ['transaction_id', 'location']
[2026-08-03 18:17:29,096] [INFO] [preprocessing.preprocessing]: Categorical encoding completed using onehot. Shape: (1, 50)
[2026-08-03 18:17:29,098] [WARNING] [preprocessing.preprocessing]: Scaler transform fallback applied (The feature names should match those that were passed during fit.
Feature names seen at fit time, yet now missing:
- step
- type_CASH_OUT
- type_DEBIT
- type_PAYMENT
- type_TRANSFER
).
[2026-08-03 18:17:29,098] [INFO] [preprocessing.preprocessing]: Numerical feature scaling completed using standard. Scaled columns: 50
[2026-08-03 18:17:29,102] [INFO] [explainability.shap_explainer]: Using robust tree attribution fallback explainer.
[2026-08-03 18:17:29,102] [INFO] [explainability.shap_explainer]: Computing exact feature attribution matrix...
[2026-08-03 18:17:29,104] [INFO] [explainability.lime_explainer]: Using local surrogate linear explainer for LIME rules.
[2026-08-03 18:17:29,105] [INFO] [models.predict]: Single transaction inference complete in 72.68ms: Risk Score=0, Level=LOW
[2026-08-03 18:18:48,976] [INFO] [models.model_loader]: Artifact Validation Complete: ready=True, model=Gradient Boosting
[2026-08-03 18:19:12,661] [INFO] [models.model_loader]: Artifact Validation Complete: ready=True, model=Gradient Boosting
[2026-08-03 18:19:12,662] [INFO] [models.model_loader]: Artifact Validation Complete: ready=True, model=Gradient Boosting
[2026-08-03 18:19:31,069] [INFO] [models.model_loader]: Artifact Validation Complete: ready=True, model=Gradient Boosting
[2026-08-03 18:19:31,070] [INFO] [models.model_loader]: Artifact Validation Complete: ready=True, model=Gradient Boosting
[2026-08-03 18:19:54,520] [INFO] [models.model_loader]: Artifact Validation Complete: ready=True, model=Gradient Boosting
[2026-08-03 18:20:02,493] [INFO] [models.model_loader]: Artifact Validation Complete: ready=True, model=Gradient Boosting
[2026-08-03 18:20:02,494] [INFO] [models.model_loader]: Artifact Validation Complete: ready=True, model=Gradient Boosting
[2026-08-03 18:20:24,159] [INFO] [models.model_loader]: Artifact Validation Complete: ready=True, model=Gradient Boosting
[2026-08-03 18:20:42,624] [INFO] [models.model_loader]: Artifact Validation Complete: ready=True, model=Gradient Boosting
[2026-08-03 18:20:44,530] [INFO] [models.model_loader]: Artifact Validation Complete: ready=True, model=Gradient Boosting
[2026-08-03 18:20:44,542] [INFO] [preprocessing.feature_engineering]: Starting feature engineering pipeline for 'InferenceInput'...
[2026-08-03 18:20:44,545] [INFO] [preprocessing.feature_engineering]: Transaction features created successfully.
[2026-08-03 18:20:44,547] [INFO] [preprocessing.feature_engineering]: Temporal features created successfully.
[2026-08-03 18:20:44,550] [INFO] [preprocessing.feature_engineering]: Velocity features created successfully.
[2026-08-03 18:20:44,554] [INFO] [preprocessing.feature_engineering]: Balance features created successfully.
[2026-08-03 18:20:44,556] [INFO] [preprocessing.feature_engineering]: Recipient features created successfully.
[2026-08-03 18:20:44,559] [INFO] [preprocessing.feature_engineering]: Device features created successfully.
[2026-08-03 18:20:44,561] [INFO] [preprocessing.feature_engineering]: Location features created successfully.
[2026-08-03 18:20:44,564] [INFO] [preprocessing.feature_engineering]: Customer behavior features created successfully.
[2026-08-03 18:20:44,570] [INFO] [preprocessing.feature_engineering]: Risk features created successfully.
[2026-08-03 18:20:44,572] [INFO] [preprocessing.feature_engineering]: Interaction features created successfully.
[2026-08-03 18:20:44,593] [INFO] [preprocessing.feature_engineering]: Feature matrix validation completed: 56 features, valid=True
[2026-08-03 18:20:44,594] [INFO] [preprocessing.feature_engineering]: Feature engineering pipeline completed for 'InferenceInput'. Final shape: (1, 56)
[2026-08-03 18:20:44,600] [INFO] [preprocessing.preprocessing]: Dataset Validation Complete: 1 rows, 56 cols, 0 dups, 0 infs
[2026-08-03 18:20:44,603] [INFO] [preprocessing.preprocessing]: Duplicate Handling: Removed 0 duplicate rows (0.0%)
[2026-08-03 18:20:44,609] [INFO] [preprocessing.preprocessing]: Missing value imputation complete. Features updated: 0
[2026-08-03 18:20:44,614] [INFO] [preprocessing.preprocessing]: Data type conversion and optimization completed.
[2026-08-03 18:20:44,616] [INFO] [preprocessing.preprocessing]: Dropped 2 identifier / zero-variance columns: ['transaction_id', 'location']
[2026-08-03 18:20:44,619] [INFO] [preprocessing.preprocessing]: Categorical encoding completed using onehot. Shape: (1, 50)
[2026-08-03 18:20:44,621] [WARNING] [preprocessing.preprocessing]: Scaler transform fallback applied (The feature names should match those that were passed during fit.
Feature names seen at fit time, yet now missing:
- step
- type_CASH_OUT
- type_DEBIT
- type_PAYMENT
- type_TRANSFER
).
[2026-08-03 18:20:44,621] [INFO] [preprocessing.preprocessing]: Numerical feature scaling completed using standard. Scaled columns: 50
[2026-08-03 18:20:44,625] [INFO] [explainability.shap_explainer]: Using robust tree attribution fallback explainer.
[2026-08-03 18:20:44,626] [INFO] [explainability.shap_explainer]: Computing exact feature attribution matrix...
[2026-08-03 18:20:44,628] [INFO] [explainability.lime_explainer]: Using local surrogate linear explainer for LIME rules.
[2026-08-03 18:20:44,629] [INFO] [models.predict]: Single transaction inference complete in 88.49ms: Risk Score=0, Level=LOW
[2026-08-03 18:31:23,238] [INFO] [preprocessing.feature_engineering]: Starting feature engineering pipeline for 'InferenceInput'...
[2026-08-03 18:31:23,241] [INFO] [preprocessing.feature_engineering]: Transaction features created successfully.
[2026-08-03 18:31:23,242] [INFO] [preprocessing.feature_engineering]: Temporal features created successfully.
[2026-08-03 18:31:23,244] [INFO] [preprocessing.feature_engineering]: Velocity features created successfully.
[2026-08-03 18:31:23,246] [INFO] [preprocessing.feature_engineering]: Balance features created successfully.
[2026-08-03 18:31:23,247] [INFO] [preprocessing.feature_engineering]: Recipient features created successfully.
[2026-08-03 18:31:23,249] [INFO] [preprocessing.feature_engineering]: Device features created successfully.
[2026-08-03 18:31:23,250] [INFO] [preprocessing.feature_engineering]: Location features created successfully.
[2026-08-03 18:31:23,252] [INFO] [preprocessing.feature_engineering]: Customer behavior features created successfully.
[2026-08-03 18:31:23,257] [INFO] [preprocessing.feature_engineering]: Risk features created successfully.
[2026-08-03 18:31:23,259] [INFO] [preprocessing.feature_engineering]: Interaction features created successfully.
[2026-08-03 18:31:23,263] [INFO] [preprocessing.feature_engineering]: Feature matrix validation completed: 46 features, valid=True
[2026-08-03 18:31:23,263] [INFO] [preprocessing.feature_engineering]: Feature engineering pipeline completed for 'InferenceInput'. Final shape: (1, 46)
[2026-08-03 18:31:23,269] [INFO] [preprocessing.preprocessing]: Missing value imputation complete. Features updated: 0
[2026-08-03 18:31:23,271] [INFO] [preprocessing.preprocessing]: Data type conversion and optimization completed.
[2026-08-03 18:31:23,273] [WARNING] [preprocessing.preprocessing]: Scaler transform fallback applied (The feature names should match those that were passed during fit.
Feature names unseen at fit time:
- new_balance_orig
- old_balance_orig
Feature names seen at fit time, yet now missing:
- balance_diff_dest
- balance_error_dest
- newbalanceDest
- newbalanceOrig
- oldbalanceDest
- ...
).
[2026-08-03 18:31:23,277] [INFO] [preprocessing.preprocessing]: Numerical feature scaling completed using standard. Scaled columns: 46
[2026-08-03 18:31:53,549] [INFO] [preprocessing.feature_engineering]: Starting feature engineering pipeline for 'InferenceInput'...
[2026-08-03 18:31:53,552] [INFO] [preprocessing.feature_engineering]: Transaction features created successfully.
[2026-08-03 18:31:53,553] [INFO] [preprocessing.feature_engineering]: Temporal features created successfully.
[2026-08-03 18:31:53,555] [INFO] [preprocessing.feature_engineering]: Velocity features created successfully.
[2026-08-03 18:31:53,557] [INFO] [preprocessing.feature_engineering]: Balance features created successfully.
[2026-08-03 18:31:53,558] [INFO] [preprocessing.feature_engineering]: Recipient features created successfully.
[2026-08-03 18:31:53,559] [INFO] [preprocessing.feature_engineering]: Device features created successfully.
[2026-08-03 18:31:53,559] [INFO] [preprocessing.feature_engineering]: Location features created successfully.
[2026-08-03 18:31:53,562] [INFO] [preprocessing.feature_engineering]: Customer behavior features created successfully.
[2026-08-03 18:31:53,566] [INFO] [preprocessing.feature_engineering]: Risk features created successfully.
[2026-08-03 18:31:53,568] [INFO] [preprocessing.feature_engineering]: Interaction features created successfully.
[2026-08-03 18:31:53,570] [INFO] [preprocessing.feature_engineering]: Feature matrix validation completed: 48 features, valid=True
[2026-08-03 18:31:53,570] [INFO] [preprocessing.feature_engineering]: Feature engineering pipeline completed for 'InferenceInput'. Final shape: (1, 48)
[2026-08-03 18:31:53,574] [INFO] [preprocessing.preprocessing]: Missing value imputation complete. Features updated: 0
[2026-08-03 18:31:53,575] [INFO] [preprocessing.preprocessing]: Data type conversion and optimization completed.
[2026-08-03 18:31:53,577] [WARNING] [preprocessing.preprocessing]: Scaler transform fallback applied (The feature names should match those that were passed during fit.
Feature names unseen at fit time:
- new_balance_orig
- old_balance_orig
Feature names seen at fit time, yet now missing:
- balance_diff_dest
- balance_error_dest
- newbalanceDest
- oldbalanceDest
- step
- ...
).
[2026-08-03 18:31:53,577] [INFO] [preprocessing.preprocessing]: Numerical feature scaling completed using standard. Scaled columns: 48
[2026-08-03 18:31:55,037] [INFO] [models.predict]: Single Inference Complete (TXN-1785762113585): Pred=Legitimate, Prob=0.0341, Risk=2, Time=1493.85ms
[2026-08-03 18:31:55,038] [INFO] [preprocessing.feature_engineering]: Starting feature engineering pipeline for 'InferenceInput'...
[2026-08-03 18:31:55,041] [INFO] [preprocessing.feature_engineering]: Transaction features created successfully.
[2026-08-03 18:31:55,044] [INFO] [preprocessing.feature_engineering]: Temporal features created successfully.
[2026-08-03 18:31:55,045] [INFO] [preprocessing.feature_engineering]: Velocity features created successfully.
[2026-08-03 18:31:55,047] [INFO] [preprocessing.feature_engineering]: Balance features created successfully.
[2026-08-03 18:31:55,049] [INFO] [preprocessing.feature_engineering]: Recipient features created successfully.
[2026-08-03 18:31:55,051] [INFO] [preprocessing.feature_engineering]: Device features created successfully.
[2026-08-03 18:31:55,053] [INFO] [preprocessing.feature_engineering]: Location features created successfully.
[2026-08-03 18:31:55,056] [INFO] [preprocessing.feature_engineering]: Customer behavior features created successfully.
[2026-08-03 18:31:55,062] [INFO] [preprocessing.feature_engineering]: Risk features created successfully.
[2026-08-03 18:31:55,064] [INFO] [preprocessing.feature_engineering]: Interaction features created successfully.
[2026-08-03 18:31:55,066] [INFO] [preprocessing.feature_engineering]: Feature matrix validation completed: 50 features, valid=True
[2026-08-03 18:31:55,067] [INFO] [preprocessing.feature_engineering]: Feature engineering pipeline completed for 'InferenceInput'. Final shape: (1, 50)
[2026-08-03 18:31:55,073] [INFO] [preprocessing.preprocessing]: Missing value imputation complete. Features updated: 0
[2026-08-03 18:31:55,075] [INFO] [preprocessing.preprocessing]: Data type conversion and optimization completed.
[2026-08-03 18:31:55,077] [WARNING] [preprocessing.preprocessing]: Scaler transform fallback applied (The feature names should match those that were passed during fit.
Feature names unseen at fit time:
- new_balance_orig
- old_balance_orig
Feature names seen at fit time, yet now missing:
- balance_diff_dest
- balance_error_dest
- newbalanceDest
- oldbalanceDest
- step
- ...
).
[2026-08-03 18:31:55,078] [INFO] [preprocessing.preprocessing]: Numerical feature scaling completed using standard. Scaled columns: 48
[2026-08-03 18:31:56,477] [INFO] [models.predict]: Single Inference Complete (TXN-1785762115088): Pred=Legitimate, Prob=0.0341, Risk=32, Time=1439.93ms
[2026-08-03 18:32:45,157] [INFO] [models.model_loader]: Artifact Validation Complete: ready=True, model=Gradient Boosting
[2026-08-03 18:32:45,158] [INFO] [models.model_loader]: Artifact Validation Complete: ready=True, model=Gradient Boosting
[2026-08-03 18:38:03,854] [INFO] [models.model_loader]: Artifact Validation Complete: ready=True, model=Gradient Boosting
[2026-08-03 18:38:05,422] [INFO] [models.model_loader]: Artifact Validation Complete: ready=True, model=Gradient Boosting
[2026-08-03 18:38:05,435] [INFO] [preprocessing.feature_engineering]: Starting feature engineering pipeline for 'InferenceInput'...
[2026-08-03 18:38:05,437] [INFO] [preprocessing.feature_engineering]: Transaction features created successfully.
[2026-08-03 18:38:05,440] [INFO] [preprocessing.feature_engineering]: Temporal features created successfully.
[2026-08-03 18:38:05,442] [INFO] [preprocessing.feature_engineering]: Velocity features created successfully.
[2026-08-03 18:38:05,445] [INFO] [preprocessing.feature_engineering]: Balance features created successfully.
[2026-08-03 18:38:05,447] [INFO] [preprocessing.feature_engineering]: Recipient features created successfully.
[2026-08-03 18:38:05,449] [INFO] [preprocessing.feature_engineering]: Device features created successfully.
[2026-08-03 18:38:05,452] [INFO] [preprocessing.feature_engineering]: Location features created successfully.
[2026-08-03 18:38:05,455] [INFO] [preprocessing.feature_engineering]: Customer behavior features created successfully.
[2026-08-03 18:38:05,463] [INFO] [preprocessing.feature_engineering]: Risk features created successfully.
[2026-08-03 18:38:05,466] [INFO] [preprocessing.feature_engineering]: Interaction features created successfully.
[2026-08-03 18:38:05,470] [INFO] [preprocessing.feature_engineering]: Feature matrix validation completed: 59 features, valid=True
[2026-08-03 18:38:05,470] [INFO] [preprocessing.feature_engineering]: Feature engineering pipeline completed for 'InferenceInput'. Final shape: (1, 59)
[2026-08-03 18:38:05,477] [INFO] [preprocessing.preprocessing]: Missing value imputation complete. Features updated: 0
[2026-08-03 18:38:05,483] [INFO] [preprocessing.preprocessing]: Data type conversion and optimization completed.
[2026-08-03 18:38:05,485] [WARNING] [preprocessing.preprocessing]: Scaler transform fallback applied (The feature names should match those that were passed during fit.
Feature names unseen at fit time:
- new_balance_dest
- new_balance_orig
- old_balance_dest
- old_balance_orig
Feature names seen at fit time, yet now missing:
- balance_diff_dest
- balance_error_dest
- step
- type_CASH_OUT
- type_DEBIT
- ...
).
[2026-08-03 18:38:05,485] [INFO] [preprocessing.preprocessing]: Numerical feature scaling completed using standard. Scaled columns: 52
[2026-08-03 18:38:06,908] [INFO] [models.predict]: Single Inference Complete (TXN-480401): Pred=Legitimate, Prob=0.0341, Risk=2, Time=1474.56ms
[2026-08-03 18:38:07,567] [INFO] [models.model_loader]: Artifact Validation Complete: ready=True, model=Gradient Boosting
[2026-08-03 18:38:07,568] [INFO] [models.model_loader]: Artifact Validation Complete: ready=True, model=Gradient Boosting
[2026-08-03 18:39:52,429] [INFO] [preprocessing.feature_engineering]: Starting feature engineering pipeline for 'InferenceInput'...
[2026-08-03 18:39:52,431] [INFO] [preprocessing.feature_engineering]: Transaction features created successfully.
[2026-08-03 18:39:52,433] [INFO] [preprocessing.feature_engineering]: Temporal features created successfully.
[2026-08-03 18:39:52,435] [INFO] [preprocessing.feature_engineering]: Velocity features created successfully.
[2026-08-03 18:39:52,436] [INFO] [preprocessing.feature_engineering]: Balance features created successfully.
[2026-08-03 18:39:52,437] [INFO] [preprocessing.feature_engineering]: Recipient features created successfully.
[2026-08-03 18:39:52,439] [INFO] [preprocessing.feature_engineering]: Device features created successfully.
[2026-08-03 18:39:52,440] [INFO] [preprocessing.feature_engineering]: Location features created successfully.
[2026-08-03 18:39:52,442] [INFO] [preprocessing.feature_engineering]: Customer behavior features created successfully.
[2026-08-03 18:39:52,447] [INFO] [preprocessing.feature_engineering]: Risk features created successfully.
[2026-08-03 18:39:52,449] [INFO] [preprocessing.feature_engineering]: Interaction features created successfully.
[2026-08-03 18:39:52,451] [INFO] [preprocessing.feature_engineering]: Feature matrix validation completed: 48 features, valid=True
[2026-08-03 18:39:52,452] [INFO] [preprocessing.feature_engineering]: Feature engineering pipeline completed for 'InferenceInput'. Final shape: (1, 48)
[2026-08-03 18:39:52,456] [INFO] [preprocessing.preprocessing]: Missing value imputation complete. Features updated: 0
[2026-08-03 18:39:52,457] [INFO] [preprocessing.preprocessing]: Data type conversion and optimization completed.
[2026-08-03 18:39:52,459] [WARNING] [preprocessing.preprocessing]: Scaler transform fallback applied (The feature names should match those that were passed during fit.
Feature names unseen at fit time:
- new_balance_orig
- old_balance_orig
Feature names seen at fit time, yet now missing:
- balance_diff_dest
- balance_error_dest
- newbalanceDest
- oldbalanceDest
- step
- ...
).
[2026-08-03 18:39:52,459] [INFO] [preprocessing.preprocessing]: Numerical feature scaling completed using standard. Scaled columns: 48
[2026-08-03 18:39:54,224] [INFO] [models.predict]: Single Inference Complete (TXN-1785762592470): Pred=Legitimate, Prob=0.0341, Risk=8, Time=1801.6ms
[2026-08-03 18:59:30,284] [INFO] [models.model_loader]: Artifact Validation Complete: ready=True, model=Gradient Boosting
[2026-08-03 18:59:30,285] [INFO] [models.model_loader]: Artifact Validation Complete: ready=True, model=Gradient Boosting
[2026-08-03 18:59:33,722] [INFO] [models.model_loader]: Artifact Validation Complete: ready=True, model=Gradient Boosting
[2026-08-03 18:59:35,426] [INFO] [models.model_loader]: Artifact Validation Complete: ready=True, model=Gradient Boosting
[2026-08-03 18:59:35,435] [INFO] [preprocessing.feature_engineering]: Starting feature engineering pipeline for 'InferenceInput'...
[2026-08-03 18:59:35,439] [INFO] [preprocessing.feature_engineering]: Transaction features created successfully.
[2026-08-03 18:59:35,443] [INFO] [preprocessing.feature_engineering]: Temporal features created successfully.
[2026-08-03 18:59:35,446] [INFO] [preprocessing.feature_engineering]: Velocity features created successfully.
[2026-08-03 18:59:35,449] [INFO] [preprocessing.feature_engineering]: Balance features created successfully.
[2026-08-03 18:59:35,452] [INFO] [preprocessing.feature_engineering]: Recipient features created successfully.
[2026-08-03 18:59:35,454] [INFO] [preprocessing.feature_engineering]: Device features created successfully.
[2026-08-03 18:59:35,456] [INFO] [preprocessing.feature_engineering]: Location features created successfully.
[2026-08-03 18:59:35,460] [INFO] [preprocessing.feature_engineering]: Customer behavior features created successfully.
[2026-08-03 18:59:35,469] [INFO] [preprocessing.feature_engineering]: Risk features created successfully.
[2026-08-03 18:59:35,472] [INFO] [preprocessing.feature_engineering]: Interaction features created successfully.
[2026-08-03 18:59:35,476] [INFO] [preprocessing.feature_engineering]: Feature matrix validation completed: 59 features, valid=True
[2026-08-03 18:59:35,476] [INFO] [preprocessing.feature_engineering]: Feature engineering pipeline completed for 'InferenceInput'. Final shape: (1, 59)
[2026-08-03 18:59:35,484] [INFO] [preprocessing.preprocessing]: Missing value imputation complete. Features updated: 0
[2026-08-03 18:59:35,489] [INFO] [preprocessing.preprocessing]: Data type conversion and optimization completed.
[2026-08-03 18:59:35,491] [WARNING] [preprocessing.preprocessing]: Scaler transform fallback applied (The feature names should match those that were passed during fit.
Feature names unseen at fit time:
- new_balance_dest
- new_balance_orig
- old_balance_dest
- old_balance_orig
Feature names seen at fit time, yet now missing:
- balance_diff_dest
- balance_error_dest
- step
- type_CASH_OUT
- type_DEBIT
- ...
).
[2026-08-03 18:59:35,492] [INFO] [preprocessing.preprocessing]: Numerical feature scaling completed using standard. Scaled columns: 52
[2026-08-03 18:59:37,063] [INFO] [models.predict]: Single Inference Complete (TXN-891455): Pred=Legitimate, Prob=0.0341, Risk=2, Time=1628.37ms
[2026-08-03 19:00:06,230] [INFO] [models.model_loader]: Artifact Validation Complete: ready=True, model=Gradient Boosting
[2026-08-03 19:03:04,546] [INFO] [models.model_loader]: Artifact Validation Complete: ready=True, model=Gradient Boosting
[2026-08-03 19:08:47,159] [INFO] [models.model_loader]: Artifact Validation Complete: ready=True, model=Gradient Boosting
[2026-08-03 19:08:49,733] [INFO] [models.model_loader]: Artifact Validation Complete: ready=True, model=Gradient Boosting
[2026-08-03 19:08:49,743] [INFO] [preprocessing.feature_engineering]: Starting feature engineering pipeline for 'InferenceInput'...
[2026-08-03 19:08:49,746] [INFO] [preprocessing.feature_engineering]: Transaction features created successfully.
[2026-08-03 19:08:49,748] [INFO] [preprocessing.feature_engineering]: Temporal features created successfully.
[2026-08-03 19:08:49,752] [INFO] [preprocessing.feature_engineering]: Velocity features created successfully.
[2026-08-03 19:08:49,754] [INFO] [preprocessing.feature_engineering]: Balance features created successfully.
[2026-08-03 19:08:49,755] [INFO] [preprocessing.feature_engineering]: Recipient features created successfully.
[2026-08-03 19:08:49,757] [INFO] [preprocessing.feature_engineering]: Device features created successfully.
[2026-08-03 19:08:49,759] [INFO] [preprocessing.feature_engineering]: Location features created successfully.
[2026-08-03 19:08:49,762] [INFO] [preprocessing.feature_engineering]: Customer behavior features created successfully.
[2026-08-03 19:08:49,769] [INFO] [preprocessing.feature_engineering]: Risk features created successfully.
[2026-08-03 19:08:49,772] [INFO] [preprocessing.feature_engineering]: Interaction features created successfully.
[2026-08-03 19:08:49,777] [INFO] [preprocessing.feature_engineering]: Feature matrix validation completed: 59 features, valid=True
[2026-08-03 19:08:49,778] [INFO] [preprocessing.feature_engineering]: Feature engineering pipeline completed for 'InferenceInput'. Final shape: (1, 59)
[2026-08-03 19:08:49,784] [INFO] [preprocessing.preprocessing]: Missing value imputation complete. Features updated: 0
[2026-08-03 19:08:49,790] [INFO] [preprocessing.preprocessing]: Data type conversion and optimization completed.
[2026-08-03 19:08:49,792] [WARNING] [preprocessing.preprocessing]: Scaler transform fallback applied (The feature names should match those that were passed during fit.
Feature names unseen at fit time:
- new_balance_dest
- new_balance_orig
- old_balance_dest
- old_balance_orig
Feature names seen at fit time, yet now missing:
- balance_diff_dest
- balance_error_dest
- step
- type_CASH_OUT
- type_DEBIT
- ...
).
[2026-08-03 19:08:49,793] [INFO] [preprocessing.preprocessing]: Numerical feature scaling completed using standard. Scaled columns: 52
[2026-08-03 19:08:51,249] [INFO] [models.predict]: Single Inference Complete (TXN-718250): Pred=Legitimate, Prob=0.0341, Risk=2, Time=1506.59ms
[2026-08-03 19:09:02,802] [INFO] [models.model_loader]: Artifact Validation Complete: ready=True, model=Gradient Boosting
[2026-08-03 19:09:04,069] [INFO] [models.model_loader]: Artifact Validation Complete: ready=True, model=Gradient Boosting
[2026-08-03 19:09:04,081] [INFO] [preprocessing.feature_engineering]: Starting feature engineering pipeline for 'InferenceInput'...
[2026-08-03 19:09:04,084] [INFO] [preprocessing.feature_engineering]: Transaction features created successfully.
[2026-08-03 19:09:04,086] [INFO] [preprocessing.feature_engineering]: Temporal features created successfully.
[2026-08-03 19:09:04,089] [INFO] [preprocessing.feature_engineering]: Velocity features created successfully.
[2026-08-03 19:09:04,092] [INFO] [preprocessing.feature_engineering]: Balance features created successfully.
[2026-08-03 19:09:04,094] [INFO] [preprocessing.feature_engineering]: Recipient features created successfully.
[2026-08-03 19:09:04,096] [INFO] [preprocessing.feature_engineering]: Device features created successfully.
[2026-08-03 19:09:04,098] [INFO] [preprocessing.feature_engineering]: Location features created successfully.
[2026-08-03 19:09:04,101] [INFO] [preprocessing.feature_engineering]: Customer behavior features created successfully.
[2026-08-03 19:09:04,108] [INFO] [preprocessing.feature_engineering]: Risk features created successfully.
[2026-08-03 19:09:04,110] [INFO] [preprocessing.feature_engineering]: Interaction features created successfully.
[2026-08-03 19:09:04,114] [INFO] [preprocessing.feature_engineering]: Feature matrix validation completed: 59 features, valid=True
[2026-08-03 19:09:04,115] [INFO] [preprocessing.feature_engineering]: Feature engineering pipeline completed for 'InferenceInput'. Final shape: (1, 59)
[2026-08-03 19:09:04,125] [INFO] [preprocessing.preprocessing]: Missing value imputation complete. Features updated: 0
[2026-08-03 19:09:04,131] [INFO] [preprocessing.preprocessing]: Data type conversion and optimization completed.
[2026-08-03 19:09:04,133] [WARNING] [preprocessing.preprocessing]: Scaler transform fallback applied (The feature names should match those that were passed during fit.
Feature names unseen at fit time:
- new_balance_dest
- new_balance_orig
- old_balance_dest
- old_balance_orig
Feature names seen at fit time, yet now missing:
- balance_diff_dest
- balance_error_dest
- step
- type_CASH_OUT
- type_DEBIT
- ...
).
[2026-08-03 19:09:04,133] [INFO] [preprocessing.preprocessing]: Numerical feature scaling completed using standard. Scaled columns: 52
[2026-08-03 19:09:05,645] [INFO] [models.predict]: Single Inference Complete (TXN-348489): Pred=Legitimate, Prob=0.0341, Risk=2, Time=1565.24ms
[2026-08-03 19:10:30,271] [INFO] [preprocessing.feature_engineering]: Starting feature engineering pipeline for 'InferenceInput'...
[2026-08-03 19:10:30,275] [INFO] [preprocessing.feature_engineering]: Transaction features created successfully.
[2026-08-03 19:10:30,278] [INFO] [preprocessing.feature_engineering]: Temporal features created successfully.
[2026-08-03 19:10:30,280] [INFO] [preprocessing.feature_engineering]: Velocity features created successfully.
[2026-08-03 19:10:30,283] [INFO] [preprocessing.feature_engineering]: Balance features created successfully.
[2026-08-03 19:10:30,284] [INFO] [preprocessing.feature_engineering]: Recipient features created successfully.
[2026-08-03 19:10:30,286] [INFO] [preprocessing.feature_engineering]: Device features created successfully.
[2026-08-03 19:10:30,287] [INFO] [preprocessing.feature_engineering]: Location features created successfully.
[2026-08-03 19:10:30,291] [INFO] [preprocessing.feature_engineering]: Customer behavior features created successfully.
[2026-08-03 19:10:30,297] [INFO] [preprocessing.feature_engineering]: Risk features created successfully.
[2026-08-03 19:10:30,300] [INFO] [preprocessing.feature_engineering]: Interaction features created successfully.
[2026-08-03 19:10:30,304] [INFO] [preprocessing.feature_engineering]: Feature matrix validation completed: 50 features, valid=True
[2026-08-03 19:10:30,304] [INFO] [preprocessing.feature_engineering]: Feature engineering pipeline completed for 'InferenceInput'. Final shape: (1, 50)
[2026-08-03 19:10:30,311] [INFO] [preprocessing.preprocessing]: Missing value imputation complete. Features updated: 0
[2026-08-03 19:10:30,314] [INFO] [preprocessing.preprocessing]: Data type conversion and optimization completed.
[2026-08-03 19:10:30,316] [WARNING] [preprocessing.preprocessing]: Scaler transform fallback applied (The feature names should match those that were passed during fit.
Feature names unseen at fit time:
- new_balance_orig
- old_balance_orig
Feature names seen at fit time, yet now missing:
- balance_diff_dest
- balance_error_dest
- newbalanceDest
- oldbalanceDest
- step
- ...
).
[2026-08-03 19:10:30,316] [INFO] [preprocessing.preprocessing]: Numerical feature scaling completed using standard. Scaled columns: 48
[2026-08-03 19:10:30,327] [INFO] [preprocessing.feature_engineering]: Starting feature engineering pipeline for 'InferenceInput'...
[2026-08-03 19:10:30,329] [INFO] [preprocessing.feature_engineering]: Transaction features created successfully.
[2026-08-03 19:10:30,333] [INFO] [preprocessing.feature_engineering]: Temporal features created successfully.
[2026-08-03 19:10:30,335] [INFO] [preprocessing.feature_engineering]: Velocity features created successfully.
[2026-08-03 19:10:30,338] [INFO] [preprocessing.feature_engineering]: Balance features created successfully.
[2026-08-03 19:10:30,339] [INFO] [preprocessing.feature_engineering]: Recipient features created successfully.
[2026-08-03 19:10:30,342] [INFO] [preprocessing.feature_engineering]: Device features created successfully.
[2026-08-03 19:10:30,344] [INFO] [preprocessing.feature_engineering]: Location features created successfully.
[2026-08-03 19:10:30,348] [INFO] [preprocessing.feature_engineering]: Customer behavior features created successfully.
[2026-08-03 19:10:30,354] [INFO] [preprocessing.feature_engineering]: Risk features created successfully.
[2026-08-03 19:10:30,357] [INFO] [preprocessing.feature_engineering]: Interaction features created successfully.
[2026-08-03 19:10:30,360] [INFO] [preprocessing.feature_engineering]: Feature matrix validation completed: 52 features, valid=True
[2026-08-03 19:10:30,361] [INFO] [preprocessing.feature_engineering]: Feature engineering pipeline completed for 'InferenceInput'. Final shape: (1, 52)
[2026-08-03 19:10:30,369] [INFO] [preprocessing.preprocessing]: Missing value imputation complete. Features updated: 0
[2026-08-03 19:10:30,372] [INFO] [preprocessing.preprocessing]: Data type conversion and optimization completed.
[2026-08-03 19:10:30,374] [WARNING] [preprocessing.preprocessing]: Scaler transform fallback applied (The feature names should match those that were passed during fit.
Feature names unseen at fit time:
- new_balance_orig
- old_balance_orig
Feature names seen at fit time, yet now missing:
- balance_diff_dest
- balance_error_dest
- newbalanceDest
- oldbalanceDest
- step
- ...
).
[2026-08-03 19:10:30,374] [INFO] [preprocessing.preprocessing]: Numerical feature scaling completed using standard. Scaled columns: 48
[2026-08-03 19:12:56,986] [INFO] [preprocessing.feature_engineering]: Starting feature engineering pipeline for 'dataset'...
[2026-08-03 19:12:56,988] [INFO] [preprocessing.feature_engineering]: Transaction features created successfully.
[2026-08-03 19:12:56,998] [INFO] [preprocessing.feature_engineering]: Temporal features created successfully.
[2026-08-03 19:12:57,000] [INFO] [preprocessing.feature_engineering]: Velocity features created successfully.
[2026-08-03 19:12:57,003] [INFO] [preprocessing.feature_engineering]: Balance features created successfully.
[2026-08-03 19:12:57,004] [INFO] [preprocessing.feature_engineering]: Recipient features created successfully.
[2026-08-03 19:12:57,005] [INFO] [preprocessing.feature_engineering]: Device features created successfully.
[2026-08-03 19:12:57,005] [INFO] [preprocessing.feature_engineering]: Location features created successfully.
[2026-08-03 19:12:57,008] [INFO] [preprocessing.feature_engineering]: Customer behavior features created successfully.
[2026-08-03 19:12:57,012] [INFO] [preprocessing.feature_engineering]: Risk features created successfully.
[2026-08-03 19:12:57,013] [INFO] [preprocessing.feature_engineering]: Interaction features created successfully.
[2026-08-03 19:12:57,015] [INFO] [preprocessing.feature_engineering]: Feature matrix validation completed: 50 features, valid=True
[2026-08-03 19:12:57,015] [INFO] [preprocessing.feature_engineering]: Feature engineering pipeline completed for 'dataset'. Final shape: (1, 50)
[2026-08-03 19:12:57,015] [INFO] [preprocessing.feature_engineering]: Starting feature engineering pipeline for 'dataset'...
[2026-08-03 19:12:57,017] [INFO] [preprocessing.feature_engineering]: Transaction features created successfully.
[2026-08-03 19:12:57,020] [INFO] [preprocessing.feature_engineering]: Temporal features created successfully.
[2026-08-03 19:12:57,021] [INFO] [preprocessing.feature_engineering]: Velocity features created successfully.
[2026-08-03 19:12:57,023] [INFO] [preprocessing.feature_engineering]: Balance features created successfully.
[2026-08-03 19:12:57,024] [INFO] [preprocessing.feature_engineering]: Recipient features created successfully.
[2026-08-03 19:12:57,025] [INFO] [preprocessing.feature_engineering]: Device features created successfully.
[2026-08-03 19:12:57,026] [INFO] [preprocessing.feature_engineering]: Location features created successfully.
[2026-08-03 19:12:57,028] [INFO] [preprocessing.feature_engineering]: Customer behavior features created successfully.
[2026-08-03 19:12:57,032] [INFO] [preprocessing.feature_engineering]: Risk features created successfully.
[2026-08-03 19:12:57,033] [INFO] [preprocessing.feature_engineering]: Interaction features created successfully.
[2026-08-03 19:12:57,035] [INFO] [preprocessing.feature_engineering]: Feature matrix validation completed: 50 features, valid=True
[2026-08-03 19:12:57,036] [INFO] [preprocessing.feature_engineering]: Feature engineering pipeline completed for 'dataset'. Final shape: (1, 50)
[2026-08-03 19:14:21,424] [INFO] [preprocessing.feature_engineering]: Starting feature engineering pipeline for 'dataset'...
[2026-08-03 19:14:21,426] [INFO] [preprocessing.feature_engineering]: Transaction features created successfully.
[2026-08-03 19:14:21,429] [INFO] [preprocessing.feature_engineering]: Temporal features created successfully.
[2026-08-03 19:14:21,430] [INFO] [preprocessing.feature_engineering]: Velocity features created successfully.
[2026-08-03 19:14:21,432] [INFO] [preprocessing.feature_engineering]: Balance features created successfully.
[2026-08-03 19:14:21,434] [INFO] [preprocessing.feature_engineering]: Recipient features created successfully.
[2026-08-03 19:14:21,435] [INFO] [preprocessing.feature_engineering]: Device features created successfully.
[2026-08-03 19:14:21,436] [INFO] [preprocessing.feature_engineering]: Location features created successfully.
[2026-08-03 19:14:21,438] [INFO] [preprocessing.feature_engineering]: Customer behavior features created successfully.
[2026-08-03 19:14:21,443] [INFO] [preprocessing.feature_engineering]: Risk features created successfully.
[2026-08-03 19:14:21,444] [INFO] [preprocessing.feature_engineering]: Interaction features created successfully.
[2026-08-03 19:14:21,447] [INFO] [preprocessing.feature_engineering]: Feature matrix validation completed: 50 features, valid=True
[2026-08-03 19:14:21,447] [INFO] [preprocessing.feature_engineering]: Feature engineering pipeline completed for 'dataset'. Final shape: (1, 50)
[2026-08-03 19:14:21,447] [INFO] [preprocessing.feature_engineering]: Starting feature engineering pipeline for 'dataset'...
[2026-08-03 19:14:21,450] [INFO] [preprocessing.feature_engineering]: Transaction features created successfully.
[2026-08-03 19:14:21,451] [INFO] [preprocessing.feature_engineering]: Temporal features created successfully.
[2026-08-03 19:14:21,453] [INFO] [preprocessing.feature_engineering]: Velocity features created successfully.
[2026-08-03 19:14:21,455] [INFO] [preprocessing.feature_engineering]: Balance features created successfully.
[2026-08-03 19:14:21,456] [INFO] [preprocessing.feature_engineering]: Recipient features created successfully.
[2026-08-03 19:14:21,457] [INFO] [preprocessing.feature_engineering]: Device features created successfully.
[2026-08-03 19:14:21,457] [INFO] [preprocessing.feature_engineering]: Location features created successfully.
[2026-08-03 19:14:21,460] [INFO] [preprocessing.feature_engineering]: Customer behavior features created successfully.
[2026-08-03 19:14:21,464] [INFO] [preprocessing.feature_engineering]: Risk features created successfully.
[2026-08-03 19:14:21,466] [INFO] [preprocessing.feature_engineering]: Interaction features created successfully.
[2026-08-03 19:14:21,469] [INFO] [preprocessing.feature_engineering]: Feature matrix validation completed: 50 features, valid=True
[2026-08-03 19:14:21,469] [INFO] [preprocessing.feature_engineering]: Feature engineering pipeline completed for 'dataset'. Final shape: (1, 50)
[2026-08-03 19:15:17,795] [INFO] [preprocessing.feature_engineering]: Starting feature engineering pipeline for 'dataset'...
[2026-08-03 19:15:17,798] [INFO] [preprocessing.feature_engineering]: Transaction features created successfully.
[2026-08-03 19:15:17,800] [INFO] [preprocessing.feature_engineering]: Temporal features created successfully.
[2026-08-03 19:15:17,802] [INFO] [preprocessing.feature_engineering]: Velocity features created successfully.
[2026-08-03 19:15:17,804] [INFO] [preprocessing.feature_engineering]: Balance features created successfully.
[2026-08-03 19:15:17,805] [INFO] [preprocessing.feature_engineering]: Recipient features created successfully.
[2026-08-03 19:15:17,806] [INFO] [preprocessing.feature_engineering]: Device features created successfully.
[2026-08-03 19:15:17,807] [INFO] [preprocessing.feature_engineering]: Location features created successfully.
[2026-08-03 19:15:17,809] [INFO] [preprocessing.feature_engineering]: Customer behavior features created successfully.
[2026-08-03 19:15:17,814] [INFO] [preprocessing.feature_engineering]: Risk features created successfully.
[2026-08-03 19:15:17,815] [INFO] [preprocessing.feature_engineering]: Interaction features created successfully.
[2026-08-03 19:15:17,818] [INFO] [preprocessing.feature_engineering]: Feature matrix validation completed: 50 features, valid=True
[2026-08-03 19:15:17,818] [INFO] [preprocessing.feature_engineering]: Feature engineering pipeline completed for 'dataset'. Final shape: (1, 50)
[2026-08-03 19:15:17,818] [INFO] [preprocessing.feature_engineering]: Starting feature engineering pipeline for 'dataset'...
[2026-08-03 19:15:17,820] [INFO] [preprocessing.feature_engineering]: Transaction features created successfully.
[2026-08-03 19:15:17,822] [INFO] [preprocessing.feature_engineering]: Temporal features created successfully.
[2026-08-03 19:15:17,823] [INFO] [preprocessing.feature_engineering]: Velocity features created successfully.
[2026-08-03 19:15:17,825] [INFO] [preprocessing.feature_engineering]: Balance features created successfully.
[2026-08-03 19:15:17,826] [INFO] [preprocessing.feature_engineering]: Recipient features created successfully.
[2026-08-03 19:15:17,827] [INFO] [preprocessing.feature_engineering]: Device features created successfully.
[2026-08-03 19:15:17,827] [INFO] [preprocessing.feature_engineering]: Location features created successfully.
[2026-08-03 19:15:17,829] [INFO] [preprocessing.feature_engineering]: Customer behavior features created successfully.
[2026-08-03 19:15:17,834] [INFO] [preprocessing.feature_engineering]: Risk features created successfully.
[2026-08-03 19:15:17,835] [INFO] [preprocessing.feature_engineering]: Interaction features created successfully.
[2026-08-03 19:15:17,837] [INFO] [preprocessing.feature_engineering]: Feature matrix validation completed: 50 features, valid=True
[2026-08-03 19:15:17,837] [INFO] [preprocessing.feature_engineering]: Feature engineering pipeline completed for 'dataset'. Final shape: (1, 50)
[2026-08-03 19:17:08,341] [INFO] [preprocessing.feature_engineering]: Starting feature engineering pipeline for 'dataset'...
[2026-08-03 19:17:08,344] [INFO] [preprocessing.feature_engineering]: Transaction features created successfully.
[2026-08-03 19:17:08,346] [INFO] [preprocessing.feature_engineering]: Temporal features created successfully.
[2026-08-03 19:17:08,348] [INFO] [preprocessing.feature_engineering]: Velocity features created successfully.
[2026-08-03 19:17:08,349] [INFO] [preprocessing.feature_engineering]: Balance features created successfully.
[2026-08-03 19:17:08,350] [INFO] [preprocessing.feature_engineering]: Recipient features created successfully.
[2026-08-03 19:17:08,352] [INFO] [preprocessing.feature_engineering]: Device features created successfully.
[2026-08-03 19:17:08,353] [INFO] [preprocessing.feature_engineering]: Location features created successfully.
[2026-08-03 19:17:08,355] [INFO] [preprocessing.feature_engineering]: Customer behavior features created successfully.
[2026-08-03 19:17:08,360] [INFO] [preprocessing.feature_engineering]: Risk features created successfully.
[2026-08-03 19:17:08,361] [INFO] [preprocessing.feature_engineering]: Interaction features created successfully.
[2026-08-03 19:17:08,364] [INFO] [preprocessing.feature_engineering]: Feature matrix validation completed: 50 features, valid=True
[2026-08-03 19:17:08,364] [INFO] [preprocessing.feature_engineering]: Feature engineering pipeline completed for 'dataset'. Final shape: (1, 50)
[2026-08-03 19:17:08,365] [INFO] [preprocessing.feature_engineering]: Starting feature engineering pipeline for 'dataset'...
[2026-08-03 19:17:08,367] [INFO] [preprocessing.feature_engineering]: Transaction features created successfully.
[2026-08-03 19:17:08,369] [INFO] [preprocessing.feature_engineering]: Temporal features created successfully.
[2026-08-03 19:17:08,371] [INFO] [preprocessing.feature_engineering]: Velocity features created successfully.
[2026-08-03 19:17:08,373] [INFO] [preprocessing.feature_engineering]: Balance features created successfully.
[2026-08-03 19:17:08,374] [INFO] [preprocessing.feature_engineering]: Recipient features created successfully.
[2026-08-03 19:17:08,375] [INFO] [preprocessing.feature_engineering]: Device features created successfully.
[2026-08-03 19:17:08,376] [INFO] [preprocessing.feature_engineering]: Location features created successfully.
[2026-08-03 19:17:08,378] [INFO] [preprocessing.feature_engineering]: Customer behavior features created successfully.
[2026-08-03 19:17:08,383] [INFO] [preprocessing.feature_engineering]: Risk features created successfully.
[2026-08-03 19:17:08,385] [INFO] [preprocessing.feature_engineering]: Interaction features created successfully.
[2026-08-03 19:17:08,387] [INFO] [preprocessing.feature_engineering]: Feature matrix validation completed: 50 features, valid=True
[2026-08-03 19:17:08,388] [INFO] [preprocessing.feature_engineering]: Feature engineering pipeline completed for 'dataset'. Final shape: (1, 50)
[2026-08-03 19:18:00,538] [INFO] [preprocessing.feature_engineering]: Starting feature engineering pipeline for 'dataset'...
[2026-08-03 19:18:00,541] [INFO] [preprocessing.feature_engineering]: Transaction features created successfully.
[2026-08-03 19:18:00,543] [INFO] [preprocessing.feature_engineering]: Temporal features created successfully.
[2026-08-03 19:18:00,545] [INFO] [preprocessing.feature_engineering]: Velocity features created successfully.
[2026-08-03 19:18:00,546] [INFO] [preprocessing.feature_engineering]: Balance features created successfully.
[2026-08-03 19:18:00,547] [INFO] [preprocessing.feature_engineering]: Recipient features created successfully.
[2026-08-03 19:18:00,548] [INFO] [preprocessing.feature_engineering]: Device features created successfully.
[2026-08-03 19:18:00,549] [INFO] [preprocessing.feature_engineering]: Location features created successfully.
[2026-08-03 19:18:00,551] [INFO] [preprocessing.feature_engineering]: Customer behavior features created successfully.
[2026-08-03 19:18:00,556] [INFO] [preprocessing.feature_engineering]: Risk features created successfully.
[2026-08-03 19:18:00,557] [INFO] [preprocessing.feature_engineering]: Interaction features created successfully.
[2026-08-03 19:18:00,559] [INFO] [preprocessing.feature_engineering]: Feature matrix validation completed: 50 features, valid=True
[2026-08-03 19:18:00,559] [INFO] [preprocessing.feature_engineering]: Feature engineering pipeline completed for 'dataset'. Final shape: (1, 50)
[2026-08-03 19:18:00,559] [INFO] [preprocessing.feature_engineering]: Starting feature engineering pipeline for 'dataset'...
[2026-08-03 19:18:00,561] [INFO] [preprocessing.feature_engineering]: Transaction features created successfully.
[2026-08-03 19:18:00,562] [INFO] [preprocessing.feature_engineering]: Temporal features created successfully.
[2026-08-03 19:18:00,564] [INFO] [preprocessing.feature_engineering]: Velocity features created successfully.
[2026-08-03 19:18:00,565] [INFO] [preprocessing.feature_engineering]: Balance features created successfully.
[2026-08-03 19:18:00,567] [INFO] [preprocessing.feature_engineering]: Recipient features created successfully.
[2026-08-03 19:18:00,569] [INFO] [preprocessing.feature_engineering]: Device features created successfully.
[2026-08-03 19:18:00,569] [INFO] [preprocessing.feature_engineering]: Location features created successfully.
[2026-08-03 19:18:00,571] [INFO] [preprocessing.feature_engineering]: Customer behavior features created successfully.
[2026-08-03 19:18:00,575] [INFO] [preprocessing.feature_engineering]: Risk features created successfully.
[2026-08-03 19:18:00,577] [INFO] [preprocessing.feature_engineering]: Interaction features created successfully.
[2026-08-03 19:18:00,579] [INFO] [preprocessing.feature_engineering]: Feature matrix validation completed: 50 features, valid=True
[2026-08-03 19:18:00,579] [INFO] [preprocessing.feature_engineering]: Feature engineering pipeline completed for 'dataset'. Final shape: (1, 50)
[2026-08-03 19:21:49,228] [INFO] [models.model_loader]: Artifact Validation Complete: ready=True, model=Gradient Boosting
[2026-08-03 19:21:54,237] [INFO] [preprocessing.feature_engineering]: Starting feature engineering pipeline for 'dataset'...
[2026-08-03 19:21:54,241] [INFO] [preprocessing.feature_engineering]: Transaction features created successfully.
[2026-08-03 19:21:54,244] [INFO] [preprocessing.feature_engineering]: Temporal features created successfully.
[2026-08-03 19:21:54,246] [INFO] [preprocessing.feature_engineering]: Velocity features created successfully.
[2026-08-03 19:21:54,248] [INFO] [preprocessing.feature_engineering]: Balance features created successfully.
[2026-08-03 19:21:54,250] [INFO] [preprocessing.feature_engineering]: Recipient features created successfully.
[2026-08-03 19:21:54,251] [INFO] [preprocessing.feature_engineering]: Device features created successfully.
[2026-08-03 19:21:54,252] [INFO] [preprocessing.feature_engineering]: Location features created successfully.
[2026-08-03 19:21:54,256] [INFO] [preprocessing.feature_engineering]: Customer behavior features created successfully.
[2026-08-03 19:21:54,260] [INFO] [preprocessing.feature_engineering]: Risk features created successfully.
[2026-08-03 19:21:54,262] [INFO] [preprocessing.feature_engineering]: Interaction features created successfully.
[2026-08-03 19:21:54,264] [INFO] [preprocessing.feature_engineering]: Feature matrix validation completed: 50 features, valid=True
[2026-08-03 19:21:54,264] [INFO] [preprocessing.feature_engineering]: Feature engineering pipeline completed for 'dataset'. Final shape: (1, 50)
[2026-08-03 19:26:18,661] [INFO] [preprocessing.feature_engineering]: Starting feature engineering pipeline for 'InferenceInput'...
[2026-08-03 19:26:18,664] [INFO] [preprocessing.feature_engineering]: Transaction features created successfully.
[2026-08-03 19:26:18,665] [INFO] [preprocessing.feature_engineering]: Temporal features created successfully.
[2026-08-03 19:26:18,667] [INFO] [preprocessing.feature_engineering]: Velocity features created successfully.
[2026-08-03 19:26:18,668] [INFO] [preprocessing.feature_engineering]: Balance features created successfully.
[2026-08-03 19:26:18,670] [INFO] [preprocessing.feature_engineering]: Recipient features created successfully.
[2026-08-03 19:26:18,671] [INFO] [preprocessing.feature_engineering]: Device features created successfully.
[2026-08-03 19:26:18,672] [INFO] [preprocessing.feature_engineering]: Location features created successfully.
[2026-08-03 19:26:18,674] [INFO] [preprocessing.feature_engineering]: Customer behavior features created successfully.
[2026-08-03 19:26:18,679] [INFO] [preprocessing.feature_engineering]: Risk features created successfully.
[2026-08-03 19:26:18,681] [INFO] [preprocessing.feature_engineering]: Interaction features created successfully.
[2026-08-03 19:26:18,683] [INFO] [preprocessing.feature_engineering]: Feature matrix validation completed: 48 features, valid=True
[2026-08-03 19:26:18,683] [INFO] [preprocessing.feature_engineering]: Feature engineering pipeline completed for 'InferenceInput'. Final shape: (1, 48)
[2026-08-03 19:26:18,687] [INFO] [preprocessing.preprocessing]: Missing value imputation complete. Features updated: 0
[2026-08-03 19:26:18,689] [INFO] [preprocessing.preprocessing]: Data type conversion and optimization completed.
[2026-08-03 19:26:18,690] [WARNING] [preprocessing.preprocessing]: Scaler transform fallback applied (The feature names should match those that were passed during fit.
Feature names unseen at fit time:
- new_balance_orig
- old_balance_orig
Feature names seen at fit time, yet now missing:
- balance_diff_dest
- balance_error_dest
- newbalanceDest
- oldbalanceDest
- step
- ...
).
[2026-08-03 19:26:18,690] [INFO] [preprocessing.preprocessing]: Numerical feature scaling completed using standard. Scaled columns: 48
[2026-08-03 19:26:19,913] [INFO] [models.predict]: Single Inference Complete (TXN-1785765378698): Pred=Legitimate, Prob=0.0341, Risk=2, Time=1258.82ms
[2026-08-03 19:26:19,914] [INFO] [preprocessing.feature_engineering]: Starting feature engineering pipeline for 'InferenceInput'...
[2026-08-03 19:26:19,916] [INFO] [preprocessing.feature_engineering]: Transaction features created successfully.
[2026-08-03 19:26:19,918] [INFO] [preprocessing.feature_engineering]: Temporal features created successfully.
[2026-08-03 19:26:19,919] [INFO] [preprocessing.feature_engineering]: Velocity features created successfully.
[2026-08-03 19:26:19,920] [INFO] [preprocessing.feature_engineering]: Balance features created successfully.
[2026-08-03 19:26:19,921] [INFO] [preprocessing.feature_engineering]: Recipient features created successfully.
[2026-08-03 19:26:19,922] [INFO] [preprocessing.feature_engineering]: Device features created successfully.
[2026-08-03 19:26:19,924] [INFO] [preprocessing.feature_engineering]: Location features created successfully.
[2026-08-03 19:26:19,925] [INFO] [preprocessing.feature_engineering]: Customer behavior features created successfully.
[2026-08-03 19:26:19,930] [INFO] [preprocessing.feature_engineering]: Risk features created successfully.
[2026-08-03 19:26:19,931] [INFO] [preprocessing.feature_engineering]: Interaction features created successfully.
[2026-08-03 19:26:19,933] [INFO] [preprocessing.feature_engineering]: Feature matrix validation completed: 50 features, valid=True
[2026-08-03 19:26:19,933] [INFO] [preprocessing.feature_engineering]: Feature engineering pipeline completed for 'InferenceInput'. Final shape: (1, 50)
[2026-08-03 19:26:19,937] [INFO] [preprocessing.preprocessing]: Missing value imputation complete. Features updated: 0
[2026-08-03 19:26:19,939] [INFO] [preprocessing.preprocessing]: Data type conversion and optimization completed.
[2026-08-03 19:26:19,940] [WARNING] [preprocessing.preprocessing]: Scaler transform fallback applied (The feature names should match those that were passed during fit.
Feature names unseen at fit time:
- new_balance_orig
- old_balance_orig
Feature names seen at fit time, yet now missing:
- balance_diff_dest
- balance_error_dest
- newbalanceDest
- oldbalanceDest
- step
- ...
).
[2026-08-03 19:26:19,940] [INFO] [preprocessing.preprocessing]: Numerical feature scaling completed using standard. Scaled columns: 48
[2026-08-03 19:26:21,108] [INFO] [models.predict]: Single Inference Complete (TXN-1785765379946): Pred=Legitimate, Prob=0.0341, Risk=32, Time=1194.41ms
[2026-08-03 19:29:24,426] [INFO] [preprocessing.feature_engineering]: Starting feature engineering pipeline for 'InferenceInput'...
[2026-08-03 19:29:24,429] [INFO] [preprocessing.feature_engineering]: Transaction features created successfully.
[2026-08-03 19:29:24,430] [INFO] [preprocessing.feature_engineering]: Temporal features created successfully.
[2026-08-03 19:29:24,432] [INFO] [preprocessing.feature_engineering]: Velocity features created successfully.
[2026-08-03 19:29:24,433] [INFO] [preprocessing.feature_engineering]: Balance features created successfully.
[2026-08-03 19:29:24,434] [INFO] [preprocessing.feature_engineering]: Recipient features created successfully.
[2026-08-03 19:29:24,435] [INFO] [preprocessing.feature_engineering]: Device features created successfully.
[2026-08-03 19:29:24,436] [INFO] [preprocessing.feature_engineering]: Location features created successfully.
[2026-08-03 19:29:24,438] [INFO] [preprocessing.feature_engineering]: Customer behavior features created successfully.
[2026-08-03 19:29:24,442] [INFO] [preprocessing.feature_engineering]: Risk features created successfully.
[2026-08-03 19:29:24,443] [INFO] [preprocessing.feature_engineering]: Interaction features created successfully.
[2026-08-03 19:29:24,446] [INFO] [preprocessing.feature_engineering]: Feature matrix validation completed: 53 features, valid=True
[2026-08-03 19:29:24,446] [INFO] [preprocessing.feature_engineering]: Feature engineering pipeline completed for 'InferenceInput'. Final shape: (1, 53)
[2026-08-03 19:29:25,710] [INFO] [models.predict]: Single Inference Complete (TXN-1785765564456): Pred=Legitimate, Prob=0.0341, Risk=2, Time=1291.03ms
[2026-08-03 19:29:25,712] [INFO] [preprocessing.feature_engineering]: Starting feature engineering pipeline for 'InferenceInput'...
[2026-08-03 19:29:25,714] [INFO] [preprocessing.feature_engineering]: Transaction features created successfully.
[2026-08-03 19:29:25,716] [INFO] [preprocessing.feature_engineering]: Temporal features created successfully.
[2026-08-03 19:29:25,717] [INFO] [preprocessing.feature_engineering]: Velocity features created successfully.
[2026-08-03 19:29:25,718] [INFO] [preprocessing.feature_engineering]: Balance features created successfully.
[2026-08-03 19:29:25,720] [INFO] [preprocessing.feature_engineering]: Recipient features created successfully.
[2026-08-03 19:29:25,721] [INFO] [preprocessing.feature_engineering]: Device features created successfully.
[2026-08-03 19:29:25,722] [INFO] [preprocessing.feature_engineering]: Location features created successfully.
[2026-08-03 19:29:25,724] [INFO] [preprocessing.feature_engineering]: Customer behavior features created successfully.
[2026-08-03 19:29:25,729] [INFO] [preprocessing.feature_engineering]: Risk features created successfully.
[2026-08-03 19:29:25,730] [INFO] [preprocessing.feature_engineering]: Interaction features created successfully.
[2026-08-03 19:29:25,732] [INFO] [preprocessing.feature_engineering]: Feature matrix validation completed: 55 features, valid=True
[2026-08-03 19:29:25,732] [INFO] [preprocessing.feature_engineering]: Feature engineering pipeline completed for 'InferenceInput'. Final shape: (1, 55)
[2026-08-03 19:29:26,858] [INFO] [models.predict]: Single Inference Complete (TXN-1785765565742): Pred=Scam / Fraudulent, Prob=0.9999, Risk=32, Time=1146.88ms
[2026-08-03 19:30:09,974] [INFO] [preprocessing.feature_engineering]: Starting feature engineering pipeline for 'InferenceInput'...
[2026-08-03 19:30:09,977] [INFO] [preprocessing.feature_engineering]: Transaction features created successfully.
[2026-08-03 19:30:09,979] [INFO] [preprocessing.feature_engineering]: Temporal features created successfully.
[2026-08-03 19:30:09,981] [INFO] [preprocessing.feature_engineering]: Velocity features created successfully.
[2026-08-03 19:30:09,982] [INFO] [preprocessing.feature_engineering]: Balance features created successfully.
[2026-08-03 19:30:09,983] [INFO] [preprocessing.feature_engineering]: Recipient features created successfully.
[2026-08-03 19:30:09,984] [INFO] [preprocessing.feature_engineering]: Device features created successfully.
[2026-08-03 19:30:09,985] [INFO] [preprocessing.feature_engineering]: Location features created successfully.
[2026-08-03 19:30:09,987] [INFO] [preprocessing.feature_engineering]: Customer behavior features created successfully.
[2026-08-03 19:30:09,992] [INFO] [preprocessing.feature_engineering]: Risk features created successfully.
[2026-08-03 19:30:09,993] [INFO] [preprocessing.feature_engineering]: Interaction features created successfully.
[2026-08-03 19:30:09,996] [INFO] [preprocessing.feature_engineering]: Feature matrix validation completed: 53 features, valid=True
[2026-08-03 19:30:09,996] [INFO] [preprocessing.feature_engineering]: Feature engineering pipeline completed for 'InferenceInput'. Final shape: (1, 53)
[2026-08-03 19:30:11,273] [INFO] [models.predict]: Single Inference Complete (TXN-1785765610006): Pred=Legitimate, Prob=0.0341, Risk=2, Time=1304.88ms
[2026-08-03 19:30:11,274] [INFO] [preprocessing.feature_engineering]: Starting feature engineering pipeline for 'InferenceInput'...
[2026-08-03 19:30:11,276] [INFO] [preprocessing.feature_engineering]: Transaction features created successfully.
[2026-08-03 19:30:11,278] [INFO] [preprocessing.feature_engineering]: Temporal features created successfully.
[2026-08-03 19:30:11,280] [INFO] [preprocessing.feature_engineering]: Velocity features created successfully.
[2026-08-03 19:30:11,281] [INFO] [preprocessing.feature_engineering]: Balance features created successfully.
[2026-08-03 19:30:11,282] [INFO] [preprocessing.feature_engineering]: Recipient features created successfully.
[2026-08-03 19:30:11,283] [INFO] [preprocessing.feature_engineering]: Device features created successfully.
[2026-08-03 19:30:11,285] [INFO] [preprocessing.feature_engineering]: Location features created successfully.
[2026-08-03 19:30:11,287] [INFO] [preprocessing.feature_engineering]: Customer behavior features created successfully.
[2026-08-03 19:30:11,291] [INFO] [preprocessing.feature_engineering]: Risk features created successfully.
[2026-08-03 19:30:11,292] [INFO] [preprocessing.feature_engineering]: Interaction features created successfully.
[2026-08-03 19:30:11,296] [INFO] [preprocessing.feature_engineering]: Feature matrix validation completed: 55 features, valid=True
[2026-08-03 19:30:11,296] [INFO] [preprocessing.feature_engineering]: Feature engineering pipeline completed for 'InferenceInput'. Final shape: (1, 55)
[2026-08-03 19:30:12,436] [INFO] [models.predict]: Single Inference Complete (TXN-1785765611305): Pred=Scam / Fraudulent, Prob=0.9999, Risk=32, Time=1162.88ms
[2026-08-03 19:34:49,717] [INFO] [preprocessing.feature_engineering]: Starting feature engineering pipeline for 'InferenceInput'...
[2026-08-03 19:34:49,719] [INFO] [preprocessing.feature_engineering]: Transaction features created successfully.
[2026-08-03 19:34:49,721] [INFO] [preprocessing.feature_engineering]: Temporal features created successfully.
[2026-08-03 19:34:49,722] [INFO] [preprocessing.feature_engineering]: Velocity features created successfully.
[2026-08-03 19:34:49,723] [INFO] [preprocessing.feature_engineering]: Balance features created successfully.
[2026-08-03 19:34:49,724] [INFO] [preprocessing.feature_engineering]: Recipient features created successfully.
[2026-08-03 19:34:49,725] [INFO] [preprocessing.feature_engineering]: Device features created successfully.
[2026-08-03 19:34:49,726] [INFO] [preprocessing.feature_engineering]: Location features created successfully.
[2026-08-03 19:34:49,728] [INFO] [preprocessing.feature_engineering]: Customer behavior features created successfully.
[2026-08-03 19:34:49,731] [INFO] [preprocessing.feature_engineering]: Risk features created successfully.
[2026-08-03 19:34:49,733] [INFO] [preprocessing.feature_engineering]: Interaction features created successfully.
[2026-08-03 19:34:49,735] [INFO] [preprocessing.feature_engineering]: Feature matrix validation completed: 53 features, valid=True
[2026-08-03 19:34:49,735] [INFO] [preprocessing.feature_engineering]: Feature engineering pipeline completed for 'InferenceInput'. Final shape: (1, 53)
[2026-08-03 19:34:50,929] [INFO] [models.predict]: Single Inference Complete (TXN-1785765889744): Pred=Legitimate, Prob=0.0341, Risk=2, Time=1217.94ms
[2026-08-03 19:34:50,929] [INFO] [preprocessing.feature_engineering]: Starting feature engineering pipeline for 'InferenceInput'...
[2026-08-03 19:34:50,932] [INFO] [preprocessing.feature_engineering]: Transaction features created successfully.
[2026-08-03 19:34:50,934] [INFO] [preprocessing.feature_engineering]: Temporal features created successfully.
[2026-08-03 19:34:50,936] [INFO] [preprocessing.feature_engineering]: Velocity features created successfully.
[2026-08-03 19:34:50,938] [INFO] [preprocessing.feature_engineering]: Balance features created successfully.
[2026-08-03 19:34:50,939] [INFO] [preprocessing.feature_engineering]: Recipient features created successfully.
[2026-08-03 19:34:50,941] [INFO] [preprocessing.feature_engineering]: Device features created successfully.
[2026-08-03 19:34:50,942] [INFO] [preprocessing.feature_engineering]: Location features created successfully.
[2026-08-03 19:34:50,944] [INFO] [preprocessing.feature_engineering]: Customer behavior features created successfully.
[2026-08-03 19:34:50,948] [INFO] [preprocessing.feature_engineering]: Risk features created successfully.
[2026-08-03 19:34:50,950] [INFO] [preprocessing.feature_engineering]: Interaction features created successfully.
[2026-08-03 19:34:50,952] [INFO] [preprocessing.feature_engineering]: Feature matrix validation completed: 55 features, valid=True
[2026-08-03 19:34:50,952] [INFO] [preprocessing.feature_engineering]: Feature engineering pipeline completed for 'InferenceInput'. Final shape: (1, 55)
[2026-08-03 19:34:51,990] [INFO] [models.predict]: Single Inference Complete (TXN-1785765890961): Pred=Scam / Fraudulent, Prob=0.9999, Risk=100, Time=1061.63ms
[2026-08-03 19:36:08,961] [INFO] [models.model_loader]: Artifact Validation Complete: ready=True, model=Gradient Boosting
[2026-08-03 19:36:08,963] [INFO] [models.model_loader]: Artifact Validation Complete: ready=True, model=Gradient Boosting
[2026-08-03 19:36:12,663] [INFO] [models.model_loader]: Artifact Validation Complete: ready=True, model=Gradient Boosting
[2026-08-03 19:36:13,976] [INFO] [models.model_loader]: Artifact Validation Complete: ready=True, model=Gradient Boosting
[2026-08-03 19:36:15,199] [INFO] [models.model_loader]: Artifact Validation Complete: ready=True, model=Gradient Boosting
[2026-08-03 19:36:15,210] [INFO] [preprocessing.feature_engineering]: Starting feature engineering pipeline for 'InferenceInput'...
[2026-08-03 19:36:15,213] [INFO] [preprocessing.feature_engineering]: Transaction features created successfully.
[2026-08-03 19:36:15,217] [INFO] [preprocessing.feature_engineering]: Temporal features created successfully.
[2026-08-03 19:36:15,220] [INFO] [preprocessing.feature_engineering]: Velocity features created successfully.
[2026-08-03 19:36:15,223] [INFO] [preprocessing.feature_engineering]: Balance features created successfully.
[2026-08-03 19:36:15,225] [INFO] [preprocessing.feature_engineering]: Recipient features created successfully.
[2026-08-03 19:36:15,227] [INFO] [preprocessing.feature_engineering]: Device features created successfully.
[2026-08-03 19:36:15,229] [INFO] [preprocessing.feature_engineering]: Location features created successfully.
[2026-08-03 19:36:15,232] [INFO] [preprocessing.feature_engineering]: Customer behavior features created successfully.
[2026-08-03 19:36:15,238] [INFO] [preprocessing.feature_engineering]: Risk features created successfully.
[2026-08-03 19:36:15,241] [INFO] [preprocessing.feature_engineering]: Interaction features created successfully.
[2026-08-03 19:36:15,246] [INFO] [preprocessing.feature_engineering]: Feature matrix validation completed: 60 features, valid=True
[2026-08-03 19:36:15,246] [INFO] [preprocessing.feature_engineering]: Feature engineering pipeline completed for 'InferenceInput'. Final shape: (1, 60)
[2026-08-03 19:36:16,573] [INFO] [models.predict]: Single Inference Complete (TXN-137191): Pred=Legitimate, Prob=0.0341, Risk=2, Time=1364.32ms
[2026-08-03 19:36:19,864] [INFO] [models.model_loader]: Artifact Validation Complete: ready=True, model=Gradient Boosting
[2026-08-03 19:36:20,288] [INFO] [models.model_loader]: Artifact Validation Complete: ready=True, model=Gradient Boosting
[2026-08-03 19:36:22,295] [INFO] [models.model_loader]: Artifact Validation Complete: ready=True, model=Gradient Boosting
[2026-08-03 19:36:22,305] [INFO] [preprocessing.feature_engineering]: Starting feature engineering pipeline for 'InferenceInput'...
[2026-08-03 19:36:22,308] [INFO] [preprocessing.feature_engineering]: Transaction features created successfully.
[2026-08-03 19:36:22,310] [INFO] [preprocessing.feature_engineering]: Temporal features created successfully.
[2026-08-03 19:36:22,313] [INFO] [preprocessing.feature_engineering]: Velocity features created successfully.
[2026-08-03 19:36:22,316] [INFO] [preprocessing.feature_engineering]: Balance features created successfully.
[2026-08-03 19:36:22,318] [INFO] [preprocessing.feature_engineering]: Recipient features created successfully.
[2026-08-03 19:36:22,320] [INFO] [preprocessing.feature_engineering]: Device features created successfully.
[2026-08-03 19:36:22,321] [INFO] [preprocessing.feature_engineering]: Location features created successfully.
[2026-08-03 19:36:22,325] [INFO] [preprocessing.feature_engineering]: Customer behavior features created successfully.
[2026-08-03 19:36:22,332] [INFO] [preprocessing.feature_engineering]: Risk features created successfully.
[2026-08-03 19:36:22,334] [INFO] [preprocessing.feature_engineering]: Interaction features created successfully.
[2026-08-03 19:36:22,337] [INFO] [preprocessing.feature_engineering]: Feature matrix validation completed: 60 features, valid=True
[2026-08-03 19:36:22,337] [INFO] [preprocessing.feature_engineering]: Feature engineering pipeline completed for 'InferenceInput'. Final shape: (1, 60)
[2026-08-03 19:36:23,600] [INFO] [models.predict]: Single Inference Complete (TXN-409599): Pred=Legitimate, Prob=0.0341, Risk=2, Time=1295.14ms
[2026-08-03 19:36:27,145] [INFO] [models.model_loader]: Artifact Validation Complete: ready=True, model=Gradient Boosting
[2026-08-03 19:36:29,232] [INFO] [models.model_loader]: Artifact Validation Complete: ready=True, model=Gradient Boosting
[2026-08-03 19:36:31,839] [INFO] [models.model_loader]: Artifact Validation Complete: ready=True, model=Gradient Boosting
[2026-08-03 19:36:31,852] [INFO] [preprocessing.feature_engineering]: Starting feature engineering pipeline for 'InferenceInput'...
[2026-08-03 19:36:31,855] [INFO] [preprocessing.feature_engineering]: Transaction features created successfully.
[2026-08-03 19:36:31,858] [INFO] [preprocessing.feature_engineering]: Temporal features created successfully.
[2026-08-03 19:36:31,861] [INFO] [preprocessing.feature_engineering]: Velocity features created successfully.
[2026-08-03 19:36:31,864] [INFO] [preprocessing.feature_engineering]: Balance features created successfully.
[2026-08-03 19:36:31,865] [INFO] [preprocessing.feature_engineering]: Recipient features created successfully.
[2026-08-03 19:36:31,867] [INFO] [preprocessing.feature_engineering]: Device features created successfully.
[2026-08-03 19:36:31,869] [INFO] [preprocessing.feature_engineering]: Location features created successfully.
[2026-08-03 19:36:31,873] [INFO] [preprocessing.feature_engineering]: Customer behavior features created successfully.
[2026-08-03 19:36:31,879] [INFO] [preprocessing.feature_engineering]: Risk features created successfully.
[2026-08-03 19:36:31,882] [INFO] [preprocessing.feature_engineering]: Interaction features created successfully.
[2026-08-03 19:36:31,886] [INFO] [preprocessing.feature_engineering]: Feature matrix validation completed: 60 features, valid=True
[2026-08-03 19:36:31,887] [INFO] [preprocessing.feature_engineering]: Feature engineering pipeline completed for 'InferenceInput'. Final shape: (1, 60)
[2026-08-03 19:36:33,147] [INFO] [models.predict]: Single Inference Complete (TXN-319713): Pred=Legitimate, Prob=0.0341, Risk=2, Time=1296.96ms
[2026-08-03 19:37:14,145] [INFO] [models.model_loader]: Artifact Validation Complete: ready=True, model=Gradient Boosting
[2026-08-03 19:37:14,155] [INFO] [preprocessing.feature_engineering]: Starting feature engineering pipeline for 'InferenceInput'...
[2026-08-03 19:37:14,159] [INFO] [preprocessing.feature_engineering]: Transaction features created successfully.
[2026-08-03 19:37:14,162] [INFO] [preprocessing.feature_engineering]: Temporal features created successfully.
[2026-08-03 19:37:14,164] [INFO] [preprocessing.feature_engineering]: Velocity features created successfully.
[2026-08-03 19:37:14,166] [INFO] [preprocessing.feature_engineering]: Balance features created successfully.
[2026-08-03 19:37:14,168] [INFO] [preprocessing.feature_engineering]: Recipient features created successfully.
[2026-08-03 19:37:14,170] [INFO] [preprocessing.feature_engineering]: Device features created successfully.
[2026-08-03 19:37:14,172] [INFO] [preprocessing.feature_engineering]: Location features created successfully.
[2026-08-03 19:37:14,174] [INFO] [preprocessing.feature_engineering]: Customer behavior features created successfully.
[2026-08-03 19:37:14,181] [INFO] [preprocessing.feature_engineering]: Risk features created successfully.
[2026-08-03 19:37:14,184] [INFO] [preprocessing.feature_engineering]: Interaction features created successfully.
[2026-08-03 19:37:14,187] [INFO] [preprocessing.feature_engineering]: Feature matrix validation completed: 60 features, valid=True
[2026-08-03 19:37:14,187] [INFO] [preprocessing.feature_engineering]: Feature engineering pipeline completed for 'InferenceInput'. Final shape: (1, 60)
[2026-08-03 19:37:15,501] [INFO] [models.predict]: Single Inference Complete (TXN-290538): Pred=Legitimate, Prob=0.0341, Risk=2, Time=1346.81ms
[2026-08-03 19:59:08,991] [INFO] [models.model_loader]: Artifact Validation Complete: ready=True, model=Gradient Boosting
[2026-08-03 19:59:08,993] [INFO] [models.model_loader]: Artifact Validation Complete: ready=True, model=Gradient Boosting
[2026-08-03 19:59:17,226] [INFO] [models.model_loader]: Artifact Validation Complete: ready=True, model=Gradient Boosting
[2026-08-03 19:59:19,595] [INFO] [models.model_loader]: Artifact Validation Complete: ready=True, model=Gradient Boosting
[2026-08-03 19:59:19,699] [INFO] [models.model_loader]: Artifact Validation Complete: ready=True, model=Gradient Boosting
[2026-08-03 19:59:20,859] [INFO] [models.model_loader]: Artifact Validation Complete: ready=True, model=Gradient Boosting
[2026-08-03 19:59:20,871] [INFO] [preprocessing.feature_engineering]: Starting feature engineering pipeline for 'InferenceInput'...
[2026-08-03 19:59:20,874] [INFO] [preprocessing.feature_engineering]: Transaction features created successfully.
[2026-08-03 19:59:20,877] [INFO] [preprocessing.feature_engineering]: Temporal features created successfully.
[2026-08-03 19:59:20,880] [INFO] [preprocessing.feature_engineering]: Velocity features created successfully.
[2026-08-03 19:59:20,882] [INFO] [preprocessing.feature_engineering]: Balance features created successfully.
[2026-08-03 19:59:20,884] [INFO] [preprocessing.feature_engineering]: Recipient features created successfully.
[2026-08-03 19:59:20,885] [INFO] [preprocessing.feature_engineering]: Device features created successfully.
[2026-08-03 19:59:20,889] [INFO] [preprocessing.feature_engineering]: Location features created successfully.
[2026-08-03 19:59:20,892] [INFO] [preprocessing.feature_engineering]: Customer behavior features created successfully.
[2026-08-03 19:59:20,899] [INFO] [preprocessing.feature_engineering]: Risk features created successfully.
[2026-08-03 19:59:20,901] [INFO] [preprocessing.feature_engineering]: Interaction features created successfully.
[2026-08-03 19:59:20,906] [INFO] [preprocessing.feature_engineering]: Feature matrix validation completed: 60 features, valid=True
[2026-08-03 19:59:20,906] [INFO] [preprocessing.feature_engineering]: Feature engineering pipeline completed for 'InferenceInput'. Final shape: (1, 60)
[2026-08-03 19:59:22,213] [INFO] [models.predict]: Single Inference Complete (TXN-952019): Pred=Scam / Fraudulent, Prob=0.9999, Risk=100, Time=1342.47ms
[2026-08-03 19:59:42,596] [INFO] [models.model_loader]: Artifact Validation Complete: ready=True, model=Gradient Boosting
[2026-08-03 19:59:42,695] [INFO] [models.model_loader]: Artifact Validation Complete: ready=True, model=Gradient Boosting
[2026-08-03 19:59:47,308] [INFO] [models.model_loader]: Artifact Validation Complete: ready=True, model=Gradient Boosting
[2026-08-03 19:59:47,408] [INFO] [models.model_loader]: Artifact Validation Complete: ready=True, model=Gradient Boosting
[2026-08-03 20:00:26,381] [INFO] [models.model_loader]: Artifact Validation Complete: ready=True, model=Gradient Boosting
[2026-08-03 20:00:26,480] [INFO] [models.model_loader]: Artifact Validation Complete: ready=True, model=Gradient Boosting
[2026-08-03 20:01:27,327] [INFO] [models.model_loader]: Artifact Validation Complete: ready=True, model=Gradient Boosting
[2026-08-03 20:01:27,425] [INFO] [models.model_loader]: Artifact Validation Complete: ready=True, model=Gradient Boosting
[2026-08-03 20:01:28,071] [INFO] [models.model_loader]: Artifact Validation Complete: ready=True, model=Gradient Boosting
[2026-08-03 20:01:28,167] [INFO] [models.model_loader]: Artifact Validation Complete: ready=True, model=Gradient Boosting
[2026-08-03 20:01:31,029] [INFO] [models.model_loader]: Artifact Validation Complete: ready=True, model=Gradient Boosting
[2026-08-03 20:01:31,040] [INFO] [preprocessing.feature_engineering]: Starting feature engineering pipeline for 'InferenceInput'...
[2026-08-03 20:01:31,042] [INFO] [preprocessing.feature_engineering]: Transaction features created successfully.
[2026-08-03 20:01:31,046] [INFO] [preprocessing.feature_engineering]: Temporal features created successfully.
[2026-08-03 20:01:31,047] [INFO] [preprocessing.feature_engineering]: Velocity features created successfully.
[2026-08-03 20:01:31,050] [INFO] [preprocessing.feature_engineering]: Balance features created successfully.
[2026-08-03 20:01:31,051] [INFO] [preprocessing.feature_engineering]: Recipient features created successfully.
[2026-08-03 20:01:31,054] [INFO] [preprocessing.feature_engineering]: Device features created successfully.
[2026-08-03 20:01:31,056] [INFO] [preprocessing.feature_engineering]: Location features created successfully.
[2026-08-03 20:01:31,059] [INFO] [preprocessing.feature_engineering]: Customer behavior features created successfully.
[2026-08-03 20:01:31,066] [INFO] [preprocessing.feature_engineering]: Risk features created successfully.
[2026-08-03 20:01:31,069] [INFO] [preprocessing.feature_engineering]: Interaction features created successfully.
[2026-08-03 20:01:31,071] [INFO] [preprocessing.feature_engineering]: Feature matrix validation completed: 60 features, valid=True
[2026-08-03 20:01:31,072] [INFO] [preprocessing.feature_engineering]: Feature engineering pipeline completed for 'InferenceInput'. Final shape: (1, 60)
[2026-08-03 20:01:32,405] [INFO] [models.predict]: Single Inference Complete (TXN-958574): Pred=Scam / Fraudulent, Prob=0.9999, Risk=100, Time=1366.59ms
[2026-08-03 20:01:37,043] [INFO] [models.model_loader]: Artifact Validation Complete: ready=True, model=Gradient Boosting
[2026-08-03 20:01:37,139] [INFO] [models.model_loader]: Artifact Validation Complete: ready=True, model=Gradient Boosting
[2026-08-03 20:01:39,350] [INFO] [models.model_loader]: Artifact Validation Complete: ready=True, model=Gradient Boosting
[2026-08-03 20:01:39,362] [INFO] [preprocessing.feature_engineering]: Starting feature engineering pipeline for 'InferenceInput'...
[2026-08-03 20:01:39,365] [INFO] [preprocessing.feature_engineering]: Transaction features created successfully.
[2026-08-03 20:01:39,367] [INFO] [preprocessing.feature_engineering]: Temporal features created successfully.
[2026-08-03 20:01:39,370] [INFO] [preprocessing.feature_engineering]: Velocity features created successfully.
[2026-08-03 20:01:39,372] [INFO] [preprocessing.feature_engineering]: Balance features created successfully.
[2026-08-03 20:01:39,374] [INFO] [preprocessing.feature_engineering]: Recipient features created successfully.
[2026-08-03 20:01:39,376] [INFO] [preprocessing.feature_engineering]: Device features created successfully.
[2026-08-03 20:01:39,378] [INFO] [preprocessing.feature_engineering]: Location features created successfully.
[2026-08-03 20:01:39,382] [INFO] [preprocessing.feature_engineering]: Customer behavior features created successfully.
[2026-08-03 20:01:39,387] [INFO] [preprocessing.feature_engineering]: Risk features created successfully.
[2026-08-03 20:01:39,390] [INFO] [preprocessing.feature_engineering]: Interaction features created successfully.
[2026-08-03 20:01:39,394] [INFO] [preprocessing.feature_engineering]: Feature matrix validation completed: 60 features, valid=True
[2026-08-03 20:01:39,394] [INFO] [preprocessing.feature_engineering]: Feature engineering pipeline completed for 'InferenceInput'. Final shape: (1, 60)
[2026-08-03 20:01:40,665] [INFO] [models.predict]: Single Inference Complete (TXN-597171): Pred=Scam / Fraudulent, Prob=0.9999, Risk=100, Time=1303.63ms
[2026-08-03 20:03:21,078] [INFO] [models.model_loader]: Artifact Validation Complete: ready=True, model=Gradient Boosting
[2026-08-03 20:03:21,079] [INFO] [models.model_loader]: Artifact Validation Complete: ready=True, model=Gradient Boosting
[2026-08-03 20:03:39,749] [INFO] [preprocessing.feature_engineering]: Starting feature engineering pipeline for 'dataset'...
[2026-08-03 20:03:39,752] [INFO] [preprocessing.feature_engineering]: Transaction features created successfully.
[2026-08-03 20:03:39,754] [INFO] [preprocessing.feature_engineering]: Temporal features created successfully.
[2026-08-03 20:03:39,755] [INFO] [preprocessing.feature_engineering]: Velocity features created successfully.
[2026-08-03 20:03:39,756] [INFO] [preprocessing.feature_engineering]: Balance features created successfully.
[2026-08-03 20:03:39,757] [INFO] [preprocessing.feature_engineering]: Recipient features created successfully.
[2026-08-03 20:03:39,758] [INFO] [preprocessing.feature_engineering]: Device features created successfully.
[2026-08-03 20:03:39,760] [INFO] [preprocessing.feature_engineering]: Location features created successfully.
[2026-08-03 20:03:39,762] [INFO] [preprocessing.feature_engineering]: Customer behavior features created successfully.
[2026-08-03 20:03:39,766] [INFO] [preprocessing.feature_engineering]: Risk features created successfully.
[2026-08-03 20:03:39,767] [INFO] [preprocessing.feature_engineering]: Interaction features created successfully.
[2026-08-03 20:03:39,769] [INFO] [preprocessing.feature_engineering]: Feature matrix validation completed: 48 features, valid=True
[2026-08-03 20:03:39,769] [INFO] [preprocessing.feature_engineering]: Feature engineering pipeline completed for 'dataset'. Final shape: (1, 48)
[2026-08-03 20:04:52,638] [INFO] [preprocessing.feature_engineering]: Starting feature engineering pipeline for 'InferenceInput'...
[2026-08-03 20:04:52,641] [INFO] [preprocessing.feature_engineering]: Transaction features created successfully.
[2026-08-03 20:04:52,643] [INFO] [preprocessing.feature_engineering]: Temporal features created successfully.
[2026-08-03 20:04:52,644] [INFO] [preprocessing.feature_engineering]: Velocity features created successfully.
[2026-08-03 20:04:52,646] [INFO] [preprocessing.feature_engineering]: Balance features created successfully.
[2026-08-03 20:04:52,646] [INFO] [preprocessing.feature_engineering]: Recipient features created successfully.
[2026-08-03 20:04:52,648] [INFO] [preprocessing.feature_engineering]: Device features created successfully.
[2026-08-03 20:04:52,649] [INFO] [preprocessing.feature_engineering]: Location features created successfully.
[2026-08-03 20:04:52,651] [INFO] [preprocessing.feature_engineering]: Customer behavior features created successfully.
[2026-08-03 20:04:52,655] [INFO] [preprocessing.feature_engineering]: Risk features created successfully.
[2026-08-03 20:04:52,656] [INFO] [preprocessing.feature_engineering]: Interaction features created successfully.
[2026-08-03 20:04:52,659] [INFO] [preprocessing.feature_engineering]: Feature matrix validation completed: 57 features, valid=True
[2026-08-03 20:04:52,659] [INFO] [preprocessing.feature_engineering]: Feature engineering pipeline completed for 'InferenceInput'. Final shape: (1, 57)
[2026-08-03 20:04:54,111] [INFO] [models.predict]: Single Inference Complete (TXN-1785767692668): Pred=Scam / Fraudulent, Prob=0.9999, Risk=100, Time=1478.94ms
[2026-08-03 20:04:54,374] [INFO] [models.model_loader]: Artifact Validation Complete: ready=True, model=Gradient Boosting
[2026-08-03 20:04:54,376] [INFO] [models.model_loader]: Artifact Validation Complete: ready=True, model=Gradient Boosting
[2026-08-03 20:04:59,397] [INFO] [models.model_loader]: Artifact Validation Complete: ready=True, model=Gradient Boosting
[2026-08-03 20:04:59,397] [INFO] [models.model_loader]: Artifact Validation Complete: ready=True, model=Gradient Boosting
[2026-08-03 20:07:23,107] [INFO] [preprocessing.feature_engineering]: Starting feature engineering pipeline for 'InferenceInput'...
[2026-08-03 20:07:23,109] [INFO] [preprocessing.feature_engineering]: Transaction features created successfully.
[2026-08-03 20:07:23,111] [INFO] [preprocessing.feature_engineering]: Temporal features created successfully.
[2026-08-03 20:07:23,112] [INFO] [preprocessing.feature_engineering]: Velocity features created successfully.
[2026-08-03 20:07:23,113] [INFO] [preprocessing.feature_engineering]: Balance features created successfully.
[2026-08-03 20:07:23,114] [INFO] [preprocessing.feature_engineering]: Recipient features created successfully.
[2026-08-03 20:07:23,115] [INFO] [preprocessing.feature_engineering]: Device features created successfully.
[2026-08-03 20:07:23,116] [INFO] [preprocessing.feature_engineering]: Location features created successfully.
[2026-08-03 20:07:23,118] [INFO] [preprocessing.feature_engineering]: Customer behavior features created successfully.
[2026-08-03 20:07:23,122] [INFO] [preprocessing.feature_engineering]: Risk features created successfully.
[2026-08-03 20:07:23,123] [INFO] [preprocessing.feature_engineering]: Interaction features created successfully.
[2026-08-03 20:07:23,125] [INFO] [preprocessing.feature_engineering]: Feature matrix validation completed: 54 features, valid=True
[2026-08-03 20:07:23,125] [INFO] [preprocessing.feature_engineering]: Feature engineering pipeline completed for 'InferenceInput'. Final shape: (1, 54)
[2026-08-03 20:07:23,134] [INFO] [models.predict]: Single Inference Complete (TXN-1785767843134): Pred=Legitimate, Prob=0.0341, Risk=2, Time=33.22ms
[2026-08-03 20:07:23,135] [INFO] [preprocessing.feature_engineering]: Starting feature engineering pipeline for 'InferenceInput'...
[2026-08-03 20:07:23,137] [INFO] [preprocessing.feature_engineering]: Transaction features created successfully.
[2026-08-03 20:07:23,138] [INFO] [preprocessing.feature_engineering]: Temporal features created successfully.
[2026-08-03 20:07:23,139] [INFO] [preprocessing.feature_engineering]: Velocity features created successfully.
[2026-08-03 20:07:23,140] [INFO] [preprocessing.feature_engineering]: Balance features created successfully.
[2026-08-03 20:07:23,141] [INFO] [preprocessing.feature_engineering]: Recipient features created successfully.
[2026-08-03 20:07:23,142] [INFO] [preprocessing.feature_engineering]: Device features created successfully.
[2026-08-03 20:07:23,143] [INFO] [preprocessing.feature_engineering]: Location features created successfully.
[2026-08-03 20:07:23,145] [INFO] [preprocessing.feature_engineering]: Customer behavior features created successfully.
[2026-08-03 20:07:23,149] [INFO] [preprocessing.feature_engineering]: Risk features created successfully.
[2026-08-03 20:07:23,150] [INFO] [preprocessing.feature_engineering]: Interaction features created successfully.
[2026-08-03 20:07:23,152] [INFO] [preprocessing.feature_engineering]: Feature matrix validation completed: 54 features, valid=True
[2026-08-03 20:07:23,152] [INFO] [preprocessing.feature_engineering]: Feature engineering pipeline completed for 'InferenceInput'. Final shape: (1, 54)
[2026-08-03 20:07:23,160] [INFO] [models.predict]: Single Inference Complete (TXN-1785767843160): Pred=Legitimate, Prob=0.0341, Risk=5, Time=25.72ms
[2026-08-03 20:07:23,161] [INFO] [preprocessing.feature_engineering]: Starting feature engineering pipeline for 'InferenceInput'...
[2026-08-03 20:07:23,163] [INFO] [preprocessing.feature_engineering]: Transaction features created successfully.
[2026-08-03 20:07:23,165] [INFO] [preprocessing.feature_engineering]: Temporal features created successfully.
[2026-08-03 20:07:23,166] [INFO] [preprocessing.feature_engineering]: Velocity features created successfully.
[2026-08-03 20:07:23,167] [INFO] [preprocessing.feature_engineering]: Balance features created successfully.
[2026-08-03 20:07:23,168] [INFO] [preprocessing.feature_engineering]: Recipient features created successfully.
[2026-08-03 20:07:23,169] [INFO] [preprocessing.feature_engineering]: Device features created successfully.
[2026-08-03 20:07:23,170] [INFO] [preprocessing.feature_engineering]: Location features created successfully.
[2026-08-03 20:07:23,172] [INFO] [preprocessing.feature_engineering]: Customer behavior features created successfully.
[2026-08-03 20:07:23,176] [INFO] [preprocessing.feature_engineering]: Risk features created successfully.
[2026-08-03 20:07:23,177] [INFO] [preprocessing.feature_engineering]: Interaction features created successfully.
[2026-08-03 20:07:23,179] [INFO] [preprocessing.feature_engineering]: Feature matrix validation completed: 54 features, valid=True
[2026-08-03 20:07:23,179] [INFO] [preprocessing.feature_engineering]: Feature engineering pipeline completed for 'InferenceInput'. Final shape: (1, 54)
[2026-08-03 20:07:23,188] [INFO] [models.predict]: Single Inference Complete (TXN-1785767843188): Pred=Legitimate, Prob=0.3500, Risk=35, Time=27.63ms
[2026-08-03 20:07:23,189] [INFO] [preprocessing.feature_engineering]: Starting feature engineering pipeline for 'InferenceInput'...
[2026-08-03 20:07:23,190] [INFO] [preprocessing.feature_engineering]: Transaction features created successfully.
[2026-08-03 20:07:23,192] [INFO] [preprocessing.feature_engineering]: Temporal features created successfully.
[2026-08-03 20:07:23,194] [INFO] [preprocessing.feature_engineering]: Velocity features created successfully.
[2026-08-03 20:07:23,195] [INFO] [preprocessing.feature_engineering]: Balance features created successfully.
[2026-08-03 20:07:23,196] [INFO] [preprocessing.feature_engineering]: Recipient features created successfully.
[2026-08-03 20:07:23,197] [INFO] [preprocessing.feature_engineering]: Device features created successfully.
[2026-08-03 20:07:23,198] [INFO] [preprocessing.feature_engineering]: Location features created successfully.
[2026-08-03 20:07:23,200] [INFO] [preprocessing.feature_engineering]: Customer behavior features created successfully.
[2026-08-03 20:07:23,204] [INFO] [preprocessing.feature_engineering]: Risk features created successfully.
[2026-08-03 20:07:23,205] [INFO] [preprocessing.feature_engineering]: Interaction features created successfully.
[2026-08-03 20:07:23,206] [INFO] [preprocessing.feature_engineering]: Feature matrix validation completed: 54 features, valid=True
[2026-08-03 20:07:23,206] [INFO] [preprocessing.feature_engineering]: Feature engineering pipeline completed for 'InferenceInput'. Final shape: (1, 54)
[2026-08-03 20:07:23,215] [INFO] [models.predict]: Single Inference Complete (TXN-1785767843215): Pred=Scam / Fraudulent, Prob=0.9999, Risk=100, Time=26.57ms
[2026-08-03 20:09:00,057] [INFO] [models.model_loader]: Artifact Validation Complete: ready=True, model=Gradient Boosting
[2026-08-03 20:09:00,059] [INFO] [models.model_loader]: Artifact Validation Complete: ready=True, model=Gradient Boosting
[2026-08-03 20:09:08,713] [INFO] [models.model_loader]: Artifact Validation Complete: ready=True, model=Gradient Boosting
[2026-08-03 20:09:14,251] [INFO] [models.model_loader]: Artifact Validation Complete: ready=True, model=Gradient Boosting
[2026-08-03 20:09:14,343] [INFO] [models.model_loader]: Artifact Validation Complete: ready=True, model=Gradient Boosting
[2026-08-03 20:09:15,290] [INFO] [models.model_loader]: Artifact Validation Complete: ready=True, model=Gradient Boosting
[2026-08-03 20:09:15,300] [INFO] [preprocessing.feature_engineering]: Starting feature engineering pipeline for 'InferenceInput'...
[2026-08-03 20:09:15,305] [INFO] [preprocessing.feature_engineering]: Transaction features created successfully.
[2026-08-03 20:09:15,308] [INFO] [preprocessing.feature_engineering]: Temporal features created successfully.
[2026-08-03 20:09:15,311] [INFO] [preprocessing.feature_engineering]: Velocity features created successfully.
[2026-08-03 20:09:15,313] [INFO] [preprocessing.feature_engineering]: Balance features created successfully.
[2026-08-03 20:09:15,315] [INFO] [preprocessing.feature_engineering]: Recipient features created successfully.
[2026-08-03 20:09:15,318] [INFO] [preprocessing.feature_engineering]: Device features created successfully.
[2026-08-03 20:09:15,320] [INFO] [preprocessing.feature_engineering]: Location features created successfully.
[2026-08-03 20:09:15,324] [INFO] [preprocessing.feature_engineering]: Customer behavior features created successfully.
[2026-08-03 20:09:15,329] [INFO] [preprocessing.feature_engineering]: Risk features created successfully.
[2026-08-03 20:09:15,333] [INFO] [preprocessing.feature_engineering]: Interaction features created successfully.
[2026-08-03 20:09:15,336] [INFO] [preprocessing.feature_engineering]: Feature matrix validation completed: 60 features, valid=True
[2026-08-03 20:09:15,337] [INFO] [preprocessing.feature_engineering]: Feature engineering pipeline completed for 'InferenceInput'. Final shape: (1, 60)
[2026-08-03 20:09:16,668] [INFO] [models.predict]: Single Inference Complete (TXN-779006): Pred=Scam / Fraudulent, Prob=0.9999, Risk=100, Time=1367.98ms
[2026-08-03 20:09:25,675] [INFO] [models.model_loader]: Artifact Validation Complete: ready=True, model=Gradient Boosting
[2026-08-03 20:09:25,772] [INFO] [models.model_loader]: Artifact Validation Complete: ready=True, model=Gradient Boosting
[2026-08-03 20:09:27,635] [INFO] [models.model_loader]: Artifact Validation Complete: ready=True, model=Gradient Boosting
[2026-08-03 20:09:27,646] [INFO] [preprocessing.feature_engineering]: Starting feature engineering pipeline for 'InferenceInput'...
[2026-08-03 20:09:27,650] [INFO] [preprocessing.feature_engineering]: Transaction features created successfully.
[2026-08-03 20:09:27,653] [INFO] [preprocessing.feature_engineering]: Temporal features created successfully.
[2026-08-03 20:09:27,655] [INFO] [preprocessing.feature_engineering]: Velocity features created successfully.
[2026-08-03 20:09:27,657] [INFO] [preprocessing.feature_engineering]: Balance features created successfully.
[2026-08-03 20:09:27,659] [INFO] [preprocessing.feature_engineering]: Recipient features created successfully.
[2026-08-03 20:09:27,661] [INFO] [preprocessing.feature_engineering]: Device features created successfully.
[2026-08-03 20:09:27,663] [INFO] [preprocessing.feature_engineering]: Location features created successfully.
[2026-08-03 20:09:27,667] [INFO] [preprocessing.feature_engineering]: Customer behavior features created successfully.
[2026-08-03 20:09:27,674] [INFO] [preprocessing.feature_engineering]: Risk features created successfully.
[2026-08-03 20:09:27,679] [INFO] [preprocessing.feature_engineering]: Interaction features created successfully.
[2026-08-03 20:09:27,682] [INFO] [preprocessing.feature_engineering]: Feature matrix validation completed: 60 features, valid=True
[2026-08-03 20:09:27,683] [INFO] [preprocessing.feature_engineering]: Feature engineering pipeline completed for 'InferenceInput'. Final shape: (1, 60)
[2026-08-03 20:09:28,942] [INFO] [models.predict]: Single Inference Complete (TXN-975357): Pred=Scam / Fraudulent, Prob=0.9999, Risk=100, Time=1295.15ms
[2026-08-03 20:10:17,107] [INFO] [models.model_loader]: Artifact Validation Complete: ready=True, model=Gradient Boosting
[2026-08-03 20:10:17,118] [INFO] [preprocessing.feature_engineering]: Starting feature engineering pipeline for 'InferenceInput'...
[2026-08-03 20:10:17,121] [INFO] [preprocessing.feature_engineering]: Transaction features created successfully.
[2026-08-03 20:10:17,124] [INFO] [preprocessing.feature_engineering]: Temporal features created successfully.
[2026-08-03 20:10:17,127] [INFO] [preprocessing.feature_engineering]: Velocity features created successfully.
[2026-08-03 20:10:17,130] [INFO] [preprocessing.feature_engineering]: Balance features created successfully.
[2026-08-03 20:10:17,131] [INFO] [preprocessing.feature_engineering]: Recipient features created successfully.
[2026-08-03 20:10:17,133] [INFO] [preprocessing.feature_engineering]: Device features created successfully.
[2026-08-03 20:10:17,135] [INFO] [preprocessing.feature_engineering]: Location features created successfully.
[2026-08-03 20:10:17,138] [INFO] [preprocessing.feature_engineering]: Customer behavior features created successfully.
[2026-08-03 20:10:17,144] [INFO] [preprocessing.feature_engineering]: Risk features created successfully.
[2026-08-03 20:10:17,147] [INFO] [preprocessing.feature_engineering]: Interaction features created successfully.
[2026-08-03 20:10:17,151] [INFO] [preprocessing.feature_engineering]: Feature matrix validation completed: 60 features, valid=True
[2026-08-03 20:10:17,151] [INFO] [preprocessing.feature_engineering]: Feature engineering pipeline completed for 'InferenceInput'. Final shape: (1, 60)
[2026-08-03 20:10:18,409] [INFO] [models.predict]: Single Inference Complete (TXN-640493): Pred=Scam / Fraudulent, Prob=0.9999, Risk=100, Time=1291.68ms
[2026-08-03 20:14:31,645] [INFO] [models.model_loader]: Artifact Validation Complete: ready=True, model=Gradient Boosting
[2026-08-03 20:14:31,646] [INFO] [models.model_loader]: Artifact Validation Complete: ready=True, model=Gradient Boosting
[2026-08-03 20:14:38,898] [INFO] [models.model_loader]: Artifact Validation Complete: ready=True, model=Gradient Boosting
[2026-08-03 20:14:52,206] [INFO] [models.model_loader]: Artifact Validation Complete: ready=True, model=Gradient Boosting
[2026-08-03 20:14:54,534] [INFO] [models.model_loader]: Artifact Validation Complete: ready=True, model=Gradient Boosting
[2026-08-03 20:15:13,178] [INFO] [models.model_loader]: Artifact Validation Complete: ready=True, model=Gradient Boosting
[2026-08-03 20:15:13,187] [INFO] [preprocessing.feature_engineering]: Starting feature engineering pipeline for 'InferenceInput'...
[2026-08-03 20:15:13,191] [INFO] [preprocessing.feature_engineering]: Transaction features created successfully.
[2026-08-03 20:15:13,194] [INFO] [preprocessing.feature_engineering]: Temporal features created successfully.
[2026-08-03 20:15:13,197] [INFO] [preprocessing.feature_engineering]: Velocity features created successfully.
[2026-08-03 20:15:13,200] [INFO] [preprocessing.feature_engineering]: Balance features created successfully.
[2026-08-03 20:15:13,201] [INFO] [preprocessing.feature_engineering]: Recipient features created successfully.
[2026-08-03 20:15:13,203] [INFO] [preprocessing.feature_engineering]: Device features created successfully.
[2026-08-03 20:15:13,206] [INFO] [preprocessing.feature_engineering]: Location features created successfully.
[2026-08-03 20:15:13,210] [INFO] [preprocessing.feature_engineering]: Customer behavior features created successfully.
[2026-08-03 20:15:13,218] [INFO] [preprocessing.feature_engineering]: Risk features created successfully.
[2026-08-03 20:15:13,221] [INFO] [preprocessing.feature_engineering]: Interaction features created successfully.
[2026-08-03 20:15:13,224] [INFO] [preprocessing.feature_engineering]: Feature matrix validation completed: 60 features, valid=True
[2026-08-03 20:15:13,225] [INFO] [preprocessing.feature_engineering]: Feature engineering pipeline completed for 'InferenceInput'. Final shape: (1, 60)
[2026-08-03 20:15:13,989] [INFO] [models.model_loader]: Artifact Validation Complete: ready=True, model=Gradient Boosting
[2026-08-03 20:15:13,998] [INFO] [preprocessing.feature_engineering]: Starting feature engineering pipeline for 'InferenceInput'...
[2026-08-03 20:15:14,001] [INFO] [preprocessing.feature_engineering]: Transaction features created successfully.
[2026-08-03 20:15:14,004] [INFO] [preprocessing.feature_engineering]: Temporal features created successfully.
[2026-08-03 20:15:14,007] [INFO] [preprocessing.feature_engineering]: Velocity features created successfully.
[2026-08-03 20:15:14,009] [INFO] [preprocessing.feature_engineering]: Balance features created successfully.
[2026-08-03 20:15:14,010] [INFO] [preprocessing.feature_engineering]: Recipient features created successfully.
[2026-08-03 20:15:14,012] [INFO] [preprocessing.feature_engineering]: Device features created successfully.
[2026-08-03 20:15:14,016] [INFO] [preprocessing.feature_engineering]: Location features created successfully.
[2026-08-03 20:15:14,019] [INFO] [preprocessing.feature_engineering]: Customer behavior features created successfully.
[2026-08-03 20:15:14,024] [INFO] [preprocessing.feature_engineering]: Risk features created successfully.
[2026-08-03 20:15:14,026] [INFO] [preprocessing.feature_engineering]: Interaction features created successfully.
[2026-08-03 20:15:14,029] [INFO] [preprocessing.feature_engineering]: Feature matrix validation completed: 60 features, valid=True
[2026-08-03 20:15:14,029] [INFO] [preprocessing.feature_engineering]: Feature engineering pipeline completed for 'InferenceInput'. Final shape: (1, 60)
[2026-08-03 20:15:14,631] [INFO] [models.predict]: Single Inference Complete (TXN-557365): Pred=Legitimate, Prob=0.0341, Risk=2, Time=1445.27ms
[2026-08-03 20:15:15,604] [INFO] [models.predict]: Single Inference Complete (TXN-179237): Pred=Legitimate, Prob=0.0341, Risk=2, Time=1607.16ms
[2026-08-03 20:15:26,588] [INFO] [models.model_loader]: Artifact Validation Complete: ready=True, model=Gradient Boosting
[2026-08-03 20:15:26,694] [INFO] [models.model_loader]: Artifact Validation Complete: ready=True, model=Gradient Boosting
[2026-08-03 20:15:28,531] [INFO] [models.model_loader]: Artifact Validation Complete: ready=True, model=Gradient Boosting
[2026-08-03 20:15:28,539] [INFO] [preprocessing.feature_engineering]: Starting feature engineering pipeline for 'InferenceInput'...
[2026-08-03 20:15:28,542] [INFO] [preprocessing.feature_engineering]: Transaction features created successfully.
[2026-08-03 20:15:28,544] [INFO] [preprocessing.feature_engineering]: Temporal features created successfully.
[2026-08-03 20:15:28,546] [INFO] [preprocessing.feature_engineering]: Velocity features created successfully.
[2026-08-03 20:15:28,549] [INFO] [preprocessing.feature_engineering]: Balance features created successfully.
[2026-08-03 20:15:28,551] [INFO] [preprocessing.feature_engineering]: Recipient features created successfully.
[2026-08-03 20:15:28,552] [INFO] [preprocessing.feature_engineering]: Device features created successfully.
[2026-08-03 20:15:28,554] [INFO] [preprocessing.feature_engineering]: Location features created successfully.
[2026-08-03 20:15:28,558] [INFO] [preprocessing.feature_engineering]: Customer behavior features created successfully.
[2026-08-03 20:15:28,565] [INFO] [preprocessing.feature_engineering]: Risk features created successfully.
[2026-08-03 20:15:28,567] [INFO] [preprocessing.feature_engineering]: Interaction features created successfully.
[2026-08-03 20:15:28,569] [INFO] [preprocessing.feature_engineering]: Feature matrix validation completed: 60 features, valid=True
[2026-08-03 20:15:28,569] [INFO] [preprocessing.feature_engineering]: Feature engineering pipeline completed for 'InferenceInput'. Final shape: (1, 60)
[2026-08-03 20:15:29,789] [INFO] [models.predict]: Single Inference Complete (TXN-711294): Pred=Scam / Fraudulent, Prob=0.9999, Risk=100, Time=1251.04ms
[2026-08-03 20:15:43,020] [INFO] [models.model_loader]: Artifact Validation Complete: ready=True, model=Gradient Boosting
[2026-08-03 20:15:43,125] [INFO] [models.model_loader]: Artifact Validation Complete: ready=True, model=Gradient Boosting
[2026-08-03 20:15:44,932] [INFO] [models.model_loader]: Artifact Validation Complete: ready=True, model=Gradient Boosting
[2026-08-03 20:15:44,940] [INFO] [preprocessing.feature_engineering]: Starting feature engineering pipeline for 'InferenceInput'...
[2026-08-03 20:15:44,942] [INFO] [preprocessing.feature_engineering]: Transaction features created successfully.
[2026-08-03 20:15:44,945] [INFO] [preprocessing.feature_engineering]: Temporal features created successfully.
[2026-08-03 20:15:44,948] [INFO] [preprocessing.feature_engineering]: Velocity features created successfully.
[2026-08-03 20:15:44,951] [INFO] [preprocessing.feature_engineering]: Balance features created successfully.
[2026-08-03 20:15:44,952] [INFO] [preprocessing.feature_engineering]: Recipient features created successfully.
[2026-08-03 20:15:44,954] [INFO] [preprocessing.feature_engineering]: Device features created successfully.
[2026-08-03 20:15:44,956] [INFO] [preprocessing.feature_engineering]: Location features created successfully.
[2026-08-03 20:15:44,959] [INFO] [preprocessing.feature_engineering]: Customer behavior features created successfully.
[2026-08-03 20:15:44,966] [INFO] [preprocessing.feature_engineering]: Risk features created successfully.
[2026-08-03 20:15:44,967] [INFO] [preprocessing.feature_engineering]: Interaction features created successfully.
[2026-08-03 20:15:44,970] [INFO] [preprocessing.feature_engineering]: Feature matrix validation completed: 60 features, valid=True
[2026-08-03 20:15:44,971] [INFO] [preprocessing.feature_engineering]: Feature engineering pipeline completed for 'InferenceInput'. Final shape: (1, 60)
[2026-08-03 20:15:46,238] [INFO] [models.predict]: Single Inference Complete (TXN-980720): Pred=Scam / Fraudulent, Prob=0.9999, Risk=100, Time=1298.74ms
[2026-08-03 20:16:16,136] [INFO] [models.model_loader]: Artifact Validation Complete: ready=True, model=Gradient Boosting
[2026-08-03 20:16:38,350] [INFO] [models.model_loader]: Artifact Validation Complete: ready=True, model=Gradient Boosting
[2026-08-03 20:16:38,452] [INFO] [models.model_loader]: Artifact Validation Complete: ready=True, model=Gradient Boosting
[2026-08-03 20:16:39,565] [INFO] [models.model_loader]: Artifact Validation Complete: ready=True, model=Gradient Boosting
[2026-08-03 20:16:39,578] [INFO] [preprocessing.feature_engineering]: Starting feature engineering pipeline for 'InferenceInput'...
[2026-08-03 20:16:39,581] [INFO] [preprocessing.feature_engineering]: Transaction features created successfully.
[2026-08-03 20:16:39,584] [INFO] [preprocessing.feature_engineering]: Temporal features created successfully.
[2026-08-03 20:16:39,586] [INFO] [preprocessing.feature_engineering]: Velocity features created successfully.
[2026-08-03 20:16:39,588] [INFO] [preprocessing.feature_engineering]: Balance features created successfully.
[2026-08-03 20:16:39,590] [INFO] [preprocessing.feature_engineering]: Recipient features created successfully.
[2026-08-03 20:16:39,593] [INFO] [preprocessing.feature_engineering]: Device features created successfully.
[2026-08-03 20:16:39,595] [INFO] [preprocessing.feature_engineering]: Location features created successfully.
[2026-08-03 20:16:39,598] [INFO] [preprocessing.feature_engineering]: Customer behavior features created successfully.
[2026-08-03 20:16:39,606] [INFO] [preprocessing.feature_engineering]: Risk features created successfully.
[2026-08-03 20:16:39,608] [INFO] [preprocessing.feature_engineering]: Interaction features created successfully.
[2026-08-03 20:16:39,611] [INFO] [preprocessing.feature_engineering]: Feature matrix validation completed: 60 features, valid=True
[2026-08-03 20:16:39,611] [INFO] [preprocessing.feature_engineering]: Feature engineering pipeline completed for 'InferenceInput'. Final shape: (1, 60)
[2026-08-03 20:16:40,895] [INFO] [models.predict]: Single Inference Complete (TXN-970866): Pred=Legitimate, Prob=0.0341, Risk=2, Time=1319.23ms
[2026-08-04 09:08:01,870] [INFO] [models.model_loader]: Artifact Validation Complete: ready=True, model=Gradient Boosting
[2026-08-04 09:08:01,872] [INFO] [models.model_loader]: Artifact Validation Complete: ready=True, model=Gradient Boosting
[2026-08-04 09:08:28,481] [INFO] [models.model_loader]: Artifact Validation Complete: ready=True, model=Gradient Boosting
[2026-08-04 09:08:32,266] [INFO] [models.model_loader]: Artifact Validation Complete: ready=True, model=Gradient Boosting
[2026-08-04 09:08:32,357] [INFO] [models.model_loader]: Artifact Validation Complete: ready=True, model=Gradient Boosting
[2026-08-04 09:08:33,652] [INFO] [models.model_loader]: Artifact Validation Complete: ready=True, model=Gradient Boosting
[2026-08-04 09:08:33,660] [INFO] [preprocessing.feature_engineering]: Starting feature engineering pipeline for 'InferenceInput'...
[2026-08-04 09:08:33,667] [INFO] [preprocessing.feature_engineering]: Transaction features created successfully.
[2026-08-04 09:08:33,672] [INFO] [preprocessing.feature_engineering]: Temporal features created successfully.
[2026-08-04 09:08:33,674] [INFO] [preprocessing.feature_engineering]: Velocity features created successfully.
[2026-08-04 09:08:33,677] [INFO] [preprocessing.feature_engineering]: Balance features created successfully.
[2026-08-04 09:08:33,678] [INFO] [preprocessing.feature_engineering]: Recipient features created successfully.
[2026-08-04 09:08:33,683] [INFO] [preprocessing.feature_engineering]: Device features created successfully.
[2026-08-04 09:08:33,686] [INFO] [preprocessing.feature_engineering]: Location features created successfully.
[2026-08-04 09:08:33,688] [INFO] [preprocessing.feature_engineering]: Customer behavior features created successfully.
[2026-08-04 09:08:33,693] [INFO] [preprocessing.feature_engineering]: Risk features created successfully.
[2026-08-04 09:08:33,695] [INFO] [preprocessing.feature_engineering]: Interaction features created successfully.
[2026-08-04 09:08:33,700] [INFO] [preprocessing.feature_engineering]: Feature matrix validation completed: 60 features, valid=True
[2026-08-04 09:08:33,700] [INFO] [preprocessing.feature_engineering]: Feature engineering pipeline completed for 'InferenceInput'. Final shape: (1, 60)
[2026-08-04 09:08:35,240] [INFO] [models.predict]: Single Inference Complete (TXN-273928): Pred=Scam / Fraudulent, Prob=0.9999, Risk=100, Time=1581.64ms
[2026-08-04 09:08:42,244] [INFO] [models.model_loader]: Artifact Validation Complete: ready=True, model=Gradient Boosting
[2026-08-04 09:08:44,252] [INFO] [models.model_loader]: Artifact Validation Complete: ready=True, model=Gradient Boosting
[2026-08-04 09:08:44,339] [INFO] [models.model_loader]: Artifact Validation Complete: ready=True, model=Gradient Boosting
[2026-08-04 09:08:49,638] [INFO] [models.model_loader]: Artifact Validation Complete: ready=True, model=Gradient Boosting
[2026-08-04 09:08:50,302] [INFO] [models.model_loader]: Artifact Validation Complete: ready=True, model=Gradient Boosting
[2026-08-04 09:08:51,770] [INFO] [models.model_loader]: Artifact Validation Complete: ready=True, model=Gradient Boosting
[2026-08-04 09:08:51,859] [INFO] [models.model_loader]: Artifact Validation Complete: ready=True, model=Gradient Boosting
[2026-08-04 09:08:53,418] [INFO] [models.model_loader]: Artifact Validation Complete: ready=True, model=Gradient Boosting
[2026-08-04 09:08:53,428] [INFO] [preprocessing.feature_engineering]: Starting feature engineering pipeline for 'InferenceInput'...
[2026-08-04 09:08:53,431] [INFO] [preprocessing.feature_engineering]: Transaction features created successfully.
[2026-08-04 09:08:53,434] [INFO] [preprocessing.feature_engineering]: Temporal features created successfully.
[2026-08-04 09:08:53,437] [INFO] [preprocessing.feature_engineering]: Velocity features created successfully.
[2026-08-04 09:08:53,439] [INFO] [preprocessing.feature_engineering]: Balance features created successfully.
[2026-08-04 09:08:53,440] [INFO] [preprocessing.feature_engineering]: Recipient features created successfully.
[2026-08-04 09:08:53,442] [INFO] [preprocessing.feature_engineering]: Device features created successfully.
[2026-08-04 09:08:53,444] [INFO] [preprocessing.feature_engineering]: Location features created successfully.
[2026-08-04 09:08:53,448] [INFO] [preprocessing.feature_engineering]: Customer behavior features created successfully.
[2026-08-04 09:08:53,455] [INFO] [preprocessing.feature_engineering]: Risk features created successfully.
[2026-08-04 09:08:53,457] [INFO] [preprocessing.feature_engineering]: Interaction features created successfully.
[2026-08-04 09:08:53,461] [INFO] [preprocessing.feature_engineering]: Feature matrix validation completed: 60 features, valid=True
[2026-08-04 09:08:53,461] [INFO] [preprocessing.feature_engineering]: Feature engineering pipeline completed for 'InferenceInput'. Final shape: (1, 60)
[2026-08-04 09:08:54,636] [INFO] [models.predict]: Single Inference Complete (TXN-237760): Pred=Scam / Fraudulent, Prob=0.9999, Risk=100, Time=1209.02ms
[2026-08-04 10:04:53,297] [INFO] [preprocessing.feature_engineering]: Starting feature engineering pipeline for 'InferenceInput'...
[2026-08-04 10:04:53,299] [INFO] [preprocessing.feature_engineering]: Transaction features created successfully.
[2026-08-04 10:04:53,300] [INFO] [preprocessing.feature_engineering]: Temporal features created successfully.
[2026-08-04 10:04:53,301] [INFO] [preprocessing.feature_engineering]: Velocity features created successfully.
[2026-08-04 10:04:53,303] [INFO] [preprocessing.feature_engineering]: Balance features created successfully.
[2026-08-04 10:04:53,304] [INFO] [preprocessing.feature_engineering]: Recipient features created successfully.
[2026-08-04 10:04:53,305] [INFO] [preprocessing.feature_engineering]: Device features created successfully.
[2026-08-04 10:04:53,307] [INFO] [preprocessing.feature_engineering]: Location features created successfully.
[2026-08-04 10:04:53,308] [INFO] [preprocessing.feature_engineering]: Customer behavior features created successfully.
[2026-08-04 10:04:53,312] [INFO] [preprocessing.feature_engineering]: Risk features created successfully.
[2026-08-04 10:04:53,313] [INFO] [preprocessing.feature_engineering]: Interaction features created successfully.
[2026-08-04 10:04:53,315] [INFO] [preprocessing.feature_engineering]: Feature matrix validation completed: 60 features, valid=True
[2026-08-04 10:04:53,315] [INFO] [preprocessing.feature_engineering]: Feature engineering pipeline completed for 'InferenceInput'. Final shape: (1, 60)
[2026-08-04 10:04:55,285] [INFO] [models.predict]: Single Inference Complete (TXN-VERIFY-SCAM-001): Pred=Legitimate, Prob=0.4009, Risk=58, Time=1354.35ms
[2026-08-04 10:04:55,286] [INFO] [preprocessing.feature_engineering]: Starting feature engineering pipeline for 'InferenceInput'...
[2026-08-04 10:04:55,289] [INFO] [preprocessing.feature_engineering]: Transaction features created successfully.
[2026-08-04 10:04:55,290] [INFO] [preprocessing.feature_engineering]: Temporal features created successfully.
[2026-08-04 10:04:55,291] [INFO] [preprocessing.feature_engineering]: Velocity features created successfully.
[2026-08-04 10:04:55,293] [INFO] [preprocessing.feature_engineering]: Balance features created successfully.
[2026-08-04 10:04:55,293] [INFO] [preprocessing.feature_engineering]: Recipient features created successfully.
[2026-08-04 10:04:55,295] [INFO] [preprocessing.feature_engineering]: Device features created successfully.
[2026-08-04 10:04:55,296] [INFO] [preprocessing.feature_engineering]: Location features created successfully.
[2026-08-04 10:04:55,297] [INFO] [preprocessing.feature_engineering]: Customer behavior features created successfully.
[2026-08-04 10:04:55,301] [INFO] [preprocessing.feature_engineering]: Risk features created successfully.
[2026-08-04 10:04:55,302] [INFO] [preprocessing.feature_engineering]: Interaction features created successfully.
[2026-08-04 10:04:55,303] [INFO] [preprocessing.feature_engineering]: Feature matrix validation completed: 60 features, valid=True
[2026-08-04 10:04:55,303] [INFO] [preprocessing.feature_engineering]: Feature engineering pipeline completed for 'InferenceInput'. Final shape: (1, 60)
[2026-08-04 10:04:57,139] [INFO] [models.predict]: Single Inference Complete (TXN-VERIFY-LEGIT-002): Pred=Legitimate, Prob=0.1810, Risk=16, Time=1221.95ms
[2026-08-04 10:05:09,388] [INFO] [preprocessing.feature_engineering]: Starting feature engineering pipeline for 'InferenceInput'...
[2026-08-04 10:05:09,390] [INFO] [preprocessing.feature_engineering]: Transaction features created successfully.
[2026-08-04 10:05:09,392] [INFO] [preprocessing.feature_engineering]: Temporal features created successfully.
[2026-08-04 10:05:09,393] [INFO] [preprocessing.feature_engineering]: Velocity features created successfully.
[2026-08-04 10:05:09,394] [INFO] [preprocessing.feature_engineering]: Balance features created successfully.
[2026-08-04 10:05:09,395] [INFO] [preprocessing.feature_engineering]: Recipient features created successfully.
[2026-08-04 10:05:09,397] [INFO] [preprocessing.feature_engineering]: Device features created successfully.
[2026-08-04 10:05:09,398] [INFO] [preprocessing.feature_engineering]: Location features created successfully.
[2026-08-04 10:05:09,400] [INFO] [preprocessing.feature_engineering]: Customer behavior features created successfully.
[2026-08-04 10:05:09,403] [INFO] [preprocessing.feature_engineering]: Risk features created successfully.
[2026-08-04 10:05:09,405] [INFO] [preprocessing.feature_engineering]: Interaction features created successfully.
[2026-08-04 10:05:09,407] [INFO] [preprocessing.feature_engineering]: Feature matrix validation completed: 60 features, valid=True
[2026-08-04 10:05:09,407] [INFO] [preprocessing.feature_engineering]: Feature engineering pipeline completed for 'InferenceInput'. Final shape: (1, 60)
[2026-08-04 10:05:11,267] [INFO] [models.predict]: Single Inference Complete (TXN-VERIFY-SCAM-001): Pred=Legitimate, Prob=0.4009, Risk=58, Time=1268.1ms
[2026-08-04 10:05:11,268] [INFO] [preprocessing.feature_engineering]: Starting feature engineering pipeline for 'InferenceInput'...
[2026-08-04 10:05:11,270] [INFO] [preprocessing.feature_engineering]: Transaction features created successfully.
[2026-08-04 10:05:11,272] [INFO] [preprocessing.feature_engineering]: Temporal features created successfully.
[2026-08-04 10:05:11,274] [INFO] [preprocessing.feature_engineering]: Velocity features created successfully.
[2026-08-04 10:05:11,275] [INFO] [preprocessing.feature_engineering]: Balance features created successfully.
[2026-08-04 10:05:11,276] [INFO] [preprocessing.feature_engineering]: Recipient features created successfully.
[2026-08-04 10:05:11,277] [INFO] [preprocessing.feature_engineering]: Device features created successfully.
[2026-08-04 10:05:11,278] [INFO] [preprocessing.feature_engineering]: Location features created successfully.
[2026-08-04 10:05:11,280] [INFO] [preprocessing.feature_engineering]: Customer behavior features created successfully.
[2026-08-04 10:05:11,283] [INFO] [preprocessing.feature_engineering]: Risk features created successfully.
[2026-08-04 10:05:11,284] [INFO] [preprocessing.feature_engineering]: Interaction features created successfully.
[2026-08-04 10:05:11,287] [INFO] [preprocessing.feature_engineering]: Feature matrix validation completed: 60 features, valid=True
[2026-08-04 10:05:11,287] [INFO] [preprocessing.feature_engineering]: Feature engineering pipeline completed for 'InferenceInput'. Final shape: (1, 60)
[2026-08-04 10:05:13,049] [INFO] [models.predict]: Single Inference Complete (TXN-VERIFY-LEGIT-002): Pred=Legitimate, Prob=0.1810, Risk=16, Time=1173.6ms
[2026-08-04 10:52:42,565] [INFO] [models.model_loader]: Artifact Validation Complete: ready=True, model=Gradient Boosting
[2026-08-04 10:52:42,566] [INFO] [models.model_loader]: Artifact Validation Complete: ready=True, model=Gradient Boosting
[2026-08-04 10:55:49,293] [INFO] [models.model_loader]: Artifact Validation Complete: ready=True, model=Gradient Boosting
[2026-08-04 10:55:53,412] [INFO] [models.model_loader]: Artifact Validation Complete: ready=True, model=Gradient Boosting
[2026-08-04 10:55:53,505] [INFO] [models.model_loader]: Artifact Validation Complete: ready=True, model=Gradient Boosting
[2026-08-04 10:55:55,338] [INFO] [models.model_loader]: Artifact Validation Complete: ready=True, model=Gradient Boosting
[2026-08-04 10:55:55,346] [INFO] [preprocessing.feature_engineering]: Starting feature engineering pipeline for 'InferenceInput'...
[2026-08-04 10:55:55,349] [INFO] [preprocessing.feature_engineering]: Transaction features created successfully.
[2026-08-04 10:55:55,352] [INFO] [preprocessing.feature_engineering]: Temporal features created successfully.
[2026-08-04 10:55:55,354] [INFO] [preprocessing.feature_engineering]: Velocity features created successfully.
[2026-08-04 10:55:55,357] [INFO] [preprocessing.feature_engineering]: Balance features created successfully.
[2026-08-04 10:55:55,358] [INFO] [preprocessing.feature_engineering]: Recipient features created successfully.
[2026-08-04 10:55:55,361] [INFO] [preprocessing.feature_engineering]: Device features created successfully.
[2026-08-04 10:55:55,363] [INFO] [preprocessing.feature_engineering]: Location features created successfully.
[2026-08-04 10:55:55,367] [INFO] [preprocessing.feature_engineering]: Customer behavior features created successfully.
[2026-08-04 10:55:55,372] [INFO] [preprocessing.feature_engineering]: Risk features created successfully.
[2026-08-04 10:55:55,373] [INFO] [preprocessing.feature_engineering]: Interaction features created successfully.
[2026-08-04 10:55:55,376] [INFO] [preprocessing.feature_engineering]: Feature matrix validation completed: 60 features, valid=True
[2026-08-04 10:55:55,377] [INFO] [preprocessing.feature_engineering]: Feature engineering pipeline completed for 'InferenceInput'. Final shape: (1, 60)
[2026-08-04 10:55:57,374] [INFO] [models.predict]: Single Inference Complete (TXN-289332): Pred=Legitimate, Prob=0.4010, Risk=58, Time=1336.79ms
[2026-08-04 10:55:57,377] [INFO] [models.model_loader]: Artifact Validation Complete: ready=True, model=Gradient Boosting
[2026-08-04 10:55:57,378] [INFO] [models.model_loader]: Artifact Validation Complete: ready=True, model=Gradient Boosting
[2026-08-04 10:56:25,753] [INFO] [models.model_loader]: Artifact Validation Complete: ready=True, model=Gradient Boosting
[2026-08-04 10:56:27,852] [INFO] [models.model_loader]: Artifact Validation Complete: ready=True, model=Gradient Boosting
[2026-08-04 10:56:27,865] [INFO] [preprocessing.feature_engineering]: Starting feature engineering pipeline for 'InferenceInput'...
[2026-08-04 10:56:27,867] [INFO] [preprocessing.feature_engineering]: Transaction features created successfully.
[2026-08-04 10:56:27,870] [INFO] [preprocessing.feature_engineering]: Temporal features created successfully.
[2026-08-04 10:56:27,871] [INFO] [preprocessing.feature_engineering]: Velocity features created successfully.
[2026-08-04 10:56:27,873] [INFO] [preprocessing.feature_engineering]: Balance features created successfully.
[2026-08-04 10:56:27,874] [INFO] [preprocessing.feature_engineering]: Recipient features created successfully.
[2026-08-04 10:56:27,877] [INFO] [preprocessing.feature_engineering]: Device features created successfully.
[2026-08-04 10:56:27,879] [INFO] [preprocessing.feature_engineering]: Location features created successfully.
[2026-08-04 10:56:27,881] [INFO] [preprocessing.feature_engineering]: Customer behavior features created successfully.
[2026-08-04 10:56:27,889] [INFO] [preprocessing.feature_engineering]: Risk features created successfully.
[2026-08-04 10:56:27,892] [INFO] [preprocessing.feature_engineering]: Interaction features created successfully.
[2026-08-04 10:56:27,895] [INFO] [preprocessing.feature_engineering]: Feature matrix validation completed: 60 features, valid=True
[2026-08-04 10:56:27,895] [INFO] [preprocessing.feature_engineering]: Feature engineering pipeline completed for 'InferenceInput'. Final shape: (1, 60)
[2026-08-04 10:56:29,745] [INFO] [models.predict]: Single Inference Complete (TXN-631446): Pred=Legitimate, Prob=0.4010, Risk=58, Time=1253.92ms
[2026-08-04 10:56:29,747] [INFO] [models.model_loader]: Artifact Validation Complete: ready=True, model=Gradient Boosting
[2026-08-04 10:56:29,748] [INFO] [models.model_loader]: Artifact Validation Complete: ready=True, model=Gradient Boosting
[2026-08-04 11:00:01,344] [INFO] [models.model_loader]: Artifact Validation Complete: ready=True, model=Gradient Boosting
[2026-08-04 11:00:01,344] [INFO] [models.model_loader]: Artifact Validation Complete: ready=True, model=Gradient Boosting
[2026-08-04 11:01:23,334] [INFO] [models.model_loader]: Artifact Validation Complete: ready=True, model=Gradient Boosting
[2026-08-04 11:01:24,693] [INFO] [models.model_loader]: Artifact Validation Complete: ready=True, model=Gradient Boosting
[2026-08-04 11:01:24,786] [INFO] [models.model_loader]: Artifact Validation Complete: ready=True, model=Gradient Boosting
[2026-08-04 11:01:26,033] [INFO] [models.model_loader]: Artifact Validation Complete: ready=True, model=Gradient Boosting
[2026-08-04 11:01:28,334] [INFO] [models.model_loader]: Artifact Validation Complete: ready=True, model=Gradient Boosting
[2026-08-04 11:01:28,433] [INFO] [models.model_loader]: Artifact Validation Complete: ready=True, model=Gradient Boosting
[2026-08-04 11:01:32,128] [INFO] [models.model_loader]: Artifact Validation Complete: ready=True, model=Gradient Boosting
[2026-08-04 11:01:32,816] [INFO] [models.model_loader]: Artifact Validation Complete: ready=True, model=Gradient Boosting
[2026-08-04 11:01:33,789] [INFO] [models.model_loader]: Artifact Validation Complete: ready=True, model=Gradient Boosting
[2026-08-04 11:01:33,874] [INFO] [models.model_loader]: Artifact Validation Complete: ready=True, model=Gradient Boosting
[2026-08-04 11:01:35,420] [INFO] [models.model_loader]: Artifact Validation Complete: ready=True, model=Gradient Boosting
[2026-08-04 11:01:35,433] [INFO] [preprocessing.feature_engineering]: Starting feature engineering pipeline for 'InferenceInput'...
[2026-08-04 11:01:35,437] [INFO] [preprocessing.feature_engineering]: Transaction features created successfully.
[2026-08-04 11:01:35,441] [INFO] [preprocessing.feature_engineering]: Temporal features created successfully.
[2026-08-04 11:01:35,444] [INFO] [preprocessing.feature_engineering]: Velocity features created successfully.
[2026-08-04 11:01:35,446] [INFO] [preprocessing.feature_engineering]: Balance features created successfully.
[2026-08-04 11:01:35,448] [INFO] [preprocessing.feature_engineering]: Recipient features created successfully.
[2026-08-04 11:01:35,450] [INFO] [preprocessing.feature_engineering]: Device features created successfully.
[2026-08-04 11:01:35,453] [INFO] [preprocessing.feature_engineering]: Location features created successfully.
[2026-08-04 11:01:35,458] [INFO] [preprocessing.feature_engineering]: Customer behavior features created successfully.
[2026-08-04 11:01:35,466] [INFO] [preprocessing.feature_engineering]: Risk features created successfully.
[2026-08-04 11:01:35,469] [INFO] [preprocessing.feature_engineering]: Interaction features created successfully.
[2026-08-04 11:01:35,473] [INFO] [preprocessing.feature_engineering]: Feature matrix validation completed: 60 features, valid=True
[2026-08-04 11:01:35,473] [INFO] [preprocessing.feature_engineering]: Feature engineering pipeline completed for 'InferenceInput'. Final shape: (1, 60)
[2026-08-04 11:01:37,502] [INFO] [models.predict]: Single Inference Complete (TXN-929521): Pred=Legitimate, Prob=0.4010, Risk=58, Time=1361.44ms
[2026-08-04 11:01:37,505] [INFO] [models.model_loader]: Artifact Validation Complete: ready=True, model=Gradient Boosting
[2026-08-04 11:01:37,505] [INFO] [models.model_loader]: Artifact Validation Complete: ready=True, model=Gradient Boosting
[2026-08-04 11:08:25,797] [INFO] [__main__]: Loaded training dataset from D:\F Drive\GuidedGuard Explainable AI for Scam-Guided Digital Payment Detection\Code\data\processed\paysim_featured.csv with shape (25000, 56)
[2026-08-04 11:08:25,880] [INFO] [__main__]: Train/Test split complete. X_train: (20000, 55), X_test: (5000, 55)
[2026-08-04 11:08:25,883] [INFO] [__main__]: Saved fitted StandardScaler artifact to: D:\F Drive\GuidedGuard Explainable AI for Scam-Guided Digital Payment Detection\Code\models\scaler.pkl
[2026-08-04 11:08:25,883] [INFO] [__main__]: Training model: Logistic Regression...
[2026-08-04 11:08:26,044] [INFO] [__main__]: Finished training Logistic Regression in 0.161s
[2026-08-04 11:08:26,044] [INFO] [__main__]: Training model: Decision Tree...
[2026-08-04 11:08:26,266] [INFO] [__main__]: Finished training Decision Tree in 0.222s
[2026-08-04 11:08:26,267] [INFO] [__main__]: Training model: Random Forest...
[2026-08-04 11:08:30,895] [INFO] [__main__]: Finished training Random Forest in 4.629s
[2026-08-04 11:08:30,895] [INFO] [__main__]: Training model: Extra Trees...
[2026-08-04 11:08:31,697] [INFO] [__main__]: Finished training Extra Trees in 0.802s
[2026-08-04 11:08:31,697] [INFO] [__main__]: Training model: Gradient Boosting...
[2026-08-04 11:08:58,344] [INFO] [__main__]: Finished training Gradient Boosting in 26.647s
[2026-08-04 11:08:58,345] [INFO] [__main__]: Training model: HistGradientBoosting...
[2026-08-04 11:09:01,338] [INFO] [__main__]: Finished training HistGradientBoosting in 2.994s
[2026-08-04 11:09:01,338] [INFO] [__main__]: Starting hyperparameter tuning for Random Forest...
[2026-08-04 11:09:34,234] [INFO] [__main__]: Hyperparameter tuning finished for Random Forest. Best F1 Score: 0.9851
[2026-08-04 11:09:34,256] [INFO] [__main__]: Logistic Regression Results -> Accuracy: 0.9992, F1: 0.9661, ROC-AUC: 0.9997
[2026-08-04 11:09:34,275] [INFO] [__main__]: Decision Tree Results -> Accuracy: 0.9994, F1: 0.9748, ROC-AUC: 0.9832
[2026-08-04 11:09:34,348] [INFO] [__main__]: Random Forest Results -> Accuracy: 0.9994, F1: 0.9744, ROC-AUC: 1.0
[2026-08-04 11:09:34,450] [INFO] [__main__]: Extra Trees Results -> Accuracy: 0.9984, F1: 0.9286, ROC-AUC: 1.0
[2026-08-04 11:09:34,475] [INFO] [__main__]: Gradient Boosting Results -> Accuracy: 1.0, F1: 1.0, ROC-AUC: 1.0
[2026-08-04 11:09:34,499] [INFO] [__main__]: HistGradientBoosting Results -> Accuracy: 0.9998, F1: 0.9916, ROC-AUC: 1.0
[2026-08-04 11:09:34,606] [INFO] [__main__]: Tuned Random Forest Results -> Accuracy: 0.9994, F1: 0.9744, ROC-AUC: 1.0
[2026-08-04 11:09:34,615] [INFO] [__main__]: Top Model Selected: 'Gradient Boosting' with F1-Score = 1.0
[2026-08-04 11:09:34,620] [INFO] [__main__]: Saved trained model artifact to: D:\F Drive\GuidedGuard Explainable AI for Scam-Guided Digital Payment Detection\Code\models\saved_model.pkl
[2026-08-04 11:09:34,623] [INFO] [__main__]: Saved model metadata JSON to: D:\F Drive\GuidedGuard Explainable AI for Scam-Guided Digital Payment Detection\Code\models\model_metadata.json
[2026-08-04 11:10:55,481] [INFO] [preprocessing.feature_engineering]: Starting feature engineering pipeline for 'InferenceInput'...
[2026-08-04 11:10:55,484] [INFO] [preprocessing.feature_engineering]: Transaction features created successfully.
[2026-08-04 11:10:55,486] [INFO] [preprocessing.feature_engineering]: Temporal features created successfully.
[2026-08-04 11:10:55,487] [INFO] [preprocessing.feature_engineering]: Velocity features created successfully.
[2026-08-04 11:10:55,489] [INFO] [preprocessing.feature_engineering]: Balance features created successfully.
[2026-08-04 11:10:55,489] [INFO] [preprocessing.feature_engineering]: Recipient features created successfully.
[2026-08-04 11:10:55,491] [INFO] [preprocessing.feature_engineering]: Device features created successfully.
[2026-08-04 11:10:55,492] [INFO] [preprocessing.feature_engineering]: Location features created successfully.
[2026-08-04 11:10:55,494] [INFO] [preprocessing.feature_engineering]: Customer behavior features created successfully.
[2026-08-04 11:10:55,498] [INFO] [preprocessing.feature_engineering]: Risk features created successfully.
[2026-08-04 11:10:55,499] [INFO] [preprocessing.feature_engineering]: Interaction features created successfully.
[2026-08-04 11:10:55,501] [INFO] [preprocessing.feature_engineering]: Feature matrix validation completed: 60 features, valid=True
[2026-08-04 11:10:55,501] [INFO] [preprocessing.feature_engineering]: Feature engineering pipeline completed for 'InferenceInput'. Final shape: (1, 60)
[2026-08-04 11:10:57,344] [INFO] [models.predict]: Single Inference Complete (TXN-VERIFY-SCAM-001): Pred=Legitimate, Prob=0.4009, Risk=58, Time=1286.09ms
[2026-08-04 11:10:57,345] [INFO] [preprocessing.feature_engineering]: Starting feature engineering pipeline for 'InferenceInput'...
[2026-08-04 11:10:57,346] [INFO] [preprocessing.feature_engineering]: Transaction features created successfully.
[2026-08-04 11:10:57,348] [INFO] [preprocessing.feature_engineering]: Temporal features created successfully.
[2026-08-04 11:10:57,349] [INFO] [preprocessing.feature_engineering]: Velocity features created successfully.
[2026-08-04 11:10:57,350] [INFO] [preprocessing.feature_engineering]: Balance features created successfully.
[2026-08-04 11:10:57,351] [INFO] [preprocessing.feature_engineering]: Recipient features created successfully.
[2026-08-04 11:10:57,352] [INFO] [preprocessing.feature_engineering]: Device features created successfully.
[2026-08-04 11:10:57,353] [INFO] [preprocessing.feature_engineering]: Location features created successfully.
[2026-08-04 11:10:57,355] [INFO] [preprocessing.feature_engineering]: Customer behavior features created successfully.
[2026-08-04 11:10:57,359] [INFO] [preprocessing.feature_engineering]: Risk features created successfully.
[2026-08-04 11:10:57,360] [INFO] [preprocessing.feature_engineering]: Interaction features created successfully.
[2026-08-04 11:10:57,362] [INFO] [preprocessing.feature_engineering]: Feature matrix validation completed: 60 features, valid=True
[2026-08-04 11:10:57,362] [INFO] [preprocessing.feature_engineering]: Feature engineering pipeline completed for 'InferenceInput'. Final shape: (1, 60)
[2026-08-04 11:10:59,110] [INFO] [models.predict]: Single Inference Complete (TXN-VERIFY-LEGIT-002): Pred=Legitimate, Prob=0.1810, Risk=16, Time=1151.65ms
[2026-08-04 11:11:19,673] [INFO] [models.model_loader]: Artifact Validation Complete: ready=True, model=Gradient Boosting
[2026-08-04 11:11:19,674] [INFO] [models.model_loader]: Artifact Validation Complete: ready=True, model=Gradient Boosting
[2026-08-04 11:11:24,733] [INFO] [models.model_loader]: Artifact Validation Complete: ready=True, model=Gradient Boosting
[2026-08-04 11:11:26,747] [INFO] [models.model_loader]: Artifact Validation Complete: ready=True, model=Gradient Boosting
[2026-08-04 11:11:26,847] [INFO] [models.model_loader]: Artifact Validation Complete: ready=True, model=Gradient Boosting
[2026-08-04 11:11:29,113] [INFO] [models.model_loader]: Artifact Validation Complete: ready=True, model=Gradient Boosting
[2026-08-04 11:11:30,868] [INFO] [models.model_loader]: Artifact Validation Complete: ready=True, model=Gradient Boosting
[2026-08-04 11:11:30,881] [INFO] [preprocessing.feature_engineering]: Starting feature engineering pipeline for 'InferenceInput'...
[2026-08-04 11:11:30,884] [INFO] [preprocessing.feature_engineering]: Transaction features created successfully.
[2026-08-04 11:11:30,887] [INFO] [preprocessing.feature_engineering]: Temporal features created successfully.
[2026-08-04 11:11:30,889] [INFO] [preprocessing.feature_engineering]: Velocity features created successfully.
[2026-08-04 11:11:30,891] [INFO] [preprocessing.feature_engineering]: Balance features created successfully.
[2026-08-04 11:11:30,893] [INFO] [preprocessing.feature_engineering]: Recipient features created successfully.
[2026-08-04 11:11:30,895] [INFO] [preprocessing.feature_engineering]: Device features created successfully.
[2026-08-04 11:11:30,897] [INFO] [preprocessing.feature_engineering]: Location features created successfully.
[2026-08-04 11:11:30,901] [INFO] [preprocessing.feature_engineering]: Customer behavior features created successfully.
[2026-08-04 11:11:30,908] [INFO] [preprocessing.feature_engineering]: Risk features created successfully.
[2026-08-04 11:11:30,910] [INFO] [preprocessing.feature_engineering]: Interaction features created successfully.
[2026-08-04 11:11:30,914] [INFO] [preprocessing.feature_engineering]: Feature matrix validation completed: 60 features, valid=True
[2026-08-04 11:11:30,914] [INFO] [preprocessing.feature_engineering]: Feature engineering pipeline completed for 'InferenceInput'. Final shape: (1, 60)
[2026-08-04 11:11:32,819] [INFO] [models.predict]: Single Inference Complete (TXN-911606): Pred=Legitimate, Prob=0.4010, Risk=58, Time=1302.8ms
[2026-08-04 11:11:56,636] [INFO] [models.model_loader]: Artifact Validation Complete: ready=True, model=Gradient Boosting
[2026-08-04 11:11:56,746] [INFO] [models.model_loader]: Artifact Validation Complete: ready=True, model=Gradient Boosting
[2026-08-04 11:12:00,011] [INFO] [models.model_loader]: Artifact Validation Complete: ready=True, model=Gradient Boosting
[2026-08-04 11:12:00,022] [INFO] [preprocessing.feature_engineering]: Starting feature engineering pipeline for 'InferenceInput'...
[2026-08-04 11:12:00,024] [INFO] [preprocessing.feature_engineering]: Transaction features created successfully.
[2026-08-04 11:12:00,027] [INFO] [preprocessing.feature_engineering]: Temporal features created successfully.
[2026-08-04 11:12:00,029] [INFO] [preprocessing.feature_engineering]: Velocity features created successfully.
[2026-08-04 11:12:00,031] [INFO] [preprocessing.feature_engineering]: Balance features created successfully.
[2026-08-04 11:12:00,032] [INFO] [preprocessing.feature_engineering]: Recipient features created successfully.
[2026-08-04 11:12:00,034] [INFO] [preprocessing.feature_engineering]: Device features created successfully.
[2026-08-04 11:12:00,036] [INFO] [preprocessing.feature_engineering]: Location features created successfully.
[2026-08-04 11:12:00,039] [INFO] [preprocessing.feature_engineering]: Customer behavior features created successfully.
[2026-08-04 11:12:00,044] [INFO] [preprocessing.feature_engineering]: Risk features created successfully.
[2026-08-04 11:12:00,046] [INFO] [preprocessing.feature_engineering]: Interaction features created successfully.
[2026-08-04 11:12:00,050] [INFO] [preprocessing.feature_engineering]: Feature matrix validation completed: 60 features, valid=True
[2026-08-04 11:12:00,050] [INFO] [preprocessing.feature_engineering]: Feature engineering pipeline completed for 'InferenceInput'. Final shape: (1, 60)
[2026-08-04 11:12:01,892] [INFO] [models.predict]: Single Inference Complete (TXN-241495): Pred=Legitimate, Prob=0.4009, Risk=58, Time=1256.51ms
[2026-08-04 11:21:52,963] [INFO] [preprocessing.feature_engineering]: Starting feature engineering pipeline for 'InferenceInput'...
[2026-08-04 11:21:52,965] [INFO] [preprocessing.feature_engineering]: Transaction features created successfully.
[2026-08-04 11:21:52,966] [INFO] [preprocessing.feature_engineering]: Temporal features created successfully.
[2026-08-04 11:21:52,967] [INFO] [preprocessing.feature_engineering]: Velocity features created successfully.
[2026-08-04 11:21:52,969] [INFO] [preprocessing.feature_engineering]: Balance features created successfully.
[2026-08-04 11:21:52,969] [INFO] [preprocessing.feature_engineering]: Recipient features created successfully.
[2026-08-04 11:21:52,971] [INFO] [preprocessing.feature_engineering]: Device features created successfully.
[2026-08-04 11:21:52,972] [INFO] [preprocessing.feature_engineering]: Location features created successfully.
[2026-08-04 11:21:52,974] [INFO] [preprocessing.feature_engineering]: Customer behavior features created successfully.
[2026-08-04 11:21:52,978] [INFO] [preprocessing.feature_engineering]: Risk features created successfully.
[2026-08-04 11:21:52,979] [INFO] [preprocessing.feature_engineering]: Interaction features created successfully.
[2026-08-04 11:21:52,981] [INFO] [preprocessing.feature_engineering]: Feature matrix validation completed: 60 features, valid=True
[2026-08-04 11:21:52,981] [INFO] [preprocessing.feature_engineering]: Feature engineering pipeline completed for 'InferenceInput'. Final shape: (1, 60)
[2026-08-04 11:21:54,807] [INFO] [models.predict]: Single Inference Complete (TXN-EXEMPLAR-SCAM-95K): Pred=Scam / Fraudulent, Prob=0.5836, Risk=80, Time=1249.45ms
[2026-08-04 11:22:59,263] [INFO] [models.model_loader]: Artifact Validation Complete: ready=True, model=Gradient Boosting
[2026-08-04 11:22:59,264] [INFO] [models.model_loader]: Artifact Validation Complete: ready=True, model=Gradient Boosting
[2026-08-04 11:22:59,814] [INFO] [models.model_loader]: Artifact Validation Complete: ready=True, model=Gradient Boosting
[2026-08-04 11:22:59,816] [INFO] [models.model_loader]: Artifact Validation Complete: ready=True, model=Gradient Boosting
[2026-08-04 11:23:00,117] [INFO] [models.model_loader]: Artifact Validation Complete: ready=True, model=Gradient Boosting
[2026-08-04 11:23:00,119] [INFO] [models.model_loader]: Artifact Validation Complete: ready=True, model=Gradient Boosting
[2026-08-04 11:27:00,925] [INFO] [models.model_loader]: Artifact Validation Complete: ready=True, model=Gradient Boosting
[2026-08-04 11:27:00,926] [INFO] [models.model_loader]: Artifact Validation Complete: ready=True, model=Gradient Boosting
[2026-08-04 11:27:05,817] [INFO] [models.model_loader]: Artifact Validation Complete: ready=True, model=Gradient Boosting
[2026-08-04 11:27:34,629] [INFO] [models.model_loader]: Artifact Validation Complete: ready=True, model=Gradient Boosting
[2026-08-04 11:27:34,630] [INFO] [models.model_loader]: Artifact Validation Complete: ready=True, model=Gradient Boosting
[2026-08-04 11:27:37,387] [INFO] [models.model_loader]: Artifact Validation Complete: ready=True, model=Gradient Boosting
[2026-08-04 11:27:38,965] [INFO] [models.model_loader]: Artifact Validation Complete: ready=True, model=Gradient Boosting
[2026-08-04 11:27:39,054] [INFO] [models.model_loader]: Artifact Validation Complete: ready=True, model=Gradient Boosting
[2026-08-04 11:27:40,141] [INFO] [models.model_loader]: Artifact Validation Complete: ready=True, model=Gradient Boosting
[2026-08-04 11:27:41,325] [INFO] [models.model_loader]: Artifact Validation Complete: ready=True, model=Gradient Boosting
[2026-08-04 11:27:41,415] [INFO] [models.model_loader]: Artifact Validation Complete: ready=True, model=Gradient Boosting
[2026-08-04 11:27:43,012] [INFO] [models.model_loader]: Artifact Validation Complete: ready=True, model=Gradient Boosting
[2026-08-04 11:27:43,024] [INFO] [preprocessing.feature_engineering]: Starting feature engineering pipeline for 'InferenceInput'...
[2026-08-04 11:27:43,027] [INFO] [preprocessing.feature_engineering]: Transaction features created successfully.
[2026-08-04 11:27:43,030] [INFO] [preprocessing.feature_engineering]: Temporal features created successfully.
[2026-08-04 11:27:43,032] [INFO] [preprocessing.feature_engineering]: Velocity features created successfully.
[2026-08-04 11:27:43,035] [INFO] [preprocessing.feature_engineering]: Balance features created successfully.
[2026-08-04 11:27:43,036] [INFO] [preprocessing.feature_engineering]: Recipient features created successfully.
[2026-08-04 11:27:43,038] [INFO] [preprocessing.feature_engineering]: Device features created successfully.
[2026-08-04 11:27:43,040] [INFO] [preprocessing.feature_engineering]: Location features created successfully.
[2026-08-04 11:27:43,044] [INFO] [preprocessing.feature_engineering]: Customer behavior features created successfully.
[2026-08-04 11:27:43,051] [INFO] [preprocessing.feature_engineering]: Risk features created successfully.
[2026-08-04 11:27:43,053] [INFO] [preprocessing.feature_engineering]: Interaction features created successfully.
[2026-08-04 11:27:43,057] [INFO] [preprocessing.feature_engineering]: Feature matrix validation completed: 60 features, valid=True
[2026-08-04 11:27:43,057] [INFO] [preprocessing.feature_engineering]: Feature engineering pipeline completed for 'InferenceInput'. Final shape: (1, 60)
[2026-08-04 11:27:44,911] [INFO] [models.predict]: Single Inference Complete (TXN-147355): Pred=Scam / Fraudulent, Prob=0.5836, Risk=80, Time=1265.45ms
[2026-08-04 11:27:56,390] [INFO] [models.model_loader]: Artifact Validation Complete: ready=True, model=Gradient Boosting
[2026-08-04 11:27:56,494] [INFO] [models.model_loader]: Artifact Validation Complete: ready=True, model=Gradient Boosting
[2026-08-04 11:27:57,644] [INFO] [models.model_loader]: Artifact Validation Complete: ready=True, model=Gradient Boosting
[2026-08-04 11:27:57,657] [INFO] [preprocessing.feature_engineering]: Starting feature engineering pipeline for 'InferenceInput'...
[2026-08-04 11:27:57,659] [INFO] [preprocessing.feature_engineering]: Transaction features created successfully.
[2026-08-04 11:27:57,661] [INFO] [preprocessing.feature_engineering]: Temporal features created successfully.
[2026-08-04 11:27:57,663] [INFO] [preprocessing.feature_engineering]: Velocity features created successfully.
[2026-08-04 11:27:57,665] [INFO] [preprocessing.feature_engineering]: Balance features created successfully.
[2026-08-04 11:27:57,667] [INFO] [preprocessing.feature_engineering]: Recipient features created successfully.
[2026-08-04 11:27:57,669] [INFO] [preprocessing.feature_engineering]: Device features created successfully.
[2026-08-04 11:27:57,671] [INFO] [preprocessing.feature_engineering]: Location features created successfully.
[2026-08-04 11:27:57,674] [INFO] [preprocessing.feature_engineering]: Customer behavior features created successfully.
[2026-08-04 11:27:57,680] [INFO] [preprocessing.feature_engineering]: Risk features created successfully.
[2026-08-04 11:27:57,682] [INFO] [preprocessing.feature_engineering]: Interaction features created successfully.
[2026-08-04 11:27:57,685] [INFO] [preprocessing.feature_engineering]: Feature matrix validation completed: 60 features, valid=True
[2026-08-04 11:27:57,687] [INFO] [preprocessing.feature_engineering]: Feature engineering pipeline completed for 'InferenceInput'. Final shape: (1, 60)
[2026-08-04 11:27:59,499] [INFO] [models.predict]: Single Inference Complete (TXN-173080): Pred=Scam / Fraudulent, Prob=0.4861, Risk=66, Time=1223.48ms
[2026-08-04 11:28:04,523] [INFO] [models.model_loader]: Artifact Validation Complete: ready=True, model=Gradient Boosting
[2026-08-04 11:28:04,619] [INFO] [models.model_loader]: Artifact Validation Complete: ready=True, model=Gradient Boosting
[2026-08-04 11:28:06,134] [INFO] [models.model_loader]: Artifact Validation Complete: ready=True, model=Gradient Boosting
[2026-08-04 11:28:06,145] [INFO] [preprocessing.feature_engineering]: Starting feature engineering pipeline for 'InferenceInput'...
[2026-08-04 11:28:06,148] [INFO] [preprocessing.feature_engineering]: Transaction features created successfully.
[2026-08-04 11:28:06,151] [INFO] [preprocessing.feature_engineering]: Temporal features created successfully.
[2026-08-04 11:28:06,152] [INFO] [preprocessing.feature_engineering]: Velocity features created successfully.
[2026-08-04 11:28:06,154] [INFO] [preprocessing.feature_engineering]: Balance features created successfully.
[2026-08-04 11:28:06,155] [INFO] [preprocessing.feature_engineering]: Recipient features created successfully.
[2026-08-04 11:28:06,157] [INFO] [preprocessing.feature_engineering]: Device features created successfully.
[2026-08-04 11:28:06,160] [INFO] [preprocessing.feature_engineering]: Location features created successfully.
[2026-08-04 11:28:06,162] [INFO] [preprocessing.feature_engineering]: Customer behavior features created successfully.
[2026-08-04 11:28:06,168] [INFO] [preprocessing.feature_engineering]: Risk features created successfully.
[2026-08-04 11:28:06,171] [INFO] [preprocessing.feature_engineering]: Interaction features created successfully.
[2026-08-04 11:28:06,174] [INFO] [preprocessing.feature_engineering]: Feature matrix validation completed: 60 features, valid=True
[2026-08-04 11:28:06,175] [INFO] [preprocessing.feature_engineering]: Feature engineering pipeline completed for 'InferenceInput'. Final shape: (1, 60)
[2026-08-04 11:28:07,897] [INFO] [models.predict]: Single Inference Complete (TXN-354121): Pred=Legitimate, Prob=0.0588, Risk=13, Time=1174.85ms
[2026-09-17 11:15:42,932] [INFO] [__main__]: Starting Complete GuidedGuard Training Pipeline on D:\projects\guided project\Code\data\raw\paysim_transactions.csv...
[2026-09-17 11:15:42,950] [INFO] [__main__]: Executing Data Leakage Audit...
[2026-09-17 11:15:42,950] [INFO] [models.leakage_audit]: Starting Data Leakage Audit on D:\projects\guided project\Code\data\raw\paysim_transactions.csv...
[2026-09-17 11:15:43,003] [INFO] [models.leakage_audit]: Leakage audit completed. Found 3 leaking features. Report: D:\projects\guided project\Code\outputs\reports\leakage_audit.json
[2026-09-17 11:15:43,040] [INFO] [__main__]: Loaded raw dataset shape: (25000, 11)
[2026-09-17 11:15:43,040] [INFO] [__main__]: Splitting dataset chronologically by step (Train < Val < Test)...
[2026-09-17 11:15:49,364] [INFO] [__main__]: Training supervised model: Logistic Regression...
[2026-09-17 11:15:49,447] [INFO] [__main__]: Training supervised model: Decision Tree...
[2026-09-17 11:15:49,543] [INFO] [__main__]: Training supervised model: Random Forest...
[2026-09-17 11:15:50,041] [INFO] [__main__]: Training supervised model: Gradient Boosting...
[2026-09-17 11:15:59,145] [INFO] [__main__]: Training supervised model: HistGradientBoosting...
[2026-09-17 11:15:59,739] [INFO] [__main__]: Training supervised model: XGBoost...
[2026-09-17 11:16:00,281] [INFO] [__main__]: Top Model Selected by PR-AUC: XGBoost (PR-AUC: 0.1205)
[2026-09-17 11:16:00,282] [INFO] [__main__]: Fitting Platt (Sigmoid) Probability Calibrator...
[2026-09-17 11:16:00,332] [INFO] [__main__]: Training Unsupervised Isolation Forest on normal transactions...
[2026-09-17 11:16:03,302] [INFO] [__main__]: Executing All 12 Scientific Experiments...
[2026-09-17 11:16:03,302] [INFO] [preprocessing.feature_engineering]: Running feature engineering pipeline (exclude_leakage=False)...
[2026-09-17 11:16:32,688] [INFO] [models.external_validation]: Executing BAF External Validation from D:\projects\guided project\Code\data\raw\baf_base_dataset.csv...
[2026-09-17 11:16:33,243] [INFO] [models.external_validation]: BAF External Validation Complete: PR-AUC=0.1747, ROC-AUC=0.5686, F1=0.0000
[2026-09-17 11:16:33,376] [INFO] [models.external_validation]: Executing BAF External Validation from D:\projects\guided project\Code\data\raw\baf_base_dataset.csv...
[2026-09-17 11:16:33,917] [INFO] [models.external_validation]: BAF External Validation Complete: PR-AUC=0.1747, ROC-AUC=0.5686, F1=0.0000
[2026-09-17 11:16:33,925] [INFO] [__main__]: Complete training pipeline executed successfully!
[2026-09-17 11:51:24,009] [INFO] [preprocessing.feature_engineering]: Running feature engineering pipeline (exclude_leakage=True)...
[2026-09-17 11:51:24,030] [INFO] [preprocessing.feature_engineering]: Running feature engineering pipeline (exclude_leakage=True)...
[2026-09-17 11:51:24,186] [WARNING] [explainability.shap_explainer]: Native SHAP fallback trigger (The truth value of an array with more than one element is ambiguous. Use a.any() or a.all()).
[2026-09-17 11:51:26,279] [WARNING] [explainability.shap_explainer]: Native SHAP fallback trigger (The truth value of an array with more than one element is ambiguous. Use a.any() or a.all()).
[2026-09-17 11:51:28,207] [INFO] [preprocessing.preprocessing]: Missing value imputation complete. Features updated: 1
[2026-09-17 11:51:28,210] [INFO] [preprocessing.preprocessing]: Missing value imputation complete. Features updated: 0
[2026-09-17 11:56:11,590] [INFO] [preprocessing.feature_engineering]: Running feature engineering pipeline (exclude_leakage=True)...
[2026-09-17 11:56:11,609] [INFO] [preprocessing.feature_engineering]: Running feature engineering pipeline (exclude_leakage=True)...
[2026-09-17 11:56:11,725] [WARNING] [explainability.shap_explainer]: Native SHAP fallback trigger (The truth value of an array with more than one element is ambiguous. Use a.any() or a.all()).
[2026-09-17 11:56:13,738] [WARNING] [explainability.shap_explainer]: Native SHAP fallback trigger (The truth value of an array with more than one element is ambiguous. Use a.any() or a.all()).
[2026-09-17 11:56:15,754] [INFO] [preprocessing.preprocessing]: Missing value imputation complete. Features updated: 1
[2026-09-17 11:56:15,763] [INFO] [preprocessing.preprocessing]: Missing value imputation complete. Features updated: 0
[2026-09-17 13:27:27,727] [INFO] [preprocessing.feature_engineering]: Running feature engineering pipeline (exclude_leakage=True)...
[2026-09-17 13:27:27,759] [INFO] [preprocessing.feature_engineering]: Running feature engineering pipeline (exclude_leakage=True)...
[2026-09-17 13:27:27,925] [WARNING] [explainability.shap_explainer]: Native SHAP fallback trigger (The truth value of an array with more than one element is ambiguous. Use a.any() or a.all()).
[2026-09-17 13:27:30,344] [WARNING] [explainability.shap_explainer]: Native SHAP fallback trigger (The truth value of an array with more than one element is ambiguous. Use a.any() or a.all()).
[2026-09-17 13:27:32,583] [INFO] [preprocessing.preprocessing]: Missing value imputation complete. Features updated: 1
[2026-09-17 13:27:32,590] [INFO] [preprocessing.preprocessing]: Missing value imputation complete. Features updated: 0
[2026-09-17 13:29:00,200] [INFO] [preprocessing.feature_engineering]: Running feature engineering pipeline (exclude_leakage=True)...
[2026-09-17 13:29:00,215] [INFO] [preprocessing.feature_engineering]: Running feature engineering pipeline (exclude_leakage=True)...
[2026-09-17 13:29:00,453] [WARNING] [explainability.shap_explainer]: Native SHAP fallback trigger (The truth value of an array with more than one element is ambiguous. Use a.any() or a.all()).
[2026-09-17 13:29:02,343] [WARNING] [explainability.shap_explainer]: Native SHAP fallback trigger (The truth value of an array with more than one element is ambiguous. Use a.any() or a.all()).
[2026-09-17 13:29:04,295] [INFO] [preprocessing.preprocessing]: Missing value imputation complete. Features updated: 1
[2026-09-17 13:29:04,298] [INFO] [preprocessing.preprocessing]: Missing value imputation complete. Features updated: 0
[2026-09-17 13:40:35,271] [INFO] [models.model_loader]: Artifact Validation Complete: ready=True, model=XGBoost (Calibrated)
[2026-09-17 13:40:35,273] [INFO] [models.model_loader]: Artifact Validation Complete: ready=True, model=XGBoost (Calibrated)
[2026-09-17 13:43:33,651] [INFO] [preprocessing.feature_engineering]: Running feature engineering pipeline (exclude_leakage=True)...
[2026-09-17 13:43:33,678] [INFO] [preprocessing.feature_engineering]: Running feature engineering pipeline (exclude_leakage=True)...
[2026-09-17 13:43:33,784] [WARNING] [explainability.shap_explainer]: Native SHAP fallback trigger (The truth value of an array with more than one element is ambiguous. Use a.any() or a.all()).
[2026-09-17 13:43:35,627] [WARNING] [explainability.shap_explainer]: Native SHAP fallback trigger (The truth value of an array with more than one element is ambiguous. Use a.any() or a.all()).
[2026-09-17 13:43:37,470] [INFO] [preprocessing.preprocessing]: Missing value imputation complete. Features updated: 1
[2026-09-17 13:43:37,479] [INFO] [preprocessing.preprocessing]: Missing value imputation complete. Features updated: 0
[2026-09-17 13:44:08,470] [INFO] [models.model_loader]: Artifact Validation Complete: ready=True, model=XGBoost (Calibrated)
[2026-09-17 13:44:08,474] [INFO] [models.model_loader]: Artifact Validation Complete: ready=True, model=XGBoost (Calibrated)
[2026-09-17 13:44:21,419] [INFO] [models.model_loader]: Artifact Validation Complete: ready=True, model=XGBoost (Calibrated)
[2026-09-17 13:44:21,423] [INFO] [models.model_loader]: Artifact Validation Complete: ready=True, model=XGBoost (Calibrated)
[2026-09-17 13:44:23,167] [INFO] [models.model_loader]: Artifact Validation Complete: ready=True, model=XGBoost (Calibrated)
[2026-09-17 13:44:41,241] [INFO] [models.model_loader]: Artifact Validation Complete: ready=True, model=XGBoost (Calibrated)
[2026-09-17 13:44:41,442] [WARNING] [explainability.shap_explainer]: Native SHAP fallback trigger (The truth value of an array with more than one element is ambiguous. Use a.any() or a.all()).
[2026-09-17 13:45:13,127] [INFO] [models.model_loader]: Artifact Validation Complete: ready=True, model=XGBoost (Calibrated)
[2026-09-17 13:46:55,903] [INFO] [models.model_loader]: Artifact Validation Complete: ready=True, model=XGBoost (Calibrated)
[2026-09-17 13:46:56,103] [WARNING] [explainability.shap_explainer]: Native SHAP fallback trigger (The truth value of an array with more than one element is ambiguous. Use a.any() or a.all()).
[2026-09-17 13:47:07,500] [INFO] [models.model_loader]: Artifact Validation Complete: ready=True, model=XGBoost (Calibrated)
[2026-09-17 13:47:13,496] [INFO] [models.model_loader]: Artifact Validation Complete: ready=True, model=XGBoost (Calibrated)
[2026-09-17 13:47:15,033] [INFO] [models.model_loader]: Artifact Validation Complete: ready=True, model=XGBoost (Calibrated)
[2026-09-17 13:47:15,194] [WARNING] [explainability.shap_explainer]: Native SHAP fallback trigger (The truth value of an array with more than one element is ambiguous. Use a.any() or a.all()).
[2026-09-17 13:47:25,171] [INFO] [models.model_loader]: Artifact Validation Complete: ready=True, model=XGBoost (Calibrated)
[2026-09-17 13:47:32,911] [INFO] [models.model_loader]: Artifact Validation Complete: ready=True, model=XGBoost (Calibrated)
[2026-09-17 13:47:35,890] [INFO] [models.model_loader]: Artifact Validation Complete: ready=True, model=XGBoost (Calibrated)
[2026-09-17 13:47:39,882] [INFO] [models.model_loader]: Artifact Validation Complete: ready=True, model=XGBoost (Calibrated)
[2026-09-17 13:47:43,980] [INFO] [models.model_loader]: Artifact Validation Complete: ready=True, model=XGBoost (Calibrated)
[2026-09-17 13:47:47,341] [INFO] [models.model_loader]: Artifact Validation Complete: ready=True, model=XGBoost (Calibrated)
[2026-09-17 13:47:50,054] [INFO] [models.model_loader]: Artifact Validation Complete: ready=True, model=XGBoost (Calibrated)
[2026-09-17 13:47:55,087] [INFO] [models.model_loader]: Artifact Validation Complete: ready=True, model=XGBoost (Calibrated)
[2026-09-17 13:47:55,323] [WARNING] [explainability.shap_explainer]: Native SHAP fallback trigger (The truth value of an array with more than one element is ambiguous. Use a.any() or a.all()).
[2026-09-17 13:48:15,434] [INFO] [models.model_loader]: Artifact Validation Complete: ready=True, model=XGBoost (Calibrated)
[2026-09-17 13:48:15,647] [WARNING] [explainability.shap_explainer]: Native SHAP fallback trigger (The truth value of an array with more than one element is ambiguous. Use a.any() or a.all()).
[2026-09-17 14:18:17,459] [INFO] [preprocessing.feature_engineering]: Running feature engineering pipeline (exclude_leakage=True)...
[2026-09-17 14:18:17,476] [INFO] [preprocessing.feature_engineering]: Running feature engineering pipeline (exclude_leakage=True)...
[2026-09-17 14:18:17,658] [WARNING] [explainability.shap_explainer]: Native SHAP fallback trigger (The truth value of an array with more than one element is ambiguous. Use a.any() or a.all()).
[2026-09-17 14:18:19,624] [WARNING] [explainability.shap_explainer]: Native SHAP fallback trigger (The truth value of an array with more than one element is ambiguous. Use a.any() or a.all()).
[2026-09-17 14:18:21,454] [INFO] [preprocessing.preprocessing]: Missing value imputation complete. Features updated: 1
[2026-09-17 14:18:21,459] [INFO] [preprocessing.preprocessing]: Missing value imputation complete. Features updated: 0
[2026-09-17 14:21:44,883] [INFO] [preprocessing.feature_engineering]: Running feature engineering pipeline (exclude_leakage=True)...
[2026-09-17 14:21:44,902] [INFO] [preprocessing.feature_engineering]: Running feature engineering pipeline (exclude_leakage=True)...
[2026-09-17 14:21:45,054] [WARNING] [explainability.shap_explainer]: Native SHAP fallback trigger (The truth value of an array with more than one element is ambiguous. Use a.any() or a.all()).
[2026-09-17 14:21:46,735] [WARNING] [explainability.shap_explainer]: Native SHAP fallback trigger (The truth value of an array with more than one element is ambiguous. Use a.any() or a.all()).
[2026-09-17 14:21:48,302] [INFO] [preprocessing.preprocessing]: Missing value imputation complete. Features updated: 1
[2026-09-17 14:21:48,306] [INFO] [preprocessing.preprocessing]: Missing value imputation complete. Features updated: 0
