student_id,career_label,cgpa,tenth_percentage,twelfth_percentage,aptitude_quant,aptitude_logical,aptitude_verbal,aptitude_technical,aptitude_total,num_projects,project_complexity,num_certifications,cert_relevance,interest_match,domain_match,skill_python,skill_java,skill_c,skill_cpp,skill_javascript,skill_typescript,skill_html,skill_css,skill_react,skill_nextjs,skill_nodejs,skill_fastapi,skill_restapi,skill_sql,skill_mysql,skill_postgresql,skill_mongodb,skill_pandas,skill_numpy,skill_statistics,skill_powerbi,skill_tableau,skill_sklearn,skill_tensorflow,skill_pytorch,skill_machine_learning,skill_deep_learning,skill_aws,skill_gcp,skill_azure,skill_docker,skill_kubernetes,skill_git,skill_linux,skill_dsa
1,Software Developer,8.56,85.3,100.0,66.8,73.7,73.5,76.5,72.6,2,3,1,0,1,1,3,3,1,1,0,1,0,0,0,0,0,0,3,2,0,0,0,0,1,0,0,0,0,0,0,0,0,0,1,0,0,2,1,1,2
2,Software Developer,7.91,83.6,77.6,63.1,80.3,73.9,68.6,71.5,1,2,1,0,0,1,3,2,2,3,0,0,1,0,0,0,0,2,1,0,0,2,0,0,0,2,0,0,0,0,0,1,2,0,0,0,0,0,1,0,3
3,Software Developer,5.88,87.9,85.1,69.7,90.2,66.4,67.7,73.5,2,2,1,1,1,0,3,0,0,2,1,0,0,0,0,0,0,0,2,3,1,0,0,0,0,0,0,0,0,0,0,1,1,0,0,0,0,0,3,0,1
4,Software Developer,7.52,79.4,64.6,69.0,77.4,62.5,66.5,68.8,2,3,2,1,1,1,0,2,1,3,0,0,0,0,0,0,0,0,3,0,0,2,0,0,0,0,2,0,0,1,0,1,0,0,2,1,0,0,2,0,3
5,Software Developer,8.4,75.7,64.8,83.3,78.8,56.0,72.0,72.5,1,2,3,1,1,1,3,3,0,1,0,0,0,0,1,0,0,0,1,3,0,1,0,2,0,0,1,0,0,0,0,0,0,0,0,0,0,0,2,0,2
6,Software Developer,8.19,71.6,92.7,74.5,68.9,84.5,71.2,74.8,3,3,1,1,1,1,3,0,0,2,0,1,0,0,1,0,1,1,0,3,1,0,0,0,0,0,1,0,0,2,0,0,0,0,0,1,0,0,0,0,2
7,Software Developer,7.71,78.2,75.8,81.1,86.4,55.3,100.0,82.7,1,3,2,1,0,1,2,3,0,2,0,0,0,0,1,0,0,0,2,1,0,0,0,0,0,0,0,0,0,0,1,0,1,0,0,0,0,0,1,0,1
8,Software Developer,6.88,83.9,67.5,62.0,76.9,53.9,100.0,73.5,2,2,3,1,1,1,0,3,0,1,0,1,0,0,0,0,0,0,3,0,1,0,0,0,0,0,0,0,0,0,0,0,0,0,0,0,0,0,0,0,0
9,Software Developer,6.69,59.3,82.5,62.3,89.7,54.2,57.6,66.0,3,3,1,1,1,1,2,2,0,3,0,0,0,0,0,0,0,0,2,0,0,0,0,0,0,0,1,0,0,0,0,2,0,0,0,0,0,0,2,0,2
10,Software Developer,7.88,85.6,82.0,71.9,66.5,78.1,85.1,75.4,4,2,3,1,1,1,3,0,2,0,0,2,0,0,0,0,2,0,1,0,1,0,0,0,0,0,0,0,0,2,0,0,0,0,0,0,0,0,0,0,0
11,Software Developer,6.98,95.8,78.3,75.9,79.0,68.0,81.8,76.2,3,1,0,0,1,1,1,0,0,3,2,1,0,0,1,0,0,0,0,2,1,2,0,0,0,0,0,0,0,0,1,0,0,0,0,0,2,0,3,1,3
12,Software Developer,6.87,85.4,61.7,93.9,70.5,55.0,64.7,71.0,0,3,2,0,0,1,2,2,2,0,0,0,0,0,0,0,0,1,3,2,0,0,0,0,0,0,0,0,0,2,0,0,0,0,0,0,0,0,3,1,3
13,Software Developer,7.09,82.3,71.9,76.8,80.3,51.8,63.8,68.2,3,1,2,1,1,1,0,2,2,2,0,0,1,0,0,0,0,1,2,2,0,0,0,2,0,0,2,0,0,0,0,0,0,0,2,0,0,0,2,1,3
14,Software Developer,7.31,76.7,82.3,78.5,100.0,59.4,75.7,79.0,1,1,2,0,1,1,3,0,2,1,0,0,2,0,0,0,0,0,1,1,0,0,0,0,0,0,0,0,1,0,0,0,0,0,0,0,0,0,3,0,2
15,Software Developer,7.74,76.3,79.2,85.4,64.9,82.4,76.4,77.3,1,1,1,1,0,1,1,2,0,1,0,0,0,0,0,0,0,1,0,3,0,0,0,0,0,0,0,1,1,0,2,0,0,0,2,0,0,0,1,0,3
16,Software Developer,7.26,70.6,90.2,59.3,47.2,78.2,86.8,67.9,3,1,0,0,1,1,2,3,0,0,2,0,0,0,0,0,0,0,2,1,2,0,2,0,0,1,0,0,0,0,0,0,0,0,0,0,0,0,3,0,3
17,Software Developer,8.63,92.2,67.3,71.9,91.0,62.1,73.2,74.5,2,2,1,0,1,0,0,0,0,2,0,0,0,0,0,0,2,0,2,0,1,0,0,0,1,0,0,0,0,0,0,2,0,0,0,0,0,0,1,1,3
18,Software Developer,7.4,75.5,100.0,69.4,68.5,79.9,73.3,72.8,3,2,3,1,0,1,0,3,0,2,0,0,0,0,0,0,0,1,0,3,0,0,0,1,0,0,0,0,0,0,0,0,0,1,0,0,0,0,3,0,3
19,Software Developer,8.71,93.0,71.5,71.1,80.1,62.8,65.4,69.8,4,3,3,1,1,1,2,3,0,3,0,0,0,0,0,0,0,0,0,0,0,0,0,0,0,1,0,0,0,0,1,0,0,0,0,0,0,0,3,1,2
20,Software Developer,8.05,81.2,93.0,81.8,71.1,67.7,73.4,73.5,3,2,0,0,0,1,2,2,3,0,0,0,0,2,0,0,0,0,3,2,0,0,2,0,0,0,2,0,0,0,0,0,1,0,0,0,0,0,3,0,2
21,Software Developer,7.5,70.5,74.9,76.0,65.9,62.5,82.3,71.7,4,3,0,0,1,1,0,1,1,1,0,0,0,0,0,1,0,1,2,1,1,0,0,1,0,0,1,0,3,1,0,0,0,0,0,0,0,0,0,0,3
22,Software Developer,9.62,75.7,74.3,85.1,66.3,69.9,64.4,71.4,2,2,1,1,1,0,1,3,0,1,1,3,0,0,0,0,2,0,2,0,0,0,0,0,0,0,0,0,0,0,0,0,0,0,0,0,0,0,3,0,2
23,Software Developer,7.15,81.0,78.4,78.7,86.4,48.8,82.8,74.2,2,3,0,0,1,0,0,2,1,0,0,0,0,0,0,0,0,0,3,3,0,0,0,0,1,2,0,0,1,0,0,0,1,0,0,1,0,0,3,0,3
24,Software Developer,8.19,77.1,78.1,60.5,79.0,63.2,75.4,69.5,2,2,2,1,0,0,1,3,3,3,0,0,0,0,0,0,0,0,3,2,0,1,0,0,0,1,1,0,0,0,0,0,0,0,0,1,0,0,3,0,2
25,Software Developer,6.99,81.5,66.1,61.0,74.0,73.6,75.8,71.1,2,3,0,0,1,0,3,2,0,2,0,0,0,0,0,0,0,0,0,0,0,0,0,0,0,0,2,0,0,0,0,0,0,0,0,2,0,0,2,0,2
26,Software Developer,7.53,70.7,77.6,67.0,62.6,75.4,64.2,67.3,1,1,2,0,1,1,2,3,0,3,0,0,0,0,0,0,1,0,0,2,2,0,0,0,0,0,0,0,0,0,1,0,0,0,0,0,0,0,1,0,3
27,Software Developer,7.52,68.6,81.4,69.3,77.4,59.8,73.3,70.0,2,2,1,1,1,1,0,1,0,3,0,0,0,0,0,0,0,2,0,1,0,1,0,0,0,0,0,0,0,0,0,0,0,0,0,0,0,0,0,0,3
28,Software Developer,6.54,66.7,77.1,70.9,77.9,91.9,58.6,74.8,2,1,1,1,1,1,0,1,3,1,0,0,0,0,0,0,0,0,0,2,0,1,0,0,0,1,0,0,2,2,0,1,0,0,0,0,0,1,0,0,2
29,Software Developer,7.94,76.6,81.4,93.5,64.1,42.9,67.1,66.9,3,2,1,1,1,1,0,2,0,0,0,1,0,0,0,0,0,0,2,3,0,0,1,0,0,0,0,2,0,0,2,0,1,0,0,0,0,0,2,0,2
30,Software Developer,7.38,83.4,81.6,63.2,53.3,66.9,72.0,63.9,3,2,0,0,0,1,0,3,2,3,1,0,0,0,0,0,1,0,0,0,0,0,0,0,0,2,0,0,1,0,0,0,0,0,0,0,0,0,2,0,2
31,Software Developer,7.25,83.6,77.3,66.8,66.1,78.8,52.5,66.0,1,3,1,1,1,1,0,2,1,0,0,0,0,0,0,0,0,0,0,1,0,0,0,0,0,0,1,0,0,0,0,0,0,0,0,0,0,0,1,0,0
32,Software Developer,6.22,80.0,81.4,71.8,79.7,79.9,75.1,76.6,3,3,2,1,1,1,3,3,0,2,0,2,0,0,0,0,0,0,0,0,0,0,0,2,0,0,2,0,2,0,0,0,3,0,0,0,0,2,3,2,2
33,Software Developer,7.76,90.4,69.8,46.2,73.7,73.6,59.3,63.2,2,1,2,0,1,1,0,2,2,0,0,0,0,0,2,0,1,0,0,1,0,0,0,0,0,1,0,0,0,1,0,0,0,0,0,1,0,0,2,0,1
34,Software Developer,6.98,78.2,71.1,78.3,61.3,63.9,70.7,68.5,0,2,1,0,1,1,0,3,2,0,0,0,0,0,0,0,0,0,2,2,0,0,1,0,1,0,3,0,0,2,3,2,0,0,0,0,0,0,1,3,3
35,Software Developer,7.43,83.6,74.0,77.1,77.6,66.8,95.0,79.1,3,1,2,1,0,1,3,2,0,0,0,0,0,2,1,0,0,0,2,3,0,0,0,0,2,0,0,0,0,0,0,0,0,0,0,2,0,0,0,0,0
36,Software Developer,7.1,88.8,88.8,65.8,70.1,56.4,86.9,69.8,0,3,1,1,0,1,1,3,0,0,0,0,0,0,0,0,0,0,1,0,0,0,0,0,0,0,0,0,0,0,0,0,0,0,1,0,0,0,1,0,3
37,Software Developer,6.72,74.5,83.8,89.9,77.3,85.1,49.8,75.5,1,3,0,0,1,0,2,2,0,0,0,1,2,1,1,0,0,1,1,3,1,0,0,0,0,1,0,0,0,2,0,0,0,0,0,1,0,0,3,1,2
38,Software Developer,8.18,73.1,84.2,75.7,55.3,77.7,82.1,72.7,4,3,1,1,1,1,2,3,2,0,1,0,0,0,2,0,0,0,2,1,0,0,0,0,0,1,0,0,0,0,0,0,0,0,1,0,0,0,3,0,3
39,Software Developer,6.47,82.0,70.9,58.0,50.4,45.1,92.9,61.6,4,2,1,0,1,1,1,3,0,2,0,0,0,0,3,0,0,0,0,0,0,0,0,0,0,0,0,0,0,0,0,0,1,0,1,3,0,0,3,0,3
40,Software Developer,9.24,90.9,83.4,75.5,50.3,63.0,77.4,66.6,2,3,3,1,1,1,3,0,0,0,1,0,0,0,0,0,0,1,3,3,0,1,0,0,1,0,0,0,1,0,0,0,0,0,0,0,0,0,2,0,1
41,Software Developer,8.34,85.7,73.4,56.2,79.1,62.6,88.7,71.7,2,2,1,1,0,1,1,3,1,2,0,0,0,0,0,0,2,0,0,1,0,0,0,0,0,0,1,0,0,0,0,0,0,1,0,0,0,0,2,0,3
42,Software Developer,6.87,72.3,77.1,84.1,66.0,53.5,92.7,74.1,2,2,2,1,0,0,0,3,2,0,0,0,0,0,1,1,0,0,0,0,0,0,0,0,0,0,0,0,0,0,0,0,0,1,0,0,2,0,2,0,3
43,Software Developer,6.27,74.2,78.9,78.2,66.4,76.8,67.1,72.1,1,3,2,1,0,0,2,1,0,2,0,1,0,1,2,0,0,0,3,0,0,0,0,0,0,0,1,0,0,1,0,0,1,0,0,0,0,0,3,0,1
44,Software Developer,5.94,78.2,90.1,81.4,100.0,59.7,71.1,78.1,2,1,0,0,1,1,2,1,1,0,0,0,0,0,0,0,0,0,2,3,0,1,0,1,0,0,0,0,0,0,0,1,0,0,1,0,0,0,1,0,3
45,Software Developer,7.32,85.5,78.5,62.7,68.8,60.9,69.4,65.5,2,2,1,1,1,1,3,3,0,0,0,1,0,0,0,0,1,0,0,2,0,0,2,0,0,0,0,0,0,0,0,0,0,0,1,0,0,0,0,0,3
46,Software Developer,7.76,70.0,59.8,70.5,69.3,70.8,79.4,72.5,1,3,1,0,1,1,0,2,1,1,0,0,1,0,0,0,0,0,0,2,0,0,1,0,0,0,0,0,0,0,0,2,0,0,0,0,0,0,2,0,3
47,Software Developer,7.53,85.1,82.3,67.8,55.1,68.7,81.3,68.2,2,2,1,1,1,1,3,2,3,2,0,0,0,0,0,0,0,0,3,2,2,0,2,0,0,0,0,0,0,0,0,0,0,0,0,0,0,0,3,0,2
48,Software Developer,8.18,88.7,60.6,67.7,72.5,73.6,82.6,74.1,2,2,0,0,1,1,0,3,3,0,0,0,0,0,0,0,0,0,0,1,0,0,0,0,2,1,0,0,1,0,1,0,0,0,0,0,0,2,2,0,2
49,Software Developer,6.42,81.8,57.6,71.2,100.0,56.6,78.6,77.8,3,3,1,1,1,1,2,3,0,2,0,0,0,2,1,0,0,0,3,2,0,1,0,0,1,0,2,0,0,0,0,1,0,0,0,0,0,1,3,0,2
50,Software Developer,8.1,90.1,85.2,62.2,79.1,61.1,88.3,72.7,0,2,3,1,1,1,3,2,0,1,0,0,1,0,0,0,0,0,0,1,0,0,0,1,0,0,0,1,0,0,0,0,0,1,1,0,0,0,3,0,3
51,Software Developer,8.89,65.0,93.4,59.2,63.1,69.3,83.1,68.7,1,3,3,1,1,1,2,3,0,0,1,0,0,0,0,0,0,1,1,0,0,1,0,0,0,0,0,0,1,0,0,0,0,0,0,0,0,0,3,0,1
52,Software Developer,6.51,81.1,75.7,86.5,73.6,52.5,85.9,74.6,2,2,2,0,1,1,0,3,0,0,0,0,0,0,0,0,0,0,3,1,0,0,0,0,0,0,0,0,2,1,0,0,0,0,0,0,0,0,3,0,2
53,Software Developer,6.93,75.7,80.8,64.2,59.4,62.2,61.2,61.8,3,1,1,1,1,0,3,2,2,3,1,0,0,1,0,0,1,0,0,3,0,0,0,0,0,0,0,0,0,0,0,2,0,0,1,0,0,0,0,0,1
54,Software Developer,5.98,76.0,88.2,76.7,91.6,75.7,53.1,74.3,2,3,1,0,1,1,2,2,2,3,0,0,0,0,0,0,0,0,0,1,0,1,0,0,0,0,0,0,0,0,0,0,0,0,0,0,0,0,0,0,3
55,Software Developer,7.72,86.4,66.0,64.3,67.1,75.8,59.2,66.6,3,2,3,1,1,0,0,0,1,0,0,0,2,0,1,0,0,0,0,0,2,0,2,0,0,1,0,0,1,0,0,0,0,0,0,0,1,0,3,1,3
56,Software Developer,8.64,85.8,74.0,84.0,69.5,79.0,73.9,76.6,1,1,3,1,0,1,3,0,3,3,0,0,1,0,0,0,0,0,0,2,0,0,0,0,0,0,2,0,0,0,0,0,0,0,0,0,0,0,2,0,3
57,Software Developer,7.43,93.9,74.1,71.2,77.1,85.7,66.5,75.1,3,2,0,0,1,0,3,3,0,2,0,0,0,0,0,0,2,0,1,2,0,0,0,0,0,0,0,0,0,0,0,2,0,0,1,0,0,0,3,0,2
58,Software Developer,7.39,74.7,80.1,70.4,81.7,73.2,75.7,75.2,4,2,2,1,1,1,2,2,1,0,1,1,0,0,0,0,1,0,2,2,0,1,0,0,0,0,2,0,0,0,0,0,0,0,0,0,0,0,2,0,1
59,Software Developer,6.35,76.1,81.9,63.5,49.9,60.3,67.4,60.3,1,2,2,0,0,1,3,3,2,0,0,0,0,0,0,0,1,0,2,2,0,0,0,0,0,0,0,0,0,0,0,0,2,0,0,0,0,0,0,1,1
60,Software Developer,8.6,90.2,73.3,79.3,75.8,38.6,75.0,67.2,2,3,1,0,0,0,2,3,1,0,0,0,0,1,1,0,0,0,2,2,0,0,0,0,0,0,2,0,0,0,0,0,0,2,0,0,1,0,0,0,2
61,Software Developer,6.83,100.0,78.8,85.1,77.4,68.4,72.1,75.8,2,2,2,1,1,1,2,3,2,0,1,1,0,0,0,0,0,2,1,0,0,2,1,0,0,0,0,0,1,1,1,0,0,0,0,3,0,0,2,1,3
62,Software Developer,7.39,95.0,87.3,64.8,100.0,75.5,80.6,81.0,3,2,2,1,1,1,1,3,2,0,0,0,0,0,0,2,0,0,0,0,0,2,0,0,0,0,2,0,0,0,0,0,0,0,0,0,0,0,3,0,2
63,Software Developer,7.62,75.1,74.8,80.9,70.2,82.8,76.9,77.7,2,2,0,0,1,0,2,2,3,2,0,0,0,0,1,0,2,0,2,3,0,0,1,1,0,0,0,0,0,0,0,0,0,3,2,0,0,0,2,0,3
64,Software Developer,7.11,83.1,74.6,77.0,82.2,44.8,86.8,72.7,2,2,1,1,1,1,0,1,1,3,0,0,2,0,0,0,0,0,0,0,0,0,0,0,0,2,0,0,0,0,0,0,0,0,0,2,0,0,2,0,2
65,Software Developer,6.91,78.8,77.3,73.6,81.7,62.9,98.2,79.1,2,3,0,0,0,1,3,3,0,3,0,0,0,1,0,0,0,0,1,0,0,0,0,0,2,2,1,1,0,0,0,0,0,1,0,0,0,2,2,0,1
66,Software Developer,7.25,81.6,62.1,77.3,90.9,58.7,75.5,75.6,2,3,1,1,0,1,3,2,1,0,2,0,0,1,0,0,0,0,3,3,0,0,0,0,0,2,0,2,0,0,0,2,0,0,0,0,0,1,2,0,3
67,Software Developer,7.48,92.9,87.5,81.0,80.1,87.7,83.1,83.0,2,2,2,1,1,1,2,3,0,0,0,1,0,0,0,0,3,0,0,3,1,0,0,1,0,0,0,0,0,0,0,0,0,1,0,1,0,0,2,0,3
68,Software Developer,5.78,84.4,73.6,87.6,89.1,60.4,87.8,81.2,2,3,1,1,0,0,2,3,0,0,0,0,0,0,0,0,0,0,2,0,0,0,0,0,0,0,0,0,1,0,0,0,0,1,0,0,0,0,3,0,2
69,Software Developer,7.73,86.6,64.6,82.4,59.0,70.8,65.7,69.5,2,3,1,1,1,1,2,3,0,0,2,0,3,0,0,0,0,0,0,0,0,0,0,0,0,0,0,0,0,0,0,0,0,0,0,0,1,0,3,0,3
70,Software Developer,7.97,70.2,73.7,71.1,88.2,90.3,65.4,78.8,1,2,1,0,0,0,0,0,0,0,0,0,1,0,0,0,0,0,2,3,0,0,0,0,0,0,0,0,0,1,0,0,0,0,0,0,0,0,3,0,0
71,Software Developer,6.95,87.5,75.4,66.0,78.5,91.5,70.2,76.5,1,3,0,0,1,1,3,3,2,0,0,2,1,0,0,0,1,0,0,0,0,0,0,0,0,0,2,0,0,0,0,0,0,0,0,2,0,0,2,0,1
72,Software Developer,6.95,72.3,88.3,67.6,62.8,66.0,80.4,69.2,0,1,0,0,1,1,2,0,2,0,0,0,0,0,0,0,0,0,2,2,1,0,0,0,1,1,0,1,1,0,2,0,0,0,2,0,0,1,3,0,3
73,Software Developer,7.47,96.4,80.1,67.6,79.5,80.0,54.4,70.4,0,1,1,1,0,1,2,0,2,1,0,0,1,0,0,0,0,0,2,2,0,0,0,2,0,0,1,1,0,0,0,0,0,0,0,0,0,0,3,1,1
74,Software Developer,8.28,75.6,92.0,73.3,73.2,65.3,88.2,75.0,4,3,1,0,1,1,3,2,0,0,0,0,0,0,1,0,1,0,2,1,0,0,0,0,0,0,0,0,0,0,0,0,2,0,0,1,0,0,3,0,3
75,Software Developer,7.25,79.0,73.4,65.3,51.0,74.1,80.1,67.6,2,3,3,1,1,1,0,1,2,0,1,0,0,2,0,0,1,0,0,2,0,0,0,0,0,0,0,0,0,0,2,0,0,0,0,0,0,0,0,0,1
76,Software Developer,8.31,82.8,80.7,75.3,79.8,67.8,79.8,75.7,2,2,0,0,1,1,2,3,0,3,0,2,0,0,0,0,0,0,2,3,0,0,0,0,0,0,0,0,0,0,0,0,0,2,0,0,0,0,3,1,2
77,Software Developer,7.77,79.7,77.5,46.4,77.8,62.2,65.0,62.8,3,3,2,1,1,1,2,2,2,0,0,1,0,0,0,0,0,0,2,3,0,0,0,1,0,2,0,0,0,0,0,0,0,0,0,0,0,0,3,0,3
78,Software Developer,8.01,88.3,76.7,80.1,78.1,73.3,83.2,78.7,2,1,1,1,1,1,3,3,2,0,0,0,0,0,0,0,0,0,0,2,0,0,0,0,1,1,0,0,0,0,0,0,0,2,0,0,0,0,2,1,3
79,Software Developer,8.0,73.5,89.2,60.4,42.0,59.3,69.2,57.7,2,3,2,1,0,1,2,2,0,0,0,0,0,0,0,0,1,0,2,3,0,0,0,0,0,0,2,1,0,0,0,1,0,0,1,0,0,0,3,0,3
80,Software Developer,7.51,75.7,64.6,62.5,74.3,46.0,89.5,68.1,2,1,1,0,1,1,2,3,0,3,0,0,1,0,0,0,0,0,1,3,2,2,0,0,0,0,2,0,0,0,1,0,0,2,0,0,0,0,3,0,2
81,Software Developer,7.59,69.4,84.7,54.9,85.9,57.6,72.7,67.8,0,3,3,0,1,1,0,3,2,2,0,0,0,0,0,2,0,0,1,2,0,2,0,0,0,0,0,0,0,0,0,0,0,0,0,0,0,1,1,0,2
82,Software Developer,8.61,75.9,64.4,74.9,87.7,83.2,74.3,80.0,4,1,0,0,1,1,0,0,1,3,0,1,0,1,1,1,0,0,2,3,0,0,0,0,0,0,1,0,0,0,0,0,0,0,0,0,0,0,3,2,3
83,Software Developer,6.88,76.6,89.5,77.5,73.4,32.3,67.4,62.6,3,1,3,1,1,1,1,3,0,1,2,0,2,2,1,0,0,0,1,2,0,0,0,0,2,0,1,0,1,0,0,0,1,0,0,0,0,1,1,0,2
84,Software Developer,7.86,98.8,89.6,66.2,78.3,54.7,79.7,69.7,3,3,2,1,0,1,3,0,0,3,0,0,0,0,0,0,0,0,3,3,0,0,0,0,0,0,0,0,0,0,0,2,0,1,0,0,0,0,2,0,3
85,Software Developer,8.1,88.3,89.7,82.9,68.9,55.4,100.0,78.1,3,1,0,0,1,1,2,0,2,1,1,1,0,0,0,0,0,0,2,3,0,0,0,0,0,0,0,0,0,0,2,0,0,0,0,0,0,0,3,0,2
86,Software Developer,7.91,73.7,72.3,68.2,70.8,43.0,86.1,67.0,4,3,2,1,1,1,3,2,0,1,0,0,0,0,0,0,0,0,0,3,0,1,0,0,0,0,0,0,0,0,0,0,0,0,0,1,0,0,1,0,2
87,Software Developer,6.7,87.2,88.6,77.9,56.3,59.6,69.5,65.8,4,1,3,1,1,1,3,1,0,0,0,1,0,0,0,2,1,0,2,0,0,0,0,0,0,0,0,0,2,0,0,0,1,0,0,0,0,0,2,2,3
88,Software Developer,6.34,76.2,72.1,65.4,64.6,71.6,78.1,69.9,2,2,1,0,1,1,0,3,0,1,0,0,0,0,0,0,0,0,0,1,0,0,0,0,0,0,2,0,0,0,0,2,0,0,0,0,0,0,3,0,0
89,Software Developer,7.7,76.6,67.5,89.6,82.4,86.5,74.5,83.2,1,2,2,1,1,1,2,0,1,0,0,1,0,0,0,0,0,0,0,0,0,1,0,0,0,0,0,0,0,0,0,0,0,0,0,0,1,0,2,0,2
90,Software Developer,6.05,78.9,67.8,30.0,70.0,82.2,64.0,61.5,2,2,3,1,1,1,3,1,2,2,0,1,2,0,0,0,0,0,3,2,0,0,1,0,0,0,0,0,0,2,0,0,0,0,0,0,0,0,3,0,2
91,Software Developer,6.96,83.9,64.4,62.7,92.2,78.4,66.2,74.9,4,3,1,0,0,0,0,3,0,0,0,0,0,0,0,2,0,1,0,2,0,0,0,0,0,0,2,1,1,0,1,1,1,0,0,0,1,0,2,0,3
92,Software Developer,7.1,77.1,73.2,64.3,47.8,81.5,81.3,68.7,2,3,3,0,1,0,2,3,2,0,0,0,0,0,0,0,0,0,1,3,0,1,0,0,0,0,0,0,1,2,0,1,0,1,0,0,0,0,3,0,3
93,Software Developer,9.41,82.5,62.6,87.6,86.3,55.1,85.8,78.7,3,2,1,1,0,1,0,0,0,2,0,0,0,0,0,0,0,0,3,2,0,1,0,0,0,0,0,1,0,0,0,2,0,0,0,0,0,0,2,0,3
94,Software Developer,8.36,94.9,68.8,66.0,69.4,52.1,72.2,64.9,3,1,2,1,1,1,2,0,1,3,0,0,1,0,0,0,0,0,1,0,1,0,2,0,0,0,0,0,1,0,0,0,0,2,1,0,0,0,1,0,3
95,Software Developer,7.64,66.7,71.1,76.5,80.2,67.2,56.7,70.1,3,2,1,1,1,1,0,0,3,2,0,0,0,0,0,0,0,0,3,2,0,0,0,0,0,0,0,1,1,0,0,0,0,0,2,0,0,0,3,0,1
96,Software Developer,6.69,63.8,82.3,87.9,84.6,84.3,61.7,79.6,3,3,0,0,1,1,3,1,0,0,0,0,0,0,0,0,0,0,2,0,0,0,1,0,0,1,0,0,0,0,0,0,0,0,0,0,1,0,3,0,2
97,Software Developer,6.97,89.2,77.8,68.0,61.0,67.4,78.0,68.6,1,2,2,1,0,1,2,2,0,0,0,1,0,0,0,0,0,0,1,3,0,0,0,0,3,0,0,0,0,2,0,0,2,1,0,0,0,0,3,0,2
98,Software Developer,8.3,83.8,81.7,65.3,77.3,55.6,67.3,66.4,2,3,2,1,1,1,2,3,3,1,0,0,0,0,2,1,0,1,1,3,0,0,0,0,0,2,0,0,0,1,0,0,0,0,0,0,2,0,2,0,3
99,Software Developer,7.97,92.4,80.5,76.3,71.7,53.4,87.2,72.2,1,2,2,1,0,1,1,0,0,0,0,0,0,0,0,0,0,3,2,1,0,0,0,0,0,0,0,0,0,0,0,0,0,2,0,0,0,0,3,0,3
100,Software Developer,5.59,68.2,84.9,78.7,58.7,58.1,67.7,65.8,2,2,2,0,0,0,0,0,3,0,0,0,0,0,0,0,1,0,2,0,1,0,0,0,0,2,1,0,1,0,0,1,0,0,0,0,0,0,3,0,3
101,Software Developer,8.03,81.1,78.4,80.4,80.5,63.1,64.1,72.0,1,1,3,1,1,1,0,3,2,0,0,0,0,1,0,0,0,1,0,3,0,0,0,0,0,0,0,0,0,0,0,0,1,0,0,0,0,0,0,0,1
102,Software Developer,7.49,72.3,66.3,63.1,78.7,54.8,83.5,70.0,2,2,1,1,1,1,1,0,3,1,2,0,2,0,0,0,0,1,0,3,0,1,1,2,0,0,0,0,0,0,0,0,0,0,0,3,0,0,2,2,1
103,Software Developer,8.81,71.6,89.5,82.3,100.0,48.0,53.2,71.4,3,2,2,1,1,1,1,2,1,0,0,0,0,0,0,0,0,1,1,2,1,0,0,0,0,0,0,0,0,0,0,0,1,0,0,0,0,0,3,1,0
104,Software Developer,8.16,77.9,68.2,60.7,79.5,65.6,76.4,70.5,2,3,1,1,1,1,2,0,2,2,0,0,0,0,0,0,0,1,2,3,0,0,0,0,0,0,0,0,0,0,0,0,0,0,0,0,0,0,3,0,3
105,Software Developer,7.59,86.8,78.5,56.5,53.9,65.4,72.8,62.2,4,3,1,1,1,1,3,3,3,0,2,0,0,0,0,0,0,0,2,0,0,1,1,0,0,0,1,0,0,0,0,0,0,0,0,0,0,0,1,0,3
106,Software Developer,8.05,77.8,58.4,63.2,63.0,75.7,62.6,66.1,2,2,2,1,0,0,3,1,0,2,0,0,0,0,0,0,1,0,1,0,2,0,0,0,0,0,1,0,0,0,0,0,0,1,0,2,0,0,3,0,2
107,Software Developer,7.69,87.6,77.1,76.5,86.1,76.1,77.8,79.1,2,2,2,1,1,1,3,1,1,0,0,2,0,0,0,1,0,0,2,0,0,0,0,0,0,0,0,0,0,0,1,0,0,0,0,0,0,0,3,0,3
108,Software Developer,8.77,78.3,63.4,77.4,76.0,53.4,86.4,73.3,3,3,3,1,1,1,1,2,2,2,0,0,0,0,0,0,0,0,1,3,0,0,0,0,0,0,0,0,0,0,0,0,0,1,1,0,0,0,3,0,2
109,Software Developer,8.13,76.6,74.3,98.6,81.7,70.3,73.7,81.1,2,3,1,1,1,1,3,1,1,0,0,0,0,0,0,1,0,0,1,0,0,1,0,0,0,1,0,0,2,0,0,0,0,0,0,0,0,0,3,0,3
110,Software Developer,8.09,93.7,66.4,58.1,65.0,71.6,74.9,67.4,3,2,1,1,1,1,3,3,0,2,0,0,1,0,0,0,0,0,1,3,0,0,0,0,0,0,0,0,0,1,0,0,1,0,0,0,0,0,3,0,1
111,Software Developer,7.1,83.5,64.0,65.4,86.6,65.2,90.3,76.9,2,3,2,1,1,1,3,0,0,0,0,0,0,1,0,0,0,0,0,3,0,0,1,0,0,0,0,0,0,2,0,2,0,0,0,0,0,0,0,0,1
112,Software Developer,8.78,77.0,86.6,65.5,70.8,72.6,89.8,74.7,4,2,1,1,0,1,0,0,0,1,0,1,0,0,0,0,0,0,2,3,0,0,0,0,0,1,2,0,0,0,0,0,0,0,0,0,0,0,2,0,3
113,Software Developer,7.77,80.0,83.0,61.9,64.9,65.4,61.0,63.3,1,3,1,1,1,0,3,3,1,3,0,1,1,0,0,1,0,1,2,1,0,0,0,2,0,0,1,1,0,0,0,0,1,0,0,2,0,0,0,0,2
114,Software Developer,8.55,68.6,74.6,78.1,77.2,66.8,66.1,72.1,2,1,2,1,1,1,2,3,0,2,0,1,0,0,0,0,2,0,1,1,0,0,0,0,0,0,0,0,0,0,0,0,1,0,1,0,0,0,3,0,2
115,Software Developer,6.11,71.0,78.6,86.1,59.9,69.2,72.1,71.8,0,3,0,0,1,1,0,0,2,0,1,0,0,0,0,0,0,0,0,3,0,0,0,0,0,0,0,0,0,0,1,0,0,1,2,0,0,1,0,0,3
116,Software Developer,6.39,72.5,85.4,76.6,92.1,55.5,91.5,78.9,3,2,2,1,1,1,2,1,1,3,0,0,0,0,0,2,0,0,1,0,0,0,0,0,2,0,0,0,2,0,0,0,2,0,0,2,0,0,3,0,3
117,Software Developer,7.72,72.6,63.2,66.5,54.4,73.2,78.3,68.1,3,1,2,1,1,1,1,3,0,2,0,0,0,0,0,0,2,0,3,2,0,0,0,0,0,0,0,0,2,0,0,0,0,0,2,0,0,1,2,0,3
118,Software Developer,8.74,76.5,84.4,78.3,60.4,72.9,84.3,74.0,0,2,2,1,1,0,3,2,1,0,0,0,0,0,0,1,0,0,0,1,0,0,0,0,0,0,0,0,0,0,0,0,0,0,0,0,0,0,1,0,2
119,Software Developer,7.81,77.1,71.9,95.0,78.7,84.6,71.9,82.5,2,2,1,1,1,1,3,2,0,3,0,0,2,0,0,0,0,2,0,2,0,0,0,0,0,0,0,0,0,0,0,1,0,0,1,0,0,0,2,1,2
120,Software Developer,7.12,88.5,96.9,81.3,69.0,61.2,97.5,77.2,1,2,1,1,1,1,2,2,0,2,1,0,0,0,0,0,0,0,1,0,0,0,0,0,0,0,0,0,0,0,0,0,0,0,0,0,0,0,3,0,3
121,Software Developer,7.36,74.6,74.5,68.4,54.5,80.2,74.7,69.5,2,1,1,0,1,1,2,0,0,1,0,0,2,2,0,0,0,0,0,2,0,0,1,0,0,1,0,0,0,0,0,0,0,0,0,0,0,0,1,2,2
122,Software Developer,8.86,93.4,78.0,60.8,65.7,74.4,86.7,71.9,2,3,1,1,0,1,2,3,2,1,0,0,0,0,0,0,0,1,3,0,0,0,0,0,0,1,0,0,0,1,0,0,0,0,0,0,0,0,0,0,2
123,Software Developer,7.87,78.4,68.0,75.6,73.3,58.1,60.9,67.0,4,2,1,1,1,0,0,0,0,1,0,0,0,2,0,0,0,0,2,0,2,0,0,0,0,0,0,0,0,0,0,0,0,0,0,0,0,0,2,0,2
124,Software Developer,6.73,95.0,78.7,80.5,75.0,59.7,78.8,73.5,1,2,1,1,1,1,0,1,0,1,1,1,0,0,2,0,0,0,2,2,0,1,0,1,1,1,0,0,0,0,0,0,0,0,0,0,0,0,2,0,3
125,Software Developer,8.53,75.4,63.6,92.0,82.1,79.8,63.0,79.2,2,2,0,0,0,1,0,3,2,0,0,0,0,0,0,0,0,0,2,0,0,1,0,0,0,0,0,0,0,1,2,0,0,0,0,0,0,0,2,0,2
126,Software Developer,7.66,93.9,81.4,77.6,83.0,55.6,69.5,71.4,2,2,2,1,1,1,3,1,0,0,0,0,0,0,0,0,0,2,0,0,0,0,0,1,0,0,0,0,1,2,0,0,0,0,0,0,0,0,0,0,1
127,Software Developer,7.43,86.0,64.3,82.3,46.4,69.0,94.3,73.0,2,2,0,0,1,0,2,0,2,2,0,0,0,0,0,1,0,0,0,2,3,0,1,2,0,0,0,0,0,0,0,0,0,0,0,0,0,1,0,0,1
128,Software Developer,7.32,71.9,60.8,61.4,79.7,67.6,64.8,68.4,3,3,1,1,1,1,2,2,0,1,0,0,0,0,0,0,0,0,2,0,0,0,2,3,0,0,0,0,0,0,1,0,0,0,0,0,0,0,2,0,2
129,Software Developer,7.07,88.6,78.0,86.6,77.8,63.2,67.4,73.8,2,3,3,0,0,1,3,3,3,0,0,0,1,0,0,0,0,0,0,2,0,0,0,0,0,0,0,0,0,0,0,0,0,0,0,0,0,0,3,0,1
130,Software Developer,6.14,77.1,70.9,88.4,74.7,65.3,64.9,73.3,1,3,2,1,1,1,3,0,0,3,0,0,0,0,0,0,0,2,1,0,0,0,0,0,0,0,0,0,0,0,0,0,2,0,0,0,0,0,2,0,2
131,Software Developer,7.63,76.1,83.0,75.2,66.9,58.7,80.9,70.4,4,3,2,1,1,1,1,2,0,3,0,1,0,0,0,0,0,0,0,0,2,0,2,0,1,0,0,0,0,0,2,1,0,0,0,1,0,0,2,0,2
132,Software Developer,7.11,78.3,91.6,61.3,80.3,63.5,98.3,75.8,3,2,2,1,1,1,2,2,2,1,0,1,0,0,0,0,0,0,0,0,1,0,0,0,0,0,2,0,0,0,0,0,1,0,0,0,1,0,3,0,3
133,Software Developer,6.94,84.2,82.4,61.3,62.8,83.5,82.1,72.4,4,3,2,0,1,1,1,0,3,2,0,0,0,0,0,0,0,1,0,0,0,1,0,1,0,0,1,0,0,1,0,0,0,0,1,0,0,0,2,0,0
134,Software Developer,7.05,73.7,63.8,73.4,74.8,70.6,72.2,72.8,3,2,3,0,0,1,3,3,1,2,0,0,2,0,0,0,0,2,2,3,0,2,0,0,0,0,0,0,0,0,1,0,0,0,0,0,0,1,3,0,3
135,Software Developer,7.99,70.7,67.7,83.7,75.4,77.7,68.9,76.4,0,2,2,1,1,1,0,2,2,0,0,0,0,0,0,0,0,1,2,0,2,0,0,0,1,0,0,0,0,0,0,2,0,1,0,0,0,0,3,0,3
136,Software Developer,6.52,79.9,93.1,76.0,75.7,57.1,89.8,74.6,2,3,0,0,1,1,0,3,0,0,1,2,1,0,0,0,0,0,0,3,2,0,2,2,1,0,0,0,0,0,1,0,0,0,0,0,0,0,2,0,3
137,Software Developer,9.05,75.2,81.1,68.0,81.8,75.2,68.1,73.3,4,3,2,1,1,1,3,3,3,2,0,0,0,1,0,0,0,0,1,2,0,2,0,0,1,1,0,1,0,0,0,1,0,0,1,0,0,0,3,0,2
138,Software Developer,8.67,75.1,70.8,61.4,94.2,77.6,76.9,77.5,2,2,2,0,1,0,3,3,2,2,0,1,0,0,0,0,1,0,1,2,0,0,0,0,0,0,0,0,1,0,0,0,0,0,0,0,0,0,3,0,3
139,Software Developer,7.12,86.0,66.3,88.8,59.5,65.4,77.8,72.9,2,2,2,0,1,1,3,3,2,2,0,0,0,0,0,0,0,0,1,0,0,0,0,0,1,0,0,0,0,1,0,0,0,0,0,1,0,0,3,0,3
140,Software Developer,6.7,77.2,63.5,70.8,79.0,53.0,90.1,73.2,2,2,3,1,1,1,3,2,0,2,0,0,1,1,0,0,0,0,2,1,0,0,1,0,0,0,0,0,1,1,0,1,2,0,0,0,0,0,3,1,3
141,Software Developer,7.53,80.5,74.6,71.4,100.0,58.0,79.9,78.2,2,2,1,1,0,1,3,1,0,0,0,0,0,0,0,0,0,0,3,0,0,0,0,0,0,0,0,0,0,0,0,0,0,0,1,0,0,2,2,2,2
142,Software Developer,7.3,89.7,74.2,61.4,78.3,67.2,72.9,69.9,2,2,2,0,1,1,2,2,0,2,0,0,1,0,0,0,0,0,0,2,0,0,0,0,0,0,0,0,0,0,1,0,0,1,0,0,0,0,2,0,3
143,Software Developer,6.66,94.5,87.6,82.5,87.6,59.8,83.0,78.2,2,3,3,1,1,1,3,2,0,1,0,0,2,1,0,0,2,1,0,3,1,0,0,0,1,0,0,0,0,1,0,0,0,0,0,0,0,0,3,0,1
144,Software Developer,6.99,83.2,85.7,73.3,70.2,73.5,67.7,71.2,2,2,2,1,1,1,3,3,2,1,0,0,0,0,0,0,0,0,2,2,0,0,0,0,2,0,0,0,0,1,0,1,0,0,0,0,0,0,2,0,1
145,Software Developer,8.15,82.9,75.9,71.7,82.6,40.6,100.0,74.5,2,1,2,1,1,1,3,2,1,3,0,2,0,0,0,1,2,1,2,3,0,2,0,0,0,0,0,0,0,0,0,0,0,1,0,0,0,0,0,0,3
146,Software Developer,6.72,80.1,67.0,60.1,81.8,46.3,75.0,65.8,1,2,1,0,1,1,1,0,1,0,0,0,0,0,1,0,2,0,0,2,0,1,0,2,0,0,0,1,2,0,0,0,0,0,1,0,0,0,0,0,0
147,Software Developer,7.68,72.5,74.1,75.2,67.9,59.2,72.5,68.7,4,1,0,0,1,1,1,3,0,3,1,0,0,0,0,0,1,0,2,2,0,0,0,2,0,1,0,0,0,1,0,0,0,0,0,0,0,0,2,0,2
148,Software Developer,8.19,80.3,76.9,58.5,70.5,94.6,91.0,78.7,3,2,3,0,0,0,0,0,3,0,0,0,0,0,0,0,0,0,1,0,0,2,0,0,0,0,0,0,0,0,0,1,0,0,0,1,0,0,2,1,1
149,Software Developer,6.82,88.2,76.0,61.4,98.5,51.0,68.1,69.8,0,3,3,1,1,1,0,3,1,3,0,0,0,0,0,0,1,0,1,3,0,0,0,0,0,2,1,1,0,0,0,0,0,0,0,0,1,2,3,0,2
150,Software Developer,8.65,82.3,100.0,62.1,70.0,60.3,72.9,66.3,3,1,2,1,0,0,3,0,0,0,0,1,0,0,0,0,0,0,0,3,0,1,0,0,0,0,0,0,1,0,0,2,0,0,0,0,0,0,1,0,1
151,Software Developer,7.52,75.1,70.5,88.6,47.0,71.3,71.5,69.6,3,2,1,0,0,1,2,2,0,2,0,0,0,0,0,0,0,0,0,1,0,0,0,0,0,0,0,2,0,0,0,0,0,0,0,0,0,0,1,0,3
152,Software Developer,6.66,78.7,72.7,95.1,67.6,31.8,73.0,66.9,0,2,1,1,1,0,1,0,0,3,0,1,0,0,1,0,3,0,0,1,0,1,0,0,0,0,0,0,0,0,2,0,0,0,0,0,0,0,3,0,2
153,Software Developer,8.04,91.0,58.4,70.3,87.6,62.1,77.2,74.3,3,2,1,1,1,1,2,2,0,1,0,0,0,0,0,0,1,0,0,1,0,0,1,0,0,0,0,0,0,0,0,0,1,0,0,0,0,0,3,1,3
154,Software Developer,7.27,79.6,56.8,72.8,87.6,66.8,81.6,77.2,3,3,3,1,1,1,1,2,3,3,0,0,0,0,2,0,0,1,0,3,0,0,0,0,0,0,0,0,0,0,0,0,0,0,0,0,0,0,3,2,3
155,Software Developer,8.07,92.3,82.9,48.8,69.0,56.8,70.9,61.4,2,3,2,0,0,1,3,3,2,0,0,0,1,0,1,0,0,0,0,0,0,0,0,0,0,1,0,0,0,0,0,0,0,0,2,0,0,0,3,0,1
156,Software Developer,8.1,72.0,76.3,63.9,70.6,73.6,82.0,72.5,1,2,2,1,1,1,0,1,0,1,0,0,0,0,0,0,0,0,1,1,0,1,0,0,2,2,0,0,0,0,0,0,0,0,0,2,1,1,2,0,2
157,Software Developer,7.55,78.8,85.3,52.4,63.9,41.2,74.2,57.9,3,3,1,1,1,0,1,2,2,2,0,0,1,0,0,0,2,0,0,2,1,0,0,0,0,0,0,0,0,0,0,2,0,0,0,0,1,0,0,0,2
158,Software Developer,8.25,86.5,80.8,77.6,76.7,47.6,71.9,68.5,2,2,1,1,1,1,3,3,3,3,0,0,0,0,1,0,0,0,0,0,0,0,0,0,0,0,0,0,0,0,0,0,2,1,0,0,0,0,2,1,1
159,Software Developer,6.52,73.2,68.2,76.0,77.9,55.4,87.3,74.2,0,3,1,1,1,0,3,0,2,2,0,0,0,0,0,0,0,0,1,0,0,0,0,0,1,0,0,1,0,0,0,0,0,0,3,1,0,0,0,0,2
160,Software Developer,7.56,68.3,56.2,84.7,65.1,65.3,76.1,72.8,3,3,1,1,1,0,0,2,0,0,0,0,0,0,0,0,0,0,0,1,0,0,0,0,0,0,0,0,0,0,1,0,0,1,0,0,0,0,3,2,2
161,Software Developer,8.34,77.7,61.4,96.0,61.3,83.4,73.4,78.5,4,1,2,0,1,1,2,3,0,3,0,0,0,0,1,0,0,0,0,2,0,0,0,0,0,0,2,0,1,2,1,1,0,0,1,0,0,0,3,0,3
162,Software Developer,6.79,85.3,90.2,70.8,76.7,70.6,93.2,77.8,4,1,2,1,1,1,1,3,3,2,2,0,0,0,0,0,0,0,3,2,0,0,1,0,1,0,0,0,0,0,0,0,0,0,0,0,0,0,2,0,3
163,Software Developer,7.77,73.5,83.2,78.8,93.4,66.5,72.9,77.9,2,2,2,1,0,1,2,0,0,3,0,2,0,2,1,0,0,0,0,3,0,0,0,0,0,0,0,1,0,0,0,0,0,0,0,0,0,0,0,0,3
164,Software Developer,8.41,92.1,61.6,86.8,85.7,66.1,76.8,78.8,2,2,3,1,1,0,1,3,2,2,0,0,0,0,0,0,0,0,1,0,2,0,0,0,0,0,0,0,0,0,0,0,0,0,0,0,0,0,3,2,1
165,Software Developer,7.74,76.2,85.0,71.0,56.2,57.4,72.4,64.2,2,3,2,1,1,1,0,2,0,2,0,0,0,0,0,0,0,0,0,3,0,0,0,2,0,0,0,1,0,1,0,1,0,0,1,0,0,0,3,0,2
166,Software Developer,7.57,87.5,83.2,77.9,48.9,57.5,76.2,65.1,3,2,2,1,1,1,0,0,1,0,0,0,0,0,0,0,1,0,2,1,0,0,0,0,1,0,0,1,0,1,0,0,0,0,0,2,1,1,3,0,2
167,Software Developer,7.69,63.0,79.2,64.7,88.0,43.1,66.3,65.5,1,1,2,1,0,1,2,2,2,0,1,1,0,0,0,0,0,0,0,0,0,0,0,0,0,1,0,0,0,0,0,0,1,0,0,0,0,0,1,2,1
168,Software Developer,6.68,76.5,80.7,74.6,79.5,65.7,63.2,70.8,3,2,3,1,1,0,2,0,0,0,0,0,0,0,0,0,0,0,2,3,0,0,0,1,0,0,0,0,1,0,0,0,0,0,2,1,0,1,3,0,1
169,Software Developer,7.96,76.6,83.9,86.8,57.0,61.1,60.6,66.4,1,3,1,0,0,1,2,2,0,0,0,0,0,0,0,1,0,2,3,0,0,0,0,0,0,1,0,0,0,0,2,0,0,0,0,0,0,2,1,0,3
170,Software Developer,7.08,68.3,88.4,86.0,81.6,45.7,71.8,71.3,3,2,0,0,1,1,0,2,2,0,0,0,2,1,0,0,2,0,2,1,0,0,0,0,0,0,0,0,0,2,0,2,1,2,0,0,1,0,2,0,2
171,Software Developer,7.38,86.4,89.2,93.3,77.7,64.3,71.5,76.7,4,3,3,1,0,1,3,1,1,2,0,2,0,0,0,2,0,0,0,0,0,0,0,0,0,0,0,0,0,0,0,2,0,0,1,0,0,0,2,0,1
172,Software Developer,8.09,73.3,75.1,67.9,78.0,82.4,68.9,74.3,3,2,2,0,1,1,0,0,3,0,0,0,0,0,0,0,0,0,0,2,0,0,1,0,0,0,1,1,0,0,0,0,0,0,1,0,0,0,3,0,3
173,Software Developer,7.6,72.6,74.3,90.6,81.8,41.7,77.4,72.9,3,3,0,0,1,1,2,1,2,1,0,0,0,0,0,0,0,0,0,1,0,0,0,0,0,0,0,0,0,0,0,0,0,0,1,0,0,0,1,0,1
174,Software Developer,6.45,71.4,82.2,92.1,80.5,67.8,76.9,79.3,3,2,1,1,1,1,0,0,1,1,0,0,0,0,0,0,0,0,0,3,1,0,0,0,0,0,0,0,0,2,0,0,0,1,1,1,0,0,2,0,3
175,Software Developer,8.1,74.3,76.8,72.8,60.3,69.5,85.0,71.9,2,2,2,0,1,1,2,2,3,2,0,0,0,0,0,1,0,0,0,3,0,0,0,0,0,0,0,0,0,0,0,0,0,0,0,0,0,0,2,0,1
176,Software Developer,6.43,78.3,69.2,62.3,75.6,87.1,63.1,72.0,2,1,1,1,1,1,2,3,0,2,0,0,0,0,0,2,0,0,0,0,0,0,0,0,0,0,0,0,0,0,0,0,0,0,0,0,0,0,1,0,2
177,Software Developer,8.06,68.7,77.4,64.7,60.5,72.4,63.1,65.2,2,1,0,0,1,1,2,3,1,3,0,0,0,0,0,0,0,2,0,2,0,0,1,0,0,0,0,0,0,0,0,0,0,0,0,0,0,1,3,1,3
178,Software Developer,7.2,71.2,65.9,74.7,75.3,72.1,64.0,71.5,2,3,1,1,0,1,2,3,0,2,0,0,0,0,1,0,1,0,0,0,1,0,0,1,0,0,0,1,1,0,0,0,0,0,0,0,0,0,3,0,3
179,Software Developer,7.92,82.1,82.8,62.0,70.1,64.2,56.0,63.1,0,1,1,1,1,0,0,2,3,1,2,0,1,0,0,0,0,0,2,0,0,0,1,0,0,0,0,0,0,0,0,0,0,0,0,0,1,0,0,0,2
180,Software Developer,7.14,73.8,100.0,76.1,55.1,54.5,80.1,66.4,3,2,2,0,1,1,2,3,2,2,0,0,0,0,0,1,0,2,1,1,2,0,0,0,0,0,0,0,0,0,0,0,0,0,0,0,0,0,2,0,2
181,Software Developer,8.22,83.4,80.1,76.2,92.7,78.1,95.6,85.7,4,2,2,0,1,1,2,3,0,2,2,0,0,0,0,0,0,0,1,3,0,0,0,0,0,0,0,0,1,2,0,0,0,0,0,0,1,0,3,1,0
182,Software Developer,7.32,72.2,78.5,76.1,68.3,64.0,81.8,72.5,2,3,0,0,0,1,3,3,0,0,1,0,0,0,0,1,0,0,2,0,0,0,0,0,0,0,0,1,0,0,0,0,1,0,0,0,0,0,2,0,1
183,Software Developer,7.02,82.2,67.3,88.2,63.7,62.0,61.9,69.0,2,3,1,0,1,1,2,1,0,3,2,1,0,0,0,0,0,0,1,0,0,0,0,0,0,0,0,0,0,0,0,0,0,1,0,1,2,0,0,2,3
184,Software Developer,7.68,83.3,70.6,74.3,65.6,74.3,64.3,69.6,2,3,0,0,1,0,0,2,0,1,0,0,0,0,0,0,0,0,2,3,0,0,0,0,0,0,0,2,0,0,0,1,1,2,2,0,0,0,1,1,3
185,Software Developer,7.96,66.9,61.1,58.3,71.1,97.3,72.7,74.8,2,3,3,0,0,1,2,0,2,0,0,0,0,0,1,0,0,0,2,3,0,0,0,0,0,0,0,0,0,0,0,0,0,0,0,2,1,0,3,0,3
186,Software Developer,8.43,80.6,87.9,78.5,73.2,55.1,87.9,73.7,4,2,1,1,1,1,2,2,0,0,2,0,0,0,1,0,0,0,2,0,0,0,0,0,0,0,0,0,0,0,0,0,0,0,0,0,1,0,3,0,3
187,Software Developer,8.79,77.4,85.4,56.9,49.3,70.0,76.7,63.2,2,3,2,0,1,1,3,0,2,0,2,2,0,0,0,0,0,0,2,3,0,0,0,0,0,0,0,1,0,0,0,0,0,2,0,0,0,0,3,1,1
188,Software Developer,6.6,83.7,82.5,80.2,72.4,65.5,69.1,71.8,4,3,1,1,1,1,0,0,0,1,0,0,0,0,0,0,1,0,2,2,0,0,0,0,0,0,1,0,0,0,2,0,1,0,3,0,2,0,2,0,3
189,Software Developer,8.34,79.8,87.6,73.1,75.7,55.5,63.9,67.0,1,3,0,0,1,1,0,3,0,2,0,0,0,0,0,2,0,0,1,2,0,0,0,0,0,0,0,0,0,0,0,0,2,0,0,0,0,2,2,0,1
190,Software Developer,8.5,88.0,79.9,60.8,88.8,64.7,75.6,72.5,3,3,1,1,1,1,0,2,0,0,0,0,0,1,0,0,0,0,0,0,0,0,0,0,0,0,0,1,0,0,0,0,0,1,0,0,0,0,3,0,3
191,Software Developer,7.32,77.6,78.4,60.1,96.8,60.2,74.2,72.8,2,3,1,1,1,1,2,2,0,2,0,0,0,0,0,0,0,0,1,0,0,0,0,0,0,0,0,0,0,1,0,0,0,0,0,0,0,0,1,0,1
192,Software Developer,8.13,85.8,80.8,82.2,73.6,70.3,71.8,74.5,1,3,2,1,0,1,2,3,3,2,2,0,0,0,0,0,0,0,0,2,0,0,0,0,2,0,0,0,0,0,0,0,0,0,2,0,0,0,0,2,3
193,Software Developer,8.37,82.3,76.7,62.5,85.6,41.7,69.3,64.8,1,2,2,1,1,0,3,3,3,0,1,0,0,1,0,0,0,2,3,3,0,2,0,0,1,0,0,0,0,0,0,0,0,0,0,0,0,0,3,1,3
194,Software Developer,7.44,84.8,78.7,82.6,61.3,57.7,84.1,71.4,2,2,2,0,1,1,2,3,2,0,0,0,1,1,0,0,0,2,0,0,0,0,0,0,0,0,1,0,1,0,1,0,0,0,0,0,2,0,2,0,2
195,Software Developer,6.95,80.3,73.7,64.9,87.6,77.6,78.4,77.1,2,1,2,0,1,0,2,0,1,0,0,0,0,0,1,0,0,2,2,2,0,0,0,0,0,0,0,0,0,0,0,1,0,0,0,2,0,0,3,0,1
196,Software Developer,6.16,71.7,76.0,80.9,55.9,89.7,66.2,73.2,1,2,2,1,1,1,2,0,0,0,0,0,1,1,0,0,1,0,2,0,0,0,3,0,0,0,0,1,1,0,2,0,0,0,1,0,0,0,3,0,2
197,Software Developer,7.97,76.8,76.2,68.4,81.3,56.0,65.1,67.7,3,1,1,1,1,1,2,0,0,0,0,0,0,0,2,0,0,1,0,2,0,0,2,0,0,0,2,0,2,0,0,0,0,0,0,0,0,0,2,0,3
198,Software Developer,6.36,85.8,77.3,90.0,98.6,74.4,51.3,78.6,0,2,2,1,1,1,3,2,2,0,0,0,0,0,0,0,1,0,2,2,0,0,0,0,0,0,0,0,0,0,0,0,2,1,0,2,0,1,3,0,2
199,Software Developer,7.82,80.1,79.0,87.3,46.3,63.5,92.3,72.3,1,1,2,1,0,1,1,0,0,0,0,0,0,0,0,1,0,2,1,0,0,0,0,0,0,0,0,0,0,0,0,0,0,0,0,0,0,0,2,0,2
200,Software Developer,7.39,92.9,84.7,58.5,75.7,90.4,76.2,75.2,2,2,0,0,0,1,0,2,0,2,0,0,0,0,0,0,0,0,1,1,0,1,0,0,0,0,0,0,0,0,0,1,0,0,0,0,0,1,1,0,0
201,Software Developer,7.64,78.7,65.7,90.5,60.0,79.7,57.7,72.0,2,2,2,1,1,0,0,2,2,2,0,0,0,0,1,0,0,0,0,2,0,0,0,0,0,0,0,0,0,0,0,2,0,0,0,0,0,0,0,0,3
202,Software Developer,6.23,86.9,80.1,79.3,67.0,66.2,67.7,70.0,1,2,2,1,1,1,3,0,0,2,0,0,0,0,0,1,0,0,3,3,0,0,0,0,0,0,0,2,0,0,0,0,2,1,0,0,0,0,1,1,3
203,Software Developer,6.71,68.1,69.3,86.1,67.0,64.8,73.5,72.8,2,2,2,1,1,1,2,3,0,0,0,0,0,0,0,0,0,0,1,3,0,0,0,0,0,2,0,1,1,0,0,1,0,0,2,0,1,0,1,0,3
204,Software Developer,6.08,84.1,85.3,76.4,51.4,65.4,72.0,66.3,2,2,0,0,1,0,3,3,3,2,0,0,0,0,0,0,0,0,0,2,0,1,0,0,0,0,0,0,0,0,0,0,1,1,0,0,0,0,1,1,3
205,Software Developer,6.08,83.7,81.5,83.0,45.0,66.7,75.2,67.5,2,2,0,0,1,1,0,2,0,0,1,0,0,0,0,0,0,0,1,2,0,0,0,0,1,0,1,0,0,0,1,0,1,1,0,0,0,0,3,0,0
206,Software Developer,7.63,77.8,79.0,55.9,85.2,70.5,49.5,65.3,3,3,1,1,1,0,0,1,1,0,0,0,0,0,1,0,0,2,3,0,3,0,0,1,0,0,0,0,0,0,0,0,0,0,0,0,2,0,0,0,1
207,Software Developer,5.8,85.2,72.7,64.0,61.0,61.7,81.2,67.0,2,3,3,1,1,0,2,3,3,1,1,2,0,2,0,1,0,0,1,3,1,0,0,0,0,0,0,0,0,0,0,0,0,0,0,0,0,0,2,1,1
208,Software Developer,7.0,89.1,88.5,83.3,68.3,64.3,79.6,73.9,3,2,1,1,1,1,2,2,0,1,0,0,1,0,0,0,0,0,0,0,1,0,0,1,1,0,1,1,0,0,0,0,0,0,0,0,1,1,1,0,0
209,Software Developer,8.14,76.7,81.6,75.9,77.3,71.2,63.7,72.0,2,3,1,1,1,0,0,3,0,2,0,0,1,1,0,0,0,0,0,1,0,0,0,0,0,0,0,1,0,0,3,0,0,0,0,2,0,0,3,0,3
210,Software Developer,7.13,92.1,71.3,88.9,67.3,53.1,62.7,68.0,1,2,0,0,1,1,3,0,2,2,0,0,0,0,0,0,0,0,2,3,0,0,0,0,0,0,2,0,0,0,1,1,0,0,0,2,0,0,3,0,2
211,Software Developer,6.82,80.4,95.5,81.8,68.1,67.8,52.5,67.5,1,2,2,1,1,1,1,1,0,0,0,0,1,0,0,0,0,1,0,3,0,0,0,0,0,0,0,0,0,0,0,0,0,0,0,0,0,0,2,2,3
212,Software Developer,6.46,81.1,86.8,84.0,91.3,50.0,82.1,76.8,4,3,1,1,0,1,2,0,0,0,0,0,0,0,1,0,0,0,2,2,0,0,0,0,1,0,0,1,0,0,0,0,0,0,1,0,0,0,2,0,2
213,Software Developer,6.88,72.7,93.6,63.6,78.0,75.8,75.4,73.2,3,2,1,1,1,1,2,3,0,0,0,0,1,0,0,0,1,0,3,0,0,1,0,0,2,1,0,0,1,0,0,0,0,0,0,0,0,0,3,0,0
214,Software Developer,8.27,85.7,78.2,53.8,66.4,68.4,65.3,63.5,1,3,2,1,1,1,1,1,1,2,1,0,2,0,0,0,2,0,3,2,1,0,1,1,0,2,0,0,0,0,0,0,0,0,0,0,0,2,3,1,0
215,Software Developer,7.16,70.3,74.1,69.2,66.3,75.2,92.8,75.9,1,1,2,1,0,1,3,2,0,2,0,0,0,0,0,0,0,0,0,3,0,2,0,1,2,0,0,0,0,0,0,1,1,1,0,0,0,0,2,0,2
216,Software Developer,8.31,85.2,68.9,47.0,83.6,61.6,76.5,67.2,2,3,1,1,1,0,0,3,0,0,2,0,0,0,0,0,0,0,2,0,0,0,1,1,0,0,0,0,0,2,0,0,0,0,0,0,0,1,2,0,2
217,Software Developer,8.54,79.0,85.3,57.6,66.8,71.9,60.4,64.2,3,2,2,1,0,1,2,3,0,0,0,0,0,0,0,0,0,1,0,3,0,0,0,0,0,2,0,1,0,0,1,0,0,0,0,0,0,0,3,0,2
218,Software Developer,8.09,86.2,80.0,67.9,76.0,62.9,83.9,72.7,2,2,3,1,1,1,0,0,3,0,2,1,0,1,0,0,0,0,2,3,2,0,0,0,1,0,0,0,0,0,0,0,0,1,0,0,1,0,3,2,3
219,Software Developer,8.51,90.7,83.4,75.8,70.5,57.9,84.5,72.2,2,1,0,0,1,1,0,2,2,2,0,0,0,2,0,0,1,1,0,0,0,0,0,0,0,0,0,0,0,0,0,0,0,0,0,0,0,0,3,0,3
220,Software Developer,7.76,61.9,67.2,73.6,72.7,75.8,93.7,79.0,2,3,1,1,1,1,2,3,1,3,1,0,0,0,1,0,0,0,0,0,0,0,0,0,0,0,0,0,0,0,0,0,0,1,0,0,0,0,3,1,3
221,Software Developer,6.06,98.9,78.2,72.9,68.2,83.3,80.0,76.1,1,2,0,0,1,1,3,0,1,0,0,0,0,2,0,0,0,0,2,0,1,0,0,0,0,0,0,2,0,0,0,0,0,0,1,0,0,0,3,0,1
222,Software Developer,7.15,80.0,86.8,72.0,73.5,76.7,70.5,73.2,2,1,2,1,0,1,0,0,1,0,0,0,0,0,0,0,0,0,2,1,0,0,1,1,0,0,0,0,0,0,0,0,1,0,0,1,1,0,2,0,3
223,Software Developer,9.15,80.2,89.0,99.8,82.8,77.0,53.1,78.2,3,1,1,1,0,1,2,2,0,0,0,0,0,0,0,0,0,1,0,0,0,0,0,0,1,0,0,0,1,0,0,0,0,0,0,0,0,0,3,0,2
224,Software Developer,6.53,89.9,71.5,75.1,50.9,77.1,75.4,69.6,4,2,0,0,0,1,3,1,0,2,0,0,0,0,0,0,1,0,2,0,0,0,0,0,0,0,0,0,0,0,0,0,0,0,0,0,0,0,1,0,3
225,Software Developer,6.41,70.9,60.4,85.4,78.1,64.2,75.6,75.8,0,2,2,0,1,1,2,2,3,1,0,0,0,0,0,0,0,0,2,1,0,0,0,0,0,0,0,0,0,0,0,0,0,0,0,0,1,0,3,0,2
226,Software Developer,7.88,84.5,77.6,65.7,89.0,66.6,75.2,74.1,2,2,2,0,1,1,0,3,0,1,0,0,0,0,0,0,0,1,0,2,0,0,1,0,0,0,0,2,0,0,1,2,0,0,0,1,0,0,2,1,3
227,Software Developer,8.24,76.1,80.0,82.9,71.7,73.5,63.2,72.8,2,2,2,1,1,0,0,0,0,2,0,0,0,0,0,0,0,0,0,1,0,0,0,0,0,0,0,0,0,1,0,0,0,0,0,0,0,0,1,0,3
228,Software Developer,8.05,63.4,91.9,93.5,65.0,61.1,79.3,74.7,2,3,1,0,1,1,2,2,2,2,0,0,0,0,0,0,0,2,0,2,0,1,0,0,1,0,0,0,1,0,0,0,0,0,0,0,0,0,3,2,3
229,Software Developer,8.07,68.7,83.4,66.2,68.4,74.0,73.6,70.6,0,3,2,1,0,0,1,1,0,2,0,1,0,0,0,0,0,0,1,0,0,0,0,0,0,0,2,0,0,0,0,1,0,1,0,0,0,0,0,0,2
230,Software Developer,6.69,77.2,85.2,82.8,62.0,70.6,67.9,70.8,3,3,1,0,0,1,0,0,2,2,0,0,0,1,1,1,0,0,1,0,0,0,0,0,0,0,1,0,0,0,0,0,1,0,0,0,0,0,1,0,3
231,Software Developer,8.54,73.2,82.4,75.7,78.0,56.6,96.2,76.6,3,2,1,0,1,1,3,3,0,0,0,1,0,0,1,0,0,0,2,0,0,0,0,0,0,0,0,1,0,0,0,0,0,1,0,0,0,0,2,0,3
232,Software Developer,7.63,83.8,92.5,58.8,86.8,63.6,87.5,74.2,4,2,1,1,0,1,2,3,1,2,0,0,0,0,0,0,0,1,2,3,0,0,0,0,0,0,0,1,1,0,0,0,2,0,0,0,0,0,2,0,1
233,Software Developer,6.8,63.4,74.5,73.2,60.6,58.0,75.0,66.7,1,2,1,1,1,1,0,3,0,2,0,2,0,0,0,0,0,0,2,0,0,0,0,1,0,0,0,0,0,0,0,0,0,0,0,0,0,0,3,0,0
234,Software Developer,7.37,72.2,76.7,60.6,57.1,61.6,74.6,63.5,3,2,1,1,1,1,1,2,0,3,0,0,0,0,0,0,0,0,1,0,0,0,0,0,1,0,1,0,0,0,0,0,0,0,0,0,0,0,1,0,3
235,Software Developer,6.24,95.6,84.1,75.6,100.0,73.6,60.4,78.9,2,2,1,1,1,1,1,1,0,1,0,0,0,0,0,0,0,0,3,3,0,0,0,0,0,0,0,0,0,0,0,0,1,2,1,0,0,1,0,1,2
236,Software Developer,6.91,78.0,84.8,53.6,76.4,83.0,80.3,73.3,3,2,1,1,0,1,3,0,1,1,0,0,0,0,0,0,0,0,3,0,0,0,0,0,0,0,0,0,0,0,2,0,0,0,0,0,0,0,3,0,3
237,Software Developer,6.76,74.5,72.7,65.9,70.5,75.5,90.3,75.5,2,3,2,0,0,1,3,0,2,0,0,0,0,0,0,0,0,0,3,3,0,0,0,0,2,0,0,0,0,0,0,0,0,0,0,0,0,0,1,1,2
238,Software Developer,7.87,89.7,65.4,67.0,66.5,69.7,71.0,68.5,4,1,2,0,0,0,3,0,0,3,0,0,0,0,0,0,0,0,0,3,0,0,0,0,1,0,0,1,0,0,0,0,1,0,0,0,2,1,2,0,1
239,Software Developer,6.64,74.3,79.1,54.9,85.7,64.2,80.9,71.4,2,3,1,1,1,1,3,0,3,2,1,1,0,2,0,0,1,0,2,2,0,0,0,0,1,1,0,2,0,0,0,0,0,1,0,0,0,0,3,0,2
240,Software Developer,8.34,83.1,68.4,62.1,83.3,79.4,92.9,79.4,0,1,1,1,1,1,0,0,0,1,0,0,0,0,2,0,0,0,0,3,0,0,0,0,1,0,0,0,0,0,0,0,2,0,0,0,1,0,3,0,1
241,Software Developer,5.53,80.7,81.4,71.9,89.0,69.4,76.0,76.6,2,2,1,1,1,0,0,1,2,0,1,0,0,0,0,0,2,0,1,0,0,1,0,0,0,0,0,0,2,0,0,0,0,1,0,0,1,0,3,0,2
242,Software Developer,7.5,87.6,86.2,69.9,82.9,74.4,83.3,77.6,3,1,1,1,0,0,0,3,0,2,0,0,0,0,0,1,0,1,2,0,0,2,1,1,0,0,0,0,0,0,1,0,0,0,0,0,0,0,1,0,3
243,Software Developer,7.15,75.2,79.0,66.2,73.9,55.4,90.7,71.6,1,2,1,0,1,1,2,2,0,2,0,0,0,0,0,0,0,0,1,0,0,0,0,0,1,0,0,0,0,0,0,0,2,0,1,0,0,1,3,0,1
244,Software Developer,7.73,82.1,91.0,69.1,55.1,67.9,99.6,72.9,1,3,1,0,1,1,0,3,1,0,1,0,0,0,2,0,0,0,0,2,0,0,0,0,0,0,0,0,0,2,0,0,0,0,1,0,0,0,1,0,1
245,Software Developer,7.91,80.5,71.6,85.2,90.8,63.5,66.9,76.6,1,2,0,0,1,1,2,0,0,0,0,0,0,0,1,0,0,0,2,1,0,0,1,0,0,0,0,0,0,1,0,2,2,0,0,0,1,0,3,0,2
246,Software Developer,7.23,76.9,77.2,67.1,82.7,65.7,54.1,67.4,2,3,0,0,1,1,3,2,2,1,1,0,0,0,0,0,0,0,1,0,0,0,1,0,0,0,0,0,1,0,0,0,0,0,0,0,0,0,3,1,3
247,Software Developer,8.21,71.1,84.1,80.1,66.6,71.6,88.0,76.6,0,1,1,1,1,1,0,3,1,2,2,0,0,0,0,1,0,0,0,2,0,0,0,0,0,0,0,0,1,0,0,0,0,0,0,0,0,0,0,0,3
248,Software Developer,6.96,75.0,69.7,77.0,90.6,62.8,74.1,76.1,2,2,3,1,0,1,3,0,0,3,0,0,0,0,0,0,0,2,0,2,0,1,0,2,1,0,0,0,0,0,1,0,0,0,0,0,0,0,3,0,2
249,Software Developer,8.1,68.6,77.2,71.6,70.8,67.9,79.1,72.3,2,2,0,0,1,1,3,2,2,1,0,0,1,0,0,0,0,0,3,2,0,0,2,0,0,0,0,2,0,0,2,2,0,1,0,0,0,0,2,0,2
250,Software Developer,7.7,79.1,87.4,56.4,69.1,73.7,94.5,73.4,3,1,2,1,0,1,2,2,2,2,0,0,0,0,0,2,0,0,2,1,0,0,0,0,0,0,2,0,0,0,0,0,0,0,0,0,0,0,0,0,2
251,Software Developer,8.01,78.7,69.4,76.8,67.7,68.4,73.1,71.5,2,2,0,0,1,1,3,1,2,0,0,0,0,0,0,0,0,0,0,0,0,2,0,0,0,0,1,0,0,0,0,0,0,0,0,0,0,0,2,0,3
252,Software Developer,6.29,78.0,79.8,65.4,92.7,70.6,65.6,73.6,2,2,1,0,0,1,3,3,2,3,0,0,1,0,0,0,0,0,2,3,0,0,1,0,0,0,0,1,0,0,0,0,2,0,0,1,0,0,1,2,1
253,Software Developer,6.85,75.1,72.9,81.8,85.8,87.8,73.6,82.2,1,2,1,1,1,1,0,0,0,0,0,0,0,1,0,1,0,0,3,2,0,0,0,2,0,0,0,0,0,0,0,0,0,0,1,0,0,1,0,0,3
254,Software Developer,6.28,76.8,77.2,96.8,95.7,64.6,74.5,82.9,3,2,0,0,1,0,2,0,0,2,0,0,0,1,2,0,0,0,0,2,0,1,0,0,0,0,0,0,0,0,0,0,0,0,0,0,0,0,3,2,1
255,Software Developer,7.2,83.7,73.7,71.9,64.5,71.2,83.7,72.8,3,2,3,1,1,1,0,3,1,1,0,1,0,1,0,0,0,0,2,3,0,1,0,0,0,0,0,0,0,0,0,0,0,0,0,0,0,0,2,0,2
256,Software Developer,6.99,88.5,66.2,80.1,93.8,67.1,70.0,77.8,1,2,1,0,1,1,2,2,0,2,0,0,0,0,0,2,0,0,0,1,0,0,1,0,0,0,0,0,0,0,0,1,0,0,1,2,0,0,2,1,2
257,Software Developer,8.66,75.0,81.2,81.7,46.5,76.0,72.7,69.2,3,3,1,1,1,1,3,2,2,1,0,0,0,0,0,0,0,0,2,3,0,0,0,0,0,0,0,0,2,1,0,0,1,2,0,0,0,0,3,0,3
258,Software Developer,6.73,79.5,79.2,73.3,73.9,69.9,64.4,70.4,3,2,1,1,1,1,1,3,0,1,0,0,0,0,1,0,0,0,0,3,0,2,0,0,0,0,0,0,1,0,0,1,1,1,1,0,1,0,3,0,2
259,Software Developer,6.9,76.8,77.3,88.1,87.3,68.4,59.7,75.9,3,2,1,1,1,0,2,2,2,2,0,0,2,0,0,0,2,1,1,2,0,1,0,0,0,0,0,0,0,1,0,0,0,1,0,0,0,0,0,0,2
260,Software Developer,6.87,81.0,66.3,84.4,100.0,71.5,58.1,78.7,4,1,2,1,0,1,2,2,2,2,0,0,0,0,1,0,0,0,1,3,0,0,0,0,0,0,0,0,0,0,0,0,0,1,0,0,1,0,2,0,3
261,Software Developer,7.82,84.1,82.0,78.3,61.4,55.5,80.8,69.0,1,2,0,0,1,1,3,3,1,2,0,0,2,0,0,0,0,0,1,0,0,0,0,0,0,0,0,0,0,0,0,2,0,0,1,0,0,2,3,0,3
262,Software Developer,6.86,69.0,80.8,74.6,72.4,84.4,73.6,76.2,3,3,1,1,1,1,0,3,3,2,1,0,0,0,1,0,0,0,3,0,0,1,0,0,0,0,0,0,0,0,0,0,0,0,0,0,2,0,3,1,3
263,Software Developer,7.71,80.4,75.9,75.7,85.2,62.4,70.4,73.4,2,3,0,0,1,1,1,3,0,1,0,2,0,0,0,0,0,0,2,0,0,0,0,0,0,1,1,0,0,0,0,0,0,2,0,0,0,2,2,0,0
264,Software Developer,6.88,83.2,67.6,92.3,74.6,71.3,65.4,75.9,1,2,1,1,1,1,0,2,2,1,0,1,0,0,0,1,0,2,1,2,0,0,0,0,0,0,0,0,0,0,0,0,0,0,0,0,0,0,2,0,2
265,Software Developer,6.73,75.6,80.4,55.9,89.9,46.9,73.3,66.5,2,3,1,1,1,1,0,3,2,3,0,0,0,0,2,0,2,0,2,3,1,0,0,0,0,0,0,0,0,0,0,0,2,0,0,2,0,0,1,0,3
266,Software Developer,8.15,66.7,68.9,59.4,78.4,67.5,95.6,75.2,0,3,1,1,1,1,2,1,2,2,0,0,0,0,0,0,0,0,0,2,0,0,0,0,0,1,0,0,1,0,0,0,0,0,1,0,0,0,1,0,2
267,Software Developer,8.37,71.9,65.2,53.4,90.7,67.4,73.1,71.2,2,1,1,1,1,0,0,2,1,2,1,0,0,0,0,0,0,0,2,3,1,0,0,2,0,0,0,0,0,1,0,0,2,0,0,0,0,0,2,0,2
268,Software Developer,7.28,81.0,75.1,63.0,69.2,84.1,62.2,69.6,1,1,3,1,1,1,3,2,0,0,0,0,0,1,0,0,0,0,0,2,0,1,0,0,0,0,2,0,0,0,0,0,0,1,0,0,0,0,2,0,0
269,Software Developer,7.81,86.7,83.7,86.6,85.3,55.3,85.6,78.2,3,1,0,0,1,1,3,2,2,0,0,0,1,0,0,3,0,0,3,0,0,0,2,1,0,0,1,0,2,0,0,0,0,3,0,0,0,2,3,1,3
270,Software Developer,6.34,79.7,76.1,83.7,61.6,83.7,72.5,75.4,2,2,2,0,0,1,1,2,0,1,0,0,0,0,0,0,0,0,0,3,0,0,0,2,0,0,0,0,0,0,1,0,0,0,1,0,0,0,2,0,2
271,Software Developer,8.56,72.0,87.8,62.7,58.9,72.9,70.4,66.2,4,3,3,1,0,1,2,3,0,3,0,0,2,0,2,0,0,0,0,0,1,0,0,0,0,0,0,0,0,0,0,0,1,0,0,0,0,0,2,0,3
272,Software Developer,7.68,84.6,83.2,52.8,68.9,62.0,90.3,68.5,1,2,1,1,1,1,2,2,0,0,0,0,0,0,0,1,0,2,0,2,0,0,0,0,0,0,1,0,0,0,0,0,0,0,0,2,0,0,3,0,2
273,Software Developer,6.54,81.6,74.7,75.0,58.9,63.0,72.9,67.5,2,2,1,0,1,1,2,1,1,3,0,0,0,0,1,1,0,0,0,1,0,0,0,0,0,0,0,0,0,0,0,0,0,0,0,1,0,0,2,0,0
274,Software Developer,6.95,89.2,92.6,41.5,66.9,66.7,76.7,63.0,3,3,2,1,1,1,2,3,0,0,0,0,0,0,0,0,0,0,2,2,0,0,0,0,0,0,0,0,2,0,0,0,0,0,0,0,0,1,1,0,3
275,Software Developer,7.5,71.9,76.4,58.8,74.9,78.0,85.1,74.2,2,1,1,1,1,1,0,2,0,0,1,0,0,0,0,0,0,0,0,0,0,0,0,0,0,1,1,2,2,0,0,1,0,0,2,2,0,0,1,0,2
276,Software Developer,7.69,76.1,82.5,56.3,89.7,62.9,99.6,77.1,1,1,2,1,1,1,3,2,3,0,0,0,0,0,0,0,0,0,0,0,0,0,0,0,0,0,0,0,0,0,0,0,0,0,0,0,0,0,3,0,2
277,Software Developer,6.78,83.0,66.8,90.7,69.9,68.1,59.2,72.0,1,1,2,1,1,1,3,1,0,3,0,0,1,1,1,0,1,1,2,0,0,1,0,1,0,0,0,1,1,0,0,0,0,0,0,0,0,0,3,0,0
278,Software Developer,8.19,85.3,73.2,90.1,93.2,67.6,74.0,81.2,1,2,1,0,1,1,0,1,0,1,0,0,0,0,1,0,0,0,1,0,0,0,0,0,0,0,1,0,0,0,1,0,1,0,0,0,0,0,3,0,3
279,Software Developer,8.15,70.0,96.4,63.4,55.7,53.6,67.7,60.1,2,2,1,1,1,1,3,3,0,2,0,0,0,0,0,0,0,0,0,3,0,0,0,0,0,0,0,0,0,1,0,0,0,0,0,0,0,0,2,0,2
280,Software Developer,7.02,74.9,87.5,74.0,63.2,92.0,92.5,80.4,2,3,1,0,0,1,0,0,1,2,0,0,0,0,0,1,0,0,3,0,0,0,0,0,0,0,1,0,0,0,0,0,0,2,0,0,0,0,3,2,3
281,Software Developer,8.72,79.0,87.3,79.4,66.5,66.7,55.9,67.1,2,2,2,1,1,1,3,3,0,3,0,0,0,0,0,1,0,0,0,0,0,0,0,0,2,0,0,0,0,0,0,0,1,1,0,1,2,0,2,0,3
282,Software Developer,7.16,75.9,75.4,83.1,85.9,53.0,73.5,73.9,3,1,2,1,1,1,3,2,3,2,1,0,0,0,1,0,0,0,1,3,1,0,0,0,0,0,1,0,0,2,0,0,0,0,0,0,0,0,0,0,3
283,Software Developer,6.77,83.8,100.0,45.3,51.7,64.9,94.6,64.1,1,2,2,1,1,1,3,3,2,2,2,0,0,0,0,0,0,0,2,2,0,0,1,0,0,0,0,0,1,0,0,0,0,0,0,1,0,0,3,0,3
284,Software Developer,8.23,82.9,84.8,62.9,75.4,58.0,64.8,65.3,1,3,0,0,0,1,0,3,0,1,0,0,2,0,0,0,0,0,2,0,0,2,0,0,1,0,0,0,0,0,0,0,0,0,0,0,1,0,3,0,1
285,Software Developer,7.6,72.7,74.6,78.4,57.4,56.6,80.8,68.3,3,2,2,1,1,1,1,1,2,3,0,1,0,0,0,2,0,0,3,0,0,0,0,0,0,0,0,0,0,0,0,0,0,0,0,0,0,0,3,1,2
286,Software Developer,8.41,73.0,85.5,61.9,79.7,75.4,67.7,71.2,2,1,1,1,0,1,1,2,0,0,0,1,0,0,0,0,0,2,0,0,0,0,0,0,0,0,0,0,0,0,0,1,1,0,0,0,0,0,2,0,3
287,Software Developer,7.45,74.7,78.1,85.3,83.6,63.2,79.3,77.8,1,3,2,0,0,1,3,1,0,2,0,0,0,0,0,1,0,0,2,0,1,0,1,0,0,0,0,0,0,0,0,2,0,1,1,0,0,0,0,0,2
288,Software Developer,6.46,71.5,87.1,51.6,59.3,66.2,63.8,60.2,2,3,1,1,0,0,3,3,2,1,0,2,1,1,0,0,0,0,1,2,0,0,0,0,0,0,0,0,2,0,1,0,0,0,0,1,0,0,0,0,3
289,Software Developer,7.9,76.5,86.1,64.4,80.4,80.0,79.5,76.1,4,2,1,1,1,1,3,0,0,1,0,0,0,1,0,0,0,0,1,0,0,0,0,0,0,0,0,1,0,2,0,0,1,0,1,0,1,1,1,1,1
290,Software Developer,7.22,78.6,88.4,67.3,46.8,74.6,92.2,70.2,2,2,1,1,1,1,1,3,0,0,0,0,1,0,0,0,2,0,0,0,0,0,0,2,0,0,0,0,0,0,0,0,0,0,0,1,0,2,3,0,3
291,Software Developer,8.87,82.2,81.0,72.4,77.7,67.1,61.9,69.8,3,1,2,1,1,1,2,2,2,2,0,0,0,0,2,0,0,0,0,2,0,0,0,0,0,0,0,0,0,0,0,0,2,0,2,0,0,0,2,0,2
292,Software Developer,8.51,77.4,71.3,92.9,68.8,67.8,63.4,73.2,3,2,1,1,1,0,0,0,3,1,0,0,0,0,0,0,2,0,1,0,0,1,1,0,0,0,0,2,0,0,0,0,0,0,0,0,0,0,3,1,2
293,Software Developer,7.1,79.8,90.8,80.6,84.3,90.3,70.0,81.3,1,1,2,1,1,1,3,2,2,2,0,0,0,0,1,0,0,1,1,2,1,1,0,0,3,0,0,0,0,0,0,0,1,0,0,1,0,1,3,0,2
294,Software Developer,8.1,73.4,84.2,70.8,87.4,82.8,77.6,79.7,2,3,1,0,1,0,0,2,1,3,0,0,1,0,0,0,0,0,0,1,0,1,1,0,2,0,0,0,1,0,0,0,0,0,0,0,0,0,0,0,0
295,Software Developer,9.47,76.4,92.0,65.8,69.7,58.2,92.4,71.5,2,2,1,1,1,0,2,1,1,3,0,0,0,0,0,2,0,0,2,0,0,0,0,0,0,2,0,0,0,0,1,0,0,0,0,2,0,0,2,0,3
296,Software Developer,7.47,81.0,89.7,64.9,79.4,61.9,52.2,64.6,0,1,1,1,1,1,2,0,0,0,0,2,0,0,0,0,0,0,0,2,1,0,0,0,0,0,0,0,0,0,1,0,2,0,0,0,0,0,0,0,2
297,Software Developer,7.62,73.8,73.7,82.4,70.9,69.9,57.3,70.1,1,3,3,1,1,1,2,3,1,0,0,0,0,1,0,0,0,2,2,2,0,0,0,0,0,0,0,0,0,0,0,0,0,0,0,0,0,1,2,0,2
298,Software Developer,6.94,90.4,77.0,64.4,68.5,69.4,72.4,68.7,2,2,2,1,1,1,2,3,1,1,0,0,0,0,2,0,1,0,3,0,0,0,0,0,0,0,0,1,0,0,0,0,0,0,0,0,0,0,0,0,2
299,Software Developer,7.38,71.7,83.2,63.2,91.6,66.4,86.2,76.9,3,2,2,0,1,1,3,3,2,1,0,0,0,0,0,0,0,0,1,3,0,0,2,0,0,0,0,1,0,0,0,1,0,0,0,0,0,0,3,0,2
300,Software Developer,7.66,80.3,78.3,52.8,72.3,48.3,88.1,65.4,1,1,1,1,1,0,0,0,2,2,0,0,0,0,0,0,0,0,2,2,0,0,0,1,0,1,1,0,0,0,0,0,0,0,0,0,2,0,0,0,3
301,Software Developer,7.79,81.6,64.4,58.0,78.8,67.0,51.4,63.8,3,1,1,1,1,1,2,2,0,1,3,0,1,0,0,1,0,0,1,0,0,0,0,0,0,0,0,0,0,0,0,0,0,0,1,0,2,0,0,0,3
302,Software Developer,7.73,86.0,76.8,70.7,64.4,67.6,76.0,69.7,1,2,1,0,1,1,2,2,2,3,0,1,0,0,0,0,0,1,0,2,0,0,0,0,0,0,0,0,0,0,0,0,1,0,0,0,0,0,3,0,2
303,Software Developer,8.28,75.6,72.3,72.1,82.3,51.3,81.1,71.7,3,3,2,1,0,1,2,2,0,3,0,0,0,0,0,0,0,0,3,0,0,0,0,0,0,0,2,0,0,0,0,0,2,0,0,2,0,0,1,0,1
304,Software Developer,7.38,75.9,63.1,74.6,80.2,56.6,77.5,72.2,0,2,0,0,1,1,0,3,0,2,0,0,0,1,0,0,0,0,3,2,0,0,0,0,0,0,0,0,0,2,1,0,0,0,2,0,0,0,0,0,0
305,Software Developer,8.67,68.0,84.2,77.0,92.2,64.7,72.1,76.5,3,2,2,1,1,1,3,2,0,3,0,0,0,0,0,0,0,0,3,2,0,0,0,0,0,0,0,0,0,0,0,1,0,0,0,0,0,0,1,0,3
306,Software Developer,6.89,78.4,73.6,87.5,53.6,85.3,95.1,80.4,4,3,2,1,1,1,3,2,1,2,0,1,0,0,0,0,1,0,0,3,0,0,0,1,0,0,0,0,0,0,0,0,0,0,0,0,0,0,0,0,3
307,Software Developer,5.92,82.3,84.1,74.5,68.6,70.0,76.7,72.5,1,1,2,0,0,1,3,2,0,1,0,0,0,1,0,0,0,0,0,0,0,2,0,1,0,0,0,0,0,0,0,0,1,1,0,0,0,1,3,0,2
308,Software Developer,7.49,79.5,62.6,61.9,97.1,69.0,44.9,68.2,4,3,2,1,1,1,3,0,1,2,1,0,1,0,0,0,0,0,0,0,1,1,1,0,0,0,0,2,0,0,0,0,0,0,0,0,0,0,3,0,3
309,Software Developer,7.97,80.6,84.9,65.2,81.8,49.1,84.4,70.1,2,3,3,0,1,1,2,3,2,0,0,0,0,0,0,0,0,0,2,2,0,0,0,0,0,0,0,0,0,0,0,0,0,0,0,0,0,0,3,0,2
310,Software Developer,7.11,70.5,89.7,86.9,79.4,76.9,61.8,76.2,0,3,0,0,0,1,2,2,2,1,1,0,0,0,1,0,1,0,2,2,0,0,0,0,0,0,2,0,0,0,0,2,0,0,1,0,0,0,0,0,2
311,Software Developer,8.4,61.3,85.1,71.3,65.1,83.1,57.4,69.2,3,3,1,0,1,1,2,2,0,0,0,0,0,0,1,0,0,0,1,0,0,2,0,0,0,1,0,0,0,0,0,0,0,1,1,0,0,0,3,0,3
312,Software Developer,6.4,64.5,71.0,64.6,65.9,81.0,97.5,77.2,1,3,2,1,0,1,0,2,0,0,0,0,0,0,0,0,0,0,2,2,0,0,0,0,2,2,0,0,1,0,0,0,0,0,0,0,0,0,0,0,1
313,Software Developer,7.61,81.8,72.5,68.8,79.5,72.6,80.7,75.4,4,2,3,0,0,1,0,3,0,2,0,0,0,0,0,0,0,0,0,1,1,0,0,0,2,0,0,0,0,0,0,0,0,1,0,2,0,1,0,0,0
314,Software Developer,6.99,80.3,74.3,63.2,84.7,42.1,67.7,64.4,2,2,0,0,1,1,3,0,0,0,0,0,0,0,0,0,2,0,0,2,0,0,0,0,1,2,0,0,0,0,1,0,0,0,0,1,0,1,3,0,2
315,Software Developer,7.22,89.8,78.1,74.7,80.2,60.8,76.3,73.0,1,2,2,0,1,1,3,2,2,0,0,1,0,0,0,0,0,0,1,0,3,2,0,0,0,0,0,0,0,0,0,0,0,0,0,0,0,0,2,0,3
316,Software Developer,6.86,85.1,82.6,72.2,52.0,65.3,63.8,63.3,4,3,1,1,0,1,3,0,0,2,0,0,0,1,2,0,0,0,2,3,0,0,0,0,0,1,0,0,0,0,0,0,1,0,0,0,0,0,3,0,0
317,Software Developer,8.54,90.0,76.5,60.1,81.7,72.1,73.1,71.8,2,2,0,0,1,0,2,0,0,2,0,1,0,0,1,0,0,0,2,1,0,0,0,2,0,0,0,0,0,0,1,0,1,0,0,0,0,0,2,0,3
318,Software Developer,7.47,88.4,73.4,61.0,72.5,75.4,84.9,73.5,2,2,0,0,1,1,2,3,2,3,0,1,1,1,0,0,0,1,2,0,0,0,0,0,0,0,1,0,1,0,0,0,0,0,1,1,0,0,3,1,1
319,Software Developer,7.16,80.7,87.4,67.5,82.7,70.1,73.1,73.3,2,2,2,1,1,1,3,0,3,0,0,1,0,0,0,0,0,0,3,2,0,0,0,0,0,0,0,0,0,0,0,1,0,0,0,0,0,0,1,0,3
320,Software Developer,6.71,82.7,82.1,75.5,81.3,81.1,91.8,82.4,2,1,1,1,1,1,2,3,0,2,0,1,0,0,0,0,0,0,2,1,0,2,0,0,0,0,2,0,0,0,0,0,0,0,0,0,0,0,1,1,3
321,Software Developer,7.72,73.8,80.2,82.4,70.2,73.8,80.5,76.7,3,2,3,0,1,1,3,2,0,1,0,0,0,0,0,0,1,0,0,3,0,1,0,0,0,0,0,0,0,0,1,0,0,0,0,0,0,0,0,0,2
322,Software Developer,8.54,84.9,69.5,88.7,84.9,67.5,55.5,74.2,2,2,1,1,1,1,1,2,3,1,0,0,0,0,0,0,0,0,0,1,0,0,0,0,0,0,0,2,0,0,2,2,0,0,0,0,0,0,2,0,3
323,Software Developer,6.45,75.8,92.9,45.5,40.3,61.4,77.8,56.2,3,3,1,1,0,1,2,3,0,0,0,0,0,0,0,0,1,2,0,2,0,0,0,0,0,0,0,0,0,2,0,0,0,0,0,0,0,0,0,1,1
324,Software Developer,8.52,82.3,74.4,74.1,71.7,75.6,78.6,75.0,1,2,3,1,0,0,3,2,0,0,0,0,0,0,1,2,0,0,0,2,0,0,0,0,0,0,0,0,0,0,0,0,0,2,0,0,0,0,3,0,3
325,Software Developer,6.7,56.6,77.8,49.6,77.0,82.1,67.9,69.2,3,3,3,1,1,1,3,1,3,3,0,0,0,0,2,0,0,0,0,2,1,0,0,0,0,0,0,0,0,2,1,0,0,3,2,0,0,0,3,0,0
326,Software Developer,8.48,82.0,85.1,64.3,80.0,51.5,82.5,69.6,4,3,1,1,0,1,3,3,3,2,0,0,0,1,0,0,1,2,1,3,0,0,1,0,2,0,0,0,1,0,0,2,0,0,1,0,0,0,1,0,2
327,Software Developer,8.0,57.7,77.2,67.6,74.3,88.8,80.5,77.8,2,2,0,0,0,1,3,1,0,0,1,2,3,0,0,0,0,0,1,2,0,0,0,0,0,1,0,0,0,3,0,0,0,1,0,0,0,0,0,0,3
328,Software Developer,7.92,85.2,61.7,78.1,56.9,69.8,81.3,71.5,1,3,2,1,0,1,2,2,1,3,0,0,0,0,0,0,0,0,3,3,0,0,0,0,0,0,0,0,0,2,0,2,0,0,0,0,0,1,1,0,2
329,Software Developer,8.79,79.2,67.3,78.0,81.0,59.7,80.0,74.7,1,2,1,1,1,1,3,1,0,3,0,1,1,0,0,0,0,0,0,0,0,0,0,0,0,0,0,0,0,0,0,0,1,0,0,0,0,0,0,0,3
330,Software Developer,6.86,73.3,86.6,74.8,63.2,60.2,68.1,66.6,3,3,2,1,1,1,0,2,0,0,0,0,0,0,0,0,0,0,2,0,0,0,0,2,0,0,1,0,0,0,0,0,0,1,0,0,0,0,3,1,2
331,Software Developer,7.14,72.2,80.7,71.9,64.4,71.6,70.1,69.5,0,2,1,0,1,1,0,3,2,0,0,0,0,1,0,0,0,0,0,0,0,0,0,0,2,0,0,0,0,0,1,1,0,1,0,0,0,0,2,0,2
332,Software Developer,7.24,74.8,95.7,61.4,72.6,64.1,75.0,68.3,2,2,1,1,1,1,0,2,2,0,0,0,0,0,0,0,0,0,2,0,0,0,0,1,0,0,0,0,0,3,0,0,0,1,0,0,0,0,2,0,2
333,Software Developer,7.7,79.0,87.9,83.0,56.3,81.8,67.9,72.2,3,2,1,1,0,0,0,0,0,1,0,0,0,1,0,0,0,0,0,1,0,2,1,0,3,1,0,0,1,0,0,0,0,0,0,0,0,1,1,0,1
334,Software Developer,6.65,70.6,90.0,64.3,70.1,65.1,67.5,66.8,2,2,1,1,1,1,0,0,1,3,0,0,1,2,0,0,0,0,1,1,0,0,0,1,0,0,0,1,0,0,0,0,0,0,0,0,0,1,2,0,0
335,Software Developer,7.55,80.9,71.4,72.4,69.5,78.4,78.6,74.7,2,3,0,0,1,1,2,1,2,2,0,0,0,0,0,0,0,1,1,0,0,0,0,0,0,2,0,0,2,1,0,0,0,0,0,0,0,0,1,0,0
336,Software Developer,7.17,76.9,67.9,76.0,70.2,56.3,70.5,68.2,3,3,3,1,0,1,3,3,0,0,0,0,0,0,0,0,0,0,1,3,0,0,0,0,0,0,0,0,1,0,0,1,0,0,1,0,0,0,0,0,2
337,Software Developer,8.22,78.5,67.9,73.2,84.7,61.8,85.1,76.2,1,1,2,1,1,1,3,3,3,0,0,0,0,0,0,0,0,0,2,1,0,0,0,0,0,0,0,0,0,0,1,0,0,0,1,0,0,0,2,0,3
338,Software Developer,7.54,69.0,80.0,58.6,92.7,83.9,95.1,82.6,0,3,2,1,1,1,3,2,0,1,0,0,0,0,0,0,0,0,3,2,0,0,0,0,0,0,1,0,0,0,0,0,1,0,0,0,0,2,0,2,3
339,Software Developer,7.78,91.1,85.5,79.9,68.8,74.4,90.4,78.4,2,2,2,0,1,1,2,0,3,2,0,0,0,0,0,0,1,0,1,0,1,0,0,0,2,0,0,0,0,0,1,0,0,1,0,0,1,0,2,0,3
340,Software Developer,7.27,82.4,81.2,51.9,88.1,70.8,52.2,65.8,1,1,1,1,0,0,3,2,0,0,0,0,0,0,0,0,1,1,2,0,0,0,0,0,0,1,0,0,0,0,0,0,1,0,0,0,0,0,1,0,2
341,Software Developer,8.44,82.7,67.7,76.3,85.0,74.4,90.3,81.5,1,3,1,1,0,1,3,1,1,3,0,0,0,0,0,0,0,0,0,0,0,0,1,0,0,2,0,0,0,0,0,0,1,0,0,0,0,0,3,0,3
342,Software Developer,7.85,86.8,75.1,76.3,74.8,70.0,97.7,79.7,4,1,1,1,1,1,0,3,2,0,0,0,0,0,0,0,2,1,3,0,0,0,0,0,0,0,0,0,0,0,0,0,0,1,0,0,1,0,0,0,3
343,Software Developer,6.93,91.8,78.9,81.5,71.7,57.1,62.2,68.1,2,3,1,0,0,1,2,3,1,1,0,0,0,0,0,0,2,0,0,1,0,0,0,0,0,0,0,0,0,0,3,0,0,0,1,1,0,0,2,0,0
344,Software Developer,7.57,67.6,71.6,61.7,71.4,57.9,60.1,62.8,0,3,2,1,1,1,1,1,2,1,0,0,0,0,1,0,0,0,2,0,0,0,0,0,0,2,0,1,0,0,0,0,0,0,0,0,0,0,3,0,2
345,Software Developer,7.43,76.1,78.8,78.0,74.6,47.7,79.4,69.9,1,1,1,0,1,1,2,3,0,0,0,0,0,0,0,0,0,2,2,0,0,0,0,0,0,0,0,0,2,1,0,0,0,0,0,0,0,0,2,0,2
346,Software Developer,8.28,81.6,69.7,75.3,77.4,63.7,67.3,70.9,2,2,3,1,1,1,2,2,2,0,0,0,0,0,0,0,0,0,0,3,0,0,0,0,0,0,2,1,0,0,0,0,0,0,1,1,0,0,1,0,2
347,Software Developer,7.26,92.7,63.4,60.4,83.6,81.9,87.9,78.5,2,3,2,1,1,1,3,3,2,0,0,0,0,0,0,0,0,0,0,0,0,0,0,0,0,0,0,0,0,1,0,0,0,0,0,0,0,0,3,1,3
348,Software Developer,7.86,79.7,79.9,79.1,100.0,54.0,85.0,80.6,1,2,1,1,1,0,0,2,3,1,0,1,0,0,1,0,0,1,1,0,0,0,0,0,0,0,2,0,0,0,0,0,0,0,0,0,0,0,3,0,3
349,Software Developer,7.48,64.7,81.6,76.7,70.8,77.3,84.1,77.2,1,3,3,1,1,0,0,2,1,1,0,2,0,0,0,0,3,0,1,2,0,0,0,0,0,0,1,0,0,0,0,0,0,0,0,0,1,0,1,0,3
350,Software Developer,7.81,80.5,73.2,60.7,100.0,70.3,88.8,80.8,3,2,0,0,1,1,3,3,2,1,0,0,2,0,0,0,1,1,0,0,0,0,2,0,1,0,0,0,1,0,0,0,0,0,0,0,0,0,0,1,1
351,Software Developer,7.2,99.7,71.2,73.0,68.1,51.4,92.4,71.2,4,3,0,0,0,0,2,3,3,0,0,0,0,0,0,0,0,0,1,0,0,0,1,0,0,1,0,0,0,2,1,0,0,0,0,0,0,0,0,0,2
352,Software Developer,7.92,77.0,78.0,78.8,86.5,80.5,64.6,77.6,2,3,2,1,0,1,0,1,2,1,0,0,2,0,0,0,0,0,2,0,0,0,0,0,1,0,2,1,0,0,2,0,0,0,0,0,0,0,2,0,2
353,Software Developer,8.24,77.1,69.3,59.4,63.9,47.5,70.7,60.4,1,2,2,0,0,1,2,3,0,0,1,0,0,2,0,0,0,0,2,2,0,1,0,0,0,0,0,0,0,0,0,0,0,0,1,0,0,0,1,0,3
354,Software Developer,8.86,86.3,86.3,68.1,78.6,81.0,72.4,75.0,2,2,2,1,0,1,1,3,2,0,0,0,0,0,0,0,0,0,1,2,0,1,0,0,0,0,0,0,2,0,0,0,0,2,1,0,0,2,3,0,2
355,Software Developer,7.33,84.8,75.4,88.5,76.5,62.7,76.0,75.9,2,2,1,1,1,0,0,0,0,0,0,0,0,1,0,0,0,0,0,1,0,0,0,0,0,0,1,0,0,0,0,0,0,0,0,2,0,0,0,0,1
356,Software Developer,8.1,74.8,82.7,73.8,80.9,71.8,55.3,70.5,2,1,0,0,1,1,2,2,0,2,0,2,0,0,0,1,0,1,3,0,0,0,0,0,0,0,0,0,0,1,0,0,0,0,0,2,0,0,1,0,3
357,Software Developer,7.98,80.8,84.3,71.7,67.1,57.1,70.3,66.5,2,2,0,0,0,0,3,0,2,3,0,0,0,0,1,0,0,0,0,0,0,0,0,0,0,0,0,2,0,0,0,0,0,2,0,0,0,0,2,1,3
358,Software Developer,7.96,72.6,86.1,76.9,67.3,73.7,71.8,72.4,2,3,1,1,1,1,2,0,1,1,1,0,1,0,1,0,0,0,2,3,0,0,0,0,0,0,0,0,0,0,2,0,1,0,0,0,1,0,2,0,0
359,Software Developer,7.08,87.8,79.5,88.8,85.6,68.6,76.1,79.8,1,2,1,0,1,1,0,1,2,2,0,0,0,0,0,0,0,0,0,0,0,0,0,0,0,0,0,0,2,0,0,0,0,0,0,0,0,0,3,0,0
360,Software Developer,6.76,75.8,76.6,71.0,62.9,65.2,64.5,65.9,2,2,0,0,0,1,0,1,0,1,0,0,2,1,0,0,1,0,0,2,0,0,1,0,0,0,0,1,0,0,0,0,0,0,0,0,0,0,3,1,3
361,Software Developer,6.5,73.5,59.7,79.8,82.3,73.9,78.5,78.6,3,2,1,0,1,0,2,0,1,0,2,0,0,0,0,0,0,0,2,2,0,0,0,1,0,1,0,1,0,0,0,0,0,0,0,0,0,1,3,0,1
362,Software Developer,8.35,69.9,76.3,74.4,62.9,60.6,74.9,68.2,2,1,2,1,0,1,1,1,0,0,0,0,0,0,0,1,0,0,1,1,0,3,0,0,0,0,0,0,1,0,0,0,0,0,1,0,0,0,1,1,2
363,Software Developer,7.07,78.2,84.3,80.9,81.3,71.1,79.5,78.2,4,2,2,1,0,1,3,3,0,3,0,0,0,2,0,1,0,0,3,1,0,2,0,1,0,0,3,0,0,1,0,0,0,0,0,1,0,0,2,0,3
364,Software Developer,7.9,82.1,79.3,89.1,63.1,81.1,100.0,84.3,1,3,2,1,1,1,2,3,0,2,1,1,0,0,0,0,0,0,1,1,0,0,0,0,1,2,0,0,1,0,0,0,0,0,0,0,0,0,1,0,0
365,Software Developer,6.8,64.9,62.2,70.1,74.9,61.9,69.9,69.2,2,2,3,0,1,1,2,0,0,1,0,0,0,0,1,0,0,1,0,3,0,0,0,0,0,0,0,0,0,0,0,0,0,0,1,0,0,0,2,0,3
366,Software Developer,7.61,77.0,76.4,76.6,78.8,58.3,71.2,71.2,3,2,2,1,1,1,2,2,1,0,0,0,1,0,0,0,0,0,0,2,0,0,0,0,1,0,0,0,0,0,0,0,0,0,2,0,0,0,2,0,1
367,Software Developer,8.89,79.7,73.6,77.4,70.2,56.9,64.9,67.4,2,2,0,0,1,1,2,1,1,1,0,0,0,1,0,0,0,0,1,2,0,0,0,1,0,0,0,0,0,1,0,0,0,0,0,0,0,0,3,0,2
368,Software Developer,8.15,80.8,89.9,76.6,74.9,61.0,81.8,73.6,1,3,2,1,1,1,0,3,0,2,0,1,0,0,0,3,0,0,0,0,0,0,0,0,0,1,0,0,0,1,0,0,0,0,0,0,0,2,0,0,2
369,Software Developer,8.11,85.1,72.7,70.0,68.4,75.0,70.7,71.0,2,2,0,0,0,1,2,3,0,3,0,0,0,1,0,0,0,0,0,2,0,0,0,2,0,0,0,0,0,0,0,0,0,0,0,1,1,0,2,0,2
370,Software Developer,7.53,67.6,75.9,65.8,91.4,53.4,87.4,74.5,2,2,1,1,1,0,0,1,3,0,0,0,0,0,0,0,1,0,3,0,0,1,1,2,1,0,0,0,0,0,0,1,0,0,0,0,0,2,2,0,2
371,Software Developer,6.97,71.2,90.7,60.4,65.7,42.3,73.9,60.6,4,3,0,0,0,1,3,3,0,2,1,0,0,2,0,0,0,0,0,2,0,0,1,0,0,0,0,0,0,1,0,0,0,1,0,0,0,0,2,0,1
372,Software Developer,7.47,94.1,66.8,88.9,65.6,53.6,70.7,69.7,4,1,2,1,1,1,2,2,0,0,0,0,0,0,0,0,0,0,0,2,0,0,0,0,0,0,0,0,0,0,0,0,0,0,1,0,1,0,2,0,1
373,Software Developer,8.18,71.5,84.8,79.3,58.6,84.0,78.0,75.0,1,1,1,1,1,0,3,3,0,1,0,0,0,0,0,0,0,1,0,0,0,0,0,0,0,1,0,0,0,0,0,1,1,1,1,0,0,0,2,0,2
374,Software Developer,8.4,71.9,81.7,79.7,62.3,38.3,57.0,59.3,3,3,1,1,1,1,1,3,1,3,0,0,0,0,0,0,0,0,2,2,0,0,0,0,0,0,0,0,0,0,1,0,0,0,1,0,0,0,2,0,1
375,Software Developer,7.43,78.5,72.6,57.7,75.4,59.8,78.6,67.9,2,3,2,1,1,1,0,2,0,2,0,0,0,0,0,0,0,0,0,0,0,0,0,0,0,0,0,0,1,0,1,0,0,0,0,0,1,0,2,0,2
376,Software Developer,7.16,96.8,78.4,67.1,81.0,75.7,98.4,80.6,2,2,0,0,1,1,3,3,3,2,0,0,0,0,0,1,0,0,0,3,0,0,1,0,0,0,0,0,1,0,0,0,1,0,0,0,0,1,2,1,1
377,Software Developer,8.46,72.5,76.7,70.1,78.2,68.0,61.4,69.4,2,2,3,1,0,1,3,1,0,0,0,0,0,0,0,0,0,0,0,0,0,0,0,0,0,0,0,0,0,0,0,2,0,0,0,0,0,2,2,0,0
378,Software Developer,7.34,88.2,91.9,84.9,100.0,71.8,72.5,82.7,3,1,1,1,1,0,2,1,0,0,0,1,0,0,0,0,0,0,2,2,0,1,0,2,0,0,1,0,0,0,1,0,0,0,0,0,0,0,3,0,3
379,Software Developer,8.84,81.9,84.6,57.7,85.1,58.3,74.8,69.0,4,2,2,1,0,1,3,2,1,0,0,0,0,2,0,0,0,0,1,0,0,0,0,0,0,0,1,0,0,0,0,2,0,0,1,0,1,0,2,1,1
380,Software Developer,6.64,73.9,90.8,79.2,97.1,55.3,78.8,77.6,2,2,2,1,1,1,1,3,0,1,0,0,0,0,0,0,0,1,3,3,0,0,0,0,0,0,0,0,0,0,0,0,0,0,0,0,0,0,1,0,2
381,Software Developer,6.95,76.7,91.8,45.4,100.0,72.3,52.9,70.6,1,3,0,0,1,1,0,2,2,0,0,0,0,0,0,0,0,0,2,0,0,0,0,0,0,0,0,0,0,0,3,1,0,0,0,0,0,0,2,0,3
382,Software Developer,7.51,78.1,71.4,78.8,72.4,52.7,88.6,73.1,0,1,3,1,1,1,2,2,0,3,0,2,0,1,0,0,0,0,2,3,0,0,0,3,2,0,0,0,3,0,0,0,0,0,3,0,0,0,2,0,3
383,Software Developer,7.38,75.7,72.6,59.8,61.5,63.6,64.4,62.3,2,2,1,0,1,1,0,0,0,0,0,0,0,0,0,1,0,0,0,0,0,0,0,0,0,0,0,0,0,0,1,0,2,0,0,0,0,0,2,0,2
384,Software Developer,7.72,80.7,69.0,70.0,69.6,79.1,88.7,76.8,4,3,1,1,0,1,3,3,1,3,0,0,0,0,2,0,0,0,2,0,0,0,0,0,0,0,0,0,2,0,0,0,0,0,0,0,2,0,1,0,2
385,Software Developer,7.79,74.9,64.7,50.1,64.3,62.4,78.9,63.9,2,3,2,1,1,1,2,0,0,2,0,0,0,0,0,0,0,0,2,1,1,0,0,0,1,0,0,0,0,0,0,0,0,0,0,1,1,0,2,0,1
386,Software Developer,7.32,74.2,83.9,75.8,84.9,78.7,69.2,77.1,1,2,2,0,1,1,0,3,3,0,0,0,0,0,1,0,0,0,1,1,0,0,0,1,0,0,1,0,0,0,0,0,0,0,0,0,0,0,2,0,2
387,Software Developer,7.32,83.9,76.3,71.0,85.3,69.2,62.5,72.0,3,2,1,1,1,0,2,3,3,0,2,0,0,0,0,0,0,2,1,1,0,0,0,0,0,0,0,0,0,0,0,2,2,0,0,0,0,0,2,0,3
388,Software Developer,7.72,90.5,82.0,58.4,77.4,62.1,72.4,67.6,3,2,2,1,1,1,1,0,0,2,0,0,0,0,0,0,0,0,2,2,0,0,0,0,0,0,0,0,0,0,0,0,0,0,0,0,0,0,3,0,3
389,Software Developer,8.55,77.5,78.3,71.2,72.6,63.9,60.8,67.1,2,2,1,1,1,1,3,0,0,0,0,1,0,0,0,0,0,0,0,2,1,0,0,1,0,0,0,0,0,0,0,0,0,0,0,2,0,0,3,0,2
390,Software Developer,6.82,80.3,79.6,67.4,67.4,84.8,94.8,78.6,3,1,2,1,0,1,3,0,2,0,0,0,0,0,0,0,0,0,2,3,1,0,0,0,0,0,0,0,0,0,0,1,0,1,0,0,0,0,2,0,0
391,Software Developer,7.94,75.6,76.1,74.1,85.3,81.6,63.7,76.2,2,2,0,0,1,1,1,3,0,0,0,0,0,0,0,0,0,0,2,3,0,0,0,0,0,0,0,0,0,0,0,0,0,0,0,0,0,0,2,0,2
392,Software Developer,6.76,73.6,59.1,74.8,79.2,77.8,70.4,75.6,1,2,1,1,1,1,3,3,3,2,0,0,0,0,0,0,0,0,3,0,1,0,0,0,0,0,1,0,0,0,0,1,0,0,0,0,0,0,2,0,3
393,Software Developer,8.77,83.2,58.2,71.2,75.7,63.5,92.6,75.8,2,2,1,0,1,1,1,0,0,2,1,0,0,0,0,0,0,0,1,2,0,0,0,0,0,0,0,0,0,0,0,0,1,1,0,0,0,0,3,0,1
394,Software Developer,7.36,88.1,98.0,66.4,77.8,57.0,73.9,68.8,2,1,2,1,1,1,1,3,0,3,1,0,0,0,0,0,0,0,0,0,0,0,0,0,0,0,0,0,0,0,0,0,0,0,0,0,0,0,3,0,2
395,Software Developer,7.11,82.5,86.6,65.6,84.6,80.5,70.0,75.2,2,3,1,1,0,1,3,0,2,2,0,0,0,0,0,0,0,0,0,0,0,1,0,0,1,0,0,0,1,0,0,0,0,0,0,0,0,1,0,0,2
396,Software Developer,6.9,81.4,84.1,70.2,80.4,73.8,84.0,77.1,3,3,0,0,0,1,2,3,0,1,0,0,1,0,0,0,0,1,2,3,0,0,0,0,0,0,0,0,0,0,2,0,0,2,0,0,0,0,0,0,3
397,Software Developer,8.1,71.3,73.8,73.3,68.1,82.3,65.9,72.4,1,2,1,1,0,1,3,2,0,0,0,0,0,0,0,0,0,0,2,2,0,0,1,0,0,0,1,0,0,0,0,0,1,0,0,0,0,0,3,0,1
398,Software Developer,8.21,69.0,74.7,62.4,73.4,87.4,57.6,70.2,3,2,1,0,0,1,0,2,0,1,0,0,0,0,0,0,0,0,1,2,0,0,0,0,0,0,1,0,0,0,0,0,1,0,1,0,1,0,0,0,2
399,Software Developer,7.28,75.3,71.2,74.0,79.4,63.9,97.6,78.7,3,2,1,0,1,1,3,2,1,2,0,0,0,1,0,0,0,0,1,2,0,0,2,0,1,0,0,0,0,1,0,1,0,0,0,0,2,1,0,0,0
400,Software Developer,8.01,85.1,89.7,69.9,83.6,79.6,54.3,71.8,2,2,1,1,0,1,2,2,1,3,0,2,0,0,0,0,0,0,3,1,0,0,0,0,1,0,0,0,0,0,0,0,2,0,0,1,0,0,3,0,1
401,Software Developer,9.22,85.0,70.2,93.8,72.1,54.4,86.2,76.6,1,3,2,0,1,1,0,3,2,0,0,0,0,0,0,0,0,0,2,0,0,2,0,0,0,0,0,0,0,0,0,0,1,0,0,0,0,0,2,1,2
402,Software Developer,7.22,83.4,76.9,71.0,93.2,75.5,81.1,80.2,3,2,1,1,1,1,2,1,2,2,0,1,2,2,0,0,0,0,2,2,1,0,0,1,0,0,0,0,1,0,0,0,0,0,0,0,0,0,2,0,2
403,Software Developer,6.16,82.2,80.5,95.7,86.9,67.7,78.7,82.2,2,3,1,1,1,1,2,0,0,2,0,0,0,0,0,1,1,0,1,1,0,0,0,0,0,2,0,0,0,2,0,0,2,3,0,0,1,0,2,0,0
404,Software Developer,8.21,71.9,66.4,62.3,86.0,58.1,92.1,74.6,4,1,1,1,0,0,1,2,0,3,0,1,0,0,0,1,0,0,2,2,0,0,1,0,1,0,0,0,0,0,0,0,0,0,0,1,0,2,3,0,2
405,Software Developer,6.55,77.1,77.8,69.5,64.4,49.9,100.0,71.0,3,3,0,0,1,1,2,3,2,0,0,0,0,0,0,0,0,0,0,1,0,0,0,0,1,0,0,0,0,0,0,0,0,0,0,0,0,0,1,1,2
406,Software Developer,8.4,82.0,72.3,77.2,76.3,71.1,99.9,81.1,3,2,2,1,1,1,0,0,0,0,0,0,0,1,0,2,0,1,3,1,0,2,0,0,0,0,2,0,0,0,2,0,0,1,0,0,0,0,0,0,3
407,Software Developer,6.98,64.6,61.2,100.0,75.5,51.1,76.4,76.0,1,2,2,1,1,1,0,3,1,1,0,0,0,1,0,0,0,0,2,2,2,0,0,0,0,0,0,0,0,1,0,0,0,2,0,0,0,0,2,0,2
408,Software Developer,8.51,72.6,84.6,64.1,91.9,66.6,72.3,73.7,4,1,2,1,0,1,1,2,1,3,0,0,0,0,0,0,0,0,0,0,0,0,0,0,0,0,0,0,0,0,0,0,0,0,0,0,0,0,2,0,1
409,Software Developer,7.42,78.1,89.9,67.8,93.9,57.8,63.2,70.7,3,2,1,1,1,0,1,2,2,1,2,0,0,0,0,2,0,0,2,3,0,0,2,0,0,1,1,0,0,1,0,0,0,0,0,0,0,0,1,0,3
410,Software Developer,8.01,94.1,79.6,51.2,85.3,65.5,80.0,70.5,2,3,1,1,1,1,2,1,2,0,0,0,0,2,0,0,1,0,0,0,0,0,2,0,0,0,0,0,0,0,0,1,0,0,0,1,0,0,3,0,3
411,Software Developer,9.31,81.2,72.4,54.3,78.0,62.8,87.9,70.8,2,3,3,1,1,1,2,2,0,2,0,2,0,0,0,0,0,0,2,3,0,1,0,0,0,0,0,0,0,0,0,0,0,0,0,0,0,0,2,0,2
412,Software Developer,6.83,90.9,77.4,62.4,82.5,53.6,80.9,69.8,1,2,3,1,1,1,1,2,1,2,0,0,0,0,0,0,1,0,1,1,0,0,0,0,0,0,0,0,0,0,0,0,0,0,0,0,2,0,3,0,0
413,Software Developer,6.96,68.1,68.8,72.1,92.3,33.5,83.9,70.4,1,2,1,0,1,1,0,1,0,2,0,0,0,0,0,0,0,0,2,3,0,0,0,0,0,0,0,0,0,0,0,0,0,1,0,0,2,1,1,1,1
414,Software Developer,7.8,66.5,65.3,93.3,68.8,49.2,86.5,74.5,1,2,2,1,1,1,3,1,2,0,0,1,0,0,0,0,0,2,0,0,0,0,0,0,1,2,2,0,0,0,0,0,0,0,1,0,2,0,2,1,3
415,Software Developer,7.16,100.0,78.9,69.4,69.9,65.9,72.3,69.4,2,3,1,1,1,1,2,0,0,2,0,3,0,0,0,0,0,0,1,3,0,1,0,0,0,0,1,0,1,0,0,0,0,0,2,0,1,0,1,0,3
416,Software Developer,7.71,77.9,77.1,58.0,91.4,72.4,76.0,74.5,2,2,2,1,1,1,3,0,1,2,0,0,0,0,0,0,0,0,2,2,0,0,0,1,1,0,0,0,0,0,0,0,0,0,0,0,0,0,3,0,1
417,Software Developer,6.88,81.9,70.9,55.9,77.3,89.5,81.5,76.0,2,2,1,0,0,1,3,2,0,2,0,0,0,0,0,0,0,0,0,3,0,0,0,0,0,0,0,0,1,1,0,0,0,0,0,2,0,0,3,0,2
418,Software Developer,7.06,83.0,89.1,78.7,83.4,77.6,63.0,75.7,2,1,1,1,0,0,2,0,3,0,0,0,0,1,0,0,0,0,1,3,0,1,1,0,0,0,0,0,1,0,2,0,0,0,0,0,0,0,3,0,3
419,Software Developer,8.4,70.2,79.0,83.4,56.7,74.7,74.1,72.2,1,3,1,0,1,1,3,1,0,0,0,0,0,0,0,0,3,0,2,2,0,0,0,0,0,1,1,0,0,0,0,0,2,0,0,0,0,1,3,0,3
420,Software Developer,6.73,77.9,85.6,56.1,54.8,50.0,77.5,59.6,1,1,1,1,1,1,2,3,0,0,0,0,0,1,0,0,0,0,2,1,0,0,1,1,1,0,1,1,0,0,0,0,0,0,1,0,0,0,1,0,3
421,Software Developer,7.6,71.5,77.0,79.8,70.0,55.6,82.5,72.0,1,2,0,0,0,1,3,1,0,2,0,0,0,0,0,0,0,0,0,2,1,0,0,0,2,0,0,0,0,0,0,0,2,0,0,0,0,1,2,0,1
422,Software Developer,7.86,70.3,89.1,51.8,88.7,80.5,78.4,74.8,2,2,1,1,1,1,3,2,0,0,0,0,0,0,0,0,0,1,0,2,0,0,0,0,0,0,0,0,1,0,0,0,0,0,0,0,0,0,1,0,0
423,Software Developer,7.04,78.2,70.7,80.4,63.4,59.0,77.4,70.1,2,2,1,1,0,1,2,0,0,0,0,0,0,0,1,0,0,2,0,0,0,0,0,0,0,0,0,0,0,0,0,2,0,0,0,0,0,2,2,0,2
424,Software Developer,7.23,79.5,93.4,86.1,71.7,70.7,87.0,78.9,4,1,0,0,1,1,2,2,1,0,0,0,0,0,0,0,0,0,1,2,0,0,0,0,1,0,0,0,0,0,0,0,0,0,0,0,0,0,1,1,1
425,Software Developer,6.36,93.9,84.6,71.9,50.2,55.7,85.7,65.9,1,3,2,1,0,1,3,2,2,0,0,0,0,0,0,0,0,0,0,3,0,0,0,0,0,0,0,0,0,0,0,1,0,0,0,0,0,0,3,1,2
426,Software Developer,7.89,62.7,84.2,65.7,63.3,59.5,88.8,69.3,1,2,2,0,0,1,0,0,0,1,0,0,0,0,0,0,0,0,0,0,0,0,2,0,2,0,0,1,0,2,0,0,0,0,0,0,0,0,3,0,0
427,Software Developer,6.76,91.7,89.2,66.4,76.5,61.3,70.3,68.6,3,2,1,0,0,1,2,0,2,2,0,0,0,0,1,2,0,0,0,0,0,0,0,2,0,2,2,0,0,0,0,0,0,0,1,0,1,0,1,0,1
428,Software Developer,7.01,80.8,82.2,82.2,67.2,71.1,100.0,81.7,1,2,2,1,0,0,2,2,3,1,0,0,0,2,0,0,0,0,2,3,1,0,0,0,0,0,0,0,1,0,0,0,0,0,0,0,0,0,2,0,3
429,Software Developer,6.83,71.8,70.3,85.2,54.0,74.9,72.1,71.5,2,2,0,0,0,1,1,2,3,2,2,0,0,0,2,0,1,0,0,0,0,0,2,1,0,1,0,2,0,0,0,0,0,0,1,2,0,0,0,0,3
430,Software Developer,7.32,80.0,76.0,54.0,82.8,60.2,67.4,66.1,2,2,1,0,0,1,1,3,1,2,0,0,0,0,0,1,0,0,1,3,0,2,0,0,0,0,1,1,0,0,0,0,1,0,0,0,0,2,2,2,3
431,Software Developer,7.77,82.3,77.0,69.9,58.5,70.4,67.9,66.7,2,2,0,0,1,1,0,0,0,1,2,0,0,2,0,0,0,0,2,2,0,0,0,0,0,0,0,0,0,0,0,0,1,0,0,0,0,0,3,0,3
432,Software Developer,7.45,90.3,76.8,41.8,76.2,54.5,87.3,65.0,2,1,0,0,1,0,1,3,2,0,1,0,0,0,0,0,0,0,2,0,0,0,1,0,0,0,2,0,0,0,0,0,0,0,0,0,0,2,0,1,3
433,Software Developer,7.05,82.7,100.0,68.2,78.5,61.7,79.1,71.9,1,3,0,0,1,1,3,0,3,2,1,1,0,0,0,0,0,0,3,2,0,0,0,1,2,0,0,1,0,0,0,0,1,0,2,0,1,2,2,0,3
434,Software Developer,6.41,96.7,95.6,65.7,70.6,73.3,63.8,68.4,2,3,1,0,1,0,0,1,2,2,0,0,0,0,0,0,0,2,0,2,0,0,0,1,0,0,0,0,1,0,2,0,0,0,0,0,1,0,2,1,3
435,Software Developer,8.05,83.5,90.6,79.5,92.3,60.7,77.2,77.4,1,1,1,0,0,1,0,0,2,0,0,0,2,0,1,0,0,0,0,3,0,0,0,0,0,1,0,0,0,0,1,0,0,0,1,0,2,0,2,0,0
436,Software Developer,6.55,89.0,65.1,75.3,49.4,74.4,66.9,66.5,0,2,1,0,1,1,0,2,0,2,0,0,0,0,0,0,2,0,2,0,0,0,0,0,0,0,0,0,0,1,1,0,0,0,0,1,0,0,1,0,2
437,Software Developer,6.9,79.0,78.2,68.8,67.0,69.5,93.2,74.6,2,3,1,0,0,1,2,2,0,3,1,1,0,0,0,0,0,0,2,1,0,0,0,0,0,0,0,0,0,0,1,0,0,0,1,0,0,0,3,0,3
438,Software Developer,6.6,80.9,66.0,78.0,92.9,78.9,75.4,81.3,2,1,2,1,1,1,2,3,1,3,0,0,0,0,0,0,0,0,1,2,0,0,0,0,1,0,0,0,0,1,0,0,0,0,0,0,0,2,3,1,3
439,Software Developer,7.93,82.2,75.1,49.1,84.5,78.2,58.3,67.5,1,3,2,1,1,0,3,2,0,1,0,0,0,0,0,1,0,0,0,2,0,0,0,1,0,1,0,0,0,0,0,0,1,2,0,1,0,0,3,0,2
440,Software Developer,7.21,84.1,79.1,71.9,75.1,54.2,92.1,73.3,2,1,0,0,1,1,3,2,1,0,0,0,0,0,0,0,0,0,0,2,0,0,0,0,0,1,0,0,0,0,2,0,0,0,0,0,2,0,2,0,3
441,Software Developer,7.8,68.0,87.1,77.1,82.6,56.5,85.6,75.4,3,1,0,0,0,1,1,1,0,1,0,0,0,0,0,0,2,1,3,2,0,0,0,1,0,2,0,0,0,1,0,1,0,0,0,0,0,0,3,0,2
442,Software Developer,8.04,78.7,84.4,58.3,75.2,57.9,83.7,68.8,2,2,2,0,0,1,0,2,0,1,1,0,0,0,1,0,0,0,1,0,0,1,3,0,0,0,0,0,0,0,2,3,0,0,0,0,0,0,3,0,3
443,Software Developer,7.11,76.9,75.2,84.7,65.3,59.0,64.2,68.3,2,1,2,1,0,1,2,2,0,2,0,0,0,0,0,0,0,0,0,2,0,0,0,2,0,2,0,0,0,0,0,0,0,0,0,1,0,0,2,0,3
444,Software Developer,6.53,74.1,92.9,81.5,74.9,94.3,67.6,79.6,2,2,2,1,0,1,3,3,0,0,0,0,0,1,0,0,0,1,3,3,0,0,0,0,1,0,0,2,1,2,0,0,0,0,0,0,0,1,1,0,3
445,Software Developer,6.0,64.4,74.3,78.0,57.8,31.7,75.7,60.8,1,3,2,1,1,1,2,0,0,0,0,0,1,0,0,0,0,0,2,1,0,0,0,0,0,0,0,0,2,0,0,0,0,0,0,0,0,0,2,0,3
446,Software Developer,7.51,74.6,76.2,80.6,73.1,68.7,89.5,78.0,2,1,1,1,1,1,3,1,2,0,0,0,0,0,0,0,0,0,2,3,0,0,2,0,0,1,0,2,0,0,1,2,0,0,0,0,0,0,3,0,3
447,Software Developer,6.41,84.9,80.1,50.9,89.8,43.5,56.3,60.1,1,2,2,0,0,1,0,2,2,0,0,0,0,0,0,0,0,0,2,0,0,0,0,0,0,0,1,0,1,0,0,0,0,0,0,1,0,0,2,0,1
448,Software Developer,8.48,66.1,67.7,74.9,66.0,51.2,58.9,62.8,2,2,2,0,1,1,2,1,2,3,0,0,1,0,1,1,1,0,3,0,0,0,2,0,0,0,0,0,0,0,0,0,0,0,0,0,1,0,0,0,2
449,Software Developer,7.54,76.9,80.4,48.3,63.8,90.8,70.3,68.3,3,3,3,1,1,0,3,3,2,0,1,0,0,0,0,0,0,0,2,3,0,0,0,2,0,0,1,0,0,2,0,0,0,0,0,0,0,0,0,0,1
450,Software Developer,6.14,80.5,64.4,43.8,58.6,69.8,73.8,61.5,1,3,1,1,1,1,2,2,2,3,0,0,0,0,0,0,0,0,0,0,0,0,0,0,0,1,0,0,0,1,0,0,0,0,0,0,0,0,3,0,1
451,Software Developer,8.96,83.7,76.4,68.3,71.6,58.8,83.9,70.7,1,2,0,0,1,1,3,2,1,0,0,2,0,0,2,0,0,0,2,1,0,0,0,0,0,0,0,0,0,0,0,0,0,0,0,0,0,0,2,0,3
452,Software Developer,7.17,85.0,92.9,91.8,70.3,62.1,71.3,73.9,2,1,1,1,1,1,3,3,1,2,0,0,1,1,0,0,0,0,1,2,0,0,0,2,1,0,0,1,0,0,0,0,0,0,0,0,0,0,2,0,1
453,Software Developer,8.15,68.9,74.7,70.7,84.5,64.9,72.7,73.2,1,3,1,0,1,1,2,2,3,0,0,0,0,0,0,1,0,1,2,2,0,2,2,0,0,0,0,0,0,0,0,0,0,2,0,0,0,0,3,0,3
454,Software Developer,7.44,78.4,78.9,68.4,65.2,76.0,58.8,67.1,0,2,2,0,1,1,2,2,0,2,0,0,0,2,0,0,1,0,2,0,0,0,1,0,1,0,0,2,0,0,0,0,1,1,1,0,0,0,3,0,3
455,Software Developer,9.58,66.8,88.7,66.2,73.6,71.8,76.0,71.9,2,2,2,1,0,1,3,0,0,2,0,1,0,0,0,0,0,0,2,2,0,0,0,0,0,0,1,0,0,0,0,0,0,0,0,0,0,0,3,0,2
456,Software Developer,7.46,71.6,69.4,74.3,77.8,60.2,55.3,66.9,3,2,0,0,1,1,3,2,0,2,0,1,1,0,0,0,0,0,0,3,0,0,1,0,0,0,1,0,1,1,0,0,0,0,0,0,0,0,2,0,1
457,Software Developer,7.4,87.3,82.1,81.3,93.6,60.8,64.0,74.9,3,2,0,0,1,1,0,1,3,0,0,0,0,1,0,0,0,0,2,3,0,0,0,0,0,0,0,0,0,2,1,0,0,0,0,0,0,1,0,0,2
458,Software Developer,7.51,85.8,72.3,89.4,87.1,80.3,76.1,83.2,3,2,1,1,1,1,0,0,2,1,0,0,0,0,0,0,0,0,2,0,0,1,0,0,0,1,0,0,0,0,0,0,0,0,2,0,0,0,3,1,2
459,Software Developer,6.89,76.2,96.8,41.6,66.7,83.4,58.0,62.4,2,3,1,0,1,1,2,0,1,1,0,0,0,0,0,0,0,0,1,0,0,0,0,0,1,0,0,1,0,1,0,1,0,0,0,0,0,0,3,0,3
460,Software Developer,6.71,83.6,73.4,57.8,72.0,78.7,71.3,70.0,2,3,2,1,1,1,3,1,3,3,0,0,1,0,0,0,0,0,2,3,2,1,1,0,1,0,2,1,0,0,0,0,0,0,0,0,0,0,1,0,3
461,Software Developer,7.97,73.3,93.9,71.3,67.4,64.3,77.2,70.0,4,2,0,0,1,1,3,2,1,3,0,0,0,0,0,0,0,0,0,0,0,2,0,1,0,0,0,0,0,0,0,0,0,0,0,0,0,0,3,0,1
462,Software Developer,7.58,80.5,80.1,59.8,91.2,70.4,85.2,76.7,2,2,1,1,0,1,3,0,0,3,0,0,0,0,0,0,0,0,2,1,0,2,1,0,0,0,0,0,0,0,1,0,0,0,0,0,1,0,2,0,3
463,Software Developer,6.13,90.6,77.5,59.8,54.3,59.0,64.6,59.4,2,3,2,1,1,1,2,1,2,0,0,0,0,1,0,0,0,1,0,2,0,0,0,0,0,0,3,0,0,0,0,2,1,0,0,0,2,0,3,0,3
464,Software Developer,7.51,73.5,66.7,84.0,74.0,47.9,76.9,70.7,0,2,1,1,0,1,3,0,0,2,0,0,0,1,0,0,0,0,0,2,1,2,0,1,0,0,0,0,0,0,0,0,0,0,0,0,0,0,0,0,3
465,Software Developer,8.64,85.2,79.3,64.8,69.9,52.7,75.4,65.7,2,2,1,1,1,1,0,2,2,1,0,0,1,0,0,0,0,0,0,0,0,0,0,0,1,0,2,1,2,0,0,0,0,0,1,0,0,0,0,1,3
466,Software Developer,6.57,87.0,67.2,62.9,77.0,74.0,89.0,75.7,1,1,1,0,1,0,3,0,1,1,0,0,0,0,0,0,0,1,2,0,0,0,0,0,0,0,0,0,0,0,0,1,0,0,0,0,0,0,2,0,3
467,Software Developer,7.4,73.8,72.4,87.7,78.4,59.1,80.6,76.5,1,2,2,0,0,1,0,3,0,0,0,0,0,0,0,0,1,0,0,1,0,2,0,0,0,0,0,0,0,0,0,1,0,0,1,0,0,0,3,0,2
468,Software Developer,7.43,76.4,65.6,59.0,81.5,81.1,81.1,75.7,3,2,2,1,0,1,3,3,0,0,0,0,0,1,0,0,1,0,0,0,0,0,0,1,0,0,0,0,2,0,0,0,0,0,0,0,0,2,3,0,2
469,Software Developer,5.94,78.8,68.0,75.4,49.8,74.7,85.3,71.3,2,2,1,1,0,1,2,2,2,2,0,0,0,0,0,0,0,0,1,1,0,0,0,0,0,0,0,0,2,0,0,0,0,0,0,1,0,0,2,0,3
470,Software Developer,6.56,91.1,75.9,81.8,84.0,53.5,56.1,68.9,2,2,3,1,1,1,2,3,0,2,0,0,1,0,0,1,0,0,3,3,1,0,0,0,0,0,2,2,0,0,0,0,1,0,0,0,0,0,0,0,2
471,Software Developer,6.62,78.8,69.5,73.2,77.3,85.4,63.3,74.8,1,2,1,1,0,1,1,2,0,1,2,0,0,0,0,0,0,0,0,2,0,0,0,0,2,0,0,0,0,0,0,0,0,1,0,0,0,0,2,0,2
472,Software Developer,7.81,78.9,87.3,93.5,76.3,68.7,69.5,77.0,3,2,3,1,1,1,0,2,0,0,0,0,0,0,0,0,0,1,3,0,1,2,0,0,0,0,0,0,0,0,0,0,1,0,0,0,0,1,2,0,3
473,Software Developer,6.99,71.4,84.0,68.8,63.9,73.4,74.4,70.1,2,3,0,0,1,1,3,2,0,0,0,0,0,0,1,0,0,2,0,2,0,0,0,2,0,1,0,0,0,0,1,0,0,1,0,0,0,0,0,0,1
474,Software Developer,7.66,94.6,86.4,100.0,74.5,56.8,74.0,77.2,3,1,2,1,0,0,0,0,0,1,0,0,0,0,0,0,0,0,0,2,0,2,0,0,0,0,0,0,0,0,0,0,0,0,0,0,0,0,0,1,3
475,Software Developer,8.58,53.6,75.7,69.4,53.3,87.4,76.5,71.7,2,2,3,1,1,1,2,2,2,1,0,0,0,0,0,0,0,0,0,3,1,0,0,0,0,0,0,0,0,0,0,0,0,0,0,0,0,1,2,0,3
476,Software Developer,8.35,96.1,63.3,89.4,76.6,50.3,83.0,74.8,2,2,3,1,1,1,2,1,3,0,2,0,0,0,0,0,0,0,1,1,0,0,1,0,0,0,0,0,0,0,0,0,1,1,1,1,0,0,3,0,3
477,Software Developer,7.8,88.8,67.5,65.1,94.3,35.3,67.8,65.6,3,3,2,1,1,1,2,0,2,1,0,0,0,0,0,1,0,0,0,0,0,0,0,0,0,0,2,0,0,0,0,0,0,0,0,0,0,1,2,0,2
478,Software Developer,7.54,87.2,84.2,87.5,70.2,73.9,79.4,77.8,2,2,1,0,0,1,2,3,2,2,0,0,0,0,0,0,0,0,2,3,0,0,0,0,0,0,1,0,0,0,0,0,0,0,0,0,0,0,0,1,0
479,Software Developer,8.01,88.7,75.7,80.3,82.2,61.6,71.3,73.8,2,1,1,1,0,1,0,2,3,3,0,0,0,0,0,0,0,1,0,0,0,1,0,0,0,0,0,2,2,0,0,0,0,0,0,0,1,0,0,0,1
480,Software Developer,8.6,73.5,71.9,72.9,56.7,61.3,81.8,68.2,2,1,2,0,1,0,3,2,1,2,0,0,0,0,0,0,0,0,0,0,0,1,0,0,0,2,0,1,0,0,0,0,0,0,0,1,0,0,3,0,1
481,Software Developer,8.4,73.2,88.3,76.9,84.9,56.3,73.5,72.9,2,2,0,0,1,1,1,3,1,0,0,0,0,0,0,0,0,0,1,0,0,0,0,0,0,0,0,0,0,0,0,0,0,0,0,0,0,0,2,0,3
482,Software Developer,9.04,77.4,82.1,77.1,75.7,56.4,65.2,68.6,3,1,3,1,1,0,3,2,3,2,0,0,0,0,0,1,0,0,2,0,0,0,0,0,0,0,0,0,0,1,0,0,1,0,0,0,0,0,3,0,2
483,Software Developer,6.25,84.2,81.4,62.0,100.0,82.9,85.9,83.6,2,2,3,0,1,1,0,1,1,1,0,2,0,0,0,0,2,1,3,3,1,1,0,0,0,0,0,0,3,0,0,0,0,0,0,0,0,0,2,1,2
484,Software Developer,7.83,81.9,68.9,63.7,52.2,72.8,77.5,66.5,3,2,1,1,0,1,2,3,2,2,1,0,0,1,0,0,0,0,0,2,0,0,0,0,2,0,1,0,0,0,1,0,0,0,0,0,0,0,2,0,2
485,Software Developer,7.46,86.6,88.1,59.1,80.3,86.7,61.5,71.9,1,2,2,1,1,0,2,1,0,1,0,0,0,0,0,1,0,2,3,2,0,0,0,0,1,0,0,1,0,0,0,0,0,0,0,0,0,0,2,0,3
486,Software Developer,8.08,85.7,62.8,84.5,78.1,92.2,70.0,81.2,2,2,1,1,0,0,2,0,2,0,0,0,0,0,0,1,0,0,3,0,0,0,0,0,0,0,0,0,0,0,1,0,0,0,0,0,2,0,3,0,2
487,Software Developer,6.0,69.1,60.9,71.1,70.6,69.2,54.2,66.3,4,1,2,0,1,1,0,2,0,3,2,1,1,0,1,0,2,0,1,2,1,2,0,0,1,0,0,0,0,0,1,1,1,1,0,0,0,0,2,0,3
488,Software Developer,5.74,87.8,67.3,61.4,68.5,54.0,63.6,61.9,1,2,1,1,1,0,2,2,3,1,2,0,0,0,0,0,0,0,1,3,0,0,1,0,0,1,0,1,0,1,0,0,0,0,0,0,0,0,2,0,3
489,Software Developer,8.5,77.2,82.3,65.6,70.5,77.8,71.1,71.2,2,2,2,1,1,1,3,0,2,0,0,1,0,0,2,0,0,0,0,2,1,1,0,1,0,0,0,0,1,0,0,0,0,0,0,0,0,2,0,0,2
490,Software Developer,8.2,93.3,88.3,62.6,73.3,78.2,62.6,69.2,2,1,2,1,1,1,2,2,2,1,0,0,0,0,0,0,0,0,0,2,0,0,2,0,0,2,0,0,2,0,1,0,0,0,1,2,2,0,0,0,3
491,Software Developer,7.75,98.3,97.2,74.7,76.6,71.2,85.1,76.9,2,2,0,0,1,1,3,2,0,0,0,0,0,0,0,0,0,1,0,0,0,0,0,1,1,0,0,0,0,0,1,0,0,2,0,1,0,0,1,0,2
492,Software Developer,8.4,82.9,83.1,71.3,81.2,90.7,86.7,82.5,0,2,2,0,1,1,3,3,2,3,0,0,0,0,0,1,0,0,2,0,0,0,1,2,0,0,0,0,0,1,0,0,0,0,0,0,0,1,3,2,3
493,Software Developer,7.89,77.9,79.3,75.7,78.3,69.1,76.1,74.8,3,2,1,1,1,1,3,3,0,1,0,0,0,0,0,0,0,0,1,0,2,0,0,1,0,0,1,0,0,0,0,0,0,0,1,0,1,0,3,0,3
494,Software Developer,8.33,50.0,81.5,71.6,33.7,64.7,35.2,51.3,2,1,1,0,1,1,3,0,1,3,0,0,0,2,0,1,0,0,3,2,1,0,0,0,0,0,0,0,0,0,0,0,0,0,0,0,0,0,3,0,2
495,Software Developer,8.68,69.5,82.3,69.1,96.4,80.5,63.1,77.3,1,2,1,0,1,1,1,1,0,1,0,0,0,0,0,0,0,0,1,2,0,0,0,0,0,0,1,0,0,0,1,0,0,0,0,0,0,0,3,0,3
496,Software Developer,6.71,69.1,81.9,77.4,54.9,47.3,69.3,62.2,2,1,1,1,1,0,3,0,1,3,0,0,0,0,2,0,0,0,3,2,0,0,0,1,0,0,0,0,0,0,1,1,0,0,2,1,2,2,3,0,0
497,Software Developer,6.9,93.3,86.6,98.6,67.1,84.8,78.9,82.3,2,3,1,1,1,0,3,1,0,1,0,0,1,0,0,0,0,3,0,0,0,0,0,0,2,0,0,0,0,0,0,0,0,0,0,0,0,0,3,0,2
498,Software Developer,7.19,83.5,84.2,54.8,75.9,57.6,63.1,62.8,1,2,1,1,0,0,3,2,0,0,0,1,0,0,0,0,1,0,3,2,0,0,0,0,0,0,1,1,0,0,0,0,0,0,2,0,0,0,2,0,3
499,Software Developer,8.33,79.9,74.5,77.3,74.3,57.2,73.3,70.5,1,2,0,0,0,0,3,2,2,3,0,0,0,0,0,0,0,0,1,3,0,0,0,0,0,0,0,0,0,0,0,0,0,0,0,1,0,0,1,0,2
500,Software Developer,7.27,84.9,76.8,82.0,82.9,61.9,86.8,78.4,2,1,2,0,0,0,2,3,1,0,2,0,0,0,0,0,0,2,3,0,0,0,0,2,0,1,0,0,0,0,1,0,1,0,0,0,0,0,0,0,2
501,Software Developer,6.14,76.2,89.9,67.3,67.8,65.5,57.6,64.5,1,1,1,1,1,1,2,2,0,2,0,2,0,0,0,0,0,1,0,0,0,2,0,0,0,2,0,0,0,1,0,0,0,0,0,0,0,0,3,2,2
502,Software Developer,8.06,82.1,92.8,67.2,64.3,61.8,72.5,66.5,2,2,1,1,1,1,3,3,0,2,0,0,0,0,0,0,2,0,1,0,0,0,2,0,0,0,0,0,0,0,0,2,0,0,0,0,0,0,1,1,2
503,Software Developer,6.89,77.1,67.2,67.3,78.2,67.4,60.2,68.3,3,2,1,1,1,1,3,1,2,0,0,0,0,2,1,0,2,0,2,2,0,0,0,0,0,0,0,0,0,0,0,0,0,0,0,1,0,2,0,0,2
504,Software Developer,8.24,77.0,68.9,99.1,64.0,79.5,77.4,80.0,2,1,3,0,1,1,2,2,0,2,0,0,0,0,2,0,1,0,0,0,1,0,0,2,0,2,1,0,0,0,0,0,0,0,1,0,0,0,2,0,1
505,Software Developer,7.47,77.3,78.9,83.2,52.7,86.9,77.5,75.1,2,2,3,1,1,0,0,2,3,2,0,0,0,2,0,0,0,1,3,2,0,0,0,0,0,0,0,0,0,0,0,0,0,0,1,0,0,0,3,0,0
506,Software Developer,6.62,80.3,82.9,91.5,70.5,62.4,64.6,72.2,1,3,1,0,1,1,0,2,0,3,2,1,2,0,0,0,1,2,3,2,0,0,0,0,0,0,2,0,0,1,0,0,1,0,1,0,0,0,2,0,2
507,Software Developer,9.1,82.5,61.4,84.8,88.6,84.5,72.8,82.7,2,3,1,1,1,1,3,3,1,2,0,2,0,0,1,0,0,0,2,2,0,0,0,0,0,0,2,2,0,0,0,0,0,0,0,0,0,0,0,0,2
508,Software Developer,5.92,81.2,82.6,57.5,74.6,56.4,83.0,67.9,2,3,3,1,1,0,0,0,2,2,0,0,0,0,0,0,0,2,2,3,2,1,1,0,1,0,0,0,0,0,0,0,0,2,0,0,0,0,2,0,3
509,Software Developer,9.08,84.9,79.0,86.3,85.0,80.0,77.2,82.1,2,3,2,1,0,1,3,0,1,0,0,0,0,0,0,0,0,0,0,0,0,0,0,0,0,0,0,0,0,0,0,0,0,0,0,0,0,0,0,1,3
510,Software Developer,7.29,95.9,78.1,89.0,71.9,75.4,75.1,77.8,2,3,2,1,1,0,0,3,0,1,0,0,0,0,2,0,0,1,1,0,0,0,0,0,0,0,0,0,0,0,0,0,0,0,0,0,0,0,0,0,3
511,Software Developer,8.36,87.0,89.1,58.3,73.8,71.4,76.5,70.0,2,2,2,1,1,1,3,2,0,0,0,0,0,0,0,0,0,0,1,3,0,0,0,0,0,0,1,0,0,1,0,1,0,0,0,0,0,1,1,0,3
512,Software Developer,7.44,74.4,74.7,45.4,86.5,54.1,68.6,63.6,1,2,2,0,1,0,2,2,3,0,0,0,2,0,0,0,0,0,3,1,0,0,0,0,0,2,0,0,3,0,0,0,0,0,0,0,0,0,0,0,2
513,Software Developer,8.16,73.9,64.5,68.0,82.0,69.7,74.5,73.5,2,1,2,1,1,1,2,0,1,0,0,0,0,1,0,0,0,1,1,0,0,0,0,1,0,0,0,0,0,0,1,0,0,2,0,0,0,0,2,0,2
514,Software Developer,7.67,81.3,89.0,81.4,78.4,43.8,68.5,68.0,3,2,2,1,1,1,3,2,0,2,0,2,0,0,1,0,1,0,3,0,1,0,2,0,0,0,0,0,0,1,0,1,0,0,0,2,0,0,1,0,3
515,Software Developer,6.57,86.2,74.6,70.6,87.3,84.5,60.2,75.6,0,1,2,0,1,1,2,1,0,2,0,2,0,0,2,1,0,0,2,3,2,0,1,0,0,0,0,0,0,0,0,0,0,0,3,0,0,0,0,2,0
516,Software Developer,6.74,85.1,82.5,57.7,71.2,71.9,65.5,66.6,3,2,2,0,1,1,1,2,0,0,0,1,1,0,1,0,0,0,2,0,0,1,0,0,0,0,2,1,2,0,0,0,0,0,0,0,0,0,2,0,3
517,Software Developer,8.37,86.9,69.5,80.1,66.5,51.0,70.3,67.0,2,3,2,1,0,1,2,3,0,0,0,0,0,0,0,0,0,0,2,3,0,0,0,0,0,0,0,0,0,0,0,0,0,0,0,0,0,0,3,0,3
518,Software Developer,9.05,81.6,66.9,79.4,64.8,91.7,80.0,79.0,1,2,2,1,1,1,2,1,2,2,0,0,0,0,1,0,0,0,0,2,1,0,0,0,0,3,0,2,0,0,0,2,0,2,0,0,1,0,2,0,2
519,Software Developer,7.13,82.8,66.1,83.4,59.2,56.5,79.6,69.7,3,3,3,0,1,1,2,3,0,1,0,0,1,1,1,1,1,0,3,2,0,0,0,0,0,0,2,0,2,0,0,0,1,0,0,1,0,0,2,0,2
520,Software Developer,9.25,77.2,71.3,50.9,93.8,88.9,77.6,77.8,4,3,2,1,1,0,3,2,2,0,0,0,0,1,0,0,0,0,0,3,0,0,0,2,1,0,0,0,1,0,0,0,0,0,0,0,0,1,3,0,2
521,Software Developer,7.42,84.1,85.5,89.9,57.1,63.3,82.9,73.3,4,2,0,0,1,1,0,3,0,1,1,0,2,0,0,0,0,0,0,1,0,0,0,0,0,0,0,0,0,0,0,2,0,0,0,0,1,0,2,1,3
522,Software Developer,8.06,63.4,58.2,73.3,58.9,55.3,65.4,63.2,4,3,1,0,0,0,0,3,0,3,1,0,0,0,0,0,0,1,3,2,0,1,0,0,0,0,0,0,0,0,0,0,0,0,0,0,1,0,1,0,3
523,Software Developer,7.78,65.6,91.5,87.5,60.1,52.1,71.6,67.8,2,1,2,1,1,0,2,0,2,0,1,0,0,0,0,0,0,0,0,2,0,0,1,0,0,0,0,0,0,0,1,0,0,0,0,0,0,0,1,0,3
524,Software Developer,8.73,77.5,83.6,65.6,90.4,64.5,54.7,68.8,2,3,1,1,1,1,3,1,1,3,0,1,0,0,0,1,0,1,2,2,0,0,1,0,0,0,0,1,0,0,0,0,0,0,0,0,0,0,0,0,1
525,Software Developer,7.51,87.5,86.0,93.4,84.1,66.9,79.8,81.0,2,1,2,1,1,1,0,2,0,1,0,0,0,0,0,3,0,0,0,0,0,3,0,0,0,3,0,0,0,0,0,0,0,0,0,0,0,0,3,0,3
526,Software Developer,8.99,71.5,74.8,100.0,70.5,71.9,67.6,77.6,0,2,1,0,1,1,2,0,0,2,0,2,0,0,0,0,0,0,0,2,0,2,0,0,1,2,0,0,0,0,0,2,1,0,0,0,0,0,3,0,2
527,Software Developer,6.8,80.4,79.4,80.5,67.8,65.6,66.1,70.0,0,2,3,0,1,1,3,0,3,1,0,0,0,0,0,0,1,0,2,2,0,0,0,0,0,0,0,0,0,0,0,0,0,0,1,1,0,0,0,0,2
528,Software Developer,7.06,81.2,88.5,88.0,62.1,65.0,78.9,73.5,2,3,2,1,1,1,0,0,0,2,0,0,0,0,0,0,0,0,0,3,0,0,0,0,1,0,0,0,2,0,0,0,0,0,0,0,0,0,0,0,3
529,Software Developer,8.53,100.0,70.7,48.6,60.3,81.1,71.3,65.3,3,3,0,0,1,0,0,3,2,0,0,0,0,0,0,1,1,0,1,1,1,0,0,0,0,0,0,0,0,0,1,0,1,0,1,1,0,0,2,0,2
530,Software Developer,7.14,84.5,76.5,57.8,63.3,56.4,75.3,63.2,1,3,2,0,1,1,0,0,2,2,0,0,0,0,0,0,0,0,0,2,0,0,0,0,1,0,0,0,0,0,2,0,0,0,1,0,0,1,3,0,2
531,Software Developer,8.01,58.8,72.9,66.3,83.3,64.9,80.9,73.8,2,3,0,0,1,1,1,2,3,0,2,0,2,0,0,0,0,0,1,0,0,2,0,0,0,0,0,0,0,0,0,0,0,0,0,0,0,0,2,0,1
532,Software Developer,7.49,78.4,87.6,74.1,75.0,62.6,72.5,71.0,3,2,2,1,1,1,3,3,3,1,0,0,1,0,0,0,0,0,2,2,0,0,0,0,0,1,0,0,1,0,0,0,0,0,0,0,2,0,0,0,0
533,Software Developer,7.16,80.0,66.6,64.0,80.2,83.8,83.9,78.0,1,1,1,0,1,0,0,1,0,0,2,0,0,0,2,0,0,0,2,1,0,0,0,0,0,0,2,2,1,0,0,0,0,0,0,0,0,0,2,0,2
534,Software Developer,9.03,81.1,78.9,73.1,62.9,69.0,86.3,72.8,0,3,2,1,1,0,2,2,2,2,0,0,0,0,0,0,1,0,2,2,0,0,0,0,2,0,0,0,0,0,0,0,1,2,0,0,0,0,0,0,3
535,Software Developer,6.71,78.5,76.6,83.2,78.6,74.1,61.8,74.4,2,1,0,0,1,1,0,0,0,0,0,0,1,0,0,0,1,2,0,0,0,0,0,0,0,0,0,2,0,0,0,0,0,0,0,0,0,1,2,0,2
536,Software Developer,7.42,80.8,65.8,60.6,64.2,73.3,80.7,69.7,4,2,2,0,1,1,0,3,2,3,0,0,0,1,1,0,0,1,1,1,0,0,2,0,0,1,0,0,0,1,0,0,0,0,0,0,0,0,2,0,3
537,Software Developer,7.23,78.9,62.5,61.9,62.2,56.3,75.4,63.9,2,2,2,0,1,1,2,2,0,1,0,0,0,0,0,0,0,0,3,2,0,0,0,0,0,2,0,0,0,0,0,0,0,0,0,0,0,1,0,0,2
538,Software Developer,6.9,79.4,93.3,71.5,61.3,63.4,88.0,71.1,2,2,2,1,1,1,2,0,2,1,0,0,1,1,0,1,0,1,2,0,0,0,0,0,0,0,0,0,0,0,0,0,0,0,0,2,0,0,2,0,3
539,Software Developer,7.25,80.9,80.8,71.5,64.3,67.4,88.6,73.0,2,1,2,1,0,1,1,3,3,1,0,0,0,2,0,0,0,0,2,2,0,0,0,0,0,2,0,0,0,0,0,0,0,3,0,2,0,0,3,0,1
540,Software Developer,8.09,77.7,91.4,77.8,85.0,75.3,62.4,75.1,3,2,1,1,1,0,3,2,0,1,0,0,1,0,0,0,0,1,2,3,0,0,1,0,3,2,0,0,0,0,0,0,0,3,0,0,0,0,2,0,2
541,Software Developer,6.26,75.5,78.3,67.9,90.8,60.8,48.8,67.1,2,1,2,1,1,1,3,0,0,1,1,0,0,0,0,0,0,0,2,0,0,0,0,2,1,0,1,0,0,0,0,1,1,0,2,0,2,0,2,0,2
542,Software Developer,8.08,89.8,85.4,78.3,86.6,45.9,75.0,71.4,2,2,2,1,1,1,3,3,2,3,0,0,0,0,2,0,0,0,0,1,0,2,0,0,0,0,0,0,0,0,0,0,0,0,0,0,0,0,2,0,2
543,Software Developer,7.61,78.6,75.4,79.0,68.3,74.6,66.3,72.0,3,2,0,0,1,1,3,0,1,2,0,0,0,0,0,0,0,0,3,3,0,0,0,0,1,0,0,0,0,0,0,0,0,0,0,0,0,2,0,0,2
544,Software Developer,7.78,86.1,75.7,80.9,70.3,52.2,66.6,67.5,2,2,0,0,0,1,2,3,1,3,1,0,0,2,0,0,0,0,0,2,0,0,0,0,0,0,0,0,0,0,0,0,0,2,0,0,0,0,3,0,1
545,Software Developer,7.56,66.5,65.0,77.1,81.0,78.6,74.0,77.7,1,3,1,0,1,1,1,0,2,0,0,0,0,0,0,0,0,2,3,2,0,0,0,0,2,0,0,0,0,0,2,0,0,0,0,0,0,0,2,0,2
546,Software Developer,7.9,78.1,84.8,63.5,72.0,67.1,69.5,68.0,4,2,3,1,1,1,3,0,0,0,0,2,0,0,0,0,0,0,2,2,0,0,0,0,0,0,0,0,0,0,0,0,0,0,0,0,0,1,3,0,1
547,Software Developer,8.91,80.0,84.2,69.1,75.3,71.2,81.1,74.2,0,1,2,1,0,1,2,2,0,2,1,2,0,0,0,0,1,0,2,1,0,1,0,0,0,0,0,0,0,0,0,0,0,0,1,1,0,0,0,0,3
548,Software Developer,8.14,71.8,66.3,83.0,77.3,72.3,94.8,81.9,4,2,0,0,1,0,3,1,0,3,0,0,0,2,0,0,0,0,0,3,0,0,1,0,1,0,0,0,0,0,0,1,2,0,0,0,0,0,0,0,1
549,Software Developer,7.79,77.8,67.2,69.6,72.4,84.6,74.6,75.3,0,1,2,0,0,1,2,0,1,0,0,0,0,2,0,0,0,0,0,3,0,0,0,0,0,0,1,0,1,0,0,0,0,0,0,0,0,0,3,0,2
550,Software Developer,9.0,76.1,77.1,60.5,58.8,63.7,71.2,63.5,3,2,0,0,1,0,0,3,3,2,0,1,0,0,1,0,0,0,0,3,1,0,0,0,0,0,0,0,0,0,0,0,0,0,0,0,0,0,1,0,2
551,Software Developer,7.82,74.4,89.9,58.1,60.3,73.3,76.5,67.0,1,1,0,0,1,1,2,3,2,3,0,0,0,0,0,0,0,0,0,2,1,0,0,0,0,0,0,0,0,0,0,0,0,0,0,0,0,2,1,0,2
552,Software Developer,7.91,66.8,73.0,72.9,74.3,43.9,73.3,66.1,1,3,2,1,1,1,3,2,0,2,0,0,0,1,0,0,0,0,1,0,0,0,1,0,0,0,0,0,0,0,0,1,0,0,0,0,0,0,3,0,3
553,Software Developer,8.08,81.4,67.5,73.1,55.6,72.7,75.0,69.1,1,2,0,0,1,1,0,0,3,0,0,0,2,0,0,0,0,0,2,2,0,3,0,0,0,0,1,0,3,0,0,1,0,0,2,2,0,0,2,0,1
554,Software Developer,6.39,85.5,81.4,80.5,81.8,80.6,89.0,83.0,1,1,2,1,0,1,1,3,2,2,0,0,0,0,1,0,0,0,0,0,0,0,0,1,2,0,0,0,0,0,0,0,0,0,0,0,0,0,0,0,3
555,Software Developer,7.13,83.3,77.7,77.4,66.2,59.2,68.9,67.9,3,1,1,1,0,1,3,1,0,2,1,0,2,0,0,0,0,2,2,2,0,0,0,0,0,0,2,0,0,0,1,0,0,0,0,1,0,0,2,0,3
556,Software Developer,7.79,70.3,97.6,69.6,66.8,76.5,68.5,70.3,2,2,0,0,1,1,1,3,0,1,0,0,0,0,2,1,0,0,0,3,0,0,0,0,0,0,1,0,0,0,0,0,1,0,0,0,0,0,1,0,3
557,Software Developer,6.53,87.5,79.3,69.6,98.7,62.3,92.7,80.8,2,2,1,1,1,0,2,0,0,2,0,0,0,0,0,0,0,0,2,1,0,0,0,0,2,1,0,0,0,2,2,0,0,0,0,0,0,0,0,0,0
558,Software Developer,7.7,81.2,82.3,70.0,91.7,72.4,76.8,77.7,1,3,0,0,0,1,0,3,2,2,0,1,0,0,0,0,0,0,0,1,0,0,0,0,0,1,0,0,0,0,0,2,0,0,1,0,0,1,2,2,3
559,Software Developer,7.27,85.5,86.9,66.4,77.1,45.1,95.1,70.9,3,2,2,0,1,1,0,3,0,0,1,0,0,0,1,0,0,0,1,3,0,1,0,0,0,0,0,0,0,0,0,0,0,0,0,0,1,0,2,0,0
560,Software Developer,7.94,82.0,75.1,70.9,91.6,72.2,67.4,75.5,1,2,2,1,1,1,2,3,0,2,0,1,2,2,0,0,0,0,0,2,2,0,0,0,1,1,1,0,0,0,0,0,1,0,0,2,0,0,0,1,3
561,Software Developer,8.49,86.5,84.5,72.9,100.0,70.8,78.6,82.2,3,2,3,0,1,1,0,0,2,1,0,0,0,0,0,0,1,0,3,0,0,1,0,0,0,1,0,1,0,0,0,0,0,0,0,2,0,0,0,0,2
562,Software Developer,7.18,84.5,70.5,75.8,70.2,75.3,76.7,74.5,2,2,1,1,0,0,1,3,2,0,2,0,0,0,0,0,0,0,0,1,0,0,0,0,2,0,1,0,0,0,0,2,0,0,0,0,0,0,2,1,3
563,Software Developer,7.35,82.1,66.1,59.4,74.8,59.7,100.0,74.5,3,2,1,1,1,0,3,2,0,0,0,0,0,1,0,1,1,1,0,2,0,0,0,0,0,0,2,0,0,0,0,0,0,0,0,1,0,0,1,0,3
564,Software Developer,7.56,98.1,70.9,78.7,69.0,77.2,47.9,68.2,3,1,1,0,0,1,3,3,3,1,0,0,0,0,0,0,0,0,3,2,0,0,0,0,0,0,0,0,2,0,0,1,0,0,0,1,0,0,3,0,1
565,Software Developer,9.37,76.8,82.2,51.0,80.4,57.4,67.2,64.0,1,3,1,1,1,1,0,1,0,0,0,0,2,0,1,1,0,1,3,0,0,0,0,0,1,0,0,0,0,0,0,0,2,0,0,0,2,0,3,0,3
566,Software Developer,7.31,88.9,73.9,61.7,80.9,68.7,88.7,75.0,0,2,1,0,0,1,0,3,2,0,0,0,0,0,0,0,0,0,3,2,0,0,0,0,0,0,0,0,0,0,0,0,0,2,0,0,1,0,3,0,2
567,Software Developer,6.75,95.8,67.3,55.9,97.9,59.2,82.3,73.8,3,2,1,1,1,0,2,2,0,3,0,2,0,0,0,0,0,0,3,0,0,0,0,0,0,0,0,0,0,0,0,1,0,0,0,0,0,0,3,0,2
568,Software Developer,8.15,84.6,77.3,41.9,77.6,56.3,77.5,63.3,2,1,0,0,0,1,2,1,0,0,2,0,0,0,0,0,0,0,2,3,2,0,0,0,0,2,2,0,0,2,1,0,0,0,0,0,0,0,3,2,0
569,Software Developer,7.6,78.2,92.4,91.9,81.6,60.9,68.6,75.8,2,2,1,0,1,1,3,3,0,2,0,0,0,0,1,0,0,0,0,3,1,0,0,0,0,0,0,0,0,0,0,0,0,0,1,0,0,0,3,0,2
570,Software Developer,8.14,79.3,71.8,73.8,92.4,51.1,87.1,76.1,3,2,1,1,1,1,2,3,1,1,0,1,0,2,0,0,0,0,1,0,0,0,0,0,0,0,2,0,0,0,0,0,0,0,2,0,1,0,2,0,2
571,Software Developer,7.88,76.9,92.5,69.8,55.5,61.2,64.6,62.8,2,2,0,0,1,1,0,1,2,0,1,0,0,0,1,0,0,0,1,3,0,0,0,0,0,0,0,0,0,0,0,0,0,0,0,1,0,2,3,1,1
572,Software Developer,7.13,64.8,77.7,50.3,59.7,76.7,59.1,61.4,3,2,2,1,1,1,2,0,1,2,0,0,0,0,0,0,0,0,0,2,0,0,0,0,0,0,0,0,0,0,0,0,0,0,0,0,0,0,0,0,1
573,Software Developer,7.25,71.6,64.8,80.8,70.0,93.6,75.9,80.1,2,3,1,1,1,1,3,2,0,1,0,0,0,0,0,0,0,2,2,1,2,0,0,1,0,0,0,1,0,1,0,0,0,0,0,0,0,0,1,0,2
574,Software Developer,7.23,83.8,84.9,84.0,56.9,64.0,81.0,71.5,4,2,1,1,1,0,1,3,0,2,0,0,0,0,0,0,0,0,1,0,0,0,0,0,0,0,0,2,1,0,0,1,0,0,0,0,0,0,3,0,2
575,Software Developer,8.6,73.0,71.8,83.3,74.4,85.7,73.6,79.2,1,3,3,0,0,1,2,2,0,1,0,0,1,0,2,1,0,0,1,1,0,0,0,0,0,0,0,0,0,0,0,1,0,0,0,1,0,0,2,1,2
576,Software Developer,8.08,78.7,94.6,59.3,72.1,55.0,73.1,64.9,1,2,1,1,1,1,3,0,0,0,0,0,0,0,0,0,0,0,0,1,0,0,0,0,0,0,0,0,0,0,0,0,0,0,0,0,0,0,2,0,0
577,Software Developer,8.65,71.9,74.8,77.1,66.0,65.2,69.8,69.5,2,3,1,0,0,1,2,0,0,0,0,0,0,0,0,0,0,0,0,2,0,0,0,0,0,0,0,0,0,0,0,0,0,0,0,0,1,0,2,0,1
578,Software Developer,7.79,75.1,75.4,70.2,75.7,73.9,50.5,67.6,3,2,0,0,1,1,2,2,3,2,0,0,0,0,0,1,1,0,3,1,0,0,0,0,0,0,0,2,0,0,0,0,0,1,0,0,0,0,3,0,3
579,Software Developer,9.12,77.3,65.1,74.9,71.5,65.8,62.7,68.7,2,2,3,0,0,0,3,3,0,0,0,0,0,0,0,0,0,1,0,2,0,0,1,0,0,0,0,0,0,0,1,0,0,0,0,0,2,0,1,0,0
580,Software Developer,8.17,85.7,75.5,64.6,85.7,78.4,86.4,78.8,2,3,1,1,1,1,2,3,2,0,0,0,0,0,0,0,0,1,2,1,0,0,0,0,0,1,0,0,0,0,1,0,1,0,0,0,0,0,0,0,2
581,Software Developer,7.59,73.4,68.6,46.1,100.0,41.6,78.9,71.2,4,1,0,0,1,1,1,2,1,2,0,0,2,0,1,0,0,0,2,0,0,0,0,0,0,2,0,0,0,0,0,0,0,0,1,2,2,0,2,1,2
582,Software Developer,8.09,73.9,72.9,81.3,58.9,66.3,60.3,66.7,2,2,3,1,1,1,2,0,0,1,0,0,0,1,0,0,0,0,0,0,0,0,0,0,0,0,0,0,0,0,0,0,0,0,0,0,1,0,2,0,2
583,Software Developer,10.0,84.1,79.4,59.5,67.7,61.9,54.0,60.8,1,2,0,0,0,0,3,2,0,2,0,0,0,0,0,0,0,2,1,2,0,0,1,0,2,0,0,0,0,0,0,0,0,0,0,0,2,0,3,0,3
584,Software Developer,8.39,71.7,75.7,83.2,79.4,71.1,87.7,80.4,3,3,1,0,0,1,3,3,1,1,0,0,0,0,0,0,0,2,0,2,0,0,0,0,0,0,2,0,0,0,0,0,0,0,0,0,1,0,1,0,3
585,Software Developer,7.09,93.2,67.6,68.1,51.9,80.5,89.6,72.5,2,3,2,1,0,1,2,0,2,3,0,0,0,1,0,0,1,0,0,0,1,0,1,1,0,0,0,0,0,2,1,0,0,0,0,0,0,0,1,0,0
586,Software Developer,5.73,75.6,66.8,60.9,82.5,64.9,80.4,72.2,2,2,1,0,1,1,2,2,1,0,0,0,0,1,0,0,0,0,0,1,0,0,0,0,0,0,0,0,0,0,0,0,0,1,0,0,0,0,1,0,2
587,Software Developer,6.32,77.7,75.5,58.8,73.7,72.5,71.9,69.2,2,2,3,1,1,1,3,3,0,0,0,0,0,0,0,0,1,0,2,2,0,0,0,0,0,0,0,1,0,0,0,1,0,0,0,1,0,0,3,2,2
588,Software Developer,7.82,79.4,77.8,83.9,64.2,84.0,93.9,81.5,1,2,2,1,1,1,0,3,0,2,0,0,0,0,0,0,0,0,1,3,0,0,0,0,0,0,0,2,1,1,0,1,0,2,0,0,0,0,2,0,0
589,Software Developer,7.47,86.8,79.4,76.7,82.0,58.3,89.7,76.7,1,2,0,0,1,0,2,2,1,0,2,0,0,2,0,0,0,0,0,0,0,0,0,0,0,0,0,0,0,0,0,0,0,2,0,0,0,1,2,0,2
590,Software Developer,6.78,83.6,70.9,70.9,64.9,77.7,94.0,76.9,2,3,1,1,1,1,2,2,2,2,0,0,0,0,0,0,0,0,3,1,0,0,0,0,0,0,0,1,1,0,0,0,0,0,0,0,1,0,2,0,2
591,Software Developer,6.7,85.1,77.6,78.5,91.7,88.3,63.7,80.5,4,3,2,1,1,1,0,1,3,0,0,0,1,0,2,0,0,0,0,2,0,0,0,0,0,0,2,2,0,0,0,0,0,0,0,0,0,0,2,0,1
592,Software Developer,8.6,72.3,80.8,67.8,63.5,71.5,74.3,69.3,2,2,1,1,1,1,1,1,2,1,0,0,0,0,1,0,0,0,2,3,2,0,0,0,0,0,0,0,0,0,2,0,1,0,0,0,0,0,2,1,2
593,Software Developer,8.1,77.3,82.1,68.3,85.7,84.2,82.4,80.2,1,3,0,0,0,0,2,1,3,0,0,0,0,0,0,0,0,0,2,2,0,0,2,0,0,0,0,1,0,0,0,0,0,0,0,0,2,1,3,0,2
594,Software Developer,7.36,76.4,81.4,73.9,59.8,60.6,74.3,67.1,1,2,0,0,1,1,0,3,2,0,0,1,0,0,0,2,0,0,2,2,1,0,0,0,0,0,0,0,1,2,0,0,0,0,0,0,0,0,3,1,3
595,Software Developer,6.21,69.9,89.2,65.2,68.8,54.5,77.2,66.4,3,2,2,1,0,1,0,0,0,3,0,0,0,0,0,0,0,1,2,2,0,0,0,0,0,0,0,0,0,0,0,1,0,0,2,1,0,0,1,0,2
596,Software Developer,6.31,73.1,76.0,67.0,78.3,71.0,83.8,75.0,1,2,0,0,1,0,3,3,2,2,0,0,0,0,0,0,0,0,3,2,0,0,0,0,0,0,0,0,0,0,0,0,0,0,0,0,1,0,3,0,3
597,Software Developer,7.72,67.0,81.2,70.7,84.9,52.6,85.9,73.5,3,1,1,1,1,0,3,0,0,3,0,0,0,0,1,1,0,0,3,0,0,0,0,0,0,0,0,0,0,0,2,0,0,0,0,1,0,0,2,0,3
598,Software Developer,8.5,59.5,80.8,77.5,98.9,54.6,84.6,78.9,2,3,1,1,1,1,1,2,0,0,0,0,1,0,0,1,0,0,2,3,0,0,0,0,0,0,0,0,0,0,0,0,0,0,0,0,0,0,3,1,2
599,Software Developer,6.29,74.2,84.0,66.3,74.5,80.3,78.1,74.8,3,2,3,1,1,0,2,0,0,0,0,0,0,0,2,0,1,0,2,0,0,0,0,0,0,0,0,0,0,0,0,1,0,1,0,0,0,0,2,0,3
600,Software Developer,6.76,85.3,67.3,71.0,89.1,79.5,66.6,76.5,1,2,0,0,1,1,2,2,2,2,0,0,0,0,0,2,0,0,3,3,0,0,0,0,1,0,0,0,0,0,0,0,0,0,0,0,0,0,1,2,3
601,Software Developer,7.75,97.8,59.3,66.7,68.4,74.7,88.3,74.5,3,2,2,0,1,1,0,3,2,0,0,0,1,0,0,2,0,2,3,3,0,1,0,0,0,1,0,0,0,1,0,0,0,1,0,0,0,0,0,0,2
602,Software Developer,7.73,79.4,80.4,75.6,80.2,76.1,75.8,76.9,2,3,0,0,1,1,2,1,0,2,0,2,0,1,1,1,0,0,1,1,0,1,2,0,0,0,0,0,0,0,0,0,0,0,0,0,0,1,1,0,1
603,Software Developer,7.44,83.5,69.1,97.3,73.5,63.1,67.4,75.3,2,1,2,1,1,1,0,3,0,0,2,0,0,0,0,0,0,0,1,2,2,0,0,0,2,0,0,0,0,0,2,0,0,0,0,0,0,0,0,0,2
604,Software Developer,7.54,74.8,78.8,56.9,70.8,73.5,92.0,73.3,4,2,2,1,1,1,2,3,0,2,0,0,0,0,0,2,2,0,0,2,0,2,0,0,0,0,0,0,0,1,0,0,1,0,0,0,0,0,3,0,3
605,Software Developer,8.0,75.0,68.4,65.9,63.3,82.4,79.1,72.7,2,2,2,0,1,1,3,0,1,2,0,0,0,0,0,0,0,0,0,2,0,0,0,0,0,3,0,0,0,0,0,0,0,0,0,0,0,0,1,0,3
606,Software Developer,6.07,76.3,86.2,78.6,97.1,59.0,76.2,77.7,4,1,2,0,0,1,3,3,0,0,2,0,0,0,0,1,0,0,2,0,0,0,0,0,0,0,0,0,1,0,0,0,0,0,0,1,0,0,1,0,2
607,Software Developer,8.22,71.3,80.1,54.0,93.5,68.6,68.5,71.2,2,1,0,0,1,0,2,3,3,0,1,0,0,1,0,0,0,1,2,2,0,0,0,0,0,0,0,0,0,0,1,0,0,0,0,0,0,0,2,0,3
608,Software Developer,7.85,67.9,79.2,96.2,91.8,82.2,71.4,85.4,0,2,1,1,1,1,1,3,2,2,1,0,0,0,0,0,0,0,0,2,0,0,0,0,0,0,0,0,0,1,0,0,0,1,0,0,0,0,1,0,2
609,Software Developer,7.75,97.4,73.9,75.1,74.5,54.7,79.3,70.9,4,2,2,0,1,1,3,1,2,1,0,0,0,1,0,0,0,0,0,1,0,1,0,0,0,0,0,1,0,0,2,0,0,0,0,1,0,1,1,0,3
610,Software Developer,8.02,75.9,61.8,59.2,60.5,80.1,81.7,70.4,1,3,2,1,1,0,0,0,3,0,1,0,0,0,0,0,0,0,2,3,0,0,3,0,0,0,0,0,0,0,0,0,0,0,0,0,0,0,2,0,2
611,Software Developer,6.26,89.3,93.0,65.3,57.0,85.3,91.2,74.7,2,2,2,1,0,1,0,0,0,0,0,0,0,0,0,1,0,0,2,0,2,1,0,0,0,0,0,2,0,0,2,0,2,0,0,0,0,0,2,0,1
612,Software Developer,7.82,77.7,94.8,59.8,86.4,81.0,74.9,75.5,4,3,0,0,0,1,2,3,0,0,0,0,0,0,1,0,0,0,2,2,0,0,0,0,0,0,0,1,0,0,0,0,1,0,0,2,0,0,2,0,2
613,Software Developer,6.74,76.1,87.2,65.4,60.9,55.4,80.4,65.5,3,2,0,0,1,0,2,0,0,0,2,0,0,2,0,2,0,0,3,3,0,0,1,0,0,0,0,0,0,0,1,0,0,0,0,1,0,0,2,0,2
614,Software Developer,7.92,70.1,86.5,82.7,98.3,77.5,86.1,86.2,1,2,3,1,1,1,2,3,0,0,0,0,0,1,0,0,0,0,3,2,0,0,1,0,0,0,0,0,0,0,0,0,0,0,0,0,0,0,2,1,1
615,Software Developer,7.12,81.8,86.9,66.6,66.3,83.6,78.2,73.7,4,2,2,1,0,0,3,3,0,2,0,2,0,0,0,0,0,0,1,1,0,0,0,0,0,2,0,0,0,0,0,0,0,0,0,0,1,0,2,2,1
616,Software Developer,6.47,75.5,83.0,73.0,76.1,75.6,77.1,75.4,3,1,0,0,1,1,1,2,2,2,0,0,0,1,0,0,0,0,0,3,0,2,0,1,0,0,0,0,0,0,0,0,1,0,0,0,0,1,0,0,2
617,Software Developer,8.14,77.1,69.1,61.9,80.6,64.1,72.3,69.7,2,3,0,0,1,1,0,2,1,2,1,0,0,0,0,2,1,0,1,2,0,0,1,0,0,0,1,0,0,2,0,0,0,0,0,0,0,2,2,0,3
618,Software Developer,6.33,74.7,73.3,78.7,72.7,75.4,60.2,71.8,2,2,0,0,0,1,3,2,0,2,0,0,2,2,0,0,1,0,0,0,0,2,0,0,2,1,0,0,0,0,0,0,0,0,0,0,0,0,3,0,3
619,Software Developer,5.48,77.4,95.6,83.8,75.1,93.8,87.4,85.0,2,1,0,0,1,1,3,2,0,0,1,0,1,0,1,0,0,1,2,1,0,0,0,0,0,0,0,1,0,1,0,0,1,0,0,0,0,0,0,0,2
620,Software Developer,8.24,82.4,58.4,57.9,71.1,70.9,52.3,63.0,2,2,2,0,0,1,1,3,1,0,0,0,0,0,0,0,0,0,3,0,0,0,0,0,2,2,0,0,0,0,0,0,0,0,0,0,0,0,3,0,3
621,Software Developer,7.81,81.6,76.0,75.1,52.8,50.5,80.5,64.7,2,3,0,0,1,1,2,2,2,0,0,1,0,0,0,0,0,0,2,3,0,0,0,0,0,0,0,0,1,0,0,1,0,0,2,0,0,0,2,0,3
622,Software Developer,6.67,84.2,75.8,75.4,80.1,48.4,82.2,71.5,1,2,2,0,1,1,3,3,1,0,0,0,0,0,0,0,0,0,0,0,1,0,1,0,1,0,2,2,0,0,0,0,0,0,0,0,0,0,3,0,2
623,Software Developer,7.75,82.1,76.0,72.3,84.0,79.6,75.0,77.7,2,3,0,0,1,0,2,0,2,0,0,0,0,0,1,0,0,0,3,0,0,0,0,0,0,0,0,0,0,0,0,0,0,0,0,0,0,0,2,0,2
624,Software Developer,7.37,78.8,74.1,69.3,83.4,65.7,75.6,73.5,1,2,1,1,0,1,3,2,0,1,0,0,1,0,1,0,0,0,2,1,0,0,0,0,0,0,0,0,0,0,0,2,0,0,0,0,2,0,2,1,1
625,Software Developer,5.89,89.2,73.1,76.7,74.4,76.1,78.8,76.5,2,2,0,0,1,1,2,0,0,3,0,1,0,0,0,0,0,0,1,0,2,0,0,0,0,0,0,0,0,0,0,0,0,0,0,0,0,2,0,0,3
626,Software Developer,7.27,87.3,92.9,69.1,66.7,51.1,79.5,66.6,3,2,1,1,1,1,2,1,2,2,0,0,0,0,2,0,0,0,3,0,0,2,1,0,0,0,0,0,0,0,0,0,0,0,0,2,0,0,3,0,1
627,Software Developer,7.52,89.8,77.8,65.0,86.4,51.4,63.2,66.5,1,1,2,1,1,1,3,3,1,0,0,0,2,0,0,0,0,2,2,2,0,0,0,0,2,0,0,0,0,0,0,0,0,0,0,0,1,2,2,0,3
628,Software Developer,5.4,89.6,80.5,74.5,63.7,67.4,79.1,71.2,2,2,0,0,1,1,3,0,0,3,0,0,0,0,0,2,0,0,2,1,1,0,0,0,0,0,0,1,0,2,0,0,2,0,0,0,0,0,0,0,2
629,Software Developer,7.6,67.0,81.4,77.1,90.5,70.0,78.6,79.0,1,2,2,1,0,1,3,0,2,2,0,0,1,0,0,0,1,0,3,3,1,0,0,0,0,0,0,0,0,0,2,0,0,0,0,0,0,0,1,1,2
630,Software Developer,7.8,83.2,80.9,67.0,66.5,73.2,80.8,71.9,4,3,1,1,0,0,2,1,2,0,1,0,0,0,0,0,0,0,0,0,1,0,0,0,0,0,1,0,0,0,0,0,0,0,1,0,0,0,3,0,3
631,Software Developer,6.83,79.8,83.0,75.3,67.9,75.5,69.8,72.1,2,1,1,1,1,1,3,0,2,3,0,0,1,1,0,0,0,0,3,3,0,0,0,0,0,0,0,0,0,0,1,0,0,0,0,0,1,0,2,0,0
632,Software Developer,6.52,79.9,68.3,65.7,73.1,55.6,59.0,63.4,2,2,2,1,1,1,3,3,2,0,0,0,0,1,0,0,0,0,0,3,0,0,0,0,0,0,1,0,0,0,0,0,3,2,0,0,2,0,3,0,2
633,Software Developer,7.73,64.0,77.7,55.2,78.0,88.4,69.5,72.8,3,3,2,1,1,1,2,3,3,1,0,0,0,0,0,0,0,2,1,0,0,0,2,0,0,0,0,0,0,0,0,0,0,0,0,1,1,0,3,0,1
634,Software Developer,7.82,76.3,58.5,90.0,70.8,47.9,66.0,68.7,2,1,3,1,0,1,2,2,0,2,0,0,1,0,0,0,0,0,0,1,1,1,0,0,0,0,2,0,0,0,0,0,1,0,0,0,2,0,3,0,3
635,Software Developer,6.93,90.0,65.5,76.3,53.1,51.1,85.8,66.6,2,2,2,1,1,1,2,3,0,1,0,0,0,1,0,0,0,0,2,3,0,0,0,0,0,0,0,0,0,0,0,1,2,0,0,0,0,0,0,0,2
636,Software Developer,6.82,96.4,95.4,61.5,74.3,70.6,79.5,71.5,2,3,2,1,0,1,1,3,2,1,0,0,0,0,0,1,3,0,2,3,0,3,0,0,0,0,0,0,1,0,1,0,1,1,0,0,2,0,3,0,2
637,Software Developer,6.92,88.9,76.8,80.9,50.4,64.4,83.1,69.7,0,2,1,1,0,1,1,2,0,0,0,0,0,0,0,0,0,0,1,3,1,0,0,0,2,0,0,0,0,0,1,0,0,0,0,1,0,2,2,0,1
638,Software Developer,8.44,57.5,74.2,71.8,77.9,57.0,72.6,69.8,2,2,1,1,1,1,2,3,0,3,0,0,0,0,0,1,0,0,0,2,0,0,1,0,0,0,0,0,0,0,1,0,0,0,0,1,0,1,1,0,2
639,Software Developer,6.95,99.2,90.5,56.0,89.8,74.3,65.7,71.5,3,2,1,0,1,1,3,3,0,0,0,0,0,0,0,1,0,0,0,2,0,0,0,0,0,0,0,0,0,0,0,0,0,0,0,0,0,0,0,0,1
640,Software Developer,6.96,80.3,75.3,76.4,93.4,63.9,81.4,78.8,4,3,2,0,1,1,0,2,0,3,0,2,0,0,0,0,2,0,3,0,0,0,1,0,0,1,0,0,0,0,0,0,1,0,0,0,0,0,0,0,2
641,Software Developer,7.09,76.9,77.4,49.1,61.7,58.7,88.4,64.5,2,1,1,0,1,0,3,3,2,0,0,0,2,0,1,0,0,0,2,2,0,0,0,1,0,0,0,0,0,0,0,0,0,2,0,0,0,0,1,0,2
642,Software Developer,6.43,93.6,67.7,63.9,66.6,65.5,51.1,61.8,1,1,0,0,1,1,2,2,0,1,0,0,0,2,0,0,2,0,2,1,0,2,0,2,0,2,0,0,1,2,0,0,0,0,2,0,0,0,3,0,3
643,Software Developer,7.36,76.3,70.1,59.8,70.1,65.0,82.4,69.3,4,3,1,0,1,1,0,2,0,2,0,1,0,1,0,0,0,0,0,0,0,0,0,0,0,0,1,0,0,0,1,0,0,0,0,0,0,0,1,0,3
644,Software Developer,8.45,84.6,71.1,62.7,77.0,84.3,64.1,72.0,3,2,1,1,1,1,3,3,2,2,0,0,0,0,0,0,0,0,1,2,0,0,0,0,0,0,1,0,0,0,0,0,0,0,0,0,0,0,3,0,2
645,Software Developer,7.18,77.7,82.9,62.9,61.3,83.5,85.0,73.2,2,3,1,1,1,1,3,3,0,0,0,1,1,0,0,0,0,0,0,1,1,0,0,2,0,0,0,0,0,0,0,0,2,2,0,0,0,0,2,0,2
646,Software Developer,7.0,79.2,74.0,62.2,78.9,52.7,86.5,70.1,3,3,1,0,1,0,2,1,2,3,0,0,1,0,0,0,0,0,2,3,0,1,0,0,0,0,0,0,1,0,0,0,0,0,0,1,1,1,3,1,2
647,Software Developer,8.13,81.7,77.6,65.8,94.5,69.7,90.0,80.0,1,3,0,0,1,1,2,2,2,0,0,0,1,2,0,0,0,0,3,2,0,2,0,0,0,0,0,0,0,0,0,0,3,0,0,0,0,0,2,0,1
648,Software Developer,7.56,73.2,87.3,84.4,85.6,60.1,78.5,77.2,1,2,0,0,1,0,3,3,0,2,1,0,0,0,1,0,0,1,2,2,0,0,0,0,0,0,0,0,0,0,0,0,1,0,0,0,0,0,2,0,3
649,Software Developer,8.19,80.0,97.7,70.7,61.0,88.8,64.3,71.2,2,1,1,1,0,1,0,3,3,0,0,0,0,0,0,1,0,0,1,0,0,0,0,0,1,1,0,0,0,0,0,2,1,0,2,0,2,0,2,0,3
650,Software Developer,9.12,75.9,80.7,75.0,71.0,73.5,78.5,74.5,2,3,1,1,1,0,2,1,1,0,0,0,0,0,0,0,0,0,1,2,0,0,0,0,0,0,0,0,0,0,0,0,0,0,0,0,0,0,3,0,0
651,Software Developer,9.62,79.7,64.2,66.6,70.6,56.4,72.7,66.6,3,2,0,0,1,1,2,0,0,0,0,0,0,0,0,0,0,0,0,2,0,0,0,0,0,0,0,0,2,2,0,0,0,0,0,0,0,0,2,0,2
652,Software Developer,8.0,82.9,79.0,86.5,83.1,88.5,59.2,79.3,1,1,1,1,1,1,1,3,3,3,0,0,0,0,0,1,0,0,2,2,0,2,0,0,1,0,2,0,0,0,0,1,0,0,0,0,0,0,1,0,1
653,Software Developer,6.78,64.0,81.7,91.2,69.1,60.4,96.0,79.2,2,2,0,0,0,1,1,3,3,0,0,0,1,1,0,0,0,0,0,0,0,2,0,0,0,0,0,0,0,0,0,0,0,1,0,0,0,0,3,0,3
654,Software Developer,7.79,89.5,75.6,70.1,65.6,74.4,69.5,69.9,2,3,2,1,0,1,1,0,0,0,0,0,0,0,0,0,0,2,3,1,0,0,0,0,0,0,1,0,2,0,0,0,0,0,0,0,0,0,3,1,1
655,Software Developer,7.5,80.1,75.7,78.1,65.2,71.7,95.8,77.7,3,1,1,1,1,1,0,2,2,0,0,1,0,0,0,0,0,0,2,1,1,0,0,0,2,0,2,0,0,0,0,0,0,0,0,0,0,0,0,0,3
656,Software Developer,7.94,78.2,67.8,60.0,81.7,53.4,74.4,67.4,2,3,1,1,1,0,2,2,0,0,0,0,1,0,1,0,0,0,0,0,2,1,0,0,0,0,0,0,2,0,0,0,0,0,0,0,0,1,2,0,2
657,Software Developer,6.81,81.0,69.9,77.6,86.0,63.6,64.6,72.9,2,2,2,1,1,1,0,1,0,3,0,0,0,0,0,2,0,0,1,2,0,1,0,0,0,0,0,0,0,0,0,0,0,0,0,0,1,0,2,0,3
658,Software Developer,7.86,84.6,88.0,66.3,74.8,96.7,91.7,82.4,2,3,1,1,1,1,0,3,0,2,2,0,0,0,0,0,1,0,2,0,0,0,0,0,0,2,2,1,0,0,0,0,0,0,0,0,0,0,2,0,0
659,Software Developer,8.19,100.0,73.4,56.9,60.7,35.9,79.5,58.2,3,1,3,0,1,0,1,2,0,0,0,0,0,0,2,0,0,0,1,3,0,0,0,0,0,0,0,0,0,1,0,0,0,0,0,0,0,0,2,0,3
660,Software Developer,6.33,91.4,85.4,64.9,46.7,61.6,98.4,67.9,3,2,2,0,1,1,1,0,0,0,0,0,0,1,0,0,0,0,1,1,2,0,0,1,1,0,0,0,0,0,0,2,0,0,0,0,0,0,3,0,2
661,Software Developer,8.12,84.2,90.4,89.5,76.6,64.4,70.2,75.2,1,3,1,1,1,1,2,3,2,0,0,0,0,0,0,2,0,1,2,0,0,0,0,0,2,2,1,2,0,0,0,0,2,1,2,0,0,0,3,0,2
662,Software Developer,6.85,70.0,67.2,86.5,66.9,56.2,70.6,70.1,0,2,0,0,1,0,0,3,0,1,0,0,0,2,0,0,0,0,1,0,0,0,0,0,0,0,1,0,0,0,0,0,0,0,1,0,0,0,3,0,1
663,Software Developer,6.91,74.8,86.5,67.0,78.8,68.9,80.7,73.9,3,3,1,1,1,1,3,3,2,2,1,0,0,0,0,0,0,1,3,0,0,0,2,0,0,2,0,0,2,0,0,0,0,0,2,1,0,0,3,1,3
664,Software Developer,8.6,89.2,68.7,63.7,70.3,81.2,83.8,74.8,2,2,1,1,0,1,3,3,0,0,2,0,0,0,0,2,0,1,2,3,0,0,0,0,0,0,0,0,0,0,1,0,0,0,0,0,2,0,1,0,3
665,Software Developer,7.93,78.0,65.4,75.5,77.8,62.9,80.6,74.2,1,2,0,0,1,1,0,2,3,2,0,0,2,0,0,0,0,1,2,3,1,0,0,0,1,0,0,0,0,0,1,0,1,0,0,0,0,0,1,1,3
666,Software Developer,8.28,73.1,91.0,70.9,58.1,62.0,100.0,74.1,4,2,2,0,1,0,1,2,2,2,0,0,0,0,0,0,3,0,2,2,0,0,1,0,0,0,0,0,1,1,0,0,1,0,0,1,0,1,2,0,1
667,Software Developer,7.41,69.3,70.9,84.5,79.6,81.9,74.3,80.1,2,3,0,0,1,0,3,3,0,2,0,0,0,0,1,1,0,0,0,0,0,0,0,0,0,0,0,0,0,0,0,0,0,1,1,0,2,0,1,1,3
668,Software Developer,6.55,80.6,71.9,77.5,37.7,65.1,83.0,65.8,0,2,2,0,1,1,3,3,0,0,0,0,0,0,0,2,0,0,0,0,0,0,0,0,0,0,0,0,0,0,0,0,0,0,0,0,2,0,3,0,3
669,Software Developer,7.49,96.1,82.0,72.4,81.4,46.1,72.6,68.1,2,2,2,1,1,0,2,3,1,1,0,0,0,0,0,0,0,0,1,0,0,0,0,0,0,0,0,0,0,2,0,0,0,0,0,0,0,0,1,1,2
670,Software Developer,8.66,87.1,81.9,53.9,74.4,86.9,54.8,67.5,4,2,1,1,1,0,2,0,3,3,1,0,0,0,0,0,0,0,0,1,0,0,0,0,0,0,2,0,0,0,0,0,0,2,0,0,0,0,1,0,3
671,Software Developer,8.09,75.1,84.3,72.7,78.2,74.2,76.6,75.4,2,2,1,1,1,1,0,3,1,0,0,2,0,0,0,1,0,0,1,3,0,0,0,0,0,0,0,0,1,0,0,0,0,0,0,0,0,0,2,3,2
672,Software Developer,7.86,92.3,83.9,57.5,66.3,73.3,58.1,63.8,2,3,1,0,1,1,3,2,1,2,1,0,0,0,0,0,0,0,0,0,0,0,0,0,0,1,0,1,0,0,0,0,0,0,0,0,0,0,3,0,2
673,Software Developer,8.63,85.9,83.2,83.7,66.3,64.0,63.2,69.3,3,2,2,0,1,1,3,3,0,1,0,2,0,0,0,1,0,0,3,2,0,2,1,0,0,1,0,0,0,0,3,0,0,0,0,0,0,0,2,0,2
674,Software Developer,7.6,70.9,77.2,72.0,75.9,65.9,90.1,76.0,3,3,1,0,1,1,2,2,0,2,0,0,0,0,0,0,0,0,3,1,1,0,0,0,0,0,1,0,1,0,0,0,0,0,0,0,0,1,2,0,3
675,Software Developer,7.62,81.6,92.0,62.3,81.0,71.4,57.6,68.1,2,3,0,0,1,0,3,0,0,2,0,0,0,0,0,1,0,0,1,0,0,0,0,0,0,0,0,0,0,0,1,0,0,0,0,0,0,0,0,0,3
676,Software Developer,8.88,83.1,66.8,63.3,95.6,67.1,71.2,74.3,2,1,1,1,0,1,1,3,2,2,0,0,1,0,0,0,0,1,0,0,0,0,0,0,0,0,0,0,2,0,0,0,0,0,0,0,0,0,2,0,2
677,Software Developer,7.33,91.7,90.2,56.1,83.5,71.5,74.1,71.3,2,2,1,1,1,1,3,3,3,0,0,0,0,0,0,0,0,0,1,0,0,0,0,0,0,0,0,1,1,1,1,0,0,0,0,1,1,0,3,0,3
678,Software Developer,6.84,75.8,100.0,87.6,59.2,65.8,73.0,71.4,4,2,2,1,1,1,3,3,2,1,2,0,0,0,2,0,0,0,0,2,0,0,0,0,0,0,0,0,0,1,0,0,0,0,0,0,0,0,3,0,3
679,Software Developer,7.09,88.1,83.7,88.7,72.3,69.4,74.6,76.2,3,3,2,1,0,1,0,3,2,3,0,0,0,1,0,2,0,1,0,2,0,0,0,0,0,0,2,0,0,0,0,2,1,0,0,1,0,1,2,0,3
680,Software Developer,7.56,85.5,75.5,66.4,53.4,87.9,68.6,69.1,1,1,2,1,1,1,0,3,0,3,0,0,0,1,0,0,0,0,2,3,1,0,0,0,1,0,0,0,0,2,0,0,0,0,0,0,0,1,3,0,2
681,Software Developer,5.76,87.8,67.2,91.3,59.5,69.0,72.6,73.1,2,2,1,1,1,0,3,0,0,1,0,0,0,0,0,0,0,0,2,2,0,1,0,0,0,0,0,2,1,0,1,0,1,0,0,0,0,0,0,0,3
682,Software Developer,7.13,94.8,85.9,79.5,53.1,82.0,91.5,76.5,1,1,2,1,0,1,3,3,3,2,2,0,0,0,0,0,0,0,2,3,0,0,0,1,0,0,1,1,0,0,0,0,0,0,0,0,0,0,2,0,3
683,Software Developer,7.87,73.8,72.0,93.0,100.0,76.3,68.5,84.8,0,1,0,0,0,1,2,3,1,0,0,0,0,1,0,0,0,0,0,1,0,0,2,0,0,0,0,0,2,0,0,2,0,0,0,0,0,0,2,0,1
684,Software Developer,7.27,80.6,79.7,64.0,68.3,64.8,56.5,63.4,1,3,3,1,0,1,1,1,0,0,0,0,0,0,0,0,0,0,3,0,1,0,0,0,1,0,0,0,0,0,1,0,0,1,0,0,0,0,3,0,3
685,Software Developer,7.85,75.6,94.4,100.0,85.9,50.3,79.6,79.3,1,2,2,0,0,1,3,1,0,2,0,0,2,0,3,0,0,0,0,2,0,0,1,0,0,0,0,0,2,0,0,0,0,0,0,0,0,0,3,0,0
686,Software Developer,7.27,74.8,65.8,51.2,88.6,72.5,77.3,72.4,4,3,2,1,1,1,2,3,2,2,0,0,0,0,0,1,1,2,0,1,0,0,0,0,0,0,1,0,0,0,0,1,0,0,1,3,0,0,3,0,3
687,Software Developer,7.01,79.0,74.9,79.3,76.9,64.3,62.5,70.8,3,2,0,0,1,1,2,2,0,1,0,1,1,0,0,0,0,0,1,1,0,1,2,0,1,0,0,0,0,0,0,1,0,0,0,0,0,0,1,0,1
688,Software Developer,7.58,82.5,70.2,90.5,82.8,64.2,74.1,77.9,3,3,3,0,0,1,3,2,1,3,0,2,1,0,0,2,0,0,0,2,0,0,0,0,0,0,0,0,0,0,0,0,0,0,0,0,0,0,3,0,1
689,Software Developer,5.61,87.2,84.1,56.2,83.6,78.9,91.5,77.6,2,2,1,0,0,1,2,0,0,0,0,0,0,0,0,0,0,0,1,0,0,0,0,0,0,0,1,0,0,0,0,0,0,0,0,0,0,0,2,0,2
690,Software Developer,7.35,73.9,62.1,69.2,53.6,74.1,89.4,71.6,4,2,2,0,1,0,1,3,0,0,2,0,0,0,1,1,0,0,0,0,0,1,0,0,0,1,0,0,0,0,0,0,0,1,0,1,0,1,3,0,2
691,Software Developer,6.96,77.1,90.3,64.2,76.9,59.3,65.9,66.6,3,2,1,0,1,1,0,2,0,0,1,0,2,1,0,1,0,0,0,0,0,0,0,0,0,0,0,0,0,0,1,0,0,0,0,0,0,2,0,0,1
692,Software Developer,6.45,75.4,84.7,82.9,62.2,81.3,77.0,75.9,3,2,2,1,1,1,0,1,0,0,0,0,0,1,0,0,0,0,1,1,0,0,0,0,0,2,0,2,0,0,0,0,0,0,0,0,0,0,3,1,2
693,Software Developer,8.93,86.7,71.4,76.2,65.7,34.5,70.7,61.8,2,3,0,0,0,1,0,1,3,0,0,0,1,0,3,0,0,0,1,0,0,1,0,0,2,0,0,1,0,0,0,0,0,1,0,0,0,0,2,1,2
694,Software Developer,7.73,83.0,87.9,91.6,82.8,70.9,84.0,82.3,1,3,1,0,0,1,3,2,0,0,0,1,0,1,1,0,0,2,2,2,0,1,1,0,0,1,1,0,0,0,0,0,0,1,0,0,0,1,3,0,3
695,Software Developer,6.76,67.8,78.4,64.5,75.8,77.7,85.7,75.9,1,2,1,1,1,0,3,3,2,3,0,0,0,0,0,0,0,0,1,0,0,0,0,2,0,0,0,0,0,0,0,1,0,0,0,0,1,1,2,0,3
696,Software Developer,7.52,76.8,68.1,62.6,75.0,61.7,97.0,74.1,0,3,1,0,0,1,0,3,2,0,0,0,2,0,0,0,0,1,0,3,2,0,0,0,0,0,0,0,0,0,0,0,0,0,0,1,1,0,3,0,3
697,Software Developer,7.7,94.8,86.7,63.1,54.8,69.8,75.5,65.8,2,2,1,1,1,1,2,2,3,3,1,0,0,0,0,0,0,0,2,3,0,0,0,0,0,0,0,0,0,0,0,0,0,0,1,0,0,0,3,0,1
698,Software Developer,8.22,92.4,84.3,85.8,76.1,43.6,76.9,70.6,2,1,1,1,1,1,0,2,2,2,0,0,0,0,2,0,0,0,3,2,0,0,0,0,0,0,0,0,0,0,0,0,0,0,0,2,2,2,2,0,3
699,Software Developer,7.84,83.8,82.1,69.2,75.6,76.0,75.4,74.1,1,1,2,1,0,1,2,3,0,2,0,1,0,0,0,2,0,0,2,2,0,0,0,0,0,0,0,0,1,0,0,2,0,0,0,1,0,0,0,0,0
700,Software Developer,7.54,65.7,77.4,84.8,89.2,60.8,81.6,79.1,3,1,2,0,1,1,3,2,0,2,0,0,0,1,0,1,0,0,2,2,0,0,0,1,0,0,0,0,0,0,0,0,0,2,0,0,0,0,0,0,3
701,Software Developer,8.53,83.1,60.0,76.4,79.3,62.8,41.8,65.1,3,3,3,1,1,1,1,2,0,3,0,0,0,2,0,0,0,0,0,2,0,0,1,0,0,0,0,0,0,0,0,0,0,0,0,0,0,0,2,0,1
702,Software Developer,7.46,74.5,83.3,74.9,70.8,80.6,63.2,72.4,3,2,3,1,1,0,2,1,1,2,0,0,0,0,0,0,1,0,3,3,2,0,0,0,0,0,0,1,0,0,0,0,0,1,0,0,1,0,2,0,2
703,Software Developer,7.95,94.7,91.5,84.7,82.9,67.3,74.4,77.3,2,3,2,0,1,1,2,2,0,2,1,1,0,0,0,0,0,1,0,3,0,0,0,3,0,0,0,0,0,0,0,0,0,0,0,0,0,0,1,0,3
704,Software Developer,8.2,75.1,78.8,68.2,82.6,67.6,75.0,73.3,2,2,2,1,1,1,0,2,0,0,0,0,0,0,0,0,0,0,0,2,0,0,0,1,0,0,0,0,0,0,0,0,0,0,0,0,1,0,2,0,1
705,Software Developer,8.03,89.6,81.6,100.0,58.8,65.6,83.9,77.1,1,3,1,0,1,1,1,0,0,2,0,0,0,0,0,0,0,0,2,3,0,0,1,0,2,0,1,0,2,0,1,0,1,0,0,0,0,0,0,0,3
706,Software Developer,6.81,85.9,73.9,79.8,80.0,60.4,70.4,72.7,1,2,2,1,1,1,1,0,0,0,0,0,0,0,0,0,0,0,0,3,0,0,0,0,0,0,0,0,0,0,0,2,0,0,0,0,0,0,0,1,2
707,Software Developer,6.47,85.3,64.6,66.8,67.0,60.8,80.4,68.8,3,2,0,0,1,0,0,2,0,0,0,0,0,0,0,0,0,0,0,3,0,0,0,0,0,0,0,0,1,2,0,0,0,0,1,0,0,0,2,0,1
708,Software Developer,8.24,80.4,82.9,76.4,73.8,72.3,72.5,73.8,4,1,0,0,1,1,1,0,2,0,0,0,0,0,0,0,0,0,1,2,0,0,0,0,0,0,0,0,0,0,0,0,0,0,0,0,0,0,2,0,3
709,Software Developer,6.68,91.6,100.0,60.1,60.5,74.6,90.1,71.3,2,1,2,1,1,1,3,3,2,0,0,0,0,0,0,0,2,0,0,2,0,0,0,0,0,0,0,0,0,0,0,0,0,1,1,0,0,0,2,1,2
710,Software Developer,6.59,67.0,62.4,83.8,82.5,77.3,71.4,78.8,3,3,1,1,1,1,1,3,1,2,0,0,0,0,0,0,0,0,2,2,0,1,0,0,0,0,0,0,1,0,0,0,0,0,0,0,0,1,2,0,3
711,Software Developer,6.47,82.3,82.3,56.8,74.7,60.2,64.1,63.9,4,2,2,1,1,1,0,3,0,0,0,0,0,0,0,0,0,0,3,0,0,0,1,0,0,0,0,1,0,0,0,0,0,0,0,0,0,0,0,0,2
712,Software Developer,7.24,75.8,60.2,78.7,76.3,73.0,67.0,73.8,2,1,1,1,0,1,0,3,0,2,0,0,2,0,0,0,1,0,0,3,0,0,0,0,0,0,0,0,0,0,0,1,0,0,3,0,0,0,2,1,3
713,Software Developer,7.42,90.7,75.3,75.7,67.4,59.4,59.0,65.4,3,2,1,1,0,1,0,0,0,0,0,0,0,0,0,0,0,0,2,3,0,0,0,0,0,0,1,0,1,0,0,0,0,0,0,1,1,0,1,1,2
714,Software Developer,6.78,87.8,85.1,86.8,68.4,71.4,72.9,74.9,2,1,2,0,0,1,3,1,2,3,0,0,1,0,0,0,2,0,0,0,0,0,0,0,0,0,0,0,0,0,0,1,0,0,0,0,0,0,1,0,3
715,Software Developer,6.91,76.3,69.1,83.9,70.5,75.6,67.5,74.4,3,1,1,1,1,1,3,2,2,0,0,1,0,1,0,0,0,0,3,1,0,0,0,0,0,0,1,0,0,0,0,0,0,1,0,0,0,3,3,0,3
716,Software Developer,6.89,81.9,95.4,80.6,74.4,60.5,84.2,74.9,4,2,0,0,1,1,0,3,2,1,0,0,1,0,0,0,0,0,0,2,0,2,1,0,0,0,0,2,1,2,1,1,0,0,0,0,0,0,2,2,2
717,Software Developer,6.75,76.2,70.6,71.4,80.4,71.9,64.2,72.0,2,1,1,0,1,1,2,1,0,2,0,0,0,0,0,0,0,0,0,2,0,0,0,0,0,0,0,0,0,2,1,0,2,0,0,0,0,0,3,0,3
718,Software Developer,6.07,92.2,85.8,80.1,91.7,61.0,76.1,77.2,3,2,0,0,0,1,3,2,2,1,0,0,0,0,0,3,0,0,1,2,2,0,0,0,0,2,1,0,0,1,0,0,0,0,0,0,0,0,3,0,2
719,Software Developer,7.86,82.2,63.5,69.6,68.5,69.6,82.6,72.6,4,2,0,0,1,1,0,2,0,2,0,0,0,0,1,0,0,0,1,3,0,0,0,0,0,0,1,0,0,0,1,0,0,0,0,0,0,0,3,1,2
720,Software Developer,9.05,86.9,83.0,58.7,81.0,39.4,94.4,68.4,2,2,2,0,1,1,0,1,2,0,2,0,0,0,2,0,0,0,2,3,1,0,0,0,0,0,1,0,0,0,0,0,0,0,0,0,2,0,2,0,3
721,Software Developer,6.64,77.6,85.1,80.7,71.8,70.1,49.7,68.1,3,2,2,1,1,1,2,3,0,0,0,0,0,0,0,0,0,1,2,2,0,0,0,0,0,0,0,0,0,1,0,0,2,0,0,0,0,1,0,0,1
722,Software Developer,7.51,87.7,87.5,76.3,74.8,42.4,68.4,65.5,3,2,0,0,1,1,1,0,0,1,0,0,2,0,0,0,0,0,2,0,1,0,1,0,0,0,0,0,0,0,0,0,0,0,0,0,2,0,2,0,2
723,Software Developer,6.8,75.3,71.2,70.7,93.3,69.1,60.3,73.3,3,2,1,1,1,1,3,0,0,1,0,0,2,2,0,0,0,0,0,1,0,0,0,0,0,1,0,1,0,0,0,2,0,0,0,0,1,0,2,2,0
724,Software Developer,6.27,81.2,55.1,83.2,53.8,59.4,92.7,72.3,3,3,2,1,1,1,1,0,0,0,0,0,0,0,0,0,0,1,2,3,2,0,0,1,0,1,0,2,0,0,0,2,0,0,0,0,0,0,3,0,1
725,Software Developer,8.39,77.6,73.2,80.9,51.3,89.4,77.7,74.8,4,1,0,0,1,0,2,3,1,0,2,0,0,1,0,1,0,0,2,2,0,0,0,0,0,0,0,0,2,0,0,0,0,0,0,0,0,1,3,0,3
726,Software Developer,6.69,67.1,66.6,75.5,69.7,67.3,64.8,69.3,2,2,1,1,0,1,0,3,3,3,0,2,1,0,0,0,2,0,2,0,0,0,2,0,1,0,0,0,0,0,0,0,0,0,0,0,0,0,0,0,2
727,Software Developer,8.13,75.0,95.1,49.7,70.3,60.1,69.1,62.3,3,2,1,1,0,1,3,0,3,1,0,1,0,1,0,0,0,0,0,0,0,0,1,1,0,0,0,0,0,0,0,0,1,0,2,2,0,1,3,0,2
728,Software Developer,9.03,79.0,78.7,90.8,77.0,75.3,80.6,80.9,1,2,3,1,0,0,0,0,0,1,0,1,0,0,0,0,0,0,0,2,0,0,0,0,0,0,0,0,0,0,0,0,0,1,0,1,0,0,2,0,2
729,Software Developer,8.01,89.2,62.6,80.5,67.2,83.9,72.1,75.9,1,3,0,0,0,1,1,3,0,0,0,1,1,1,1,0,0,0,0,2,2,0,0,0,0,0,2,0,0,1,0,0,0,0,0,0,0,0,1,0,0
730,Software Developer,6.4,82.3,75.0,77.3,63.8,69.6,86.1,74.2,2,2,2,1,1,0,2,2,1,2,0,0,0,0,0,0,0,0,1,1,0,0,0,0,0,0,0,0,0,0,0,2,2,0,0,0,1,0,1,3,0
731,Software Developer,6.53,82.0,71.3,79.2,82.3,83.9,64.6,77.5,3,2,1,1,1,1,2,2,3,2,0,0,0,0,0,0,0,0,1,0,0,0,0,0,1,0,2,0,0,0,1,0,0,0,0,0,0,0,2,0,3
732,Software Developer,8.05,74.4,54.1,77.3,74.8,79.9,62.6,73.7,3,2,2,1,1,1,3,2,0,0,0,1,0,1,0,0,0,0,0,3,0,0,0,0,0,0,0,0,1,0,0,3,0,0,0,0,0,0,3,0,2
733,Software Developer,6.98,89.7,76.4,61.5,77.4,66.5,85.4,72.7,4,2,2,1,1,1,2,2,2,2,0,0,0,0,0,0,2,0,2,0,0,0,1,0,0,0,0,0,0,0,0,0,0,0,0,0,0,0,3,1,1
734,Software Developer,6.28,86.8,72.6,85.8,75.3,59.1,77.1,74.3,2,3,2,1,1,1,0,0,0,0,0,0,0,0,0,0,0,0,0,0,0,0,0,0,0,0,0,0,0,0,0,0,0,1,1,0,0,0,3,0,2
735,Software Developer,7.9,71.2,67.8,59.1,63.3,64.8,77.3,66.1,2,2,1,1,0,1,2,1,0,2,1,0,0,0,0,0,0,1,0,3,0,0,0,0,0,0,1,0,1,0,0,0,2,0,0,1,0,0,2,0,1
736,Software Developer,8.42,89.9,70.7,70.5,77.5,71.5,90.3,77.5,1,3,3,1,1,1,2,1,2,2,0,0,1,0,0,0,0,1,0,0,0,0,0,0,0,2,0,0,0,1,0,0,0,0,0,0,0,0,3,1,3
737,Software Developer,6.62,96.2,75.9,72.0,75.4,72.9,55.2,68.9,2,3,2,0,1,1,3,0,0,1,0,0,0,0,0,0,0,0,0,0,0,0,0,0,0,1,0,0,0,0,0,0,2,0,0,0,0,0,2,0,3
738,Software Developer,8.15,83.6,74.4,93.5,67.8,67.1,73.7,75.5,3,3,2,1,1,1,3,3,0,2,0,0,0,1,0,0,0,0,3,0,0,0,0,0,0,0,0,0,0,2,0,0,1,0,0,0,0,0,3,0,1
739,Software Developer,9.95,88.5,77.5,87.7,73.2,51.9,76.5,72.3,1,3,1,0,1,1,3,0,0,0,0,0,0,2,0,0,0,0,2,0,2,0,0,2,0,0,0,0,0,1,0,2,0,0,0,1,0,0,3,0,1
740,Software Developer,6.76,83.6,83.3,88.5,92.7,89.8,87.7,89.7,2,2,3,1,1,1,0,0,0,0,0,0,0,0,0,0,0,0,0,0,0,0,0,0,0,0,0,0,0,0,1,0,0,2,0,0,0,0,3,0,2
741,Software Developer,6.95,84.7,84.7,64.6,81.8,59.0,68.7,68.5,2,1,2,1,1,1,1,2,0,0,0,0,0,0,0,0,0,0,1,2,0,0,1,0,0,0,0,0,0,0,0,0,2,0,0,0,1,0,3,1,1
742,Software Developer,8.39,67.3,75.0,82.6,78.4,83.6,69.2,78.5,1,3,0,0,0,1,2,3,3,0,0,0,0,1,0,0,0,0,0,0,0,0,0,0,1,0,0,0,0,0,0,1,2,0,2,2,0,0,2,0,3
743,Software Developer,9.08,69.7,84.6,67.6,70.0,79.9,68.8,71.6,3,2,1,0,1,0,2,3,0,3,0,0,0,0,0,0,0,0,2,2,0,0,1,0,0,1,0,1,1,0,1,0,0,1,0,0,1,2,0,1,0
744,Software Developer,7.09,78.0,77.8,63.0,73.5,77.7,62.7,69.2,2,1,2,1,0,1,0,2,2,2,0,1,0,0,0,0,0,0,1,2,0,0,0,0,1,0,0,0,1,2,1,0,0,0,0,0,0,0,3,0,3
745,Software Developer,7.32,76.8,75.1,62.1,62.4,74.3,83.5,70.6,2,2,0,0,1,1,2,2,2,0,0,0,2,0,0,0,1,0,1,1,0,0,2,2,0,0,0,0,0,1,1,0,0,0,1,0,0,0,0,1,2
746,Software Developer,7.24,70.6,65.0,61.0,91.4,81.2,73.9,76.9,1,2,0,0,0,1,0,3,2,0,0,2,0,0,0,0,0,0,0,2,1,1,0,0,0,0,1,0,0,0,0,0,0,0,0,0,0,0,3,0,3
747,Software Developer,8.75,79.2,76.7,63.4,70.8,78.8,71.7,71.2,2,3,2,1,0,1,1,2,2,2,0,0,0,0,0,0,0,0,3,2,1,2,0,0,0,0,0,0,0,0,0,0,0,0,0,0,0,0,2,0,1
748,Software Developer,6.74,68.9,69.2,94.1,53.5,77.0,81.5,76.5,0,1,2,0,1,1,2,3,1,2,1,0,0,0,2,0,2,0,0,3,0,0,0,0,0,0,0,0,0,0,0,0,0,2,0,0,2,0,0,0,2
749,Software Developer,8.89,75.1,77.9,80.8,76.4,82.9,65.9,76.5,2,2,2,1,1,1,3,2,0,0,0,0,0,0,0,0,0,1,0,3,0,0,0,0,1,0,1,0,0,3,0,2,0,0,1,0,0,0,2,0,0
750,Software Developer,7.02,78.8,97.8,60.3,66.4,62.0,71.9,65.2,1,1,2,1,0,1,3,2,2,0,0,0,0,0,1,0,2,1,2,2,0,0,0,0,0,1,0,2,0,0,0,0,1,1,0,0,0,0,2,0,2
751,Data Analyst,7.61,75.4,84.1,75.8,76.9,62.8,91.2,76.7,3,2,1,1,1,1,2,0,0,0,0,0,0,0,0,0,0,0,0,3,0,0,0,1,3,3,1,3,0,0,0,0,2,1,0,0,0,0,0,0,0
752,Data Analyst,7.01,86.6,71.1,65.5,65.7,93.5,68.3,73.2,1,1,1,1,1,1,0,0,0,0,0,0,0,0,1,1,0,0,0,1,0,1,0,1,3,2,3,3,0,0,0,0,1,0,0,0,0,1,0,0,1
753,Data Analyst,8.44,97.3,82.6,67.3,57.5,79.9,69.5,68.5,2,1,2,1,1,1,3,0,0,0,0,0,0,0,0,0,0,0,0,1,0,0,0,3,3,1,2,1,0,0,0,1,0,0,0,0,2,0,0,0,0
754,Data Analyst,8.87,77.9,68.7,55.3,71.3,69.7,83.7,70.0,2,2,2,1,1,1,3,0,0,0,0,0,0,1,1,0,0,0,0,3,0,0,1,3,3,0,1,3,0,0,0,0,0,1,0,0,2,0,0,0,0
755,Data Analyst,7.94,77.0,81.3,85.3,78.6,84.5,49.5,74.5,0,2,1,0,1,1,0,0,0,0,0,0,2,0,0,0,0,0,0,3,0,0,1,3,1,3,3,1,0,0,0,0,0,0,0,0,0,0,0,0,2
756,Data Analyst,7.2,90.7,77.2,62.8,67.8,76.2,86.5,73.3,3,2,2,1,1,1,0,1,1,0,0,0,0,0,0,1,0,0,0,3,0,0,0,3,0,1,3,3,0,0,0,0,0,0,0,0,0,0,0,0,0
757,Data Analyst,7.64,81.5,91.1,80.8,55.5,71.8,77.1,71.3,2,3,2,1,0,1,0,0,0,0,1,0,0,0,0,0,0,0,0,2,0,0,0,2,0,1,0,1,1,0,0,0,2,0,0,0,0,0,0,2,0
758,Data Analyst,8.04,73.7,75.0,59.5,55.6,50.1,58.3,55.9,2,1,2,1,1,1,3,0,2,0,1,0,1,2,0,0,0,0,0,3,0,0,0,1,3,1,2,0,0,2,0,0,0,0,0,0,0,0,0,0,0
759,Data Analyst,7.5,87.6,85.4,64.1,74.0,83.4,70.9,73.1,1,3,3,1,0,1,1,0,0,0,0,0,0,1,0,0,0,0,0,3,0,1,0,3,3,1,1,2,0,0,0,1,0,0,0,0,0,0,0,0,0
760,Data Analyst,7.62,79.0,76.4,80.2,98.4,68.5,91.1,84.6,3,2,3,1,0,1,2,0,0,0,0,1,0,0,0,0,0,0,0,3,0,0,0,2,3,3,2,1,1,0,0,2,0,0,0,0,0,0,0,1,0
761,Data Analyst,6.12,74.9,75.7,83.3,59.2,63.4,80.9,71.7,3,3,1,1,1,1,3,0,0,0,0,0,0,0,0,0,0,0,0,2,0,0,1,2,0,3,3,2,0,0,0,0,0,0,0,0,0,0,0,1,0
762,Data Analyst,7.09,72.1,78.3,70.8,76.4,51.3,79.8,69.6,2,2,0,0,1,0,0,0,0,0,0,0,0,0,0,0,0,1,0,2,3,0,0,3,3,2,0,1,0,0,0,0,0,0,0,0,1,2,0,0,0
763,Data Analyst,8.0,77.5,81.6,70.4,76.4,60.3,62.3,67.4,3,2,1,0,1,1,3,1,0,0,0,0,0,0,0,0,1,0,0,3,0,0,0,0,3,3,3,0,0,0,0,0,0,0,0,0,0,0,0,0,0
764,Data Analyst,7.3,84.5,88.4,75.1,82.7,66.0,90.0,78.5,2,2,2,0,1,1,2,0,0,0,0,0,0,0,0,0,0,0,0,3,2,0,0,1,2,0,3,0,2,1,0,0,0,0,0,0,0,0,0,0,0
765,Data Analyst,8.35,74.8,96.0,51.1,68.3,80.5,70.8,67.7,1,2,1,1,0,1,0,0,0,0,1,0,0,0,0,0,0,0,1,3,0,0,0,2,2,2,3,0,0,0,0,0,0,0,0,0,0,0,1,0,0
766,Data Analyst,8.69,88.2,71.7,76.7,91.6,75.2,92.2,83.9,4,3,2,1,0,1,0,0,0,0,0,0,0,0,0,1,0,0,0,1,1,0,0,3,2,3,3,1,0,0,0,0,0,0,0,0,0,0,0,0,0
767,Data Analyst,8.27,100.0,72.0,74.4,78.9,60.1,72.8,71.5,3,2,1,0,1,1,3,2,0,2,0,0,1,0,0,1,1,0,0,2,1,0,2,3,3,3,3,0,0,0,1,0,0,0,0,0,2,0,0,1,1
768,Data Analyst,6.09,70.1,85.2,94.6,73.5,68.1,59.7,74.0,2,2,3,1,0,1,0,0,0,0,0,0,2,2,0,0,2,3,0,2,0,0,2,1,1,2,0,2,0,0,0,0,1,0,0,0,0,0,0,1,0
769,Data Analyst,7.57,59.0,81.4,95.9,76.0,49.4,93.4,78.7,2,1,0,0,1,0,2,0,0,0,0,0,0,0,0,0,0,0,0,3,0,0,1,0,1,2,3,0,0,0,0,0,0,0,0,0,0,0,0,0,0
770,Data Analyst,6.5,74.9,88.3,81.6,97.9,65.9,82.6,82.0,2,1,0,0,1,1,3,0,0,1,0,0,0,0,0,0,0,0,0,0,0,0,0,2,2,1,0,3,0,0,0,0,0,0,2,0,0,0,0,0,2
771,Data Analyst,7.85,83.0,66.5,82.9,82.2,68.7,74.8,77.2,2,1,0,0,0,0,2,0,0,0,0,0,0,0,0,0,0,0,0,1,0,1,0,1,3,3,3,3,0,0,0,0,0,0,0,0,0,2,1,0,0
772,Data Analyst,7.63,69.7,69.2,71.0,60.7,86.4,79.9,74.5,0,2,3,1,1,1,0,1,0,1,0,0,3,0,1,0,0,0,0,2,0,0,0,2,3,3,3,0,0,0,0,0,0,0,0,0,0,0,0,0,1
773,Data Analyst,6.63,75.1,95.2,69.1,75.6,54.1,75.9,68.7,2,2,1,1,1,1,2,0,0,0,1,0,0,1,0,0,0,0,1,0,0,0,0,1,0,2,3,3,0,0,0,0,0,0,1,2,0,0,0,0,0
774,Data Analyst,7.23,82.3,77.3,61.5,72.0,87.9,87.0,77.1,3,2,0,0,1,0,0,0,0,0,0,0,0,0,0,0,0,0,0,3,1,0,0,2,3,1,0,1,0,2,1,0,0,0,0,0,0,0,0,0,0
775,Data Analyst,8.06,70.0,78.3,80.0,69.0,87.0,82.6,79.7,1,3,2,1,0,0,2,0,0,2,1,0,1,0,0,2,0,0,0,3,0,0,0,3,1,2,0,0,0,0,0,0,0,0,0,0,2,0,0,0,1
776,Data Analyst,7.76,72.5,90.1,84.0,100.0,66.8,79.9,84.2,2,1,1,0,1,0,1,0,2,0,0,1,0,0,0,0,2,1,0,3,0,1,0,3,2,3,3,2,1,0,0,1,0,0,0,0,1,0,0,1,2
777,Data Analyst,8.11,78.3,84.7,76.7,52.7,74.6,81.4,71.3,2,3,2,1,1,1,3,0,0,1,0,0,0,0,1,0,0,0,0,3,0,2,0,1,3,0,3,3,0,0,0,0,0,0,1,0,0,2,0,0,0
778,Data Analyst,7.27,84.8,96.5,69.0,73.5,65.9,70.7,69.8,3,2,1,1,0,1,3,1,0,0,1,0,0,0,1,0,2,0,0,3,0,1,0,3,1,3,0,2,0,0,0,0,0,1,0,0,0,0,0,0,0
779,Data Analyst,8.0,82.5,95.6,63.4,88.2,52.7,77.2,70.4,3,2,1,0,1,1,2,0,0,0,0,0,0,0,0,0,2,1,0,3,0,0,1,2,3,3,2,1,0,0,0,0,0,0,1,0,0,0,0,0,1
780,Data Analyst,6.99,96.4,67.8,58.5,74.7,86.6,88.2,77.0,3,2,0,0,1,1,1,0,0,0,0,0,0,0,0,0,0,0,0,3,0,0,0,3,3,2,2,1,0,0,0,0,0,0,0,0,0,0,0,0,0
781,Data Analyst,6.28,70.7,69.4,71.4,70.6,58.8,77.0,69.5,2,3,0,0,1,0,3,0,0,0,0,0,0,1,0,0,1,0,0,3,0,0,0,2,3,3,3,0,0,0,0,0,0,1,0,0,0,0,0,0,1
782,Data Analyst,7.63,84.8,72.1,78.3,97.5,65.6,86.6,82.0,3,1,1,1,1,1,0,0,0,0,0,0,0,0,0,2,0,0,0,3,2,1,0,3,2,2,3,0,0,0,0,0,0,0,0,0,0,0,2,0,0
783,Data Analyst,6.45,92.0,81.5,78.3,96.6,87.8,68.6,82.8,3,2,2,1,0,1,3,0,1,0,0,0,1,0,1,1,1,0,0,2,0,0,0,2,2,2,3,3,0,0,0,0,0,0,0,0,0,0,0,0,0
784,Data Analyst,6.22,84.0,67.2,71.0,84.0,65.2,78.7,74.7,3,3,1,1,1,1,0,0,0,0,0,0,2,0,0,0,0,0,1,3,0,1,0,3,2,2,3,0,1,0,0,0,0,0,0,0,0,1,0,0,0
785,Data Analyst,8.58,69.3,76.9,58.8,80.6,36.9,78.1,63.6,2,2,2,1,1,1,3,0,0,0,0,2,1,0,0,0,0,1,0,3,0,0,0,3,2,0,0,0,0,1,0,0,1,0,2,0,2,0,0,0,0
786,Data Analyst,8.12,84.5,76.6,63.6,88.2,94.1,78.8,81.2,4,3,2,1,1,1,1,3,0,0,3,0,0,0,0,0,0,0,0,0,0,0,0,1,2,3,3,2,0,0,0,0,0,0,0,0,0,0,0,0,0
787,Data Analyst,8.35,73.3,85.1,55.7,80.6,93.8,75.4,76.4,2,3,3,1,1,1,0,2,0,0,0,0,0,0,0,0,0,0,0,1,2,1,0,3,2,3,0,2,0,0,0,0,0,0,0,0,0,0,1,0,0
788,Data Analyst,7.97,92.8,85.2,50.3,59.1,65.5,65.7,60.2,2,3,1,1,1,1,3,0,0,0,3,0,0,0,1,0,0,1,0,3,0,0,1,1,0,2,2,0,0,0,0,0,1,0,0,0,0,0,0,0,0
789,Data Analyst,7.37,71.2,87.3,70.0,69.7,73.0,87.2,75.0,2,2,1,0,0,1,2,0,0,0,0,0,0,0,0,0,0,0,0,2,0,0,0,0,2,2,2,0,0,1,2,0,0,0,0,2,0,0,1,2,0
790,Data Analyst,7.3,70.6,79.8,67.0,74.9,52.3,79.5,68.4,2,2,2,0,1,1,3,0,2,0,0,0,0,0,1,0,1,0,0,2,0,0,0,2,2,1,0,2,1,0,0,0,1,0,1,1,0,1,2,0,0
791,Data Analyst,8.72,85.8,80.6,62.1,72.5,86.8,72.7,73.5,1,3,1,1,1,1,2,0,0,0,1,0,0,0,0,1,0,0,0,2,0,0,0,2,2,3,3,0,0,0,1,0,0,0,1,0,0,0,0,0,0
792,Data Analyst,6.74,90.0,92.9,83.0,67.4,58.0,55.6,66.0,4,3,0,0,1,1,3,0,0,0,2,0,0,0,1,0,0,1,0,3,0,0,1,3,3,3,0,0,1,0,0,0,2,0,2,0,0,0,0,0,0
793,Data Analyst,7.93,90.6,63.7,58.8,85.9,58.7,89.7,73.3,0,2,1,1,1,1,1,0,0,0,1,0,0,0,0,0,0,0,0,2,1,0,2,3,2,3,3,3,0,0,0,2,0,0,0,0,0,0,0,0,0
794,Data Analyst,7.41,87.2,91.6,68.7,77.5,49.1,86.6,70.5,2,2,2,0,1,1,1,0,0,0,0,0,0,0,0,0,0,0,1,3,2,0,0,2,2,3,3,2,0,0,0,0,1,0,0,1,0,0,0,0,0
795,Data Analyst,6.55,77.3,86.0,67.8,75.6,77.6,71.8,73.2,3,2,2,1,1,1,1,0,1,0,0,0,0,0,0,0,0,0,0,2,0,0,0,3,1,3,0,1,1,0,0,0,0,0,0,1,0,0,0,0,0
796,Data Analyst,6.59,68.5,86.7,70.6,61.7,62.0,65.5,65.0,2,2,0,0,1,1,1,0,0,0,1,2,0,0,1,1,1,0,2,1,0,0,0,0,3,3,3,0,0,1,0,0,0,0,0,0,0,0,0,0,0
797,Data Analyst,7.43,83.8,80.9,87.2,86.6,74.8,86.0,83.7,2,2,1,1,1,1,0,0,0,0,0,0,0,0,0,0,0,1,0,2,0,0,0,2,1,3,0,1,0,0,0,0,2,0,0,0,0,0,0,2,0
798,Data Analyst,6.91,80.4,82.6,69.9,66.6,72.4,98.3,76.8,2,2,2,1,1,1,0,0,1,0,1,0,0,0,0,0,0,0,1,3,0,0,0,2,0,2,3,3,0,1,1,0,0,0,0,0,0,0,0,0,0
799,Data Analyst,7.55,90.5,86.7,58.5,66.7,66.5,75.0,66.7,2,2,0,0,1,1,3,0,0,0,0,0,0,0,0,0,0,2,0,3,0,0,0,3,3,3,3,2,0,0,0,0,0,0,0,0,1,0,0,0,0
800,Data Analyst,8.27,80.8,69.7,55.9,70.7,78.7,84.9,72.6,2,3,0,0,1,1,0,0,1,0,0,1,2,1,0,0,0,0,0,3,0,0,1,1,2,3,3,0,0,0,0,1,2,0,0,1,0,0,0,0,0
801,Data Analyst,6.26,82.2,86.1,74.3,69.5,74.2,85.9,76.0,1,3,2,0,1,0,2,0,0,0,0,0,0,0,1,0,0,0,0,3,0,1,1,0,3,0,0,2,0,0,0,0,2,1,1,0,0,0,0,0,0
802,Data Analyst,6.74,72.3,86.9,78.8,80.4,84.3,96.0,84.9,1,1,1,0,1,1,3,0,0,0,0,0,2,0,0,0,0,0,0,3,0,0,0,2,3,1,1,0,1,0,0,0,0,0,0,0,0,0,0,0,0
803,Data Analyst,7.44,82.7,92.4,93.7,63.0,65.6,86.1,77.1,1,3,3,1,1,0,2,0,0,1,0,0,0,0,0,0,0,2,0,3,1,1,1,3,3,1,2,3,0,0,0,0,0,0,0,0,0,0,0,0,0
804,Data Analyst,6.08,78.9,90.2,67.0,59.3,88.8,64.9,70.0,2,3,2,1,1,1,0,1,1,0,0,0,0,0,0,0,0,0,1,3,0,0,1,0,2,3,2,3,0,0,0,0,0,0,0,0,0,0,0,2,0
805,Data Analyst,8.43,88.2,69.3,88.4,100.0,81.9,79.1,87.9,2,2,2,1,1,1,3,0,0,0,0,0,1,0,0,0,0,0,0,3,0,0,0,2,2,0,3,1,0,0,0,0,0,0,0,0,0,0,0,0,0
806,Data Analyst,8.02,73.4,89.7,71.8,75.1,52.9,53.9,63.4,1,2,3,0,1,1,1,0,2,0,1,0,0,0,1,0,0,0,0,2,0,0,0,3,0,3,3,0,0,0,0,0,0,0,0,0,0,0,0,0,1
807,Data Analyst,7.95,80.5,72.1,65.9,75.2,79.4,83.0,75.9,2,2,1,1,1,1,2,0,0,0,0,0,0,0,0,0,0,0,1,3,1,1,0,1,3,2,3,3,0,0,0,0,0,0,1,2,1,0,2,1,0
808,Data Analyst,8.71,83.7,83.8,76.7,64.9,81.6,87.0,77.6,4,2,0,0,1,1,2,0,0,0,0,0,0,0,0,0,0,2,0,3,0,0,0,2,0,1,2,3,0,0,0,0,0,0,0,0,1,0,0,0,0
809,Data Analyst,6.63,69.6,79.7,79.9,79.3,77.3,88.5,81.2,2,3,2,1,0,1,0,1,0,0,0,0,0,0,0,0,0,0,0,0,0,0,0,2,3,2,3,1,1,0,0,1,0,0,0,0,0,2,0,0,2
810,Data Analyst,6.99,75.6,74.3,65.2,89.1,51.8,84.1,72.6,2,3,3,0,1,0,0,0,0,0,0,1,0,0,0,0,0,0,0,3,0,0,0,3,2,3,2,3,0,1,0,1,0,2,0,0,0,0,0,0,0
811,Data Analyst,6.4,76.3,68.7,71.0,85.6,75.8,57.3,72.4,1,2,1,1,1,1,0,0,0,0,1,0,1,0,0,1,0,0,0,3,1,1,2,3,3,2,2,2,0,0,0,0,0,0,0,0,0,0,0,0,0
812,Data Analyst,7.71,72.9,56.3,76.2,58.2,67.1,71.2,68.2,2,2,1,0,1,1,0,0,0,0,0,0,0,0,0,0,0,0,0,2,0,0,0,3,0,3,0,1,0,2,0,0,0,0,0,0,0,0,0,0,1
813,Data Analyst,7.84,82.7,87.5,87.6,82.3,49.5,82.7,75.5,4,3,2,1,1,0,0,0,0,0,0,0,0,0,0,0,0,1,0,1,2,0,0,1,1,2,3,3,0,0,2,0,0,0,1,0,0,0,2,0,1
814,Data Analyst,6.76,69.6,64.1,71.5,60.8,73.4,91.5,74.3,1,2,1,1,1,1,2,0,0,0,0,0,1,1,0,0,1,2,0,1,0,0,0,2,2,3,3,3,1,0,0,0,1,0,0,0,0,0,0,0,0
815,Data Analyst,6.67,80.9,71.8,74.2,77.1,49.1,74.4,68.7,4,3,1,1,1,1,0,0,2,0,0,0,1,1,0,0,1,0,0,3,0,0,0,3,3,2,1,1,0,0,0,0,1,1,0,0,0,0,1,0,0
816,Data Analyst,6.77,81.1,55.3,100.0,49.2,77.8,94.4,81.2,4,3,0,0,0,1,2,0,0,0,2,0,2,2,0,0,0,0,0,3,0,0,0,3,2,2,1,3,1,0,0,0,0,0,1,0,0,0,0,1,0
817,Data Analyst,7.94,66.2,64.5,84.1,83.9,49.6,84.1,75.4,3,2,2,0,0,1,0,0,0,1,0,0,0,0,0,1,0,0,0,2,2,0,0,0,2,3,3,0,0,0,0,0,0,0,0,0,0,0,2,0,0
818,Data Analyst,8.31,78.9,74.2,68.2,67.9,66.5,80.5,70.8,4,3,1,1,1,1,2,1,0,0,0,0,0,0,0,0,1,0,0,3,0,0,0,3,3,1,3,0,0,0,0,0,0,0,0,0,0,0,0,0,0
819,Data Analyst,7.6,86.7,71.0,59.9,53.5,46.1,81.0,60.1,3,2,2,1,1,0,0,0,0,1,0,0,0,0,0,1,0,0,0,2,2,0,0,2,1,0,0,2,0,0,1,0,0,0,0,0,1,0,0,0,0
820,Data Analyst,7.62,87.7,65.9,84.9,52.2,78.2,74.7,72.5,0,3,2,1,1,1,2,0,0,0,0,0,0,0,0,0,0,0,0,2,0,0,0,3,1,3,2,3,0,0,0,0,0,0,0,0,0,0,0,0,0
821,Data Analyst,7.84,80.3,75.3,81.9,80.0,62.7,98.5,80.8,2,3,1,1,0,0,3,0,0,0,0,2,0,1,0,1,0,0,3,2,1,0,0,1,0,1,2,2,0,0,0,0,2,0,0,0,0,0,2,0,0
822,Data Analyst,7.1,74.3,77.3,66.5,76.9,88.5,84.2,79.0,3,2,2,0,1,1,2,0,0,0,0,0,0,1,0,0,0,0,0,0,0,0,0,3,3,3,0,2,0,0,0,0,0,0,0,0,0,0,0,0,1
823,Data Analyst,5.81,84.7,68.1,79.3,86.4,62.3,93.8,80.5,1,2,2,1,1,1,3,0,0,0,0,0,0,0,0,0,0,0,0,1,0,0,0,3,2,2,3,3,0,1,0,0,0,1,0,0,0,0,0,1,0
824,Data Analyst,6.29,78.8,77.3,88.1,78.0,70.8,85.2,80.5,4,2,0,0,0,1,3,0,0,0,2,1,0,0,1,2,0,0,0,3,0,0,0,3,3,3,1,0,1,0,0,0,0,0,0,0,1,0,1,0,0
825,Data Analyst,8.05,83.0,85.4,60.8,65.7,55.4,73.7,63.9,3,1,0,0,1,1,1,0,1,0,0,0,0,0,0,1,0,0,0,2,0,1,0,2,3,1,1,0,0,2,0,0,0,2,0,0,0,0,0,0,0
826,Data Analyst,9.08,87.8,72.2,68.8,69.8,72.4,84.8,74.0,2,2,0,0,0,1,2,0,1,0,0,0,0,0,1,0,0,0,0,2,0,0,0,3,1,0,2,2,0,2,0,0,0,0,0,0,0,1,2,0,0
827,Data Analyst,8.2,83.7,92.6,75.3,74.8,52.0,81.6,70.9,4,2,0,0,0,1,0,1,0,1,0,0,0,0,0,0,1,0,0,0,0,0,0,1,0,1,3,1,0,1,0,0,1,0,0,0,1,0,0,0,0
828,Data Analyst,8.12,76.0,72.4,58.8,68.3,68.3,73.3,67.2,0,2,2,0,1,1,2,0,0,0,0,0,2,0,0,0,2,2,0,2,0,0,0,3,2,1,0,0,1,0,0,0,0,0,2,0,0,0,0,0,0
829,Data Analyst,7.45,81.8,86.1,63.8,63.3,51.7,75.1,63.5,1,2,2,1,1,1,0,0,2,0,0,3,0,0,2,0,0,0,2,2,0,0,0,2,1,3,3,1,0,0,0,0,0,0,0,0,1,0,0,2,0
830,Data Analyst,7.93,78.5,81.0,79.0,82.0,55.5,70.4,71.7,2,3,3,0,1,0,2,0,0,0,0,0,0,0,0,0,0,0,0,2,1,0,0,2,1,2,3,3,0,0,0,0,0,0,0,0,0,0,0,0,0
831,Data Analyst,8.22,81.2,79.3,50.2,82.0,63.8,80.5,69.1,2,2,2,0,1,0,1,0,0,0,0,0,0,0,0,0,0,0,0,2,0,0,0,3,3,0,2,0,0,0,0,0,0,0,0,0,0,0,1,0,0
832,Data Analyst,7.94,66.4,66.3,70.8,78.9,76.0,86.7,78.1,3,2,0,0,1,1,2,0,0,0,0,0,0,0,0,0,0,0,2,1,0,0,1,2,2,2,1,2,0,0,0,0,1,0,0,0,0,2,0,2,1
833,Data Analyst,7.87,84.5,66.0,45.0,76.2,53.6,73.9,62.2,2,3,2,0,0,1,0,0,2,0,0,0,0,0,0,0,0,0,0,3,0,0,0,2,2,3,3,2,0,0,1,0,0,1,0,0,0,0,0,1,0
834,Data Analyst,6.35,62.6,86.7,75.7,79.0,61.4,66.8,70.7,1,2,0,0,1,1,3,2,0,0,2,0,0,0,0,1,0,0,0,0,0,0,1,2,1,2,2,3,1,0,0,0,0,0,0,0,1,0,0,0,0
835,Data Analyst,7.01,62.0,61.8,77.4,74.1,83.9,71.9,76.8,2,1,1,0,0,1,0,0,0,0,0,1,0,1,0,0,1,2,0,3,0,0,0,0,2,3,2,0,0,0,0,0,1,0,0,0,0,0,0,1,0
836,Data Analyst,8.38,67.4,69.7,78.6,81.7,42.8,69.0,68.0,1,3,1,0,1,1,2,0,0,0,0,0,0,0,0,0,0,0,0,2,0,0,0,3,2,0,2,1,0,0,0,0,0,0,0,1,2,0,0,0,0
837,Data Analyst,6.84,79.2,75.5,67.4,68.9,53.8,75.7,66.5,2,2,0,0,1,1,0,1,0,0,0,0,0,0,0,1,0,0,0,2,1,0,0,0,2,0,3,1,0,2,0,0,1,0,0,2,0,0,0,0,0
838,Data Analyst,8.74,77.5,96.9,59.8,87.0,77.9,78.1,75.7,3,3,2,0,1,1,0,0,0,0,1,0,0,0,0,0,1,0,0,3,1,0,0,0,2,2,0,2,1,0,0,0,0,0,0,0,0,2,0,0,0
839,Data Analyst,7.43,82.3,83.1,52.3,57.2,74.0,92.7,69.0,4,2,1,1,1,0,2,0,0,0,0,0,0,0,0,1,0,0,0,2,0,0,0,3,0,3,1,0,0,0,0,0,0,0,1,0,2,0,0,0,0
840,Data Analyst,7.72,84.0,80.0,55.4,53.6,60.8,100.0,69.2,2,3,0,0,1,1,0,1,0,0,0,0,0,0,0,2,0,0,0,1,0,0,0,2,1,3,2,2,0,0,0,0,1,0,0,0,0,0,0,0,0
841,Data Analyst,6.85,86.1,78.9,50.8,67.0,61.9,70.5,62.5,3,1,2,1,1,1,2,0,0,0,2,0,0,0,0,0,0,0,2,1,0,0,0,2,2,3,0,3,0,0,0,0,0,0,0,0,2,2,0,0,0
842,Data Analyst,7.47,79.9,85.2,82.2,54.0,71.2,82.4,72.4,2,3,1,1,1,1,3,1,0,0,0,0,1,1,1,0,2,0,2,3,0,3,0,0,3,3,2,3,1,0,0,1,0,0,0,0,0,1,0,0,0
843,Data Analyst,8.64,71.1,82.1,92.6,66.7,54.7,54.2,67.0,3,2,1,1,1,0,3,0,0,0,0,0,0,0,0,0,0,0,0,2,1,0,1,1,2,2,1,0,0,0,0,0,0,0,0,0,0,0,0,0,0
844,Data Analyst,7.77,82.5,72.1,61.0,60.1,54.3,50.5,56.5,1,3,1,1,1,0,1,0,0,0,0,0,0,2,2,0,2,0,0,3,0,0,1,0,2,2,3,0,0,0,0,0,0,0,0,0,0,1,0,0,0
845,Data Analyst,8.09,83.1,70.6,72.3,62.6,54.8,65.0,63.7,3,2,1,0,1,0,3,1,0,0,0,0,0,0,0,0,0,0,0,2,0,1,2,1,2,3,0,2,0,0,0,1,2,0,2,0,0,0,0,0,0
846,Data Analyst,7.0,70.6,75.9,71.4,81.5,59.7,67.0,69.9,2,3,2,1,0,0,2,0,1,0,0,0,0,2,0,0,0,0,2,1,0,0,0,3,3,1,3,0,1,0,0,0,0,0,1,0,0,1,0,0,0
847,Data Analyst,7.5,92.0,73.8,91.8,85.7,81.1,66.5,81.3,2,2,2,0,1,1,3,1,0,1,0,2,0,1,0,0,0,0,1,2,0,2,0,2,3,3,2,2,0,0,0,1,0,0,0,0,0,0,0,0,0
848,Data Analyst,8.18,83.3,72.4,49.6,59.4,72.1,63.9,61.2,2,2,2,1,1,0,1,0,1,0,0,0,0,0,0,0,1,1,0,3,0,0,0,0,2,2,2,2,0,1,2,0,1,0,0,0,0,0,0,0,1
849,Data Analyst,5.87,79.1,60.2,78.6,80.8,85.4,67.7,78.1,3,2,2,1,1,1,2,0,0,1,0,0,0,1,0,0,0,1,0,3,0,0,0,2,1,3,3,2,0,0,0,0,2,1,0,0,2,0,0,0,1
850,Data Analyst,8.79,90.1,73.1,67.4,66.6,54.8,65.3,63.5,1,1,3,1,1,0,2,1,0,0,2,0,0,0,0,1,0,0,1,2,0,0,0,3,2,2,0,3,0,0,2,0,0,0,0,0,1,0,0,0,0
851,Data Analyst,6.86,79.9,87.8,62.6,66.2,84.0,88.2,75.2,3,1,2,1,1,1,3,0,0,1,0,0,0,0,0,0,0,1,0,1,0,0,0,3,0,3,0,2,0,0,0,2,0,0,0,0,0,0,0,0,0
852,Data Analyst,7.03,67.0,68.4,88.2,75.7,81.2,100.0,86.5,4,3,0,0,1,1,3,0,0,0,0,1,0,0,0,0,0,0,0,2,0,1,1,3,3,3,2,1,0,0,0,0,0,1,1,2,0,0,0,0,0
853,Data Analyst,7.06,82.5,83.7,53.9,86.9,68.6,74.7,71.0,2,3,0,0,1,0,2,0,0,0,0,1,1,0,0,0,0,0,0,2,0,3,0,3,1,3,2,1,1,0,0,0,0,0,0,1,0,1,0,0,0
854,Data Analyst,6.43,72.3,66.9,73.3,66.2,74.4,77.5,72.8,2,2,2,1,1,0,3,0,0,0,0,0,0,1,0,0,0,0,0,2,0,0,0,2,2,1,2,2,0,0,1,0,0,1,0,0,0,0,0,0,0
855,Data Analyst,7.92,64.0,76.4,58.1,82.3,79.1,83.4,75.7,3,2,1,1,1,1,2,0,0,0,0,1,0,0,0,0,0,0,0,2,0,0,0,2,3,3,0,1,0,0,0,0,0,0,2,2,0,0,0,0,2
856,Data Analyst,6.35,82.2,89.0,65.1,74.5,53.9,61.8,63.8,3,3,1,0,1,1,0,0,0,2,0,0,0,0,0,0,0,0,0,3,0,0,0,2,3,1,1,3,0,1,0,0,0,0,2,0,0,1,0,0,0
857,Data Analyst,6.7,74.7,85.1,94.9,68.1,68.1,68.9,75.0,4,2,1,1,0,1,3,2,2,0,0,0,0,1,0,0,0,1,0,3,1,0,0,3,0,2,3,0,0,0,0,0,0,0,0,0,0,0,0,0,0
858,Data Analyst,7.72,75.2,80.7,80.1,74.6,86.7,88.1,82.4,3,2,2,1,1,1,2,0,0,0,2,0,1,0,0,0,0,0,0,1,0,1,1,3,3,2,3,0,0,1,0,0,0,2,0,0,0,2,1,0,0
859,Data Analyst,8.37,78.6,81.6,83.7,65.4,73.4,75.3,74.5,2,2,2,0,0,0,2,0,0,0,0,0,0,0,0,0,0,0,0,3,0,0,0,3,2,3,0,2,0,0,0,0,0,2,1,0,0,0,0,0,0
860,Data Analyst,7.74,64.4,89.8,86.8,81.5,72.7,74.7,78.9,2,2,2,1,1,1,0,0,2,0,0,2,0,0,0,0,0,0,1,2,0,0,0,2,2,1,1,3,0,2,0,1,0,0,0,0,0,0,1,0,0
861,Data Analyst,7.54,69.1,66.0,86.7,48.5,93.3,64.6,73.3,3,2,0,0,1,1,0,0,0,1,1,0,0,0,0,0,0,0,0,0,0,0,0,2,2,3,3,0,0,0,2,0,0,0,0,0,0,2,0,0,2
862,Data Analyst,7.63,84.6,70.0,82.8,78.3,73.6,71.9,76.7,1,2,2,1,1,1,3,0,0,0,0,0,0,2,0,0,0,0,1,3,0,0,0,2,2,1,0,3,0,0,0,0,0,0,0,0,0,0,0,0,0
863,Data Analyst,7.12,75.6,86.5,49.4,68.7,90.2,62.1,67.6,2,2,0,0,1,1,2,0,0,0,0,0,0,0,0,2,0,0,0,3,0,0,0,2,1,3,3,0,0,1,0,1,0,0,0,0,0,0,0,0,0
864,Data Analyst,8.22,80.1,99.8,66.8,52.0,75.0,94.7,72.1,3,2,2,1,1,1,3,0,0,0,0,0,0,0,0,0,0,0,1,1,0,0,0,3,2,3,2,0,0,0,0,0,0,0,0,0,0,0,0,1,0
865,Data Analyst,6.22,93.6,92.2,47.6,62.1,68.3,65.1,60.8,4,1,1,0,1,1,3,0,0,0,0,0,0,0,0,0,0,0,0,1,0,0,0,1,0,3,3,2,0,0,0,0,1,0,0,0,0,0,0,0,0
866,Data Analyst,5.98,94.5,67.1,73.8,73.1,67.7,69.1,70.9,1,2,1,0,1,1,2,1,2,0,0,0,0,2,0,0,2,0,0,3,0,1,0,3,0,1,1,3,0,0,0,0,1,0,0,1,0,0,0,0,0
867,Data Analyst,7.15,75.2,68.8,69.9,66.0,81.0,67.4,71.1,1,2,1,1,1,0,0,0,0,0,0,0,1,1,0,2,0,2,0,2,0,0,0,1,2,0,3,0,1,0,0,0,1,0,0,0,0,0,0,0,0
868,Data Analyst,6.9,77.0,76.7,45.7,62.7,67.1,74.8,62.6,2,1,2,1,0,0,2,1,0,0,0,0,0,0,0,0,0,0,0,3,0,0,1,2,2,2,0,3,2,0,0,0,0,0,0,0,0,0,0,0,0
869,Data Analyst,7.88,76.7,72.1,76.3,76.7,79.5,70.8,75.8,3,3,1,1,1,1,3,0,0,2,0,0,0,0,0,0,0,2,0,2,0,0,0,3,3,2,2,0,2,0,0,0,0,0,2,0,0,0,0,0,1
870,Data Analyst,7.05,65.3,77.8,76.6,83.2,81.1,73.9,78.7,2,1,2,1,0,0,2,0,0,0,1,0,0,0,2,0,0,0,0,1,0,0,1,1,1,3,2,0,0,0,0,0,0,0,2,0,0,0,0,1,0
871,Data Analyst,7.58,78.8,81.0,96.7,47.6,73.8,82.5,75.2,2,3,1,1,1,1,2,0,0,0,1,0,0,0,0,2,0,0,0,3,1,0,0,3,1,3,2,1,0,0,2,1,0,0,0,0,0,0,0,0,0
872,Data Analyst,6.71,79.9,75.6,52.6,66.2,79.0,75.1,68.2,1,2,1,1,1,1,3,0,0,0,0,1,0,0,0,0,1,0,0,2,0,0,0,2,3,1,1,2,2,2,0,0,0,0,0,0,0,0,0,0,0
873,Data Analyst,7.76,72.4,89.6,61.8,85.4,68.9,61.0,69.3,4,3,3,1,1,1,3,0,0,0,0,0,1,0,0,0,0,1,0,3,0,3,1,2,3,2,2,2,0,0,0,0,0,2,0,0,0,0,0,0,0
874,Data Analyst,6.34,84.3,85.8,59.4,79.4,89.4,79.7,77.0,4,2,2,0,1,1,0,0,1,2,0,0,0,0,0,0,0,0,0,1,2,0,0,3,2,2,1,2,0,0,1,0,0,0,0,0,0,0,0,1,0
875,Data Analyst,7.06,85.8,100.0,70.5,73.5,69.4,71.3,71.2,3,2,3,1,1,1,0,1,0,0,2,0,1,0,0,2,0,0,0,2,0,2,0,3,3,2,2,3,1,0,0,0,0,0,0,0,1,0,0,2,0
876,Data Analyst,6.93,91.5,77.0,76.0,84.3,41.6,59.9,65.5,0,2,1,1,1,1,3,2,1,0,0,0,0,0,0,0,0,3,0,3,0,0,0,1,2,0,3,2,1,1,0,0,0,0,0,0,0,0,0,0,0
877,Data Analyst,7.1,61.2,90.4,68.5,69.1,46.1,83.9,66.9,4,1,2,0,1,1,3,0,0,0,0,0,0,0,0,0,0,1,0,2,0,0,0,2,0,3,3,0,0,0,0,0,0,0,0,0,0,0,0,0,0
878,Data Analyst,8.01,67.4,74.1,85.8,59.9,58.1,66.7,67.6,0,3,2,0,1,1,2,0,0,0,0,1,2,0,0,0,0,0,0,3,0,0,0,2,2,3,2,2,0,0,0,0,0,0,0,0,0,0,1,2,0
879,Data Analyst,7.1,85.3,73.1,73.5,77.1,61.1,93.2,76.2,3,2,0,0,0,1,0,0,0,0,0,0,1,0,0,0,0,0,0,0,0,1,2,1,2,3,0,2,0,0,0,0,0,0,0,0,0,0,0,0,0
880,Data Analyst,7.22,68.4,76.8,65.4,74.6,60.3,86.5,71.7,2,2,1,1,1,1,0,2,0,0,0,0,0,0,0,0,0,0,0,3,1,0,0,2,3,1,2,0,0,0,0,0,0,0,0,0,0,2,0,0,0
881,Data Analyst,8.08,68.5,64.7,92.5,68.4,80.6,88.5,82.5,4,2,0,0,1,1,2,0,0,0,0,0,0,0,0,0,0,0,0,2,2,0,0,2,1,0,2,3,0,1,0,0,0,0,0,1,0,0,0,0,0
882,Data Analyst,6.29,76.3,83.5,83.0,69.8,59.0,78.1,72.5,2,3,1,1,0,0,3,0,0,1,0,0,0,0,0,0,0,2,0,0,3,0,0,0,2,1,2,2,0,0,0,0,1,1,2,2,0,2,0,0,0
883,Data Analyst,7.07,82.9,76.4,77.0,76.5,66.5,77.3,74.3,1,2,1,1,1,0,2,0,0,0,0,0,0,0,0,0,0,0,0,2,0,0,0,2,3,0,2,1,0,0,0,1,0,0,0,0,2,0,0,0,0
884,Data Analyst,7.37,71.3,71.4,72.6,71.7,82.5,90.4,79.3,4,2,1,0,1,1,2,0,0,2,0,0,0,0,0,0,0,0,0,3,0,1,0,3,2,1,3,2,0,0,0,0,0,0,0,0,0,0,0,2,0
885,Data Analyst,7.07,68.8,83.7,71.2,91.6,71.1,63.3,74.3,3,3,1,1,1,1,3,0,0,0,0,0,3,1,0,0,0,0,0,2,0,0,0,3,2,3,0,0,3,0,0,0,0,0,0,0,0,0,0,2,0
886,Data Analyst,7.06,78.7,65.9,66.6,80.3,75.0,84.4,76.6,2,2,3,1,1,0,0,0,0,0,0,0,0,2,0,0,1,0,0,3,0,0,0,2,2,3,2,0,0,0,0,0,0,1,2,1,0,0,0,0,0
887,Data Analyst,7.1,89.0,80.0,69.9,84.4,69.0,63.6,71.7,2,2,3,1,0,0,0,0,1,0,0,0,0,0,0,1,0,0,0,2,0,0,2,0,2,2,2,2,0,0,0,0,0,0,0,0,0,1,0,0,0
888,Data Analyst,7.54,80.7,79.3,68.7,83.5,72.3,88.0,78.1,1,3,0,0,0,1,2,0,0,1,0,2,0,0,0,0,0,0,0,3,0,0,0,3,2,2,0,0,2,0,0,0,0,0,0,0,0,0,1,0,2
889,Data Analyst,8.37,73.6,89.4,81.7,63.0,53.7,62.6,65.2,3,3,1,1,1,1,2,0,0,0,0,0,0,0,0,0,0,0,0,3,0,1,0,0,2,3,2,2,0,0,0,0,0,0,0,0,0,0,0,0,0
890,Data Analyst,6.63,78.2,63.1,71.1,100.0,72.0,80.8,81.8,4,2,1,1,0,1,0,0,0,0,0,0,0,0,2,0,0,0,0,3,0,0,2,3,3,3,3,2,0,0,0,1,0,0,0,0,2,1,0,2,0
891,Data Analyst,8.24,81.4,81.3,48.8,87.4,50.2,69.9,64.1,2,2,0,0,1,1,2,0,2,0,1,0,0,0,0,2,1,0,0,2,0,0,0,2,2,3,1,2,0,0,0,0,0,0,0,0,0,0,0,0,1
892,Data Analyst,8.26,72.7,75.1,70.6,67.3,50.3,97.7,71.5,2,2,2,1,1,1,3,0,0,0,0,0,0,0,0,0,1,1,0,1,0,2,0,3,0,0,0,1,0,0,2,0,0,0,0,1,0,0,0,0,0
893,Data Analyst,7.32,77.2,59.9,66.9,76.9,59.9,68.1,68.0,2,2,0,0,0,0,3,0,0,0,0,0,2,0,0,0,2,0,0,3,0,0,0,3,2,2,0,2,0,0,0,0,0,0,0,0,0,0,1,0,0
894,Data Analyst,8.19,60.6,83.1,77.2,90.2,58.7,79.4,76.4,3,2,2,1,1,1,3,0,2,0,0,0,0,1,0,0,0,1,0,2,2,1,0,2,2,2,3,0,0,0,0,0,0,0,0,0,0,0,0,0,2
895,Data Analyst,9.07,83.1,85.2,96.9,73.5,66.6,83.5,80.1,2,1,1,0,0,0,0,2,0,2,1,0,0,1,0,1,0,0,2,2,0,0,0,3,2,2,1,0,0,0,0,0,0,0,0,0,0,0,0,0,0
896,Data Analyst,6.9,64.4,68.5,75.7,94.8,67.6,68.5,76.7,1,2,2,0,1,0,3,0,0,0,0,0,0,0,0,0,0,0,0,2,2,0,0,1,1,1,0,2,0,1,0,0,0,0,0,1,0,0,0,0,0
897,Data Analyst,7.94,78.3,81.2,84.1,66.7,55.4,81.6,72.0,1,1,2,1,1,1,3,0,0,1,0,0,0,2,0,1,0,0,0,3,1,0,0,2,2,2,2,0,0,2,1,0,0,1,0,0,0,0,0,1,0
898,Data Analyst,6.7,76.6,82.4,79.4,78.9,82.2,72.3,78.2,2,2,2,0,1,1,2,0,2,0,0,0,1,0,0,0,0,0,0,3,0,0,0,1,3,0,1,1,3,1,0,0,0,1,0,0,0,0,0,0,0
899,Data Analyst,6.68,75.3,79.4,49.1,64.7,70.6,80.1,66.1,0,3,0,0,1,1,3,0,0,0,0,0,0,0,0,0,0,0,0,2,1,0,0,3,3,2,2,2,0,0,0,0,0,0,0,0,0,0,0,0,0
900,Data Analyst,7.66,74.7,100.0,84.8,75.0,66.5,64.1,72.6,3,2,2,0,1,1,3,1,0,0,1,0,0,1,0,0,0,0,0,2,0,0,0,3,0,2,3,2,0,0,0,0,2,0,0,0,0,1,2,0,0
901,Data Analyst,7.61,77.5,67.5,70.2,82.7,66.1,65.8,71.2,2,3,2,1,1,1,0,0,0,0,2,0,0,0,0,2,2,1,0,2,0,0,0,2,0,2,0,0,0,0,0,0,1,0,1,0,0,0,1,0,0
902,Data Analyst,7.06,72.8,87.3,70.3,69.3,90.1,70.8,75.1,1,2,1,1,1,1,0,0,0,0,1,0,0,0,0,0,0,0,0,3,0,1,1,2,3,2,1,3,0,0,1,0,0,0,1,0,0,0,1,0,0
903,Data Analyst,7.73,89.5,76.6,70.7,82.4,76.9,65.2,73.8,2,2,3,1,1,1,2,0,0,0,0,0,0,0,1,0,0,1,2,2,0,0,0,3,2,1,2,3,0,0,0,0,0,0,0,0,0,1,0,0,0
904,Data Analyst,8.11,84.5,81.1,82.3,90.2,65.2,70.6,77.1,2,2,2,1,1,0,2,0,0,2,1,0,0,0,0,0,0,2,0,1,0,0,0,3,2,2,1,2,0,1,0,0,0,0,0,0,0,0,2,2,0
905,Data Analyst,7.11,77.8,81.9,85.1,89.6,48.6,75.3,74.6,2,3,2,1,1,1,3,0,0,2,1,0,0,0,0,0,0,0,0,1,0,0,0,1,0,3,0,2,0,1,0,0,0,0,1,0,0,0,0,0,0
906,Data Analyst,7.0,90.2,72.8,84.0,68.3,70.3,70.6,73.3,3,2,0,0,1,1,3,0,0,0,0,0,0,1,0,0,1,0,0,2,0,0,0,0,2,3,2,2,0,0,0,0,0,0,0,0,0,0,0,0,0
907,Data Analyst,8.11,87.3,66.5,71.4,77.2,62.4,86.6,74.4,2,2,1,1,1,1,0,0,2,0,0,0,0,0,0,0,0,0,0,2,0,2,0,3,2,2,1,3,0,0,0,0,0,0,0,0,0,0,0,0,0
908,Data Analyst,9.08,64.7,85.8,74.3,79.0,76.7,89.5,79.9,4,3,1,1,0,1,3,0,1,0,0,0,0,0,0,0,1,0,0,2,0,2,0,0,2,3,1,0,0,1,0,0,0,0,0,0,0,0,0,2,0
909,Data Analyst,8.62,80.0,81.4,70.9,81.5,79.0,64.8,74.0,3,2,1,0,1,1,2,1,0,0,0,2,0,0,1,0,0,0,0,2,0,0,0,3,3,1,3,1,0,0,0,0,0,0,0,0,0,0,0,0,1
910,Data Analyst,8.08,89.1,85.5,62.9,71.4,45.3,79.5,64.8,3,2,1,1,0,1,3,0,0,0,0,1,2,1,0,0,0,1,1,2,0,0,0,3,2,3,1,3,0,0,0,0,0,0,0,0,0,0,0,0,0
911,Data Analyst,8.62,72.5,76.9,62.8,82.8,85.8,56.1,71.9,3,2,3,1,1,1,2,0,3,0,0,0,0,0,0,0,0,0,0,3,2,0,1,3,0,3,2,1,0,0,0,1,1,0,0,0,0,0,0,0,3
912,Data Analyst,8.21,79.0,75.4,65.0,39.0,53.2,97.5,63.7,2,1,0,0,1,1,3,0,2,0,2,0,0,0,0,1,0,0,0,3,2,0,0,2,0,3,3,2,0,1,0,0,0,0,0,2,0,0,0,0,0
913,Data Analyst,5.39,89.8,74.7,63.4,74.2,53.9,67.1,64.7,2,2,1,0,0,1,2,1,0,0,0,0,0,0,0,0,0,0,0,1,0,0,0,3,1,3,1,3,0,0,0,0,0,0,2,0,0,1,0,0,0
914,Data Analyst,6.85,74.7,84.8,52.2,75.6,77.7,84.9,72.6,2,1,1,1,1,1,0,0,2,0,1,0,0,0,0,0,0,0,0,2,0,0,0,2,3,3,1,2,0,0,0,1,0,0,0,0,1,0,0,0,1
915,Data Analyst,7.53,76.0,80.7,80.8,52.1,56.5,75.1,66.1,1,2,1,0,0,1,1,0,0,0,2,1,1,0,0,2,0,0,0,1,0,0,1,0,3,3,1,2,0,0,0,0,0,0,0,0,0,0,0,0,0
916,Data Analyst,7.75,79.4,83.9,66.4,70.5,76.5,60.6,68.5,3,2,2,1,0,1,2,0,0,0,0,1,0,0,0,0,0,0,0,1,0,1,0,2,3,3,2,1,0,0,1,0,0,2,0,0,0,0,0,0,0
917,Data Analyst,6.91,96.7,74.0,75.0,63.6,33.8,80.0,63.1,2,3,1,1,1,1,2,0,0,0,0,0,0,0,0,0,0,1,1,1,0,2,0,1,3,2,0,1,0,0,0,1,0,2,0,2,0,0,0,1,0
918,Data Analyst,6.84,79.7,75.9,64.4,85.2,73.1,83.8,76.6,2,2,0,0,1,1,3,0,0,0,0,0,0,0,0,0,0,0,0,3,0,0,0,2,3,1,2,0,0,0,0,0,0,0,0,2,0,1,0,0,0
919,Data Analyst,7.31,83.8,79.0,75.8,69.1,72.5,69.0,71.6,2,3,0,0,1,0,2,0,0,0,0,0,0,0,0,1,0,0,0,2,0,0,0,1,2,0,0,3,0,0,0,0,0,0,0,0,2,0,0,0,0
920,Data Analyst,7.76,74.0,82.7,67.7,66.2,75.3,66.0,68.8,1,1,2,1,1,0,2,0,0,0,1,0,0,0,0,1,0,0,0,3,2,0,0,3,3,2,2,2,0,0,0,0,0,0,0,0,0,0,0,0,0
921,Data Analyst,7.29,99.0,79.2,92.6,57.3,97.8,91.6,84.8,3,3,1,0,1,1,2,0,1,0,0,0,0,0,1,0,0,0,0,3,0,3,0,2,1,3,2,0,0,0,1,0,0,2,0,0,0,0,1,0,0
922,Data Analyst,7.9,78.1,56.8,57.5,88.8,77.7,71.7,73.9,1,3,1,0,1,1,1,0,0,0,0,0,0,0,0,0,0,0,0,0,2,1,0,0,2,3,3,1,0,0,0,1,0,0,1,0,0,0,2,0,0
923,Data Analyst,7.35,80.6,81.4,64.2,66.5,61.7,82.8,68.8,2,2,0,0,1,1,3,0,0,0,1,0,0,0,0,0,0,0,0,0,0,0,0,2,1,2,2,2,1,0,0,0,0,0,1,0,0,0,0,0,0
924,Data Analyst,7.5,70.9,64.7,61.5,100.0,70.6,91.3,82.6,4,2,2,1,1,0,0,0,0,0,0,0,0,0,0,2,0,0,2,3,0,2,1,2,1,0,3,2,0,0,0,0,0,2,0,0,0,0,0,0,0
925,Data Analyst,8.63,97.5,77.9,99.6,56.6,75.9,70.2,75.6,0,3,1,1,1,1,2,2,0,1,0,0,0,0,0,0,1,0,0,2,2,0,0,3,2,2,0,0,0,0,0,1,0,1,0,0,0,2,0,0,0
926,Data Analyst,7.16,73.8,65.7,52.1,61.6,65.9,87.4,66.8,3,3,2,1,1,0,3,0,0,0,0,0,1,0,0,0,1,2,0,2,0,0,1,0,3,2,0,0,0,0,0,0,3,0,0,2,2,0,1,0,0
927,Data Analyst,6.87,78.5,79.8,59.6,89.0,72.4,94.0,78.8,1,2,1,0,1,1,0,0,0,0,0,0,1,0,0,0,2,0,0,2,0,1,0,3,2,3,1,3,0,0,0,0,0,0,0,0,0,0,0,2,0
928,Data Analyst,7.71,90.0,81.6,62.4,68.3,63.1,55.4,62.3,3,1,1,1,1,1,1,0,0,2,0,0,1,0,0,0,0,0,1,2,0,0,0,2,3,0,2,2,0,0,0,0,2,0,0,0,0,0,0,0,2
929,Data Analyst,7.97,80.3,88.5,70.4,70.1,71.0,80.8,73.1,2,1,2,1,1,1,1,0,0,0,1,0,2,0,0,0,0,0,1,3,1,0,2,2,2,3,3,3,0,0,0,0,0,0,2,0,0,0,1,0,0
930,Data Analyst,6.75,85.6,94.4,62.8,80.9,76.3,83.4,75.8,2,1,3,0,1,0,2,0,0,1,0,0,0,0,0,0,0,2,2,2,1,1,2,2,2,1,2,3,0,1,1,0,0,0,0,0,0,0,0,0,0
931,Data Analyst,6.92,68.3,72.5,74.0,60.7,69.4,93.2,74.3,1,2,2,1,1,1,3,0,0,0,0,0,1,1,0,2,0,1,0,1,0,0,0,3,2,2,0,1,0,0,0,0,0,0,0,0,0,0,0,2,0
932,Data Analyst,7.41,52.9,75.7,63.4,67.7,66.4,77.4,68.7,1,1,1,1,1,1,0,1,0,0,0,0,0,0,0,0,0,0,0,2,0,0,1,0,3,2,3,1,0,0,1,0,0,0,0,0,2,0,0,0,1
933,Data Analyst,6.39,73.8,94.5,58.3,48.0,54.0,77.7,59.5,2,3,1,0,1,0,2,0,0,0,0,0,0,0,0,0,0,0,0,3,0,1,0,3,2,2,3,2,0,0,0,0,0,0,1,0,0,2,1,0,0
934,Data Analyst,8.15,76.7,86.4,69.5,55.4,58.9,60.7,61.1,2,2,1,1,1,1,3,0,0,0,0,0,0,0,0,0,0,0,0,2,0,1,0,0,1,2,2,0,0,0,0,0,0,0,0,0,0,0,0,0,0
935,Data Analyst,9.3,78.9,73.4,52.1,89.7,68.6,74.7,71.3,3,3,0,0,1,0,1,2,0,0,0,0,0,0,0,0,1,1,0,0,0,0,0,2,2,3,2,0,0,0,0,0,0,1,0,0,0,0,0,0,0
936,Data Analyst,8.24,95.5,67.9,74.2,50.4,59.2,74.5,64.6,4,2,2,1,1,1,2,0,0,0,0,0,1,0,0,0,0,1,0,3,0,0,0,3,3,1,3,2,0,0,0,0,1,0,0,0,0,0,2,0,0
937,Data Analyst,7.35,86.3,70.9,83.2,82.7,43.0,74.3,70.8,2,2,2,1,1,1,1,0,0,2,1,0,0,0,0,1,0,0,0,3,0,0,0,2,1,2,2,3,0,0,0,0,0,0,0,0,0,0,0,0,0
938,Data Analyst,8.66,89.7,69.4,82.8,62.9,61.8,88.3,74.0,2,2,1,1,0,1,2,0,0,2,1,0,0,0,0,0,0,0,0,3,0,1,0,1,3,2,2,0,0,1,0,1,0,0,0,0,0,0,1,0,0
939,Data Analyst,7.73,78.8,75.0,73.0,65.0,71.9,65.2,68.8,3,3,0,0,1,1,2,0,0,0,0,0,0,0,0,0,0,0,1,2,0,0,0,3,1,0,0,3,0,0,0,0,0,1,0,1,0,2,0,0,0
940,Data Analyst,6.37,84.2,82.1,91.4,64.9,78.6,68.4,75.8,3,3,0,0,1,0,2,0,0,0,0,0,0,0,0,2,0,0,0,3,0,1,0,3,2,1,2,0,0,1,1,0,0,1,0,0,0,0,0,0,0
941,Data Analyst,7.87,61.8,78.2,78.9,62.6,81.5,77.8,75.2,1,2,2,0,0,1,2,0,0,0,0,0,0,1,0,0,0,2,0,2,1,0,0,0,2,3,2,1,0,0,0,0,0,0,0,0,0,0,0,2,0
942,Data Analyst,8.42,81.6,83.6,87.2,95.8,58.8,79.6,80.3,2,1,1,0,0,1,2,0,0,0,0,0,0,0,0,0,0,0,0,2,1,0,0,2,2,0,3,2,0,0,0,0,0,0,0,2,0,0,0,0,0
943,Data Analyst,6.49,73.3,74.7,76.9,84.7,60.6,80.6,75.7,2,2,2,1,1,1,2,1,2,0,0,0,0,1,0,0,0,0,0,3,0,1,0,2,0,2,2,2,0,0,0,0,1,1,0,1,0,0,0,0,0
944,Data Analyst,8.28,80.6,91.5,82.0,64.8,51.9,63.5,65.6,0,2,1,0,0,1,0,0,1,0,0,0,0,0,1,0,1,0,0,3,0,0,0,3,0,2,2,3,0,0,1,0,0,0,0,1,0,0,0,0,0
945,Data Analyst,7.38,84.4,77.4,74.0,72.3,57.0,90.2,73.4,2,2,0,0,1,1,1,0,0,0,1,1,0,1,0,0,0,0,0,2,0,0,0,3,3,1,2,0,0,0,0,0,1,0,1,0,0,0,2,0,0
946,Data Analyst,9.23,78.7,68.3,90.9,72.1,56.9,89.7,77.4,1,3,2,0,1,1,3,0,0,0,0,0,0,0,2,0,0,0,0,1,0,0,0,2,1,3,2,2,0,0,1,0,0,0,0,0,1,0,1,1,0
947,Data Analyst,9.01,68.1,79.7,75.2,81.4,70.1,70.3,74.2,0,2,2,0,1,0,0,0,0,0,0,0,0,0,0,2,0,2,0,2,0,0,0,2,2,2,3,3,0,0,0,0,0,0,0,1,0,0,0,0,0
948,Data Analyst,7.28,66.0,71.9,77.5,78.0,75.3,79.5,77.6,3,2,1,1,1,1,0,0,1,0,0,0,0,0,0,0,0,0,0,0,0,2,0,2,3,3,2,3,0,2,1,0,0,0,0,0,0,2,1,2,0
949,Data Analyst,7.78,70.5,64.9,62.3,78.9,75.2,71.4,71.9,2,2,1,0,0,1,3,0,0,0,0,0,0,0,0,0,0,1,2,3,0,0,0,3,0,0,2,0,0,0,1,0,0,0,0,0,0,0,2,0,0
950,Data Analyst,7.67,83.0,66.2,77.4,69.9,87.8,63.8,74.7,1,3,1,1,0,1,2,0,0,0,0,0,0,0,1,0,0,0,0,1,0,2,0,2,1,2,2,3,0,0,2,0,0,0,0,0,0,0,0,0,0
951,Data Analyst,7.34,75.9,74.2,81.2,67.0,70.2,82.6,75.2,2,3,1,1,1,1,3,0,0,0,0,0,0,2,0,0,0,1,0,3,0,0,0,1,0,3,0,3,1,0,2,1,1,0,0,0,0,0,0,2,0
952,Data Analyst,7.43,82.4,79.6,77.1,79.5,80.2,78.0,78.7,4,1,0,0,1,1,2,0,0,0,0,0,2,0,0,0,0,0,2,3,0,0,1,2,3,3,3,0,0,1,1,0,0,0,0,2,1,0,0,0,0
953,Data Analyst,6.41,77.0,70.3,80.1,68.9,41.3,64.9,63.8,3,3,2,0,1,1,2,1,2,0,0,0,0,0,0,0,2,0,0,2,2,0,1,3,2,3,3,1,0,0,0,1,0,0,0,0,2,0,0,0,0
954,Data Analyst,6.48,86.9,81.7,59.9,67.8,95.3,72.0,73.8,3,3,0,0,1,1,2,0,0,1,0,0,1,0,0,0,0,0,0,1,0,0,2,3,1,2,3,0,0,1,0,2,0,0,1,1,1,0,0,0,0
955,Data Analyst,8.98,86.0,60.4,66.5,88.1,60.6,77.3,73.1,2,2,0,0,1,1,2,0,2,0,0,0,2,0,0,0,0,0,0,3,0,0,0,2,2,3,1,2,0,2,0,0,0,0,0,0,0,0,1,0,0
956,Data Analyst,7.04,76.7,84.6,79.4,64.1,54.6,74.5,68.2,2,2,3,1,1,1,1,0,1,0,2,0,0,0,0,0,0,1,0,0,0,0,0,3,1,2,1,3,0,0,0,0,0,0,0,0,0,0,0,0,0
957,Data Analyst,7.46,73.7,66.5,66.6,72.2,64.4,68.7,68.0,4,2,0,0,1,1,0,0,0,0,0,0,0,0,2,0,0,0,0,2,0,0,0,3,3,3,3,2,0,0,0,0,1,0,0,1,0,1,0,1,0
958,Data Analyst,7.26,74.6,78.3,81.9,72.5,71.4,79.8,76.4,4,2,3,0,1,1,2,0,0,0,1,0,0,0,0,0,0,0,2,3,0,0,0,0,0,2,1,2,0,0,0,0,0,0,0,0,0,0,0,0,0
959,Data Analyst,6.04,69.7,84.9,58.6,86.1,64.8,76.1,71.4,4,1,1,1,1,0,0,0,0,0,0,0,0,0,0,2,0,0,1,3,0,0,0,0,2,2,3,0,0,0,0,0,0,1,0,0,0,1,1,1,0
960,Data Analyst,6.5,89.1,54.4,76.3,84.0,71.0,66.6,74.5,2,3,1,1,1,0,2,0,0,0,0,0,0,0,0,3,0,0,0,3,0,0,0,2,3,2,0,0,2,0,0,0,0,0,0,0,2,0,0,0,1
961,Data Analyst,7.63,79.9,93.9,81.5,60.7,61.1,70.8,68.5,1,3,1,1,1,1,1,0,0,0,0,1,0,0,1,0,0,1,1,3,1,0,0,2,1,3,0,0,0,0,0,0,0,0,0,0,0,0,1,0,0
962,Data Analyst,8.99,85.3,75.8,78.4,56.0,80.0,89.8,76.0,1,2,2,1,0,1,3,0,0,0,0,0,1,0,0,0,0,1,0,2,0,0,0,3,3,1,0,0,0,0,0,0,0,0,1,0,1,0,0,0,0
963,Data Analyst,7.98,80.9,61.8,86.7,69.9,74.1,80.7,77.9,2,1,1,0,0,1,3,1,0,0,0,1,0,1,0,0,0,0,0,0,0,0,0,3,2,2,0,3,0,0,0,0,1,0,0,0,0,0,0,0,0
964,Data Analyst,6.25,76.2,67.0,76.5,57.9,73.9,70.1,69.6,3,2,1,1,1,1,3,0,0,0,0,0,0,0,0,0,1,0,0,3,0,0,0,2,2,2,3,2,0,0,0,0,0,0,0,0,1,0,0,0,0
965,Data Analyst,7.51,88.4,58.7,87.4,58.4,70.0,77.2,73.2,1,2,2,1,1,1,3,0,0,0,0,1,0,0,0,0,0,0,0,2,0,0,0,3,3,2,1,2,0,2,1,2,0,1,0,0,0,1,0,0,0
966,Data Analyst,7.49,87.3,70.6,72.2,53.3,60.0,98.4,71.0,2,2,1,1,1,1,1,0,0,0,0,0,0,0,0,0,0,0,0,3,0,0,0,2,1,2,2,2,0,0,0,0,0,1,0,0,0,1,0,0,0
967,Data Analyst,9.31,86.8,78.4,79.6,86.3,62.5,72.6,75.2,3,3,1,1,1,1,3,1,2,0,0,1,1,0,0,2,2,0,0,3,1,0,1,3,2,2,2,1,0,0,0,0,0,1,0,0,0,0,0,0,0
968,Data Analyst,6.48,79.4,88.8,81.0,95.9,78.5,74.6,82.5,2,2,2,1,1,1,1,0,0,0,1,0,1,0,0,0,2,2,1,2,0,0,0,2,0,0,0,0,0,0,1,0,0,2,2,0,0,0,0,0,0
969,Data Analyst,7.77,84.3,87.5,83.8,80.0,65.7,84.1,78.4,2,2,1,1,1,1,0,0,0,0,1,0,0,0,2,0,0,0,2,2,0,0,3,0,0,3,3,0,0,0,1,0,2,1,0,1,0,0,2,0,0
970,Data Analyst,7.4,86.3,77.9,58.0,79.6,52.8,53.6,61.0,2,1,1,1,0,1,1,0,0,0,0,0,1,0,0,0,0,1,0,3,0,0,0,0,3,0,3,2,2,0,0,0,0,1,0,0,0,0,0,0,0
971,Data Analyst,7.5,85.0,85.3,80.2,61.0,80.5,82.9,76.2,2,3,3,1,1,1,3,1,0,0,0,0,0,0,0,0,0,0,0,3,0,0,0,2,2,0,3,1,1,0,0,0,0,0,0,0,0,0,0,0,0
972,Data Analyst,8.42,83.8,85.7,75.0,67.9,72.0,58.9,68.5,3,1,3,1,1,1,2,0,0,0,0,0,0,1,0,0,0,0,0,2,0,0,0,3,2,2,3,0,0,0,0,0,0,1,0,0,0,0,0,0,0
973,Data Analyst,6.16,70.2,90.6,79.4,94.2,48.1,52.2,68.5,3,1,2,1,0,1,1,0,0,1,0,3,0,0,0,0,0,0,1,2,0,0,0,3,2,2,2,2,0,0,2,0,2,2,0,0,0,0,0,0,1
974,Data Analyst,9.49,72.0,88.1,67.7,77.5,68.3,71.2,71.2,2,3,2,1,1,1,2,0,0,0,0,1,0,0,0,0,0,0,0,0,0,0,0,3,2,1,1,3,0,0,1,0,0,1,0,0,2,0,0,1,0
975,Data Analyst,7.85,85.2,84.5,69.2,87.4,67.4,74.8,74.7,1,1,2,1,1,1,0,0,1,0,1,0,0,2,1,0,0,0,0,3,0,0,0,3,2,3,1,0,0,0,0,0,0,1,0,0,0,0,0,3,2
976,Data Analyst,7.35,79.0,73.3,55.5,73.8,73.9,70.6,68.5,3,3,1,1,1,0,3,0,0,0,0,0,0,0,1,0,0,0,1,2,0,0,0,2,0,2,0,2,0,0,0,0,0,0,0,0,0,0,1,0,0
977,Data Analyst,7.89,87.8,78.7,76.4,86.0,62.1,98.2,80.7,2,2,1,1,1,1,2,0,0,0,0,0,0,0,0,0,0,0,0,2,0,0,0,3,2,2,3,3,0,0,0,0,0,0,0,0,0,0,0,1,0
978,Data Analyst,7.92,72.8,73.0,67.4,80.8,77.6,61.2,71.8,3,2,2,1,0,1,2,0,0,0,0,1,0,0,0,0,0,0,0,2,0,0,0,3,0,2,0,0,0,0,0,0,0,0,0,0,0,0,0,0,0
979,Data Analyst,7.65,92.5,64.0,77.7,99.1,83.9,81.2,85.5,2,2,1,1,1,1,3,0,0,0,2,0,0,1,0,0,0,0,2,2,0,0,2,0,2,1,2,2,0,0,0,0,0,1,0,0,0,0,1,0,0
980,Data Analyst,8.16,81.9,70.7,75.1,96.4,63.1,74.7,77.3,4,1,1,1,1,1,2,0,1,0,0,0,0,0,0,0,1,0,0,3,0,0,0,3,2,3,3,3,0,1,1,0,0,0,1,0,0,0,1,0,0
981,Data Analyst,6.73,80.9,69.6,53.0,88.0,88.8,53.3,70.8,0,2,2,1,1,1,2,0,0,0,0,0,0,0,0,0,0,0,0,3,0,0,0,3,2,0,3,0,0,0,0,1,0,0,1,0,0,0,0,0,0
982,Data Analyst,6.02,80.5,73.8,50.3,61.3,75.5,76.7,66.0,1,3,0,0,1,1,2,1,0,0,0,0,0,0,2,0,0,0,0,3,0,0,0,2,3,3,3,0,1,0,0,0,0,0,1,0,0,0,0,0,1
983,Data Analyst,6.81,90.6,72.7,85.8,61.8,41.1,67.9,64.2,2,3,0,0,1,1,0,0,0,0,0,0,1,0,0,0,0,0,0,3,0,1,0,1,3,2,2,2,0,0,0,0,1,0,0,0,2,0,0,0,0
984,Data Analyst,8.4,100.0,78.6,73.2,72.1,66.1,72.2,70.9,2,2,1,1,0,0,1,0,0,1,0,0,0,0,0,1,0,0,0,0,0,0,0,1,0,2,1,2,0,0,0,0,1,0,0,0,1,0,0,0,0
985,Data Analyst,7.97,75.9,79.8,89.5,66.2,60.2,86.3,75.5,2,1,0,0,1,0,2,0,0,0,1,0,1,0,2,0,0,0,0,3,0,0,0,3,0,1,2,0,0,0,0,0,0,0,2,0,0,0,0,0,0
986,Data Analyst,7.17,97.4,89.7,75.4,70.5,91.4,78.4,78.9,3,2,0,0,1,1,0,0,1,0,0,0,0,0,0,0,0,0,0,3,0,0,0,0,2,3,2,2,0,0,0,0,0,1,0,0,0,0,3,0,1
987,Data Analyst,7.74,88.8,75.5,70.8,86.3,61.8,67.9,71.7,3,3,0,0,1,1,1,0,0,0,0,0,0,0,0,1,0,0,0,3,0,0,0,3,2,2,3,3,3,0,1,0,2,0,0,0,0,0,0,1,0
988,Data Analyst,6.99,67.1,87.0,78.4,70.3,55.9,76.4,70.2,2,2,1,0,1,1,0,1,0,0,0,0,0,0,0,2,1,0,0,3,1,0,0,1,0,0,1,2,1,0,0,0,0,0,0,0,0,0,1,0,0
989,Data Analyst,8.52,81.4,68.2,84.0,79.2,79.1,72.9,78.8,1,1,1,1,0,1,3,0,0,0,0,0,0,0,0,0,2,0,0,3,0,0,0,3,2,2,3,2,0,0,0,0,0,0,0,1,0,0,0,0,0
990,Data Analyst,9.15,73.6,92.1,62.8,87.4,78.4,88.9,79.4,4,3,2,1,0,1,0,0,0,0,2,2,0,0,0,0,0,0,0,3,0,0,0,0,2,3,2,2,0,0,0,0,0,0,0,0,0,0,0,0,0
991,Data Analyst,6.04,77.8,69.8,73.2,89.2,82.2,70.7,78.8,2,2,2,1,1,1,0,0,0,1,0,0,0,0,0,1,0,0,0,1,0,0,0,0,3,0,2,3,0,0,0,0,0,0,0,0,0,0,1,0,2
992,Data Analyst,8.48,72.5,85.6,69.2,80.3,88.5,74.0,78.0,1,1,1,1,1,1,0,0,0,1,2,0,1,0,0,0,0,0,1,0,0,0,0,2,0,3,2,0,0,0,0,0,0,0,0,0,3,0,0,0,0
993,Data Analyst,8.15,76.4,88.8,71.3,59.2,79.5,70.1,70.0,2,2,0,0,1,1,0,0,0,0,0,0,0,0,0,0,0,0,1,2,0,0,0,3,1,2,0,0,0,0,1,0,0,0,0,0,0,0,1,0,0
994,Data Analyst,7.11,71.8,76.9,75.7,74.5,68.5,72.3,72.8,2,2,2,1,1,1,3,0,0,0,1,0,0,0,0,0,0,0,0,3,0,0,2,3,0,3,2,3,0,0,0,0,1,0,0,0,0,0,0,0,1
995,Data Analyst,8.65,80.0,65.3,75.9,73.6,78.5,93.6,80.4,2,1,1,0,1,1,3,0,2,1,0,0,0,0,0,0,0,1,0,0,0,3,0,3,1,3,3,3,0,0,0,0,0,0,0,0,0,0,1,0,0
996,Data Analyst,6.98,78.7,83.8,68.9,49.0,78.2,74.6,67.7,2,1,1,0,1,1,0,0,0,0,0,0,0,0,0,0,0,0,1,2,2,0,0,3,3,0,0,3,0,0,1,0,0,0,0,0,0,0,0,0,0
997,Data Analyst,6.51,84.1,70.5,58.8,58.6,71.7,74.8,66.0,2,2,0,0,1,1,0,0,0,0,2,0,1,0,0,2,0,0,0,3,0,0,0,3,0,3,1,0,1,1,1,3,1,0,0,0,0,0,1,0,0
998,Data Analyst,7.17,77.6,75.3,90.2,85.1,75.9,63.6,78.7,4,2,0,0,1,0,0,0,0,2,0,0,0,1,0,2,0,0,0,2,0,0,0,3,2,0,0,0,0,1,0,0,0,0,0,0,0,0,2,0,0
999,Data Analyst,6.46,91.5,89.2,57.3,89.6,66.1,79.0,73.0,4,2,2,0,1,1,1,0,0,0,0,0,2,0,0,0,0,0,0,3,0,1,0,0,2,1,2,1,0,0,0,0,2,0,0,1,0,0,0,0,0
1000,Data Analyst,7.55,80.2,86.5,75.1,79.2,62.1,69.3,71.4,3,1,2,1,1,1,0,0,0,0,0,0,0,0,0,0,0,0,0,3,0,1,1,2,1,1,3,2,2,0,0,0,1,0,0,0,0,0,0,0,2
1001,Data Analyst,8.84,70.2,79.4,81.2,80.9,72.5,55.8,72.6,2,3,0,0,1,0,1,0,0,1,0,1,0,0,0,0,0,0,0,3,0,0,1,2,2,2,3,2,0,0,0,0,0,0,2,2,0,0,0,0,0
1002,Data Analyst,7.79,82.6,74.6,60.7,78.2,67.0,83.7,72.4,1,3,3,1,0,1,1,0,0,0,0,0,0,0,0,0,0,0,0,3,0,0,1,3,2,2,0,0,0,1,0,0,0,0,0,0,0,1,1,0,0
1003,Data Analyst,6.4,81.2,82.0,76.8,85.1,65.4,84.7,78.0,2,2,2,0,1,1,2,0,0,2,0,0,0,0,1,0,0,0,0,3,0,0,1,3,2,3,2,0,0,0,1,0,2,0,0,0,1,0,1,0,0
1004,Data Analyst,6.29,77.1,86.2,63.9,89.7,53.5,63.4,67.6,2,1,1,1,1,0,2,0,0,0,0,0,0,0,0,0,0,0,0,2,0,0,0,2,1,2,3,2,0,0,1,0,0,1,0,0,0,2,0,0,0
1005,Data Analyst,7.21,86.5,77.9,52.7,82.1,84.1,76.0,73.7,3,2,2,1,0,1,3,0,0,0,0,0,0,0,0,0,0,0,0,3,0,0,1,2,3,3,3,0,0,0,0,0,0,0,0,0,1,0,0,0,1
1006,Data Analyst,7.31,92.7,81.6,79.9,78.6,52.8,86.1,74.3,2,3,3,1,1,1,1,0,2,1,0,0,0,0,0,1,2,0,0,2,0,0,0,2,3,3,3,2,0,0,0,0,0,0,0,0,0,0,0,1,0
1007,Data Analyst,6.93,80.0,62.9,94.5,63.6,57.0,44.6,64.9,3,3,0,0,1,1,2,0,2,0,0,0,0,0,0,0,0,0,0,3,0,0,0,0,0,1,3,3,1,0,0,1,0,0,0,0,0,0,1,0,0
1008,Data Analyst,8.23,73.0,83.9,62.9,75.4,79.1,74.3,72.9,4,3,2,1,0,0,1,0,0,0,0,0,0,0,2,0,0,0,0,3,0,0,0,2,3,2,0,2,0,0,2,0,0,0,0,0,2,0,1,0,1
1009,Data Analyst,5.75,86.5,72.3,82.2,59.0,68.3,71.8,70.3,2,2,2,0,0,1,2,0,0,0,0,0,0,0,0,0,0,1,0,3,0,0,0,2,2,0,2,0,0,1,0,0,0,0,0,0,0,0,0,0,1
1010,Data Analyst,7.03,80.3,78.2,54.5,59.0,55.0,59.3,57.0,2,2,3,0,1,1,0,0,0,0,0,0,0,0,0,0,1,0,0,3,1,0,0,2,2,3,0,0,0,0,0,0,0,0,0,0,0,0,0,0,0
1011,Data Analyst,7.21,91.3,84.2,71.1,63.9,72.9,73.2,70.3,2,2,2,0,0,1,0,0,0,0,0,0,0,0,0,0,0,0,0,3,0,1,0,1,2,1,1,3,0,0,0,0,0,0,2,0,0,0,0,0,0
1012,Data Analyst,7.83,69.4,80.7,81.0,93.0,54.0,68.1,74.0,0,3,1,1,1,1,1,1,0,0,0,0,1,0,0,0,2,0,2,2,0,0,0,2,2,2,2,2,0,0,0,0,0,0,0,2,1,0,0,0,0
1013,Data Analyst,8.6,78.0,80.9,66.6,78.6,73.8,85.6,76.2,2,2,1,1,0,1,2,0,1,0,1,0,2,0,1,0,0,0,0,1,0,1,0,1,3,3,3,0,0,2,0,0,0,0,0,0,0,0,0,0,0
1014,Data Analyst,8.41,86.4,78.4,92.3,80.0,65.8,66.3,76.1,4,2,2,0,1,1,2,0,0,0,0,1,0,0,0,0,0,0,0,3,0,0,2,3,1,3,3,0,0,0,0,0,0,0,0,0,0,0,0,0,0
1015,Data Analyst,7.47,91.7,95.5,64.8,75.5,67.2,71.7,69.8,3,3,0,0,0,0,2,0,0,0,0,0,0,0,2,0,0,0,1,0,0,0,0,1,0,1,2,0,0,0,0,1,0,0,0,0,0,0,0,0,0
1016,Data Analyst,7.37,87.3,80.1,83.1,75.7,63.9,78.0,75.2,2,3,1,1,1,1,3,0,0,1,0,1,0,0,0,0,0,2,0,3,0,0,1,1,0,3,0,1,0,0,0,1,0,0,2,0,0,0,0,0,0
1017,Data Analyst,8.34,79.8,74.2,73.0,76.3,82.8,64.4,74.1,1,2,1,1,1,1,2,0,0,1,1,0,0,0,0,0,1,0,2,2,0,0,0,2,2,3,1,0,0,0,0,0,0,0,0,0,0,0,1,0,0
1018,Data Analyst,7.08,78.5,76.0,61.9,86.3,66.5,72.1,71.7,3,2,1,1,1,1,0,0,0,0,1,0,0,0,0,0,0,0,1,3,0,0,0,2,3,2,0,3,0,0,0,0,0,0,1,0,2,0,0,0,0
1019,Data Analyst,7.95,88.6,64.8,66.3,64.9,60.3,64.0,63.9,0,2,2,1,1,0,3,0,0,0,0,0,0,0,2,0,2,2,0,2,0,0,0,0,2,0,0,2,0,0,1,0,0,0,3,0,0,0,0,0,0
1020,Data Analyst,7.19,76.2,74.5,63.0,56.0,58.6,52.8,57.6,4,2,3,0,1,1,1,0,0,0,1,0,0,0,0,0,1,0,0,3,0,0,0,2,0,3,0,0,0,0,0,0,0,0,2,0,0,2,0,0,0
1021,Data Analyst,6.62,72.0,88.8,73.6,67.8,53.1,74.3,67.2,3,3,0,0,1,1,0,0,0,0,0,0,0,2,0,0,0,0,0,2,0,0,0,2,1,3,3,2,0,0,0,0,1,2,0,1,0,0,0,0,0
1022,Data Analyst,5.32,82.5,90.1,75.6,75.3,63.8,80.1,73.7,2,1,1,1,1,1,0,0,0,1,0,0,0,1,0,0,0,0,0,3,1,0,0,3,0,2,3,3,0,0,1,1,2,0,0,1,0,0,0,0,0
1023,Data Analyst,7.13,79.0,68.4,100.0,97.1,53.3,71.1,85.1,1,2,0,0,0,1,2,1,0,0,0,0,1,0,1,2,0,0,0,3,0,0,0,3,2,2,3,3,0,0,0,0,0,0,1,0,0,3,0,0,0
1024,Data Analyst,7.36,83.7,69.6,69.3,63.6,64.2,70.2,66.8,2,2,1,1,1,0,1,0,0,1,0,0,2,0,0,1,1,0,0,2,0,0,0,3,1,2,3,0,0,0,0,1,0,0,0,0,0,0,1,0,0
1025,Data Analyst,6.95,73.1,98.9,91.3,91.0,68.8,89.4,85.1,3,1,1,1,1,1,2,0,0,0,0,1,0,1,0,0,0,0,0,3,0,0,0,2,1,2,3,0,0,0,1,0,0,1,0,0,0,0,0,1,0
1026,Data Analyst,8.22,75.5,82.2,77.3,80.1,71.2,74.7,75.8,3,2,2,0,0,1,2,0,0,0,0,0,0,0,0,0,0,0,0,3,0,0,0,3,1,3,3,2,2,1,0,0,0,0,0,2,0,1,0,0,0
1027,Data Analyst,6.54,71.1,74.7,73.5,62.2,95.3,83.6,78.7,1,2,2,0,0,1,0,0,0,1,2,0,0,0,1,0,0,0,2,3,0,0,0,2,3,1,2,3,0,0,0,0,0,0,0,1,0,0,0,0,0
1028,Data Analyst,6.52,85.9,66.6,86.7,70.4,76.8,87.0,80.2,2,1,2,1,1,1,1,0,0,2,0,0,0,0,0,0,0,1,0,2,0,0,0,3,3,3,2,1,1,0,0,0,0,0,0,0,1,1,0,0,0
1029,Data Analyst,8.28,78.8,84.0,80.2,77.5,68.9,68.6,73.8,1,3,2,1,0,1,2,1,0,0,0,2,0,1,0,0,0,0,0,3,0,1,0,1,3,3,0,0,0,0,0,0,0,0,0,0,0,0,1,0,0
1030,Data Analyst,6.21,83.8,65.4,72.4,67.6,67.2,89.2,74.1,2,2,1,1,1,1,3,0,1,0,0,0,0,0,0,1,0,0,1,3,0,1,0,2,3,2,3,2,0,0,0,0,0,0,0,0,0,1,0,0,0
1031,Data Analyst,5.33,73.9,63.8,66.0,64.3,67.1,89.5,71.7,3,1,2,1,1,0,3,0,0,0,0,0,0,0,2,0,0,0,0,3,0,0,0,3,2,2,2,1,0,0,0,0,0,2,0,2,1,0,0,0,1
1032,Data Analyst,6.5,76.3,81.4,61.6,67.2,58.2,58.7,61.4,3,1,2,0,0,1,0,0,0,0,1,0,0,0,0,0,0,0,0,0,0,2,1,3,2,2,3,3,0,0,0,0,0,0,0,0,0,1,0,1,0
1033,Data Analyst,7.41,79.9,84.0,71.3,33.4,63.7,95.3,65.9,2,1,1,0,1,1,2,0,0,0,0,0,0,0,1,0,0,2,0,2,0,0,0,3,1,0,2,2,0,1,0,0,0,0,0,1,0,0,0,0,0
1034,Data Analyst,8.55,77.6,67.1,88.0,100.0,52.9,75.4,79.2,4,2,3,1,1,1,0,0,0,0,0,0,0,0,0,0,0,0,0,3,2,0,0,3,2,1,0,3,0,0,0,0,0,0,0,2,2,0,2,0,0
1035,Data Analyst,6.5,79.8,71.6,67.9,86.1,67.2,73.5,73.7,3,2,3,1,1,0,2,2,0,0,1,0,0,2,0,1,2,0,0,3,0,0,0,3,1,3,3,0,2,2,0,0,0,0,0,0,0,0,0,0,1
1036,Data Analyst,7.19,94.0,96.4,84.7,86.5,82.3,78.3,83.0,1,3,2,1,1,1,1,1,0,0,0,0,2,0,0,0,0,0,0,3,0,0,0,2,2,2,3,2,0,0,0,0,0,0,0,0,0,1,1,0,0
1037,Data Analyst,6.91,73.9,71.9,69.5,67.3,69.5,65.8,68.0,2,3,3,1,0,1,3,0,0,0,0,0,0,0,0,0,1,0,0,2,0,0,0,2,1,2,1,0,2,0,1,0,0,0,1,0,0,0,0,0,0
1038,Data Analyst,8.6,70.0,78.2,64.5,42.1,64.6,85.3,64.1,1,2,3,0,1,1,1,0,1,0,0,2,0,0,0,0,0,0,0,0,0,0,0,2,1,3,0,1,0,1,0,0,0,0,0,0,0,2,0,1,0
1039,Data Analyst,8.09,68.5,81.7,55.7,75.3,53.7,81.9,66.7,3,2,1,0,1,1,2,0,0,1,0,0,1,0,2,0,1,0,0,3,0,0,0,3,0,3,2,0,0,0,0,0,0,0,0,0,0,0,1,0,0
1040,Data Analyst,7.1,68.1,70.4,80.0,70.3,65.9,52.0,67.1,3,3,0,0,1,1,3,0,2,0,0,1,1,0,0,0,1,0,0,2,0,0,0,3,3,0,0,0,0,0,0,0,0,0,0,0,1,0,2,0,0
1041,Data Analyst,7.53,76.4,72.1,71.2,69.4,74.5,69.9,71.2,1,1,3,1,1,0,2,1,0,0,0,0,0,0,0,0,0,0,0,2,0,0,0,3,2,0,3,2,0,1,0,0,0,0,1,1,0,0,0,0,0
1042,Data Analyst,8.03,88.7,89.3,77.5,84.4,71.3,79.6,78.2,2,3,0,0,1,1,3,0,0,0,0,0,2,0,0,0,0,0,0,3,0,0,0,3,3,3,1,1,0,0,2,0,0,0,0,0,0,0,0,0,0
1043,Data Analyst,6.66,85.7,75.4,57.7,90.8,52.1,74.8,68.8,1,2,1,1,1,0,1,0,0,2,0,0,0,0,0,0,0,1,0,2,0,0,0,2,3,3,2,3,0,0,1,0,0,0,0,1,0,0,1,0,0
1044,Data Analyst,8.43,90.8,65.5,62.4,89.3,61.3,57.9,67.7,2,2,0,0,1,0,3,1,0,0,1,0,0,0,0,0,0,1,0,2,0,0,0,0,2,3,2,3,0,0,0,0,0,1,0,0,0,1,0,0,0
1045,Data Analyst,7.55,80.1,68.4,64.9,71.7,69.0,72.7,69.6,1,2,2,1,1,1,0,0,0,0,0,0,0,0,0,0,0,0,0,2,0,0,2,0,3,2,2,1,2,2,1,0,0,0,0,0,1,0,0,1,0
1046,Data Analyst,7.89,77.2,68.1,69.4,60.5,62.0,85.9,69.5,4,2,0,0,1,1,2,0,0,0,0,0,0,1,0,0,0,0,0,2,0,0,0,3,1,1,3,0,0,0,0,0,0,0,0,0,0,1,0,0,0
1047,Data Analyst,7.09,79.9,73.7,75.2,75.4,80.2,77.2,77.0,3,2,1,1,0,1,2,0,0,0,0,0,2,0,0,0,1,0,0,3,0,0,0,2,3,3,1,2,0,0,0,0,0,0,1,0,0,0,1,0,0
1048,Data Analyst,6.14,75.2,93.6,72.2,83.2,75.0,85.1,78.9,1,1,2,0,1,1,2,0,0,1,0,0,0,2,0,0,2,0,0,2,0,0,0,2,2,3,2,1,0,0,0,0,0,0,0,0,0,0,0,0,1
1049,Data Analyst,7.9,79.8,77.4,68.6,69.3,75.3,71.6,71.2,1,3,1,1,1,1,0,0,1,0,0,2,0,2,0,0,0,0,0,3,0,0,0,1,2,3,3,3,0,0,1,0,0,0,1,1,0,0,2,0,0
1050,Data Analyst,7.78,100.0,74.2,73.5,68.5,73.0,62.5,69.4,1,3,0,0,1,1,3,0,0,0,1,0,0,0,0,0,1,0,0,1,0,0,0,2,2,3,2,0,1,0,0,0,0,0,0,0,0,0,0,2,0
1051,Data Analyst,8.56,79.6,69.4,59.2,72.6,56.7,78.4,66.7,3,3,1,1,0,1,2,0,0,1,0,0,0,0,0,0,0,0,0,2,0,1,0,2,3,2,1,0,0,1,0,0,2,0,0,0,1,1,0,0,0
1052,Data Analyst,6.35,81.4,86.5,77.1,80.8,78.4,60.5,74.2,2,2,3,1,0,0,3,0,0,0,0,0,0,0,0,2,0,0,0,2,0,0,0,2,2,3,0,2,0,0,1,0,0,0,0,2,0,1,0,0,0
1053,Data Analyst,8.23,88.3,70.1,76.6,86.6,78.5,78.8,80.1,2,3,2,1,1,1,3,2,0,0,0,2,0,0,0,0,0,0,0,2,0,0,0,3,3,3,3,2,1,0,0,0,0,0,0,0,0,0,3,2,2
1054,Data Analyst,7.63,84.7,67.3,81.8,55.0,75.1,76.7,72.2,2,1,1,1,1,1,0,0,0,0,0,0,0,2,2,0,0,0,0,3,0,0,2,3,3,1,2,2,0,0,0,0,0,0,0,0,0,0,0,0,1
1055,Data Analyst,7.56,76.2,68.2,67.2,56.1,73.6,100.0,75.7,2,2,1,0,1,1,3,0,0,0,0,2,0,0,0,0,1,0,0,0,0,1,0,0,3,2,2,2,0,0,0,0,0,0,0,0,0,0,2,0,0
1056,Data Analyst,7.17,90.6,76.0,84.4,58.5,86.7,66.8,74.1,2,3,2,0,1,1,2,0,0,0,2,0,0,0,0,0,0,1,0,1,0,0,0,1,3,3,1,2,0,1,0,0,0,0,0,0,0,0,0,1,1
1057,Data Analyst,8.66,70.2,74.2,71.3,64.6,55.2,83.3,68.6,3,1,1,1,1,1,0,1,0,0,0,0,0,0,0,0,0,0,0,3,0,0,0,1,3,1,0,0,2,0,1,0,0,0,0,0,0,0,0,1,2
1058,Data Analyst,7.68,80.8,71.6,59.5,59.6,80.3,79.8,69.8,2,3,2,1,1,1,1,1,1,1,0,0,1,0,0,0,0,0,0,3,0,0,0,3,1,3,0,3,1,0,1,1,1,0,2,0,0,0,0,0,0
1059,Data Analyst,8.66,87.0,68.7,65.6,76.7,75.0,57.8,68.8,1,3,0,0,1,0,2,0,0,0,0,1,0,0,0,0,0,0,0,3,0,2,0,3,2,2,3,3,0,0,0,0,0,0,0,0,0,0,0,0,0
1060,Data Analyst,7.05,86.1,70.4,61.6,58.6,77.6,70.9,67.2,3,3,0,0,1,1,3,0,0,0,0,0,0,1,0,0,0,0,1,1,0,0,0,2,2,1,3,2,1,0,0,0,0,0,0,0,0,0,0,0,2
1061,Data Analyst,7.3,80.6,88.1,71.0,91.0,79.1,97.4,84.6,3,2,1,1,1,1,3,0,0,0,1,0,0,0,0,0,0,1,0,3,0,0,0,0,2,0,1,3,0,0,0,0,1,1,0,0,2,2,0,0,0
1062,Data Analyst,7.27,74.1,76.0,84.6,82.9,75.5,69.6,78.2,3,3,3,1,1,0,1,0,0,0,1,0,0,0,0,0,1,0,0,3,2,1,0,2,0,2,3,3,1,0,0,0,0,0,0,1,0,0,0,0,2
1063,Data Analyst,9.58,72.4,73.9,66.1,63.2,58.9,87.3,68.9,1,3,1,1,1,0,1,0,0,0,0,0,0,0,0,2,0,1,0,2,0,0,0,2,2,3,3,0,0,0,1,0,2,0,0,0,0,0,0,0,0
1064,Data Analyst,5.75,68.7,87.5,83.2,61.1,68.5,81.0,73.5,2,2,3,1,1,1,3,0,1,0,2,0,0,0,0,0,0,0,0,0,0,0,0,2,2,3,3,1,0,2,0,0,0,0,0,0,0,0,0,0,0
1065,Data Analyst,9.21,95.0,83.6,77.8,64.0,69.8,66.0,69.4,2,3,2,1,1,1,3,0,0,0,0,0,0,0,0,0,0,0,1,1,0,0,0,3,0,2,3,3,0,1,0,0,0,1,0,0,0,0,0,0,0
1066,Data Analyst,7.69,77.0,86.5,74.0,77.0,57.9,63.6,68.1,3,3,1,1,1,0,1,0,3,0,0,1,0,0,0,0,0,0,0,2,1,0,1,1,3,2,0,0,0,0,1,0,0,0,0,0,1,0,0,0,0
1067,Data Analyst,8.38,77.1,74.0,77.2,78.1,66.8,88.3,77.6,2,2,1,0,0,1,1,0,0,0,0,0,1,2,0,0,2,0,0,3,0,0,1,2,3,3,2,0,0,0,0,0,0,0,0,0,0,0,0,0,2
1068,Data Analyst,6.77,70.8,60.0,73.7,92.1,82.3,83.6,82.9,1,2,2,1,0,1,2,0,0,0,0,0,1,0,0,0,0,0,0,3,0,1,0,1,3,2,2,3,0,0,0,0,0,0,0,0,0,0,0,0,0
1069,Data Analyst,8.46,71.0,69.6,100.0,61.8,88.2,76.6,81.9,2,1,3,1,1,1,2,0,0,0,0,0,0,1,0,0,1,1,0,3,2,0,0,2,3,2,3,2,0,0,0,2,0,2,0,0,0,0,0,0,0
1070,Data Analyst,7.59,85.3,69.9,70.4,84.9,71.1,80.5,76.7,2,2,0,0,1,0,2,0,0,0,0,0,0,0,1,0,0,0,0,0,0,0,0,3,2,3,1,2,0,0,0,2,0,0,0,0,0,0,0,0,0
1071,Data Analyst,5.88,80.3,81.5,66.6,83.3,82.3,88.7,80.2,1,1,1,1,1,0,1,0,0,0,2,0,0,0,0,0,0,0,0,2,0,0,0,2,2,2,3,0,0,0,0,0,0,0,0,0,0,2,1,2,0
1072,Data Analyst,9.11,79.5,64.1,78.7,66.4,72.2,91.4,77.2,1,2,2,1,1,1,0,0,0,1,0,0,0,0,0,0,0,0,0,3,0,2,0,1,1,2,3,2,0,0,0,0,0,0,0,1,0,0,0,0,0
1073,Data Analyst,7.31,72.0,84.7,64.3,59.1,64.8,70.6,64.7,3,3,1,1,1,0,2,0,0,1,0,0,0,1,0,0,1,1,0,0,0,0,0,3,1,0,0,1,0,0,0,0,0,0,0,1,0,0,0,0,0
1074,Data Analyst,6.45,86.4,58.0,100.0,72.6,56.9,85.7,79.1,2,3,2,0,0,1,2,0,0,0,0,0,0,0,0,0,1,0,0,3,0,2,0,3,3,2,3,0,0,0,0,1,0,0,0,0,0,0,0,0,0
1075,Data Analyst,7.1,67.5,75.2,66.5,70.1,63.6,73.3,68.4,1,1,1,0,0,1,0,0,0,2,1,0,0,1,0,0,0,0,0,3,0,0,0,0,3,2,3,0,0,0,1,0,0,0,0,0,0,0,0,2,0
1076,Data Analyst,7.74,73.2,91.9,62.7,73.9,59.3,77.4,68.3,4,2,1,1,1,1,0,0,0,0,0,2,0,0,0,0,0,0,0,3,0,0,2,3,2,3,2,0,0,2,2,0,0,0,0,0,0,0,0,2,1
1077,Data Analyst,7.35,77.3,65.0,42.2,85.5,78.6,71.9,69.6,2,2,1,1,1,0,1,1,0,0,0,0,0,0,1,0,0,0,0,2,1,0,1,2,2,3,1,0,0,0,0,0,0,0,0,0,0,0,0,0,0
1078,Data Analyst,7.77,87.1,74.8,67.1,68.4,51.9,59.0,61.6,1,2,1,1,1,0,2,0,0,0,0,0,0,0,0,0,0,0,0,3,0,0,0,1,3,3,2,0,0,0,0,0,0,0,0,0,1,0,0,0,0
1079,Data Analyst,8.14,82.7,73.6,85.3,83.7,72.5,50.3,73.0,0,3,0,0,0,1,2,1,0,0,0,0,0,0,0,0,0,0,0,3,0,1,0,3,3,0,3,2,0,0,0,1,0,0,0,0,1,1,1,2,2
1080,Data Analyst,7.78,85.3,90.2,65.1,76.0,82.1,81.6,76.2,3,2,1,0,0,1,0,0,0,0,0,0,0,0,0,0,0,0,0,3,0,1,0,3,2,3,1,1,0,0,0,0,2,2,2,0,0,0,0,1,0
1081,Data Analyst,7.94,86.9,63.1,65.4,76.8,77.3,83.4,75.7,2,2,2,0,1,1,2,0,0,2,0,0,0,0,0,1,0,0,0,2,1,0,0,2,0,2,3,1,0,2,2,3,0,1,0,0,0,0,0,0,0
1082,Data Analyst,6.06,69.7,78.0,67.6,76.4,70.8,54.2,67.2,3,2,1,1,0,0,0,0,0,0,0,0,0,0,0,0,0,1,0,2,0,0,0,0,3,1,0,0,0,0,0,0,0,0,0,0,0,0,0,0,0
1083,Data Analyst,7.96,83.0,61.9,83.9,58.2,99.6,67.4,77.3,2,2,3,1,1,1,3,0,0,1,0,0,0,1,0,0,0,0,0,3,0,0,0,3,3,2,2,2,0,0,0,0,0,0,0,0,0,0,0,0,0
1084,Data Analyst,7.39,69.5,86.8,57.2,85.2,52.6,76.5,67.9,2,1,2,1,1,1,2,0,0,0,0,0,0,0,0,0,0,0,0,2,1,0,0,1,1,3,0,0,0,0,0,1,0,0,0,0,0,0,1,0,1
1085,Data Analyst,7.94,89.1,71.7,67.5,69.9,54.2,68.7,65.1,2,2,1,1,1,0,2,0,0,2,0,0,0,0,0,0,0,0,0,2,0,0,1,1,3,3,0,0,0,0,1,0,0,0,0,0,0,0,0,0,0
1086,Data Analyst,6.51,93.0,93.4,89.7,66.5,81.1,62.3,74.9,1,2,0,0,0,1,0,0,0,0,0,1,1,0,0,0,0,0,0,2,0,0,0,3,3,3,2,3,0,0,1,0,0,0,0,0,0,0,0,0,0
1087,Data Analyst,6.88,89.6,80.2,56.4,91.2,74.8,69.9,73.1,2,2,1,1,0,1,2,0,0,0,2,0,0,0,0,2,0,0,0,2,0,1,0,0,0,2,1,0,0,0,0,0,1,0,0,1,0,0,2,0,0
1088,Data Analyst,8.29,70.9,76.4,58.4,65.8,67.2,78.1,67.4,1,3,3,1,0,0,1,0,0,0,0,0,0,0,0,0,1,0,0,3,0,0,0,0,1,0,3,2,0,0,0,0,0,0,0,2,1,0,0,0,0
1089,Data Analyst,7.84,72.7,85.5,74.2,91.6,38.8,92.1,74.2,2,1,1,1,1,1,3,0,0,0,0,0,0,0,0,0,0,0,0,2,0,0,0,3,2,3,3,0,0,0,0,2,0,2,0,0,0,0,0,0,2
1090,Data Analyst,8.15,82.1,68.4,82.6,79.2,100.0,72.4,84.4,2,2,1,0,0,1,3,0,0,0,1,0,0,0,0,0,0,0,1,2,0,0,0,2,2,2,0,0,0,0,1,0,0,0,0,0,0,0,2,0,0
1091,Data Analyst,7.93,75.9,80.8,89.3,54.9,76.1,92.9,78.3,2,1,2,1,1,1,1,0,0,0,0,0,0,0,0,1,1,0,0,2,0,0,0,3,0,2,3,2,0,1,0,0,1,0,0,0,0,0,0,0,0
1092,Data Analyst,8.39,77.4,86.2,61.2,50.8,67.4,81.4,65.2,1,3,0,0,1,0,0,0,0,1,1,1,0,2,0,1,0,0,0,3,0,0,0,2,3,0,2,2,0,1,0,0,0,0,0,2,0,0,2,0,1
1093,Data Analyst,7.42,84.2,72.3,69.8,80.8,77.1,74.7,75.6,3,2,1,1,1,1,0,0,0,0,0,0,0,0,1,2,1,1,0,2,0,0,0,3,2,1,3,2,0,0,0,0,0,0,0,0,0,0,0,1,0
1094,Data Analyst,7.29,76.3,81.0,80.3,80.0,51.7,60.8,68.2,2,2,1,0,1,0,2,1,0,1,1,1,0,0,1,0,0,0,1,0,0,0,1,2,2,2,0,0,0,0,0,1,0,0,0,0,0,0,0,0,0
1095,Data Analyst,6.05,71.1,79.8,68.0,75.1,49.9,66.0,64.8,4,3,2,0,1,1,2,0,0,0,0,1,0,2,0,1,0,0,0,3,0,0,2,3,3,2,2,0,0,0,0,2,0,0,0,0,2,0,0,0,0
1096,Data Analyst,8.07,88.7,85.9,62.8,89.6,58.4,67.0,69.4,3,2,1,1,1,1,2,0,2,1,0,0,0,2,1,0,0,0,0,2,0,0,0,1,2,2,3,2,0,1,0,0,2,1,0,0,0,0,2,1,0
1097,Data Analyst,7.22,75.3,67.0,80.9,68.2,55.2,50.6,63.7,3,2,1,0,1,0,2,0,0,1,0,0,0,0,2,1,0,0,0,3,0,1,0,2,2,3,2,2,1,0,0,1,0,0,0,0,0,0,1,0,0
1098,Data Analyst,8.83,75.1,72.1,74.5,65.8,67.2,74.1,70.4,2,2,1,1,1,1,0,2,0,0,2,0,0,0,2,0,0,0,1,2,0,0,0,3,2,2,3,0,1,0,0,1,0,0,0,0,0,0,1,0,0
1099,Data Analyst,7.38,82.0,93.3,63.6,80.9,84.6,82.7,78.0,1,2,0,0,0,0,0,0,0,0,1,0,1,0,0,1,0,0,2,3,1,0,0,2,3,3,0,0,1,0,0,0,1,0,1,0,1,0,0,0,2
1100,Data Analyst,6.14,79.4,74.9,53.4,74.8,64.2,62.5,63.7,2,1,2,1,0,1,3,0,0,0,0,0,0,0,0,0,0,0,0,1,0,0,0,2,0,2,3,3,0,2,0,0,0,0,0,0,0,0,0,1,0
1101,Data Analyst,7.62,83.3,68.5,96.9,41.5,71.3,73.1,70.7,2,3,1,0,1,1,2,0,0,0,0,0,0,0,0,0,0,0,0,3,0,0,0,2,3,2,0,2,0,0,0,0,0,2,1,1,0,0,0,0,1
1102,Data Analyst,6.93,67.0,86.6,66.3,68.5,41.3,83.3,64.9,2,2,1,1,0,1,2,0,0,1,0,0,0,0,0,0,0,0,0,2,0,0,0,1,1,2,3,2,0,0,0,0,0,1,0,0,0,0,0,0,0
1103,Data Analyst,6.91,89.9,74.5,81.7,66.1,60.2,66.1,68.5,1,3,2,1,0,0,1,0,0,0,0,1,0,0,0,0,0,0,0,3,0,0,0,2,2,1,3,2,0,2,0,0,0,0,0,0,0,1,0,0,0
1104,Data Analyst,7.16,72.0,62.9,74.6,86.2,56.3,63.4,70.1,1,1,1,0,1,1,0,0,0,0,0,1,0,0,0,1,0,0,0,1,0,0,2,0,3,3,2,1,0,0,0,0,0,0,0,0,0,0,0,0,0
1105,Data Analyst,7.84,74.1,73.7,81.7,88.8,81.3,71.5,80.8,3,2,2,1,0,1,2,0,0,0,0,0,0,0,0,0,0,0,0,2,0,2,0,2,0,2,3,3,0,0,0,0,0,0,0,0,0,0,0,0,0
1106,Data Analyst,9.33,88.2,69.9,100.0,81.9,64.2,65.8,79.1,2,2,2,1,0,1,0,0,2,0,0,0,2,0,0,0,2,0,1,2,0,0,0,1,2,0,1,3,0,0,3,0,0,0,0,0,0,0,0,0,0
1107,Data Analyst,8.01,91.7,79.2,75.3,90.5,72.6,60.6,74.8,3,3,3,1,1,1,2,0,0,0,2,1,0,0,0,0,0,0,0,2,0,0,0,3,2,1,3,0,0,0,0,1,0,0,0,0,0,0,0,0,0
1108,Data Analyst,7.62,85.2,79.2,68.1,75.1,85.5,65.9,73.7,3,2,2,1,1,0,0,0,1,0,0,0,0,0,0,0,1,0,0,2,0,0,0,2,0,3,2,1,1,2,0,0,0,1,0,2,0,0,0,0,0
1109,Data Analyst,8.25,58.1,78.5,78.6,40.5,80.3,81.0,70.1,0,3,2,0,1,1,0,0,0,0,2,0,0,0,1,0,0,0,0,2,0,2,0,3,3,3,2,2,0,0,0,1,0,0,0,0,0,0,0,0,0
1110,Data Analyst,6.15,82.6,92.5,55.2,61.2,71.1,63.0,62.6,1,2,1,1,1,1,0,0,0,0,0,0,0,0,0,1,0,1,0,2,0,0,1,3,3,3,3,3,0,2,0,0,0,2,0,0,0,0,0,2,0
1111,Data Analyst,9.19,80.0,77.6,79.7,77.3,80.9,65.8,75.9,2,1,0,0,1,1,2,2,0,2,0,0,1,0,0,0,0,0,1,3,0,0,0,3,2,1,2,2,1,0,0,1,0,0,0,0,0,1,0,1,0
1112,Data Analyst,7.66,77.1,77.0,97.7,75.7,88.3,65.5,81.8,2,2,1,0,1,1,0,0,0,0,0,0,0,0,0,0,0,0,0,2,0,0,0,2,0,3,2,0,2,0,0,0,0,1,0,0,0,0,0,0,0
1113,Data Analyst,7.5,83.5,75.5,75.4,91.3,63.1,61.3,72.8,3,2,2,0,0,1,2,0,0,1,1,0,0,0,0,0,1,0,0,3,0,0,0,3,3,3,0,0,0,0,1,0,0,0,0,1,0,0,0,2,0
1114,Data Analyst,7.41,82.0,77.3,72.4,75.8,47.9,64.8,65.2,3,2,3,1,1,1,3,0,0,0,0,0,0,0,0,0,0,0,0,0,2,0,0,3,2,2,3,0,0,2,0,0,0,0,0,0,2,0,0,0,0
1115,Data Analyst,7.72,85.4,73.0,72.8,69.0,72.1,63.5,69.3,1,1,1,0,1,1,2,0,0,0,1,0,0,0,0,0,0,0,0,1,0,0,0,1,2,1,0,1,0,0,1,1,0,0,1,0,0,0,0,0,0
1116,Data Analyst,7.68,89.8,77.8,71.6,70.3,71.3,67.0,70.0,1,3,3,1,0,1,2,0,0,0,0,0,0,0,0,2,0,2,0,3,0,0,0,2,3,3,2,0,0,0,0,0,2,0,0,0,0,0,0,0,0
1117,Data Analyst,6.07,75.9,75.3,77.2,66.7,84.5,81.6,77.5,3,2,2,1,1,1,3,2,0,0,0,0,0,0,0,0,0,0,1,3,0,0,0,2,0,2,2,2,0,0,0,0,0,0,1,0,0,0,0,0,0
1118,Data Analyst,6.12,75.3,85.6,67.3,86.1,76.8,70.9,75.3,2,3,1,1,1,0,0,1,1,1,0,1,0,0,0,0,0,0,0,1,0,0,0,3,2,3,1,1,0,0,0,0,0,0,1,0,0,0,1,0,0
1119,Data Analyst,6.84,88.4,76.2,62.2,80.3,73.4,77.3,73.3,2,2,0,0,1,0,3,0,0,0,0,2,0,0,0,0,0,0,0,2,2,0,0,3,2,3,3,0,0,0,0,0,0,0,0,0,2,0,0,0,0
1120,Data Analyst,7.32,86.9,83.6,69.4,70.3,88.4,69.3,74.3,2,2,2,0,1,0,0,0,0,1,0,0,0,0,0,0,0,0,0,0,0,0,0,3,3,2,3,3,0,0,0,0,1,0,1,2,1,0,0,0,0
1121,Data Analyst,5.51,84.0,74.7,88.8,95.3,54.2,79.0,79.3,3,1,2,1,0,1,1,0,0,2,0,0,0,2,0,0,0,0,0,3,0,0,1,3,2,0,1,0,0,0,0,0,0,1,0,0,0,0,0,0,0
1122,Data Analyst,5.39,76.6,66.0,58.4,71.5,63.2,67.0,65.0,3,1,1,1,1,1,2,0,0,0,1,1,1,0,0,2,0,0,0,2,0,0,0,3,0,3,1,0,0,0,0,1,0,0,0,0,0,0,0,0,0
1123,Data Analyst,7.96,78.4,87.2,94.9,77.3,89.5,91.9,88.4,1,1,1,1,1,0,1,0,1,0,1,0,0,2,0,2,0,0,1,2,0,0,0,3,2,3,3,2,0,1,0,0,0,0,0,0,0,1,0,0,0
1124,Data Analyst,6.07,75.8,86.7,61.7,71.3,69.1,65.8,67.0,4,2,1,1,0,1,3,0,0,0,0,0,0,1,0,0,0,0,0,3,0,0,0,0,0,2,3,1,0,0,0,0,0,0,0,1,1,0,1,0,0
1125,Data Analyst,7.56,67.1,70.9,69.1,85.8,51.2,66.3,68.1,4,3,1,1,1,1,2,0,0,0,0,0,0,0,1,0,0,0,0,2,0,2,0,2,2,2,2,1,0,0,0,0,0,0,0,1,0,0,0,0,0
1126,Data Analyst,6.77,72.8,70.6,74.4,79.7,61.4,80.1,73.9,3,3,0,0,1,1,2,1,0,2,0,0,0,0,0,0,0,0,0,2,0,0,0,2,2,2,1,1,0,0,1,0,0,0,1,0,0,0,0,0,0
1127,Data Analyst,7.65,71.2,84.1,69.8,72.4,72.0,61.2,68.8,2,1,2,0,1,1,1,0,0,0,0,0,0,0,0,0,0,2,0,3,0,0,2,2,1,0,3,3,0,0,0,1,0,0,2,0,0,2,0,0,1
1128,Data Analyst,7.19,89.1,72.5,77.7,73.8,85.0,56.9,73.3,2,2,2,0,1,0,3,0,2,0,0,0,2,1,0,1,0,0,0,3,0,0,0,3,1,0,3,3,0,0,0,1,0,1,0,0,0,0,0,0,0
1129,Data Analyst,7.77,81.3,80.3,82.1,81.6,100.0,78.2,85.6,2,3,2,1,1,0,1,0,0,0,0,0,0,0,0,0,0,0,0,3,0,0,0,0,3,0,1,2,0,0,0,0,0,1,0,0,0,0,1,0,0
1130,Data Analyst,6.4,92.2,83.3,94.3,79.4,67.4,50.7,73.0,1,3,2,1,1,0,2,0,2,0,0,0,2,0,0,0,0,0,0,2,0,2,0,3,3,2,3,3,1,0,0,0,1,0,0,0,0,0,0,0,0
1131,Data Analyst,7.53,86.1,83.8,63.1,74.7,77.3,71.6,71.7,2,2,3,0,1,1,0,0,0,1,0,0,0,0,0,0,0,0,0,3,0,1,0,3,1,3,0,1,0,0,0,0,0,0,0,0,0,0,0,0,0
1132,Data Analyst,7.88,89.1,88.5,73.7,74.0,55.5,64.3,66.9,1,2,1,1,1,1,1,1,0,0,0,0,0,2,0,0,1,0,0,2,0,0,0,0,0,2,1,0,0,0,0,0,2,1,0,0,1,2,0,1,0
1133,Data Analyst,7.58,88.1,76.9,93.2,76.3,65.2,71.8,76.6,3,3,1,1,0,1,0,0,0,0,0,0,0,0,0,2,1,0,0,2,0,0,0,2,1,2,0,1,2,0,0,0,0,0,1,0,0,1,0,0,0
1134,Data Analyst,7.21,92.8,76.3,68.7,65.9,57.5,79.3,67.9,2,2,0,0,1,1,3,0,0,0,0,0,0,1,0,0,0,0,1,3,0,0,0,3,3,1,0,2,0,0,0,0,1,0,0,0,0,0,0,1,0
1135,Data Analyst,7.27,84.2,65.4,91.1,88.9,73.8,72.1,81.5,1,2,0,0,1,1,0,0,0,0,0,0,0,0,0,0,0,0,0,1,0,2,0,3,1,3,3,0,0,0,0,0,0,0,0,0,0,1,0,0,0
1136,Data Analyst,6.66,69.1,79.4,63.8,58.0,67.1,78.6,66.9,2,3,0,0,1,1,1,0,0,0,0,0,0,0,0,1,0,0,0,3,0,0,0,3,3,3,2,3,0,1,0,2,0,0,1,0,0,0,0,0,0
1137,Data Analyst,6.84,81.3,72.9,77.1,83.9,71.4,57.7,72.5,4,3,1,1,1,1,2,0,0,0,1,0,0,1,0,0,0,0,0,2,0,0,0,3,0,2,3,1,0,3,0,0,2,0,0,0,0,2,0,0,0
1138,Data Analyst,6.84,83.3,69.4,76.4,64.3,65.7,68.4,68.7,0,2,0,0,0,1,2,0,1,0,3,0,0,0,1,0,0,1,0,2,0,0,0,2,2,3,2,2,1,0,0,0,0,0,0,0,0,2,0,0,0
1139,Data Analyst,8.7,58.0,82.9,64.5,59.8,78.9,75.4,69.7,4,2,0,0,0,1,2,0,0,1,1,0,0,1,0,0,1,0,2,3,1,0,0,0,3,3,1,2,0,0,0,0,0,1,0,0,0,0,0,0,0
1140,Data Analyst,5.87,81.7,87.7,61.0,70.8,74.4,72.7,69.7,3,1,1,0,1,1,3,0,0,3,1,0,0,0,0,1,0,1,0,0,0,0,0,0,2,2,3,1,3,0,0,0,0,0,0,0,0,2,0,3,0
1141,Data Analyst,7.32,82.6,70.5,76.1,73.6,64.9,78.6,73.3,2,2,1,1,1,1,3,1,0,1,1,0,0,0,0,0,0,1,0,2,0,0,2,2,3,0,1,3,0,1,0,0,0,1,1,0,0,0,1,0,0
1142,Data Analyst,7.99,75.2,87.0,60.8,84.2,70.9,73.9,72.5,3,1,3,1,1,1,1,0,0,0,0,0,0,0,0,0,0,0,0,3,0,0,0,0,2,2,1,2,1,0,0,0,0,0,2,0,0,0,0,0,2
1143,Data Analyst,6.41,77.9,70.4,61.9,84.6,52.6,86.3,71.3,2,1,1,0,1,0,3,0,0,0,0,0,0,0,0,0,0,0,0,0,0,1,0,2,2,1,2,3,1,0,0,1,0,0,0,0,0,0,2,0,0
1144,Data Analyst,8.9,83.8,83.1,67.0,81.8,91.5,57.3,74.4,3,2,1,1,0,1,0,0,0,2,0,0,0,0,0,0,0,2,0,0,0,0,0,0,0,1,1,0,1,0,0,0,0,0,0,0,0,0,0,0,0
1145,Data Analyst,7.26,90.6,78.6,70.7,59.2,55.0,71.4,64.1,2,3,3,0,1,0,3,2,0,0,0,0,0,1,0,0,0,0,0,1,1,1,2,0,1,3,2,3,0,0,0,0,0,0,0,0,0,0,0,0,1
1146,Data Analyst,7.89,67.9,78.6,60.4,76.5,66.4,76.7,70.0,4,2,1,0,1,1,2,0,0,0,0,0,0,0,0,0,0,0,1,2,0,0,0,2,0,3,2,3,0,0,0,0,0,2,0,0,1,0,0,0,1
1147,Data Analyst,6.97,80.9,68.3,55.9,53.6,72.5,90.8,68.2,2,2,2,0,1,1,0,0,0,0,0,0,0,0,2,0,0,1,0,2,0,0,0,2,2,3,2,3,2,0,1,0,0,1,2,0,0,0,0,0,0
1148,Data Analyst,8.33,81.7,77.1,64.1,67.5,68.4,76.7,69.2,1,3,1,0,0,1,3,3,0,0,0,0,0,2,0,0,0,0,0,1,0,0,1,0,3,2,0,3,0,1,1,1,0,0,0,0,1,0,0,2,2
1149,Data Analyst,6.86,73.9,84.8,62.6,61.3,82.6,81.4,72.0,3,1,2,1,0,1,2,0,0,1,0,0,0,0,0,0,0,0,2,2,0,2,0,2,3,3,2,3,1,0,0,0,0,0,0,0,0,0,0,0,0
1150,Data Analyst,8.8,81.1,74.5,56.1,81.3,80.7,78.8,74.2,2,2,2,1,1,1,0,1,0,0,0,0,0,0,0,0,2,0,0,3,0,2,0,3,3,0,3,2,0,0,0,0,0,0,0,0,2,0,0,0,0
1151,Data Analyst,8.51,80.4,73.7,70.4,77.2,79.9,80.4,77.0,0,2,2,1,0,1,0,1,0,0,0,0,1,0,0,0,0,0,0,3,0,0,0,3,0,3,3,2,0,0,0,0,2,0,0,0,2,0,0,0,1
1152,Data Analyst,7.51,85.5,93.5,71.1,85.2,63.5,87.1,76.7,3,2,2,1,1,1,2,0,0,0,0,0,0,0,0,0,0,0,0,3,0,0,0,3,0,3,2,2,0,0,2,0,0,0,0,0,0,0,0,0,0
1153,Data Analyst,6.37,83.8,87.2,77.8,67.1,73.7,79.5,74.5,1,1,1,1,1,1,2,2,0,0,0,0,1,0,0,0,0,0,1,2,0,0,1,3,3,3,0,2,0,0,0,1,1,0,0,0,0,0,0,0,0
1154,Data Analyst,6.87,94.7,71.6,85.4,58.4,61.1,62.3,66.8,3,2,1,1,1,1,1,0,0,1,0,0,0,1,0,0,0,0,1,1,0,2,0,0,2,3,3,0,0,0,0,0,0,1,1,0,0,0,0,0,0
1155,Data Analyst,7.18,81.1,73.5,52.1,71.0,82.8,67.2,68.3,2,2,2,0,0,1,0,0,0,0,0,0,2,0,0,0,0,0,0,2,0,0,0,1,0,3,2,1,0,0,1,0,0,0,0,0,0,0,1,0,0
1156,Data Analyst,7.73,66.0,81.2,53.4,74.3,81.8,63.6,68.3,1,2,1,0,1,1,2,0,0,0,0,0,0,0,0,0,2,0,0,2,0,0,0,2,3,2,1,0,0,0,0,0,0,0,0,0,0,0,1,0,0
1157,Data Analyst,6.66,87.9,68.5,81.3,91.9,61.4,85.3,80.0,2,1,1,1,1,1,0,0,0,0,0,0,0,0,0,0,0,1,0,2,0,0,0,3,2,2,2,0,0,0,0,0,1,0,0,0,0,0,0,2,1
1158,Data Analyst,8.25,64.5,62.3,58.6,88.9,75.0,79.1,75.4,1,1,0,0,1,1,3,0,0,1,0,0,0,0,0,0,0,0,0,2,0,0,1,1,3,3,2,0,0,0,0,0,0,0,0,0,0,1,0,0,0
1159,Data Analyst,7.08,84.0,84.7,88.2,69.9,61.8,60.7,70.2,3,1,1,0,1,1,3,0,0,0,0,0,0,1,1,0,0,0,0,1,1,0,0,3,1,1,1,3,0,0,0,0,0,2,0,0,0,0,1,0,0
1160,Data Analyst,6.38,92.0,79.9,81.9,62.6,79.2,82.2,76.5,2,2,1,0,1,0,3,2,0,0,1,0,0,1,0,0,1,0,0,2,0,0,0,2,2,0,2,3,0,0,1,0,0,0,0,0,0,0,0,0,0
1161,Data Analyst,8.46,89.8,74.2,66.5,67.4,69.4,69.3,68.2,3,2,2,1,1,1,3,1,0,0,0,0,0,0,0,0,0,0,1,3,0,0,0,0,2,2,2,3,0,0,0,0,0,0,0,0,0,0,0,0,0
1162,Data Analyst,6.29,80.6,90.4,66.1,76.2,74.5,70.2,71.8,2,2,1,0,0,1,3,0,0,2,0,0,0,0,0,0,0,2,1,2,0,0,2,3,1,3,2,2,0,0,0,0,0,0,0,0,0,0,0,0,0
1163,Data Analyst,8.29,77.9,78.5,67.9,89.6,80.8,68.0,76.6,0,1,1,1,1,0,3,0,0,0,0,0,0,1,0,0,0,0,0,0,1,0,0,2,3,0,3,0,1,1,0,0,0,0,0,0,0,0,1,0,0
1164,Data Analyst,8.27,77.0,65.9,79.4,81.3,74.6,73.6,77.2,2,3,2,1,1,1,0,0,2,1,0,0,0,2,0,0,0,0,3,2,0,0,1,2,0,3,3,3,0,0,0,0,0,0,0,0,0,2,0,0,0
1165,Data Analyst,6.47,81.3,73.9,79.7,94.6,77.2,81.0,83.1,3,3,2,0,0,1,2,1,0,1,0,0,0,1,0,1,0,0,0,1,0,2,0,2,0,3,2,3,0,0,0,0,0,0,0,0,0,1,0,0,0
1166,Data Analyst,6.61,85.1,83.6,83.6,79.6,62.9,84.2,77.6,3,2,1,1,1,1,1,0,0,1,0,0,0,0,1,0,0,0,0,1,0,2,0,3,0,0,2,2,0,0,1,0,0,0,0,0,0,0,0,0,0
1167,Data Analyst,7.28,84.4,68.4,73.0,80.1,92.4,78.4,81.0,2,2,1,1,1,0,0,0,0,0,0,0,0,0,0,0,1,2,0,2,0,2,0,3,2,2,2,0,0,0,0,0,0,0,0,0,2,0,0,0,0
1168,Data Analyst,8.54,75.7,89.7,59.1,92.9,66.6,68.0,71.7,1,2,1,1,0,0,2,0,0,1,2,0,0,1,1,0,0,0,0,3,0,0,0,3,0,3,0,3,0,0,0,0,0,1,2,1,0,0,0,0,0
1169,Data Analyst,7.98,74.5,87.4,79.6,58.2,59.0,82.8,69.9,3,1,0,0,1,0,0,1,0,0,1,0,0,0,0,2,0,0,0,1,0,0,0,0,3,0,3,1,0,0,0,1,2,0,0,0,0,0,0,0,0
1170,Data Analyst,9.65,71.5,66.9,79.0,85.5,100.0,48.2,79.0,3,2,2,0,0,1,2,1,0,0,0,0,0,0,1,0,0,0,0,3,0,0,0,3,3,3,3,3,0,0,0,1,0,0,0,1,0,0,0,0,0
1171,Data Analyst,7.31,76.8,81.9,100.0,70.7,53.8,76.8,77.7,3,2,0,0,1,1,0,0,0,2,0,0,0,0,0,0,0,0,0,2,1,0,1,3,3,2,3,3,0,1,0,0,0,0,0,0,1,0,1,0,0
1172,Data Analyst,7.91,82.6,73.8,72.1,61.8,64.7,79.0,69.4,2,3,1,0,0,0,3,2,0,0,0,0,0,0,0,0,0,2,0,2,0,0,1,3,0,3,3,1,0,0,0,0,0,0,0,0,0,0,0,0,0
1173,Data Analyst,6.29,81.8,68.5,71.1,79.0,84.2,60.5,73.7,2,2,0,0,0,1,3,2,0,0,0,0,0,0,0,0,0,0,0,0,0,0,0,3,0,3,2,3,1,1,0,0,0,0,0,0,0,0,0,2,0
1174,Data Analyst,8.75,68.8,66.6,69.3,60.1,68.0,72.1,67.4,1,2,3,1,1,0,1,0,0,0,0,0,0,0,1,0,2,0,0,2,0,0,2,2,3,3,1,2,0,0,0,0,0,1,0,2,0,0,0,0,0
1175,Data Analyst,6.79,74.2,79.2,64.3,71.2,67.4,76.6,69.9,2,2,2,1,1,1,0,0,0,0,0,0,0,2,0,0,1,1,0,2,0,0,0,1,2,3,2,0,1,0,0,0,0,0,0,0,0,0,0,2,0
1176,Data Analyst,6.78,69.3,83.0,74.6,71.7,55.8,84.5,71.7,4,2,2,0,1,0,2,0,0,0,0,0,0,0,1,0,0,0,0,2,0,0,0,2,0,1,0,0,0,0,1,0,0,1,0,0,0,0,0,0,0
1177,Data Analyst,7.14,86.0,93.7,66.2,83.2,87.3,77.1,78.4,3,3,2,1,1,1,0,0,0,0,0,0,1,0,1,0,2,0,0,3,0,0,0,3,2,3,3,1,0,0,0,0,0,0,0,0,0,1,0,0,0
1178,Data Analyst,7.15,80.8,72.9,79.0,58.9,53.0,70.3,65.3,4,3,1,1,1,1,2,2,0,0,1,0,0,0,0,0,0,0,0,2,0,0,0,2,2,2,0,0,0,0,0,0,0,2,2,0,0,0,0,0,0
1179,Data Analyst,7.52,77.0,89.9,92.5,53.3,62.3,63.1,67.8,0,3,2,1,0,1,3,0,0,0,2,0,0,0,0,0,1,0,1,2,0,0,0,2,2,2,2,0,0,0,0,0,0,0,0,0,0,0,0,0,0
1180,Data Analyst,7.34,82.9,76.4,64.6,72.1,60.1,69.3,66.5,2,2,2,1,1,1,0,1,0,1,0,1,0,0,0,0,0,0,0,2,0,0,0,0,0,3,3,1,0,0,0,0,0,0,0,0,0,0,2,0,0
1181,Data Analyst,8.15,76.1,59.0,48.0,63.5,45.4,72.7,57.4,3,3,1,1,0,1,2,0,0,0,0,0,0,0,0,0,2,0,0,2,0,0,0,1,2,0,3,1,1,1,0,0,0,1,1,0,0,0,0,0,0
1182,Data Analyst,8.02,77.4,76.3,66.1,60.5,62.1,78.8,66.9,2,3,2,1,1,1,0,0,0,0,0,2,0,0,1,0,0,0,0,3,0,0,0,2,3,1,2,2,0,0,0,0,0,0,0,0,2,0,0,0,1
1183,Data Analyst,8.27,96.2,58.0,76.3,85.4,86.7,89.5,84.5,2,3,2,0,1,1,0,0,0,2,0,0,0,1,0,0,0,0,0,2,1,0,0,3,3,3,3,1,0,1,0,0,2,2,0,0,0,0,0,0,0
1184,Data Analyst,5.74,86.1,83.1,60.6,80.0,85.6,100.0,81.6,1,3,1,1,1,1,3,1,0,0,0,0,0,0,0,0,0,0,0,2,0,0,0,3,3,3,3,2,0,1,2,0,3,0,0,0,0,0,0,1,0
1185,Data Analyst,7.49,90.5,80.0,59.2,72.1,80.0,72.2,70.9,1,2,2,0,1,1,0,0,0,0,0,1,0,0,0,1,0,0,0,3,1,0,2,3,3,1,3,0,0,0,0,0,2,0,0,1,0,0,0,1,0
1186,Data Analyst,6.39,77.7,94.4,89.3,81.5,49.4,64.8,71.2,2,3,3,0,0,1,0,0,0,0,0,2,0,0,0,0,2,1,0,2,0,0,1,2,3,2,2,2,0,1,0,0,0,0,0,0,2,0,0,0,0
1187,Data Analyst,8.44,89.3,83.6,80.4,86.0,86.1,78.1,82.7,2,3,2,1,0,1,0,0,0,2,1,0,0,0,0,0,0,0,0,3,0,0,0,2,3,2,0,0,0,0,0,0,0,0,0,0,0,0,0,1,0
1188,Data Analyst,7.6,81.4,78.3,65.4,79.4,67.1,74.0,71.5,3,1,1,1,1,1,1,0,0,0,0,0,2,0,0,0,0,0,0,3,2,0,0,3,2,2,0,3,0,0,0,2,0,0,0,0,0,1,0,0,0
1189,Data Analyst,7.99,85.0,73.6,87.9,93.5,82.1,72.4,84.0,3,2,0,0,1,0,0,0,1,0,0,1,0,0,0,0,0,0,0,3,0,0,0,1,1,1,3,2,0,0,0,0,0,2,0,0,0,0,0,0,1
1190,Data Analyst,6.77,71.0,77.5,85.6,48.5,72.0,50.5,64.2,4,3,1,0,0,1,1,0,0,0,0,0,1,0,0,0,0,0,0,2,0,2,0,3,0,0,1,1,2,0,0,0,0,0,0,0,0,0,0,0,1
1191,Data Analyst,6.48,93.7,95.6,57.2,89.9,74.2,59.5,70.2,0,3,1,1,1,1,2,0,0,0,0,0,0,0,0,0,0,0,0,3,2,2,0,2,3,2,0,2,0,1,0,0,0,2,0,0,0,1,0,0,0
1192,Data Analyst,7.88,75.4,73.9,64.6,63.1,69.7,83.2,70.1,2,2,2,0,1,1,2,0,1,0,1,0,0,0,0,0,0,0,1,2,0,0,0,3,1,3,1,2,0,1,0,0,0,0,0,1,0,0,2,0,0
1193,Data Analyst,6.98,76.6,72.4,62.8,78.9,74.3,46.4,65.6,2,1,2,1,1,1,2,0,0,1,0,0,0,0,0,0,0,0,0,3,0,0,0,3,0,3,2,3,0,0,0,0,0,0,0,0,0,0,0,0,0
1194,Data Analyst,8.86,64.0,76.6,78.6,68.2,55.5,70.1,68.1,2,2,0,0,1,1,1,1,0,0,0,0,0,0,1,0,0,0,0,2,0,0,0,2,0,0,2,0,0,0,0,1,0,0,0,1,0,0,0,0,0
1195,Data Analyst,5.73,79.4,68.2,69.2,76.4,80.7,85.0,77.8,2,3,2,0,1,1,0,0,0,0,0,0,1,0,0,0,0,0,0,3,0,0,0,2,0,1,3,0,0,0,0,1,0,2,1,0,0,0,0,0,0
1196,Data Analyst,7.24,85.6,57.5,62.8,71.7,68.7,88.6,72.9,2,3,1,1,0,1,0,0,0,0,0,0,0,0,0,0,0,0,0,3,0,0,0,3,1,2,2,1,0,0,1,1,0,0,0,1,0,0,0,0,0
1197,Data Analyst,6.59,73.5,73.3,62.8,63.6,73.8,74.8,68.8,3,2,3,1,1,1,1,0,1,1,0,1,0,0,1,0,0,2,0,2,1,0,0,3,3,2,3,1,0,0,0,1,0,0,2,2,0,0,0,0,0
1198,Data Analyst,9.45,73.0,68.7,71.0,77.4,69.6,84.8,75.7,1,2,1,1,1,1,3,0,0,0,1,0,0,0,0,1,0,0,0,3,0,0,0,2,3,3,1,2,0,0,0,0,0,0,0,0,0,1,0,0,0
1199,Data Analyst,7.1,92.9,69.6,56.8,85.2,81.4,98.5,80.5,0,2,1,1,0,0,0,1,0,0,2,0,0,0,0,0,0,0,0,3,0,0,0,0,0,0,0,2,0,0,1,0,0,0,0,0,0,0,0,0,0
1200,Data Analyst,7.16,78.2,73.8,57.9,100.0,71.0,80.7,77.8,2,2,2,1,0,1,2,0,0,0,0,0,0,0,1,0,0,0,0,3,1,0,1,3,2,2,0,0,0,0,0,0,0,0,0,0,0,0,0,0,2
1201,Data Analyst,6.98,72.4,87.9,78.3,64.5,83.9,100.0,82.2,1,2,0,0,0,1,2,0,0,0,0,0,0,0,0,0,0,0,0,3,0,0,0,3,3,1,3,2,0,0,0,0,0,2,0,1,0,0,0,1,2
1202,Data Analyst,7.12,86.4,78.6,81.0,59.1,64.7,92.0,74.2,2,3,1,0,1,1,0,0,2,1,0,0,0,0,0,0,0,0,0,1,2,0,0,2,0,0,1,2,2,0,0,0,0,0,0,0,0,0,0,0,0
1203,Data Analyst,7.66,72.6,70.8,74.4,100.0,47.1,84.8,76.8,2,3,1,1,1,0,0,0,0,0,0,1,0,0,0,0,0,0,0,3,0,2,0,1,3,1,2,2,0,0,0,0,2,0,0,0,0,0,0,0,0
1204,Data Analyst,7.0,77.2,76.1,56.8,77.2,56.1,67.5,64.4,2,3,1,1,1,1,1,0,1,0,0,2,1,1,2,2,0,2,0,2,0,2,0,2,2,0,3,3,0,0,0,0,1,0,1,0,1,0,0,0,0
1205,Data Analyst,8.35,81.9,81.6,72.3,62.4,77.1,69.7,70.4,2,2,1,1,1,0,2,0,0,0,0,1,0,1,1,0,0,0,0,2,0,0,0,1,0,3,2,1,0,0,0,0,0,0,0,0,1,0,0,0,0
1206,Data Analyst,7.2,88.8,74.0,84.0,80.3,74.0,77.0,78.8,3,2,2,1,1,1,1,0,0,0,0,0,0,0,0,0,0,0,0,0,0,1,0,2,2,2,2,2,2,0,0,0,0,0,0,3,1,0,0,0,0
1207,Data Analyst,7.79,85.0,91.3,98.2,69.5,69.5,65.8,75.8,3,2,2,1,1,0,3,0,0,0,0,0,0,0,0,0,0,0,0,2,1,0,0,0,2,2,3,2,0,0,0,0,0,0,0,0,0,0,0,0,0
1208,Data Analyst,8.59,81.8,79.1,61.8,100.0,74.9,82.5,80.7,2,2,2,0,0,0,2,0,0,0,1,1,0,0,0,0,0,0,0,1,0,2,0,3,0,2,3,1,2,0,0,0,0,0,0,0,0,0,1,1,0
1209,Data Analyst,7.76,91.6,75.0,56.0,65.2,60.8,73.6,63.9,2,1,1,1,1,1,1,1,2,1,0,0,0,0,0,0,2,0,0,3,0,2,0,2,2,2,1,2,0,0,0,0,0,1,0,0,0,0,1,0,1
1210,Data Analyst,8.72,69.7,67.8,95.3,100.0,67.1,62.6,81.3,1,1,0,0,1,1,1,1,0,1,1,0,0,0,0,0,0,0,0,2,0,1,0,3,0,2,2,2,0,0,0,0,0,0,0,0,1,0,0,0,0
1211,Data Analyst,6.36,77.0,74.0,56.8,58.2,68.4,72.6,64.0,3,3,3,1,1,1,3,0,0,0,0,0,0,0,0,0,1,2,0,3,0,1,0,1,1,1,2,2,0,0,0,0,0,0,0,2,1,0,0,0,0
1212,Data Analyst,6.39,79.8,77.4,71.6,92.0,77.7,66.9,77.1,1,1,0,0,1,1,0,0,0,0,0,1,0,0,0,0,0,0,0,3,0,1,0,2,2,2,2,3,1,0,1,0,0,0,0,0,0,0,0,0,0
1213,Data Analyst,6.55,69.1,65.3,70.2,63.2,49.4,69.6,63.1,3,2,0,0,1,1,3,0,0,0,0,0,0,0,0,0,0,0,0,2,0,0,0,2,1,2,3,3,0,2,0,1,0,0,0,0,0,1,0,0,0
1214,Data Analyst,8.57,83.0,78.1,60.6,75.4,75.0,75.2,71.5,2,1,1,0,0,1,0,0,0,2,0,0,0,0,0,2,0,0,0,2,0,0,0,3,3,0,3,2,0,0,0,0,0,0,1,0,0,0,0,0,0
1215,Data Analyst,6.72,75.7,77.9,76.1,99.4,76.6,86.2,84.6,4,2,1,1,0,1,0,0,0,0,0,0,0,0,0,0,0,1,0,2,0,0,0,2,2,0,3,2,0,0,0,0,0,0,0,0,0,0,0,0,0
1216,Data Analyst,8.23,69.9,87.0,73.0,71.3,72.0,76.9,73.3,1,1,0,0,1,1,1,0,0,0,1,0,0,1,1,0,0,1,0,0,1,0,0,2,3,2,3,2,0,0,0,1,0,0,0,0,0,0,0,0,0
1217,Data Analyst,6.7,91.7,75.5,47.8,87.1,46.8,64.4,61.5,2,3,1,1,1,1,2,1,0,0,0,0,0,2,0,0,0,1,0,0,0,0,1,2,3,2,0,2,0,0,0,3,0,0,0,2,0,0,1,0,0
1218,Data Analyst,7.82,82.4,83.0,80.4,91.4,66.3,85.0,80.8,2,2,1,0,0,1,2,0,0,0,0,0,0,0,0,1,0,0,1,0,0,0,0,3,3,2,1,3,0,0,0,0,0,0,0,0,0,0,0,0,0
1219,Data Analyst,8.95,62.8,55.0,71.1,82.4,80.5,80.3,78.6,2,3,1,1,0,0,2,0,0,2,0,0,0,0,0,0,2,0,0,1,0,0,0,2,2,3,2,2,0,0,0,0,0,0,0,0,0,0,0,2,0
1220,Data Analyst,8.35,67.0,62.7,66.3,74.5,81.7,99.0,80.4,2,1,1,0,1,1,0,0,0,0,0,0,0,0,0,0,0,0,1,2,0,0,0,3,1,2,2,1,1,0,0,0,0,0,0,0,0,0,0,0,1
1221,Data Analyst,7.62,78.3,78.4,75.4,55.5,83.6,73.9,72.1,2,2,2,1,1,1,2,0,0,0,0,0,0,0,0,0,0,0,0,3,0,1,0,1,3,3,1,1,0,0,0,0,0,0,0,1,1,1,0,0,0
1222,Data Analyst,6.98,80.3,60.6,82.3,69.8,36.6,85.3,68.5,2,3,2,1,1,1,3,0,0,0,0,0,0,0,1,0,1,0,0,2,0,0,1,2,2,3,2,1,0,0,0,0,0,0,0,0,1,0,0,0,0
1223,Data Analyst,6.61,83.4,77.2,64.0,71.6,73.1,59.1,67.0,3,2,1,1,1,0,0,0,1,1,0,1,0,0,0,0,0,2,0,2,0,2,0,3,2,2,0,0,0,0,0,0,0,0,0,0,0,0,0,0,0
1224,Data Analyst,8.37,78.9,80.2,57.8,49.7,50.7,49.9,52.0,4,1,2,0,1,1,3,0,0,0,0,2,0,0,0,1,0,0,0,2,0,0,1,2,2,1,2,1,0,0,0,0,0,0,0,0,0,0,1,0,0
1225,Data Analyst,6.89,93.3,79.4,70.9,91.8,52.3,86.2,75.3,4,3,1,1,0,0,1,0,0,0,0,0,0,0,0,0,1,1,2,2,0,1,0,3,1,3,3,0,0,1,0,0,0,0,0,0,0,0,1,0,0
1226,Data Analyst,8.06,84.8,69.2,68.7,87.3,70.2,85.8,78.0,2,2,0,0,1,1,2,0,0,1,0,0,0,0,0,0,1,0,0,2,0,0,0,3,2,3,2,2,0,0,0,1,0,0,0,0,0,1,0,0,0
1227,Data Analyst,8.39,86.5,77.2,53.0,67.4,90.4,68.4,69.8,1,2,1,1,1,1,3,2,1,2,0,0,0,2,0,0,1,1,0,2,0,0,0,3,2,3,3,2,0,0,0,0,0,0,0,0,0,0,0,0,1
1228,Data Analyst,7.24,77.6,72.5,62.3,70.6,78.0,100.0,78.3,3,2,0,0,0,1,0,0,2,0,0,0,0,0,0,3,0,0,0,0,1,0,1,2,2,3,1,0,0,2,1,0,0,0,0,0,0,0,2,0,0
1229,Data Analyst,7.17,77.4,87.1,53.6,61.9,87.0,54.6,64.3,3,2,2,1,1,1,2,0,0,0,0,0,2,0,0,0,2,0,0,2,0,0,0,1,3,3,3,2,0,3,0,0,0,0,0,0,0,0,0,0,0
1230,Data Analyst,7.81,89.9,66.5,78.9,68.4,63.8,99.7,77.7,3,2,0,0,1,1,1,0,1,0,1,0,2,0,2,0,0,0,0,0,0,0,0,1,2,1,2,0,0,1,1,2,0,0,1,0,0,0,0,0,0
1231,Data Analyst,7.71,85.9,72.0,70.6,60.5,71.4,66.5,67.2,3,3,0,0,1,1,0,0,1,0,2,0,0,1,2,0,0,0,0,2,0,0,0,3,2,3,3,2,0,1,0,1,1,0,0,0,0,0,0,0,0
1232,Data Analyst,6.63,86.1,64.0,77.5,65.1,78.1,66.7,71.8,2,2,0,0,1,1,0,1,0,0,0,0,0,3,0,0,0,0,0,1,0,0,0,0,2,1,0,2,0,1,0,0,0,2,1,0,0,0,0,0,0
1233,Data Analyst,7.7,70.7,85.3,77.9,88.6,67.2,69.7,75.8,4,1,2,1,0,1,0,0,0,0,0,2,1,0,0,0,1,0,0,3,0,0,0,3,1,2,0,2,0,0,0,2,0,0,2,0,0,0,0,0,0
1234,Data Analyst,6.59,77.6,55.7,66.6,63.3,68.1,59.3,64.3,1,2,2,1,1,1,3,0,1,0,0,0,0,0,0,0,0,0,0,2,0,0,1,2,2,3,3,2,0,1,2,0,0,0,0,0,0,0,0,1,0
1235,Data Analyst,6.64,88.3,62.6,72.7,85.3,64.4,65.6,72.0,3,3,2,1,1,1,0,0,0,0,0,2,0,0,0,0,0,0,0,2,1,0,0,2,2,3,0,2,0,0,0,1,0,0,0,0,0,0,0,0,0
1236,Data Analyst,7.97,86.4,76.6,58.1,81.7,55.0,84.3,69.8,2,3,1,1,0,1,0,0,1,0,1,1,0,0,0,0,0,0,1,1,0,2,0,3,3,2,2,3,0,0,0,0,1,0,0,0,0,0,0,0,0
1237,Data Analyst,7.05,86.3,75.5,58.1,75.9,82.9,90.4,76.8,1,1,3,1,1,1,2,0,0,1,0,0,0,0,0,0,0,0,0,3,0,1,0,3,2,2,3,0,0,0,0,0,0,0,0,0,0,0,1,0,0
1238,Data Analyst,8.18,78.5,77.0,61.8,71.1,62.7,80.9,69.1,4,2,0,0,1,1,1,0,0,0,0,1,0,0,0,0,0,0,0,3,0,0,0,1,3,2,1,2,0,0,2,0,0,0,0,0,0,1,0,0,0
1239,Data Analyst,8.3,74.2,79.1,100.0,89.2,52.1,60.8,76.2,2,2,2,1,1,1,2,0,0,0,0,0,0,0,0,0,0,0,0,3,0,0,0,1,1,2,2,0,0,0,0,0,1,0,0,0,0,1,0,0,0
1240,Data Analyst,7.32,75.5,95.7,68.0,59.5,59.3,69.4,64.1,3,3,1,1,1,0,0,0,0,0,0,0,0,2,0,0,0,0,0,1,2,2,0,2,0,0,0,3,0,0,0,0,2,0,0,2,0,0,0,1,0
1241,Data Analyst,7.63,86.0,74.2,82.1,73.7,84.5,70.9,77.8,2,1,2,1,1,1,2,0,0,0,0,0,0,0,1,0,0,0,0,2,0,0,0,2,2,2,2,1,0,0,0,0,0,0,2,0,0,0,0,0,0
1242,Data Analyst,7.74,86.5,72.1,83.3,99.0,64.5,96.8,85.9,2,2,1,1,1,1,2,0,0,0,0,3,0,0,0,1,0,0,0,2,1,0,0,0,2,2,3,1,0,0,0,1,1,0,0,0,2,0,0,0,0
1243,Data Analyst,8.2,81.2,77.3,78.1,51.4,63.8,85.5,69.7,1,3,1,0,0,1,3,0,0,2,0,0,1,1,0,0,0,1,0,3,0,0,0,2,2,3,3,3,0,0,0,0,1,0,0,0,0,2,0,0,0
1244,Data Analyst,6.8,74.2,84.1,62.2,95.2,68.8,85.3,77.9,1,2,2,1,1,1,0,1,0,1,0,0,0,0,0,0,0,0,0,0,0,0,0,2,1,2,2,2,3,2,0,0,0,0,2,0,0,0,0,0,0
1245,Data Analyst,5.91,85.4,87.8,94.4,85.9,58.8,70.1,77.3,3,1,1,1,1,1,0,0,0,0,0,0,0,0,2,0,0,0,0,1,0,0,1,2,3,2,3,2,0,0,0,0,0,0,0,0,2,0,0,0,0
1246,Data Analyst,6.47,83.3,72.3,57.7,58.2,66.3,82.5,66.2,3,2,0,0,1,1,0,0,0,0,0,0,0,0,0,0,0,0,0,2,0,0,0,2,2,1,3,2,1,0,0,0,0,0,0,0,0,0,1,1,0
1247,Data Analyst,8.17,89.4,84.3,75.3,78.7,88.4,66.8,77.3,1,3,2,1,1,1,1,0,0,0,0,0,0,0,0,0,0,0,0,1,0,0,0,1,3,3,0,3,0,0,0,0,1,0,0,0,0,0,0,0,0
1248,Data Analyst,8.72,56.9,83.8,53.9,64.6,77.6,80.7,69.2,2,2,1,1,1,1,3,0,0,0,0,1,0,0,0,0,0,0,0,2,0,2,0,3,1,1,1,0,1,0,1,0,0,3,0,1,0,0,0,0,0
1249,Data Analyst,7.22,86.2,71.2,89.4,90.2,72.0,66.7,79.6,2,2,1,1,1,0,3,0,0,0,1,0,0,0,1,0,0,0,0,3,0,0,0,2,2,2,3,1,0,0,2,0,0,0,0,0,0,0,0,1,0
1250,Data Analyst,6.94,83.1,79.7,62.8,68.6,74.1,74.3,69.9,4,3,0,0,1,0,0,0,0,0,0,1,0,0,0,0,0,0,0,3,0,1,0,3,0,1,2,3,0,0,0,1,0,0,0,0,0,0,0,1,0
1251,Data Analyst,8.54,79.1,77.9,54.0,63.5,42.9,84.4,61.2,0,1,1,0,1,1,2,0,0,0,0,0,0,0,0,0,0,0,0,3,0,0,0,0,0,0,3,3,1,0,1,0,1,0,0,0,0,0,1,0,2
1252,Data Analyst,7.22,78.9,92.3,78.2,90.7,73.7,77.9,80.1,2,3,2,1,1,1,2,0,0,0,0,0,0,0,0,0,1,0,1,0,1,0,0,1,2,1,2,2,0,0,0,0,0,2,0,0,0,0,1,0,0
1253,Data Analyst,8.31,80.6,81.9,58.9,76.9,75.6,77.9,72.3,2,2,1,1,1,1,2,0,0,0,0,0,0,0,0,0,0,0,0,3,0,0,1,0,3,0,2,1,0,1,0,0,0,0,0,0,2,0,0,0,0
1254,Data Analyst,7.81,86.5,78.7,61.5,70.3,73.5,85.6,72.7,1,3,2,0,1,1,1,0,0,0,0,1,1,0,0,0,0,1,0,1,2,1,0,3,3,1,2,0,0,2,1,0,1,0,0,0,0,0,1,0,0
1255,Data Analyst,7.68,71.2,83.3,61.4,79.8,72.2,70.6,71.0,2,3,1,1,1,1,0,0,2,1,0,0,0,0,0,1,0,0,0,3,0,0,1,3,3,2,0,1,0,0,2,0,1,0,0,1,0,1,0,0,0
1256,Data Analyst,7.57,88.7,78.5,78.2,68.1,64.7,66.6,69.4,1,1,0,0,1,1,2,0,2,0,0,0,1,0,0,0,0,0,0,3,1,0,0,3,2,2,1,0,1,0,0,0,0,0,0,0,2,0,0,0,0
1257,Data Analyst,7.18,87.8,70.7,84.9,54.5,82.0,92.4,78.5,3,2,1,1,0,0,2,0,0,0,0,0,2,0,2,0,0,2,0,3,0,0,0,0,2,3,3,0,0,0,0,0,0,0,1,0,0,0,0,0,0
1258,Data Analyst,7.38,91.9,84.5,46.9,57.2,40.4,67.4,53.0,4,3,1,1,1,1,2,0,1,0,0,0,0,0,0,0,1,0,0,3,0,2,0,1,2,2,0,0,0,0,0,0,0,0,0,0,0,2,1,0,0
1259,Data Analyst,7.22,75.0,82.2,91.2,61.6,79.1,78.7,77.7,2,3,3,1,1,1,2,1,1,0,0,0,0,0,0,0,0,0,0,2,2,0,0,0,0,0,3,0,2,0,1,0,0,0,0,0,0,0,0,0,0
1260,Data Analyst,7.42,85.1,72.9,54.1,82.5,81.2,99.1,79.2,1,1,2,0,1,1,0,0,0,0,0,0,0,1,0,0,0,0,1,2,0,0,0,2,3,3,0,2,0,0,0,0,0,0,0,0,0,0,3,0,0
1261,Data Analyst,6.78,87.9,78.1,67.2,85.1,52.8,73.8,69.7,3,3,3,0,1,1,1,0,0,0,0,0,0,1,0,0,0,0,0,3,0,0,1,2,3,1,3,3,0,1,0,0,1,0,3,0,0,0,0,0,0
1262,Data Analyst,7.6,84.6,73.4,66.8,59.9,62.0,83.9,68.2,3,3,1,1,1,1,0,0,0,0,0,0,0,0,0,0,0,0,0,2,2,0,0,1,0,2,2,0,0,1,0,1,0,0,0,0,1,0,0,0,0
1263,Data Analyst,8.3,91.7,75.9,66.5,63.6,58.2,89.5,69.5,2,2,2,1,1,1,2,0,0,0,0,0,0,2,0,0,0,0,0,0,0,0,0,1,0,2,3,1,0,0,0,0,0,0,0,0,0,2,0,0,0
1264,Data Analyst,8.3,81.5,72.2,75.0,67.3,91.2,86.1,79.9,1,3,3,1,1,1,3,0,1,1,0,1,0,0,0,0,0,0,0,0,1,0,0,0,2,3,3,3,0,0,0,0,0,3,0,1,0,0,2,1,0
1265,Data Analyst,8.44,71.8,69.8,57.6,67.1,58.5,100.0,72.2,0,1,2,1,0,1,0,0,0,0,0,0,0,1,1,0,0,1,0,3,0,0,0,2,3,3,2,1,0,0,0,0,0,0,0,0,0,0,1,1,0
1266,Data Analyst,5.96,85.1,75.5,61.5,63.8,71.8,54.6,62.9,2,3,3,1,1,1,3,0,0,1,0,0,0,0,0,0,0,0,0,3,0,2,0,1,3,2,2,2,0,0,0,0,0,0,0,0,0,0,0,0,0
1267,Data Analyst,8.23,80.7,85.7,66.4,68.2,61.5,80.5,69.2,4,3,1,0,0,1,3,0,0,0,0,0,0,0,0,0,0,0,0,0,0,0,0,2,2,3,2,3,0,2,1,0,0,0,0,0,0,0,0,0,0
1268,Data Analyst,9.12,67.0,93.4,65.6,87.5,67.3,56.0,69.1,2,3,2,1,1,1,2,0,0,0,0,0,0,0,0,0,0,0,0,3,2,2,0,3,2,3,1,2,2,1,0,0,0,0,0,0,0,1,0,0,0
1269,Data Analyst,7.58,73.8,70.6,46.1,79.6,71.7,62.3,64.9,4,3,0,0,1,1,2,0,0,0,0,1,0,0,0,0,0,0,0,2,1,0,0,3,0,2,3,2,0,0,0,0,0,0,0,1,0,0,0,0,2
1270,Data Analyst,8.26,74.1,88.4,85.2,72.9,80.5,76.6,78.8,1,1,3,1,1,0,0,0,0,0,0,0,0,0,0,0,0,0,0,3,0,0,0,0,0,2,3,2,1,0,0,0,0,2,0,0,0,0,1,0,0
1271,Data Analyst,8.07,67.4,67.8,54.9,74.3,43.0,79.0,62.8,3,2,2,0,1,0,0,1,0,0,1,0,0,0,0,0,0,0,0,1,0,0,0,2,2,2,0,2,0,0,0,0,1,0,0,0,1,0,0,0,0
1272,Data Analyst,7.41,70.9,69.4,80.4,83.7,83.9,63.0,77.8,1,3,0,0,1,1,2,1,0,0,0,0,0,0,0,0,0,0,0,2,1,0,0,3,3,3,3,1,0,2,0,0,0,0,0,0,0,0,0,0,0
1273,Data Analyst,7.41,72.2,87.6,62.9,57.6,64.2,73.8,64.6,1,2,1,0,0,0,1,0,2,0,2,0,0,1,0,0,0,0,2,3,0,0,0,3,1,3,3,0,0,0,0,0,0,0,1,0,0,0,0,0,0
1274,Data Analyst,8.56,89.7,76.5,77.2,72.1,52.3,72.0,68.4,1,2,2,1,1,1,2,0,0,0,0,0,0,1,0,0,0,0,0,2,0,0,2,2,2,3,3,3,0,0,0,0,0,0,0,0,0,0,0,0,0
1275,Data Analyst,8.29,98.8,63.5,87.6,73.9,87.3,70.6,79.8,3,3,0,0,1,1,2,0,0,0,0,0,0,0,0,0,0,0,0,3,1,0,1,2,2,2,3,2,0,0,0,2,0,0,2,0,0,0,0,0,0
1276,Data Analyst,7.08,81.7,87.6,69.7,84.3,79.8,69.9,75.9,3,3,0,0,1,1,0,0,0,0,1,0,0,0,0,0,0,0,0,3,0,0,0,1,0,3,3,0,2,0,0,0,0,1,0,0,0,0,0,0,0
1277,Data Analyst,7.84,97.6,81.0,72.6,67.6,81.6,64.8,71.6,1,2,1,1,1,1,0,0,0,0,0,0,0,0,1,0,0,0,0,2,0,0,0,3,2,2,0,3,0,0,0,0,1,0,0,0,0,1,2,0,0
1278,Data Analyst,8.79,61.1,74.5,54.9,82.7,80.7,62.8,70.3,2,3,1,0,1,1,3,0,0,0,0,0,0,0,0,2,0,0,0,2,0,1,0,3,3,2,1,3,0,0,0,0,1,1,0,0,0,0,0,0,0
1279,Data Analyst,8.24,81.7,71.0,79.7,86.6,78.2,70.2,78.7,2,3,1,1,1,1,1,0,0,0,0,1,0,0,0,0,2,0,0,1,1,0,0,2,1,3,2,1,0,0,0,0,0,0,0,2,1,0,0,2,0
1280,Data Analyst,8.4,80.6,83.6,81.2,70.6,63.1,58.5,68.3,2,3,2,1,1,1,0,0,0,0,0,0,0,0,0,0,0,0,0,3,0,0,0,1,3,2,1,0,2,0,0,0,0,0,0,0,1,0,0,0,1
1281,Data Analyst,6.45,92.6,85.0,73.0,78.2,61.2,82.7,73.8,1,2,1,1,1,0,2,0,0,0,0,0,2,2,0,0,0,0,0,2,0,0,1,2,3,3,1,1,1,0,2,0,0,0,0,0,0,0,2,0,0
1282,Data Analyst,7.85,85.4,68.7,55.8,77.3,50.1,84.6,66.9,3,1,1,0,1,1,3,0,0,0,0,0,0,0,0,0,1,0,0,2,2,0,1,3,2,3,2,0,0,0,0,0,0,0,0,0,1,0,1,0,1
1283,Data Analyst,7.07,97.0,82.2,69.0,86.7,77.8,55.0,72.1,2,2,2,1,1,1,0,0,0,3,0,0,0,0,0,0,1,0,0,2,0,0,0,1,0,3,2,2,0,0,0,0,0,0,0,2,2,1,2,2,2
1284,Data Analyst,7.07,72.1,76.7,77.6,80.2,52.5,86.1,74.1,3,3,1,0,1,1,2,1,0,0,0,0,0,0,1,0,0,0,0,3,0,0,0,3,1,3,3,2,2,0,0,0,1,0,0,0,0,0,0,0,0
1285,Data Analyst,7.36,65.5,88.7,84.3,74.7,60.2,83.5,75.7,2,1,2,0,1,1,1,1,0,0,0,1,0,0,0,0,0,0,0,2,0,0,0,2,3,3,0,2,0,1,0,0,0,0,0,0,0,0,0,1,0
1286,Data Analyst,6.98,80.1,64.2,65.3,70.5,64.3,67.4,66.9,3,2,2,0,1,1,2,0,0,0,0,1,0,0,0,0,0,0,0,3,0,0,0,1,1,3,1,0,0,0,0,0,0,2,2,0,0,0,0,0,0
1287,Data Analyst,7.58,77.4,64.3,71.5,59.4,73.8,63.7,67.1,3,1,1,1,0,1,2,0,0,0,0,0,0,0,0,0,0,0,0,3,0,0,0,2,3,2,0,0,0,0,0,0,0,2,0,0,0,0,0,2,1
1288,Data Analyst,7.76,90.6,65.4,74.1,54.5,88.1,57.5,68.5,2,3,1,1,0,1,2,0,0,0,0,0,0,0,0,0,0,0,0,3,0,0,0,3,1,2,3,2,2,0,1,0,0,0,1,0,0,0,1,0,0
1289,Data Analyst,7.37,83.7,76.3,63.0,68.8,84.0,67.5,70.8,2,2,2,0,1,1,2,0,0,0,0,1,0,3,0,1,1,0,0,1,2,0,0,3,0,2,2,2,0,0,0,0,1,1,2,0,1,0,0,0,1
1290,Data Analyst,8.28,76.5,75.7,81.3,68.4,65.2,68.3,70.8,3,3,0,0,0,1,0,0,0,0,0,0,1,0,2,0,0,0,0,3,0,0,0,3,3,2,1,0,0,0,0,0,0,0,0,0,2,0,0,1,0
1291,Data Analyst,7.99,84.3,76.8,64.3,77.4,59.6,67.3,67.1,2,1,1,1,1,0,0,0,1,0,1,1,0,1,0,0,0,0,0,2,0,1,0,2,2,0,2,2,0,0,0,1,0,0,0,0,0,0,0,1,0
1292,Data Analyst,7.89,86.2,86.1,64.0,87.3,73.5,86.3,77.8,1,1,2,1,1,1,3,0,0,0,0,0,0,0,0,0,1,0,1,3,0,0,0,1,2,0,3,1,0,2,0,0,1,0,1,0,0,0,0,0,2
1293,Data Analyst,7.01,85.7,65.1,52.8,77.2,78.2,78.4,71.7,0,1,1,1,1,1,2,0,0,0,1,1,0,0,0,0,1,0,0,3,0,0,1,3,3,0,3,2,0,0,0,0,0,0,0,0,0,0,0,0,0
1294,Data Analyst,7.47,76.5,68.0,48.7,87.4,83.4,80.2,74.9,3,2,1,1,1,1,1,0,0,0,0,0,0,2,0,0,0,0,0,2,0,1,0,2,2,3,2,2,0,0,0,0,0,0,0,0,0,0,1,0,0
1295,Data Analyst,7.23,82.0,73.8,72.7,75.2,67.0,60.9,69.0,3,3,1,1,1,0,2,0,0,0,0,0,0,0,0,0,0,2,0,3,0,0,0,3,1,2,0,0,0,0,0,0,0,0,0,1,0,0,0,0,0
1296,Data Analyst,7.96,89.1,77.8,67.9,61.1,62.6,88.7,70.1,2,2,2,1,1,1,1,0,0,0,0,0,0,0,0,0,0,0,0,2,0,1,0,1,2,2,3,3,0,0,0,2,0,1,1,1,0,0,0,0,0
1297,Data Analyst,7.88,84.8,100.0,65.2,84.0,55.7,67.6,68.1,3,3,1,0,1,0,3,0,0,0,0,1,0,0,0,2,1,0,0,3,0,2,2,3,0,3,3,3,0,0,0,1,0,0,0,0,0,0,0,0,0
1298,Data Analyst,8.33,80.9,83.8,73.7,69.3,64.5,77.4,71.2,1,1,1,0,1,0,1,1,0,1,0,0,0,0,0,0,0,0,0,3,0,1,1,3,3,1,2,3,0,1,1,0,0,0,0,0,0,0,0,1,0
1299,Data Analyst,8.12,69.0,68.5,53.0,54.7,75.4,79.1,65.6,4,2,1,1,0,1,2,0,0,0,0,2,0,0,0,0,0,0,1,0,0,0,1,3,3,3,1,0,0,0,0,0,0,0,0,1,2,0,0,0,0
1300,Data Analyst,8.94,75.6,87.3,76.9,65.8,73.7,71.3,71.9,2,1,2,1,1,1,1,0,0,1,2,0,0,0,0,0,0,0,0,2,0,0,0,3,1,3,3,0,0,0,0,0,0,0,0,0,0,0,0,0,0
1301,Data Analyst,8.19,64.6,66.6,69.2,82.3,61.1,64.5,69.3,3,2,1,1,1,1,3,1,0,1,2,0,2,0,0,0,0,1,0,0,2,0,0,2,1,2,3,2,0,0,1,0,0,0,0,0,0,0,0,0,0
1302,Data Analyst,8.37,70.9,75.3,60.6,63.0,67.8,87.7,69.8,3,3,0,0,1,1,2,0,0,1,0,0,0,0,0,0,0,0,0,1,0,0,0,3,2,2,0,0,0,0,0,2,1,0,0,0,0,0,0,0,0
1303,Data Analyst,6.4,82.6,71.1,89.9,62.4,67.6,74.8,73.7,2,1,2,0,1,1,3,0,0,0,0,0,0,0,0,0,0,0,0,0,0,0,0,3,3,2,2,0,0,0,1,0,0,0,0,0,0,0,0,0,0
1304,Data Analyst,7.47,90.2,53.7,85.9,90.0,83.8,68.6,82.1,2,2,0,0,1,1,2,0,0,0,0,2,0,0,0,1,0,0,0,1,0,0,0,3,0,3,2,2,0,0,0,1,0,0,1,0,0,0,0,0,1
1305,Data Analyst,7.62,76.3,86.1,58.8,88.7,69.6,63.8,70.2,2,1,0,0,1,1,2,0,0,1,0,0,1,0,0,0,0,0,0,3,0,0,0,2,0,2,2,1,0,0,0,0,0,0,0,2,0,0,0,0,0
1306,Data Analyst,7.74,74.3,80.5,100.0,76.7,46.5,68.3,73.7,1,3,1,1,1,1,0,0,0,0,0,0,0,0,0,0,0,0,0,2,0,0,0,0,3,2,0,3,0,0,0,2,0,0,0,1,0,0,0,0,0
1307,Data Analyst,6.42,75.8,89.9,75.1,72.3,65.9,68.7,70.5,1,2,1,1,1,1,2,3,0,0,0,0,0,0,0,0,0,0,0,2,0,0,0,2,2,3,3,3,1,0,0,0,0,1,0,0,0,0,0,0,0
1308,Data Analyst,8.51,71.3,92.3,79.0,100.0,66.1,86.9,83.7,3,2,3,1,1,1,0,0,0,0,0,0,0,0,1,0,0,0,0,2,0,0,0,3,2,3,1,3,0,0,0,0,0,0,0,0,0,0,0,0,0
1309,Data Analyst,7.99,75.9,72.6,64.6,55.2,62.7,83.9,66.6,1,1,1,1,0,0,2,1,1,1,0,0,0,0,0,0,0,0,0,1,0,0,1,1,2,3,0,0,0,0,0,2,0,0,0,0,0,0,0,0,0
1310,Data Analyst,6.33,75.8,68.5,64.8,66.7,68.9,89.1,72.4,2,2,2,0,1,1,3,1,0,2,0,0,1,0,0,0,1,0,0,2,0,0,0,1,2,3,2,2,0,0,1,0,0,0,0,0,0,0,0,0,0
1311,Data Analyst,8.15,88.8,64.6,80.8,86.5,68.2,77.7,78.3,3,3,1,1,1,1,3,0,1,0,0,0,0,0,0,2,0,1,0,0,0,1,0,3,0,0,3,1,0,0,0,0,0,0,0,0,1,0,0,0,0
1312,Data Analyst,6.18,90.0,88.0,88.2,62.0,66.7,82.5,74.8,2,2,1,1,1,1,2,0,0,0,0,0,0,0,0,1,0,0,0,3,0,0,0,3,2,2,2,3,0,1,0,0,2,0,0,0,0,0,0,0,0
1313,Data Analyst,6.66,68.8,88.6,69.7,69.5,59.1,70.2,67.1,3,1,1,1,1,1,1,0,0,0,0,0,0,0,0,0,0,0,0,3,0,1,1,3,1,2,2,0,0,0,0,0,0,0,0,0,2,0,1,0,1
1314,Data Analyst,7.66,82.8,77.1,81.8,76.3,70.0,51.9,70.0,3,2,0,0,0,0,0,0,0,0,0,1,0,0,0,0,0,0,0,2,0,0,0,3,2,2,3,2,0,0,1,0,0,0,0,0,0,0,0,2,0
1315,Data Analyst,6.58,80.4,69.5,63.7,92.6,73.8,69.3,74.9,3,2,1,1,1,1,2,0,0,0,0,0,0,0,0,0,0,0,0,1,0,0,0,3,2,3,3,2,0,0,0,0,0,0,0,0,0,0,0,0,0
1316,Data Analyst,6.1,85.4,82.9,57.9,84.1,59.7,70.0,67.9,4,3,3,1,1,1,2,0,0,0,0,2,0,1,0,0,2,0,0,0,1,0,0,1,0,3,2,2,0,0,0,0,0,0,0,0,0,0,0,2,2
1317,Data Analyst,5.96,83.2,70.6,63.1,66.0,72.9,81.3,70.8,2,1,1,0,1,1,2,2,0,0,0,0,2,1,0,0,0,0,0,3,0,0,0,2,3,3,1,3,0,0,0,1,0,0,0,0,0,0,0,0,0
1318,Data Analyst,7.84,92.8,61.6,62.0,66.0,73.1,76.6,69.4,3,3,2,1,1,1,2,0,0,2,0,0,0,0,0,0,0,0,1,1,0,0,0,2,0,1,2,1,0,0,1,0,0,0,0,0,0,0,0,0,0
1319,Data Analyst,8.38,76.8,84.5,74.9,68.7,71.9,77.1,73.2,0,3,2,1,1,1,3,0,0,0,1,0,1,0,0,0,0,0,0,3,0,0,0,3,1,2,1,2,0,1,0,0,0,0,0,1,0,0,0,0,0
1320,Data Analyst,7.37,69.8,83.2,72.7,58.9,69.3,75.3,69.0,3,2,2,1,1,1,3,0,0,0,0,0,0,0,0,0,0,0,0,2,0,0,2,0,2,2,2,3,0,0,1,0,2,0,0,0,0,1,0,0,0
1321,Data Analyst,7.75,83.6,79.4,77.4,86.3,64.8,87.9,79.1,2,1,1,0,1,1,2,0,0,0,0,0,2,0,0,2,0,0,1,1,0,0,0,3,3,2,0,2,0,0,0,0,0,0,1,0,0,0,0,0,0
1322,Data Analyst,7.37,88.7,79.9,73.1,67.5,66.5,89.5,74.2,1,2,1,1,1,1,3,0,0,0,0,0,0,0,1,0,1,0,0,3,0,0,1,2,2,3,2,3,0,0,0,0,1,0,0,0,0,0,1,0,0
1323,Data Analyst,8.08,89.3,90.7,60.7,78.9,74.7,87.5,75.5,4,1,0,0,1,1,0,0,0,0,0,0,0,0,0,0,0,0,1,3,0,0,0,1,0,2,3,2,2,0,0,0,0,0,1,0,0,0,2,0,0
1324,Data Analyst,7.55,90.5,84.1,63.7,65.4,77.1,58.6,66.2,0,2,1,1,0,1,2,0,0,0,0,0,0,0,0,0,0,0,0,3,2,0,0,2,2,1,3,0,0,0,0,0,0,0,0,0,0,1,0,0,0
1325,Data Analyst,7.3,100.0,52.2,75.5,65.3,85.1,76.3,75.5,2,2,2,1,0,1,2,0,0,0,2,0,0,0,0,0,0,0,0,3,1,0,0,0,0,0,0,2,0,0,0,0,0,0,0,0,0,0,0,2,0
1326,Data Analyst,9.02,88.2,77.0,100.0,76.3,57.3,78.0,78.4,1,3,3,1,0,1,3,0,0,1,0,0,1,0,0,1,0,2,0,0,0,0,0,3,3,2,1,1,0,1,2,0,0,0,0,0,0,2,0,0,2
1327,Data Analyst,9.13,90.3,92.2,68.2,61.0,62.3,66.2,64.4,1,2,3,0,1,1,2,0,0,0,1,2,0,0,0,0,0,0,0,2,2,0,0,3,3,1,1,0,0,0,0,0,0,0,0,0,0,0,0,0,2
1328,Data Analyst,7.78,86.0,94.3,54.4,65.8,57.6,64.2,60.5,2,1,2,0,1,1,1,1,0,0,0,2,0,0,0,0,0,0,0,3,0,1,0,3,3,3,3,3,0,0,2,0,0,0,0,2,0,0,2,0,0
1329,Data Analyst,7.0,81.6,79.3,63.9,64.5,58.7,80.3,66.9,2,2,1,1,1,1,2,0,0,0,0,0,1,0,0,0,2,0,0,3,0,0,0,3,0,1,1,0,0,0,0,0,0,0,0,0,0,1,0,0,0
1330,Data Analyst,7.96,97.0,81.3,88.9,72.8,51.9,76.2,72.5,2,2,1,1,0,1,2,2,0,0,0,0,0,0,0,1,0,0,0,2,2,0,0,3,0,0,2,3,1,0,0,1,0,0,0,3,0,0,0,0,0
1331,Data Analyst,6.79,92.6,84.2,56.3,64.2,71.0,78.4,67.5,1,2,1,0,1,1,2,0,0,0,0,0,1,0,0,0,0,0,0,2,1,0,1,3,2,2,0,0,0,0,0,0,0,0,0,0,0,0,0,0,0
1332,Data Analyst,7.25,75.4,76.6,92.8,81.6,70.6,55.3,75.1,2,2,1,0,1,1,2,0,1,0,0,0,0,0,0,0,0,0,0,3,0,1,0,2,2,1,2,1,0,0,0,0,0,0,0,0,0,0,0,0,0
1333,Data Analyst,7.67,75.3,84.9,75.0,68.5,72.8,74.2,72.6,3,1,1,1,0,1,0,1,1,0,2,0,0,0,1,0,1,0,1,2,0,0,1,3,2,2,1,3,0,0,0,0,0,0,0,0,0,2,0,0,0
1334,Data Analyst,6.35,72.6,78.8,70.1,60.5,52.0,85.0,66.9,4,1,2,0,0,0,3,0,0,0,0,2,0,0,0,0,0,1,0,3,0,0,1,2,3,1,1,0,0,0,1,0,0,0,0,0,0,0,1,0,0
1335,Data Analyst,7.39,66.2,85.5,78.1,80.2,55.3,62.2,69.0,1,2,3,1,1,1,0,2,0,1,0,0,0,0,0,0,0,0,0,3,0,0,0,1,0,2,1,0,0,0,0,0,0,0,0,3,0,0,0,0,0
1336,Data Analyst,7.65,69.6,73.5,56.7,68.3,70.7,90.2,71.5,3,2,2,1,1,1,2,0,0,0,0,2,0,0,0,0,0,0,1,1,0,2,0,3,2,0,2,3,0,0,0,0,0,0,0,0,0,0,0,0,0
1337,Data Analyst,7.38,76.9,92.1,84.9,57.9,79.7,69.3,73.0,3,2,2,0,1,1,3,0,0,0,1,0,0,1,0,1,0,0,1,1,0,0,0,3,0,0,3,0,0,1,0,0,0,0,0,0,0,2,0,0,0
1338,Data Analyst,7.39,93.0,86.0,86.3,93.5,70.3,66.1,79.1,2,1,0,0,0,1,3,2,0,0,0,0,0,1,0,2,0,0,0,2,0,0,0,0,2,2,2,3,0,1,0,0,0,0,0,0,2,0,0,1,0
1339,Data Analyst,7.5,92.5,55.6,70.0,64.8,47.8,78.9,65.4,2,1,1,0,1,1,2,0,1,0,0,1,0,0,0,0,0,0,1,2,0,0,1,2,3,2,3,1,0,0,0,0,2,0,1,0,0,0,0,0,0
1340,Data Analyst,7.37,76.6,75.7,72.2,83.9,95.3,75.8,81.8,2,3,0,0,1,1,1,0,0,0,0,0,0,0,0,0,0,0,0,3,0,0,0,2,0,2,3,2,0,0,0,0,0,0,0,1,0,0,0,0,0
1341,Data Analyst,5.43,89.5,77.7,77.3,64.0,71.4,82.9,73.9,4,1,2,1,0,1,1,3,0,0,0,0,0,0,0,0,0,0,0,0,0,0,0,3,1,3,2,1,0,0,0,0,0,1,0,0,0,0,0,0,0
1342,Data Analyst,7.47,81.1,66.7,71.5,67.2,61.2,71.5,67.8,1,3,1,1,1,1,3,0,0,0,1,0,0,0,0,0,0,2,0,3,0,0,0,3,3,3,0,0,0,0,0,0,0,0,0,0,0,1,0,0,0
1343,Data Analyst,5.0,75.2,73.1,57.9,92.0,37.4,75.1,65.6,2,2,2,0,1,1,1,0,0,0,0,0,0,0,0,0,0,0,0,2,0,0,0,1,2,2,2,2,0,0,0,0,0,0,0,0,2,0,0,0,0
1344,Data Analyst,7.04,78.3,70.9,73.0,87.8,73.9,61.9,74.2,2,1,2,1,1,1,2,0,0,0,2,0,0,0,0,0,1,0,0,2,1,0,0,1,1,0,2,2,0,0,0,1,0,0,0,0,0,0,0,0,1
1345,Data Analyst,6.94,79.2,72.9,90.0,91.7,62.0,80.8,81.1,2,3,2,1,1,1,3,2,0,0,0,0,0,0,0,0,0,1,2,3,0,0,1,2,2,2,2,3,0,0,0,0,0,1,0,2,0,0,0,0,0
1346,Data Analyst,8.15,73.7,84.7,35.5,76.9,83.0,61.9,64.3,2,2,1,1,1,1,2,2,0,0,0,0,0,0,0,1,1,0,1,2,0,0,0,0,2,2,3,0,0,0,0,1,0,0,0,0,0,0,0,0,0
1347,Data Analyst,8.34,73.0,73.9,82.8,64.0,53.5,58.1,64.6,3,3,2,1,1,1,1,1,0,0,0,1,0,0,0,0,0,0,1,3,0,0,2,1,2,3,3,2,0,0,0,0,0,0,0,0,0,0,0,0,0
1348,Data Analyst,7.11,72.4,76.5,73.3,63.6,71.2,83.2,72.8,3,3,1,1,0,1,0,2,0,0,0,1,0,0,0,0,0,0,0,2,1,0,0,1,2,3,3,2,1,0,0,0,0,0,0,0,1,2,0,0,1
1349,Data Analyst,6.1,73.2,84.8,70.4,72.2,53.6,84.6,70.2,3,2,2,0,1,1,2,0,0,1,0,0,0,2,2,0,0,0,0,3,0,0,0,1,3,3,3,1,0,0,0,0,0,0,0,0,0,0,0,0,0
1350,Data Analyst,7.67,92.3,73.7,72.0,82.9,69.2,72.9,74.2,3,1,1,1,1,0,1,0,0,1,2,0,0,0,0,1,0,0,0,3,0,1,0,0,3,2,0,2,0,1,0,0,0,0,0,0,0,0,0,2,0
1351,Data Analyst,7.87,74.2,100.0,69.4,68.6,68.8,76.2,70.8,4,1,0,0,1,1,0,1,0,0,0,0,0,1,0,2,0,0,0,2,0,0,0,2,2,3,2,3,0,0,0,1,0,0,0,0,0,0,1,0,0
1352,Data Analyst,8.9,82.4,87.3,100.0,79.0,57.9,58.4,76.3,4,1,1,1,1,1,3,1,0,0,0,2,0,0,0,0,0,2,0,3,0,0,0,2,3,3,3,1,0,0,0,2,0,0,1,0,0,0,0,0,2
1353,Data Analyst,6.89,88.4,68.1,69.5,76.3,83.3,70.4,74.9,2,1,2,1,1,1,3,0,1,0,0,0,2,0,0,0,0,0,0,2,0,0,0,2,1,3,2,2,0,0,0,0,0,0,2,0,0,0,0,1,0
1354,Data Analyst,6.56,75.1,69.1,71.8,76.3,72.7,75.9,74.2,3,1,1,1,1,1,3,0,0,0,0,0,0,1,0,0,0,0,0,2,0,0,0,2,3,3,3,2,0,0,0,0,1,0,0,0,0,0,0,0,0
1355,Data Analyst,8.5,76.7,77.6,55.8,78.4,77.4,75.8,71.8,1,2,2,1,1,1,1,0,0,0,0,0,0,0,2,0,0,0,1,3,0,2,0,2,0,3,3,2,0,1,0,2,0,0,0,0,0,2,0,0,0
1356,Data Analyst,7.83,74.5,69.5,64.0,71.7,72.8,63.3,68.0,3,2,0,0,1,1,1,0,1,1,0,0,0,0,0,0,0,1,0,1,0,0,0,0,3,1,1,3,1,0,0,0,0,0,0,0,2,0,0,0,2
1357,Data Analyst,7.15,82.1,61.3,68.2,72.8,54.7,76.5,68.0,2,1,0,0,1,0,0,0,0,0,0,0,0,2,0,0,0,0,0,2,0,0,0,0,0,2,2,2,0,0,0,0,1,0,0,1,0,0,0,0,0
1358,Data Analyst,7.37,72.2,76.8,73.9,72.8,84.7,68.1,74.9,2,2,0,0,0,1,2,0,0,0,0,0,0,1,1,0,0,0,2,1,0,0,0,3,0,1,0,0,0,2,0,0,0,0,0,0,0,0,0,0,0
1359,Data Analyst,7.47,88.2,57.1,69.7,74.8,76.7,71.5,73.2,2,2,1,0,1,1,2,0,0,0,0,0,0,0,0,1,0,1,0,1,1,0,2,2,3,2,2,2,0,0,0,0,0,0,1,0,0,0,0,0,0
1360,Data Analyst,7.81,81.5,75.0,75.1,68.6,73.7,63.4,70.2,2,3,0,0,1,1,1,0,1,0,0,0,0,0,0,0,0,0,1,0,0,0,0,2,2,2,2,3,0,0,0,0,0,1,0,0,0,0,0,1,0
1361,Data Analyst,7.32,73.6,58.4,72.0,76.7,59.3,65.1,68.3,3,3,2,0,1,1,0,1,0,0,0,0,1,0,0,0,0,0,0,2,0,0,0,2,2,1,3,0,0,0,0,0,0,0,1,2,1,0,0,0,0
1362,Data Analyst,6.78,86.1,70.3,83.5,81.1,82.0,100.0,86.7,3,2,2,1,1,1,0,0,0,0,0,0,0,0,0,0,1,0,0,3,2,0,0,2,2,2,1,3,2,0,0,0,0,0,0,0,0,0,0,0,0
1363,Data Analyst,8.45,69.6,100.0,61.7,63.7,60.8,57.1,60.8,2,2,1,1,1,1,2,0,0,0,0,0,0,0,0,0,0,0,0,2,0,0,0,1,3,0,0,0,0,0,1,0,0,0,0,0,0,0,0,0,0
1364,Data Analyst,6.98,78.8,76.9,68.9,67.3,61.1,70.1,66.8,1,2,2,1,1,1,0,0,0,0,0,0,0,0,0,0,1,0,1,3,0,0,1,1,3,2,3,2,0,0,0,0,0,0,1,0,1,0,0,0,0
1365,Data Analyst,8.63,85.7,69.0,74.0,89.9,52.7,74.8,72.9,2,3,1,1,1,1,2,0,0,0,0,1,0,0,0,0,0,0,0,2,0,1,0,2,3,1,3,3,1,1,0,0,0,0,0,1,0,0,0,0,0
1366,Data Analyst,8.3,70.8,73.8,63.1,70.0,59.4,80.1,68.2,1,2,0,0,0,1,0,0,0,0,0,2,0,1,1,0,0,0,2,2,0,0,1,1,2,2,3,0,0,0,0,0,0,0,2,0,3,0,0,0,0
1367,Data Analyst,6.93,88.8,74.0,66.8,81.0,83.1,68.9,75.0,2,2,1,1,1,0,3,0,0,0,1,1,0,0,0,0,0,0,0,0,2,0,0,2,2,1,3,0,0,0,0,1,0,1,0,0,0,0,1,0,0
1368,Data Analyst,7.45,66.5,99.5,61.1,85.2,72.3,65.2,71.0,2,2,0,0,1,1,2,0,0,0,0,0,0,0,0,2,0,0,2,1,3,0,0,1,1,1,3,2,0,0,0,0,0,0,0,0,0,1,2,1,0
1369,Data Analyst,7.04,82.0,88.8,70.5,93.6,75.9,93.0,83.2,1,2,1,0,1,0,0,0,0,0,0,0,0,0,0,0,0,0,0,3,2,0,0,3,3,2,3,0,1,0,0,0,0,0,0,0,0,0,0,0,0
1370,Data Analyst,7.21,83.4,80.3,72.6,83.4,72.7,64.6,73.3,2,2,0,0,1,1,1,0,0,0,0,0,0,0,0,0,0,0,0,3,0,0,0,1,1,1,3,1,0,1,0,0,0,0,0,0,2,1,1,3,0
1371,Data Analyst,7.73,73.4,79.2,68.4,75.7,44.3,76.9,66.3,2,2,1,1,0,1,3,0,0,1,0,0,0,0,0,0,1,0,2,2,0,1,0,0,3,1,2,3,1,0,1,1,0,1,0,0,0,2,0,0,0
1372,Data Analyst,8.02,88.8,71.0,86.4,78.2,75.5,75.6,78.9,2,2,1,1,1,1,3,0,0,0,0,0,0,0,0,0,1,0,0,1,0,0,1,2,2,2,0,1,0,1,0,0,2,0,0,0,0,0,0,0,3
1373,Data Analyst,7.5,70.6,78.9,61.6,56.4,45.5,64.5,57.0,2,2,1,1,1,1,2,0,0,0,0,0,0,0,0,0,0,0,0,3,0,2,0,1,3,3,2,0,0,0,0,0,0,0,0,0,0,0,0,0,0
1374,Data Analyst,8.93,77.3,87.2,85.9,72.5,60.5,78.1,74.2,2,3,0,0,1,1,3,0,0,0,0,0,0,0,0,1,0,0,0,2,0,0,1,2,0,3,2,3,0,0,0,1,0,0,0,0,0,0,0,0,0
1375,Data Analyst,6.56,74.5,92.8,87.1,82.4,72.0,77.0,79.6,2,2,0,0,1,1,0,0,0,0,0,0,0,0,0,3,0,0,0,2,0,0,1,2,1,1,2,0,0,0,0,1,1,0,2,0,0,0,0,1,0
1376,Data Analyst,7.5,74.6,77.8,79.7,72.8,84.1,46.8,70.8,3,1,0,0,1,1,2,0,0,0,0,0,0,0,0,1,0,0,1,2,1,0,0,3,2,3,2,2,1,0,0,0,0,0,0,1,0,0,0,0,0
1377,Data Analyst,8.03,76.2,66.8,56.3,76.5,75.8,59.6,67.1,2,1,2,0,1,1,0,0,0,0,0,1,0,0,2,0,0,0,0,1,0,0,0,3,2,2,0,3,0,0,0,0,0,0,0,0,0,0,0,0,0
1378,Data Analyst,7.0,80.4,62.2,65.3,76.0,84.7,77.4,75.8,2,3,3,1,0,1,1,0,0,0,0,0,0,0,1,0,1,1,0,2,0,0,0,3,3,2,1,0,0,1,0,0,0,0,1,0,0,0,0,0,0
1379,Data Analyst,8.97,81.3,79.3,62.0,62.1,78.6,77.8,70.1,2,1,2,0,1,1,3,0,1,0,2,0,0,0,0,0,2,0,0,3,0,0,0,0,0,3,0,3,0,0,0,0,1,0,0,0,0,0,0,0,0
1380,Data Analyst,7.93,79.8,71.4,72.1,100.0,73.7,88.3,84.1,2,2,1,1,1,1,2,0,1,0,1,0,0,0,0,2,0,0,0,3,0,1,1,1,2,2,2,0,0,0,0,0,0,0,0,0,0,0,1,0,0
1381,Data Analyst,6.52,92.3,83.2,74.5,77.0,69.2,55.1,69.0,4,3,2,0,1,0,3,0,0,2,0,1,0,0,0,0,0,0,0,3,0,0,0,2,0,3,0,2,0,0,0,0,0,0,2,0,0,0,0,0,0
1382,Data Analyst,8.79,78.2,85.0,65.9,70.1,58.7,72.9,66.9,1,3,3,1,0,0,3,0,1,0,0,0,0,2,0,0,0,0,0,2,0,1,0,0,2,3,2,3,0,0,0,0,0,0,0,0,0,0,0,0,0
1383,Data Analyst,7.81,77.3,83.8,80.2,60.6,45.4,74.7,65.2,0,3,3,0,1,1,0,0,0,0,2,0,0,0,0,0,0,0,0,2,0,0,0,1,2,2,0,2,0,0,0,0,1,0,0,0,0,0,0,0,0
1384,Data Analyst,6.68,81.6,89.2,83.3,81.1,77.2,73.4,78.8,2,1,0,0,0,0,1,0,0,0,0,0,0,2,0,0,2,0,0,3,0,0,0,3,3,3,0,2,0,0,0,0,1,0,0,0,0,0,0,0,0
1385,Data Analyst,8.08,77.6,63.4,65.6,65.2,68.3,53.6,63.2,4,2,3,1,1,0,3,0,0,0,0,0,0,0,0,0,0,0,0,3,1,0,0,2,0,2,0,0,0,0,0,0,1,0,0,0,0,1,0,1,0
1386,Data Analyst,7.82,94.0,79.7,78.9,60.0,79.4,71.0,72.3,2,1,3,1,1,0,2,3,0,1,1,0,0,1,0,0,0,0,0,2,0,0,0,3,0,3,2,3,0,0,0,0,0,0,1,0,1,0,0,0,0
1387,Data Analyst,7.09,81.4,87.4,76.8,56.6,78.5,76.0,72.0,2,2,0,0,1,1,2,0,0,0,0,0,0,0,2,0,0,0,0,0,0,1,0,0,0,3,0,2,0,0,0,0,0,0,2,0,0,0,1,0,0
1388,Data Analyst,7.78,76.4,82.0,70.4,90.9,60.1,80.0,75.3,2,3,1,0,1,1,3,0,0,1,0,0,0,0,0,0,0,0,2,3,0,2,0,2,0,3,3,2,0,0,0,0,0,0,1,0,0,0,0,0,0
1389,Data Analyst,6.03,80.4,88.6,59.3,83.7,70.2,79.7,73.2,3,2,1,1,0,1,2,0,0,0,0,0,0,0,1,0,2,0,2,2,0,0,0,2,3,3,1,0,0,0,0,0,0,0,0,0,0,0,0,0,0
1390,Data Analyst,6.34,70.2,80.3,57.5,85.1,69.2,69.8,70.4,1,2,0,0,1,1,0,0,0,0,0,0,0,2,0,0,0,0,0,2,2,0,0,2,0,3,3,2,0,2,1,0,0,2,0,0,0,0,2,0,0
1391,Data Analyst,5.68,80.2,84.6,76.0,75.8,68.3,75.8,74.0,4,3,3,0,0,1,0,2,0,0,0,0,0,1,0,0,0,0,0,3,0,0,0,2,3,2,3,3,1,0,0,0,0,0,0,0,0,0,0,0,0
1392,Data Analyst,6.22,87.4,75.5,91.2,57.9,71.9,80.4,75.3,2,2,1,1,0,1,3,0,1,0,0,1,2,0,0,0,0,0,0,2,1,0,0,2,3,3,2,1,0,0,0,0,2,0,0,0,0,0,0,0,0
1393,Data Analyst,7.13,92.3,63.3,71.2,81.5,71.6,63.3,71.9,2,2,0,0,1,0,0,0,0,0,0,0,0,0,0,2,0,0,0,3,0,0,0,2,2,3,3,1,2,0,0,0,0,0,0,0,0,0,0,0,0
1394,Data Analyst,7.18,82.6,69.6,56.0,83.3,62.3,74.9,69.1,1,1,1,1,1,0,3,1,0,0,0,1,0,0,0,0,0,0,0,2,1,0,0,3,1,1,2,0,0,0,0,0,1,0,0,0,0,0,0,1,0
1395,Data Analyst,8.05,75.7,69.1,76.8,92.1,60.0,92.0,80.2,3,2,3,0,1,1,3,0,0,0,0,0,0,0,0,0,0,0,0,3,0,0,0,2,0,1,0,3,0,2,1,1,0,0,0,0,0,0,1,0,0
1396,Data Analyst,8.09,82.2,69.6,77.9,96.8,57.3,78.5,77.6,2,1,2,1,1,1,3,0,0,0,1,2,0,0,0,0,0,0,0,3,0,0,0,2,3,3,3,3,0,1,2,0,0,0,0,0,0,1,0,0,0
1397,Data Analyst,7.48,70.9,80.1,67.4,70.4,78.9,71.7,72.1,2,1,1,1,1,1,1,0,0,0,0,0,0,0,0,0,0,0,1,2,0,0,0,3,3,2,2,2,0,1,0,0,0,0,0,0,0,0,0,0,0
1398,Data Analyst,8.84,97.5,88.6,62.0,69.2,46.9,71.4,62.4,4,2,1,1,1,1,0,1,0,0,0,0,0,1,1,1,0,0,0,1,0,0,1,3,2,1,3,1,2,0,0,0,0,0,0,2,0,1,0,0,1
1399,Data Analyst,7.74,78.5,82.4,68.6,86.8,57.2,62.8,68.8,2,3,0,0,1,1,2,0,1,0,2,0,1,1,0,0,0,0,3,3,0,0,0,2,3,3,3,2,1,1,0,1,0,0,1,0,0,0,0,1,0
1400,Data Analyst,8.38,72.5,66.3,88.2,58.0,77.2,56.2,69.9,2,3,0,0,1,0,3,0,0,0,0,0,0,2,0,0,0,1,1,3,1,0,0,3,0,3,2,0,0,1,0,1,0,0,0,0,0,0,0,0,0
1401,Data Analyst,7.76,72.9,92.3,72.5,56.4,56.0,78.4,65.8,2,3,1,1,1,1,3,2,0,0,0,0,0,0,0,0,0,0,0,2,0,0,0,0,1,2,2,1,0,0,3,0,0,0,0,0,1,0,0,0,1
1402,Data Analyst,8.16,74.0,68.5,65.7,74.6,55.5,78.4,68.6,3,2,1,1,1,1,2,1,0,0,0,0,0,0,0,0,0,0,0,1,0,0,0,3,0,3,2,3,0,0,0,0,0,0,0,1,2,0,1,0,0
1403,Data Analyst,8.25,87.4,70.2,68.5,98.9,60.7,67.3,73.9,3,3,2,1,1,0,0,0,0,0,0,1,0,2,0,0,0,0,0,3,0,0,0,0,1,2,0,2,0,0,0,0,0,0,0,1,0,1,0,0,0
1404,Data Analyst,7.74,86.0,61.7,93.7,76.8,81.9,73.1,81.4,1,2,0,0,1,1,2,0,0,0,0,0,2,0,0,0,0,0,0,3,0,0,0,1,0,3,3,0,0,0,0,1,0,0,0,0,0,0,0,0,0
1405,Data Analyst,7.51,69.3,83.8,65.8,60.4,82.6,76.1,71.2,1,2,2,1,1,1,2,0,0,0,0,0,0,0,1,0,0,0,0,3,1,0,0,2,0,3,3,0,0,0,0,0,0,0,0,1,0,0,0,0,0
1406,Data Analyst,6.39,86.1,68.5,64.9,53.2,60.7,64.5,60.8,1,2,0,0,1,1,2,0,1,1,0,0,0,0,0,0,0,0,0,3,0,0,0,1,0,1,3,1,1,0,0,1,0,0,0,0,0,0,3,0,2
1407,Data Analyst,6.06,79.3,81.1,58.1,82.3,62.9,75.7,69.8,3,3,1,1,0,0,3,0,1,0,0,1,0,0,1,0,0,0,0,2,0,0,0,1,2,2,0,0,0,0,0,0,0,2,0,0,0,0,1,0,0
1408,Data Analyst,7.8,94.6,81.3,80.1,58.5,52.5,88.3,69.8,2,2,2,1,1,1,1,0,0,0,1,0,0,0,0,0,0,0,0,2,0,0,0,3,1,0,2,2,2,2,0,0,0,0,0,0,0,0,0,0,1
1409,Data Analyst,8.42,97.6,86.9,90.8,76.7,89.4,53.7,77.6,2,2,2,1,0,1,0,0,0,0,0,0,0,0,0,0,0,2,0,2,0,1,0,3,2,3,2,2,0,0,0,0,0,0,0,1,1,0,0,0,0
1410,Data Analyst,8.48,75.2,72.9,84.3,78.9,69.3,84.0,79.1,2,1,0,0,0,1,2,0,0,0,0,0,0,0,1,0,0,0,0,3,0,0,0,2,2,2,3,0,2,0,1,0,0,0,0,0,0,0,0,1,0
1411,Data Analyst,6.84,69.2,74.8,68.0,50.1,64.3,71.9,63.6,3,2,2,0,1,0,3,0,0,2,0,0,0,0,0,0,0,2,0,3,0,0,0,0,3,1,3,2,0,0,1,0,0,1,0,0,0,0,0,0,0
1412,Data Analyst,7.14,73.5,84.9,69.3,74.2,80.9,82.8,76.8,1,1,2,1,1,1,3,0,0,0,0,0,1,0,0,0,0,0,0,2,0,0,0,2,1,2,1,2,2,2,0,0,0,2,0,0,0,1,2,0,0
1413,Data Analyst,8.97,77.7,66.3,77.2,67.5,65.0,87.7,74.3,3,2,0,0,1,0,0,0,0,1,1,0,0,0,0,0,0,0,0,1,0,0,0,1,3,0,2,1,0,0,0,0,0,0,0,2,0,0,0,0,0
1414,Data Analyst,8.54,85.4,81.1,73.6,59.1,51.7,69.5,63.5,1,2,1,1,1,0,2,0,0,0,0,0,0,0,0,0,0,0,0,2,1,0,0,2,2,0,1,3,0,1,0,0,0,0,1,2,0,0,0,0,2
1415,Data Analyst,7.5,70.4,69.9,62.8,63.6,66.7,85.2,69.6,4,2,3,1,0,1,3,0,0,0,0,1,0,0,1,2,1,0,0,3,2,0,0,3,0,3,1,3,1,0,0,0,0,0,0,0,1,1,0,0,0
1416,Data Analyst,6.8,89.9,75.6,77.1,70.7,59.0,77.7,71.1,3,2,1,1,1,1,1,0,0,0,1,0,0,0,0,0,0,1,2,2,0,2,0,2,0,1,3,3,0,0,0,0,0,0,1,2,0,0,0,0,0
1417,Data Analyst,8.31,90.0,81.0,30.7,67.8,79.0,100.0,70.4,1,3,0,0,1,1,2,0,0,0,0,0,0,0,0,0,0,0,0,0,0,0,1,3,3,3,2,0,0,0,0,0,1,0,0,0,0,1,0,3,2
1418,Data Analyst,7.37,67.9,74.0,65.7,63.9,83.3,70.7,70.9,1,2,2,1,1,0,2,0,0,1,0,0,0,0,0,0,0,0,0,3,0,0,0,2,3,3,2,3,0,0,2,0,1,0,0,0,0,0,0,1,2
1419,Data Analyst,8.04,67.5,73.6,37.6,66.3,81.4,86.2,67.9,2,3,1,1,1,1,3,2,1,0,0,0,0,0,0,0,0,1,0,1,0,0,0,2,3,2,2,2,0,0,1,1,0,0,0,0,0,0,0,0,0
1420,Data Analyst,7.1,69.8,74.3,66.2,74.0,66.4,81.4,72.0,2,1,0,0,1,1,2,1,0,0,0,0,0,0,0,0,2,0,0,3,0,0,0,1,2,3,1,0,0,0,0,1,0,0,1,0,2,0,0,0,0
1421,Data Analyst,7.43,72.8,70.9,69.4,96.8,73.8,56.9,74.2,3,3,0,0,1,0,0,1,0,0,0,2,0,0,0,0,0,0,1,3,0,0,0,3,2,2,2,2,0,0,0,1,0,0,0,1,0,1,0,1,0
1422,Data Analyst,8.14,75.9,65.7,83.7,71.2,72.3,79.8,76.8,1,3,1,1,0,1,2,0,0,0,0,0,0,0,0,0,0,0,2,3,0,0,0,3,3,2,3,1,0,0,0,0,0,0,0,0,0,0,0,1,1
1423,Data Analyst,6.93,71.4,78.6,66.7,73.3,60.1,69.7,67.5,3,2,0,0,1,1,3,0,2,0,0,0,0,1,0,0,0,0,1,0,1,0,0,0,2,0,3,2,0,0,1,1,0,0,0,0,0,0,0,0,0
1424,Data Analyst,7.76,73.7,100.0,68.7,48.0,57.3,64.1,59.5,3,3,1,1,1,0,3,0,1,0,0,1,2,0,0,0,2,0,0,3,0,0,0,2,1,2,2,0,0,1,0,0,0,0,0,1,0,0,0,0,0
1425,Data Analyst,9.03,86.6,80.1,70.7,54.3,78.6,90.2,73.5,2,2,0,0,1,1,0,0,0,0,0,0,1,0,1,0,0,0,0,3,0,2,0,3,2,0,0,0,0,1,0,0,0,0,0,0,0,0,0,0,0
1426,Data Analyst,6.37,83.5,76.9,52.7,66.1,67.1,55.3,60.3,1,2,2,0,1,1,2,0,0,0,0,0,0,1,0,0,0,0,0,2,0,0,1,3,3,3,3,0,0,0,0,1,0,0,0,0,0,1,0,0,0
1427,Data Analyst,7.41,100.0,69.8,74.6,61.6,89.6,78.2,76.0,1,1,2,1,1,1,3,0,0,0,0,0,0,1,0,2,2,0,0,2,0,0,0,3,3,3,2,1,0,0,0,0,0,0,0,0,0,0,0,0,0
1428,Data Analyst,5.97,87.1,56.7,65.9,75.0,73.1,79.5,73.4,3,2,2,0,1,0,3,2,0,0,0,0,0,0,0,0,1,0,0,1,0,0,0,3,2,2,3,2,0,0,0,0,0,1,0,0,0,0,0,0,0
1429,Data Analyst,6.0,90.8,75.8,57.1,86.3,51.5,75.8,67.7,4,3,2,1,1,1,0,0,0,0,0,0,1,2,0,0,2,0,0,2,0,0,0,2,0,2,3,3,0,1,0,0,0,0,0,0,0,0,0,0,0
1430,Data Analyst,8.77,75.5,78.2,71.8,71.2,64.3,80.3,71.9,1,2,0,0,1,1,3,0,0,0,0,0,0,0,0,0,0,0,0,2,0,0,0,2,0,2,2,2,0,0,0,0,0,1,0,1,0,0,0,0,0
1431,Data Analyst,7.62,82.4,100.0,78.5,91.7,64.7,86.4,80.3,2,3,0,0,0,1,2,0,0,0,1,0,0,0,0,0,0,0,0,1,0,0,0,3,2,2,2,3,1,0,1,1,0,0,0,0,0,0,0,0,0
1432,Data Analyst,9.34,72.8,92.4,75.9,96.2,74.6,66.6,78.3,2,3,1,1,1,1,3,0,0,0,0,1,0,0,0,0,0,1,0,0,0,0,0,0,2,2,2,0,0,3,0,0,0,0,0,0,0,0,0,0,0
1433,Data Analyst,8.64,80.1,82.4,71.9,57.5,53.7,53.2,59.1,3,2,0,0,1,1,0,0,0,1,0,0,0,0,1,0,0,0,0,3,0,0,1,1,3,2,0,0,1,0,0,0,0,0,0,0,0,0,0,0,0
1434,Data Analyst,6.99,64.8,65.2,75.1,64.2,60.6,66.7,66.7,1,3,1,1,0,1,3,0,0,0,0,0,0,2,0,0,1,2,0,3,1,0,0,0,3,1,2,1,0,0,0,0,0,0,0,0,0,0,0,2,0
1435,Data Analyst,7.4,76.6,85.9,71.7,75.4,51.1,75.7,68.5,1,2,2,1,1,1,2,0,0,0,0,0,0,0,0,0,0,0,0,2,2,0,0,2,3,0,0,2,0,0,0,0,3,1,0,0,0,0,0,0,0
1436,Data Analyst,7.44,89.3,63.2,69.9,61.4,77.1,83.2,72.9,2,2,2,1,1,1,3,0,2,0,0,0,0,0,0,0,0,0,0,2,0,0,0,0,2,1,0,0,0,0,0,0,0,0,0,0,0,0,1,2,0
1437,Data Analyst,8.34,68.4,82.0,74.2,82.7,55.3,75.9,72.0,4,1,1,1,1,1,1,0,2,2,0,0,0,2,0,0,0,0,0,3,0,0,0,3,2,3,2,0,0,1,0,0,0,0,0,0,0,0,0,0,0
1438,Data Analyst,7.79,79.3,89.3,75.2,73.9,83.8,61.7,73.7,2,2,2,1,1,1,3,0,0,0,0,0,2,0,0,0,0,0,0,3,0,0,0,2,2,2,3,3,0,0,0,0,0,0,0,0,0,0,2,0,0
1439,Data Analyst,8.02,75.0,83.2,75.6,85.6,87.4,71.7,80.1,1,1,1,0,1,1,2,2,0,0,0,0,0,0,0,0,0,0,0,3,0,0,0,1,3,2,0,0,1,2,0,0,0,0,0,0,0,1,0,0,0
1440,Data Analyst,8.16,89.7,83.7,62.4,87.5,77.5,74.6,75.5,0,1,3,1,0,1,0,0,0,0,0,0,0,0,0,0,0,0,0,0,0,1,0,2,3,1,2,1,0,0,0,0,0,0,0,0,0,0,1,0,0
1441,Data Analyst,8.28,74.5,80.5,61.1,80.7,65.8,95.3,75.7,3,3,0,0,0,0,2,0,0,0,0,0,0,0,0,0,0,0,0,2,0,0,0,3,2,2,2,1,0,0,0,2,1,0,1,0,0,2,0,0,0
1442,Data Analyst,7.26,77.5,77.9,64.3,56.8,66.4,66.3,63.5,1,3,1,1,1,1,2,0,0,0,0,0,0,0,0,0,0,0,0,1,0,0,0,2,1,1,3,1,0,0,0,1,2,0,0,0,0,0,0,0,0
1443,Data Analyst,7.36,82.4,87.1,73.5,100.0,93.1,72.7,85.1,2,3,2,0,1,1,3,1,2,0,0,0,0,0,0,1,0,0,0,2,0,0,0,3,3,3,3,0,0,1,0,0,0,0,1,0,0,0,0,0,1
1444,Data Analyst,7.56,85.3,92.3,72.6,74.8,76.6,87.7,77.9,0,3,1,0,1,1,0,0,0,0,0,0,0,0,1,0,0,0,0,1,0,0,0,0,1,2,3,0,0,3,0,0,0,0,0,0,0,2,0,0,3
1445,Data Analyst,8.13,93.4,87.9,85.2,68.1,66.3,82.5,75.5,3,1,2,1,1,1,2,1,1,0,0,0,0,0,0,0,0,0,0,3,0,1,2,2,3,2,2,0,0,0,0,1,0,0,0,0,0,1,0,0,0
1446,Data Analyst,7.61,72.8,65.7,73.2,70.0,65.1,70.5,69.7,3,1,3,1,1,1,0,0,1,0,0,0,0,0,0,0,0,0,0,0,0,0,0,3,0,2,3,2,2,2,1,0,0,0,0,0,0,0,0,0,0
1447,Data Analyst,7.31,78.9,68.3,78.4,58.9,71.3,64.4,68.2,2,1,1,0,0,1,3,0,0,0,0,0,0,0,0,0,0,0,0,2,2,0,0,2,3,3,0,2,0,0,0,0,0,0,0,0,0,0,0,0,0
1448,Data Analyst,8.93,91.1,76.4,88.1,74.8,68.9,76.8,77.1,1,2,3,1,1,1,2,0,0,0,0,0,0,1,2,0,0,0,0,2,0,0,0,2,1,3,3,0,0,0,0,0,0,0,0,1,0,1,0,0,0
1449,Data Analyst,6.13,70.1,73.7,75.8,70.0,63.7,74.4,71.0,3,3,0,0,1,1,3,0,0,0,0,0,0,0,0,0,0,2,1,2,0,0,1,3,2,3,0,0,0,1,0,0,1,1,0,1,0,0,0,0,1
1450,Data Analyst,8.22,93.4,73.4,87.7,52.6,74.8,43.1,64.6,1,2,3,0,1,1,3,0,0,0,0,0,0,0,0,0,0,0,0,3,2,1,0,2,3,0,3,3,0,0,0,0,0,0,0,0,0,0,0,0,0
1451,Data Analyst,8.21,76.0,74.4,66.3,80.7,91.4,84.1,80.6,3,2,2,1,0,1,2,0,0,0,0,0,1,1,0,0,0,0,0,2,2,0,0,3,0,2,0,1,1,1,0,0,0,0,0,0,0,1,0,2,0
1452,Data Analyst,6.87,80.5,64.0,63.6,94.5,53.3,80.4,72.9,2,2,2,1,1,1,2,0,0,0,0,0,2,0,0,0,0,0,0,3,0,0,0,3,3,2,2,3,0,0,0,0,0,0,0,0,0,0,0,0,0
1453,Data Analyst,6.75,81.5,73.4,83.6,86.1,75.3,79.3,81.1,2,3,1,1,1,1,1,0,0,0,0,0,0,0,0,1,0,0,1,0,1,0,0,3,3,1,0,3,2,0,0,0,0,0,0,0,1,0,0,0,0
1454,Data Analyst,8.37,88.6,81.2,60.8,85.5,69.5,51.2,66.8,3,2,2,1,1,1,0,1,0,2,0,0,0,1,0,1,1,0,2,1,0,0,0,1,3,3,3,0,1,0,0,2,0,0,0,0,0,0,0,0,0
1455,Data Analyst,7.11,62.2,95.3,69.5,77.7,79.3,76.9,75.8,4,2,2,1,1,1,0,1,0,0,0,0,0,0,0,0,1,0,0,3,0,0,0,2,3,3,1,0,0,0,0,0,1,0,0,0,0,1,0,0,0
1456,Data Analyst,6.45,71.7,86.5,88.6,90.9,72.6,84.7,84.2,3,2,2,1,1,1,2,0,0,0,0,0,0,0,0,0,2,0,0,3,0,0,1,2,0,3,2,3,0,0,0,0,0,0,0,0,0,0,0,0,0
1457,Data Analyst,6.72,79.2,88.5,83.7,59.1,91.4,72.9,76.8,1,2,1,1,1,1,2,0,2,0,0,0,0,0,0,0,0,0,1,3,0,0,2,2,2,3,2,2,0,0,1,0,0,0,0,0,0,0,0,0,0
1458,Data Analyst,6.95,75.2,70.1,68.8,99.8,47.8,59.1,68.9,2,2,0,0,1,1,2,0,0,0,1,0,2,0,0,0,0,1,0,1,0,0,0,2,0,2,2,2,0,0,0,0,0,0,0,2,0,0,0,0,0
1459,Data Analyst,7.3,77.7,81.8,88.4,76.7,62.9,85.1,78.3,4,1,1,0,1,1,3,0,0,0,0,0,0,0,0,0,0,0,0,0,0,0,0,3,2,2,3,0,0,0,0,0,0,2,2,0,0,0,0,0,0
1460,Data Analyst,6.97,75.5,88.4,70.6,95.6,56.5,88.2,77.7,0,3,1,0,1,1,1,1,0,0,0,1,2,0,1,0,0,0,2,1,0,0,0,2,3,3,0,0,0,1,0,1,1,2,2,0,1,0,1,0,0
1461,Data Analyst,7.54,79.3,61.7,86.6,80.6,64.7,88.0,80.0,3,3,2,0,0,1,0,0,0,0,2,0,0,0,0,0,1,0,0,1,0,0,0,3,1,0,2,0,0,2,0,2,0,0,0,0,1,1,0,0,0
1462,Data Analyst,7.27,73.2,82.9,62.0,94.3,64.5,58.9,69.9,4,1,3,0,1,1,0,0,0,0,0,0,0,1,0,0,1,0,0,2,0,0,0,2,1,3,2,0,0,0,0,0,0,2,0,0,0,0,0,0,0
1463,Data Analyst,6.99,84.7,60.6,76.7,92.8,70.5,70.4,77.6,1,2,1,1,1,0,0,1,0,2,0,0,0,0,0,0,2,0,0,1,0,0,0,3,1,0,3,0,0,0,0,0,0,1,0,0,0,0,0,0,2
1464,Data Analyst,6.77,93.3,86.9,73.3,74.8,81.5,83.0,78.2,2,2,1,1,1,1,0,0,1,0,0,0,0,0,0,0,0,1,0,0,0,0,0,2,3,3,1,2,0,0,2,2,0,0,0,0,0,0,0,0,1
1465,Data Analyst,6.67,88.7,76.3,81.9,65.8,77.1,93.1,79.5,1,2,1,1,1,1,0,0,0,0,0,2,0,1,0,0,0,0,0,3,0,2,0,3,1,2,0,2,0,0,2,0,0,0,1,0,0,0,0,0,0
1466,Data Analyst,7.84,70.6,65.4,84.2,72.7,64.5,71.6,73.2,4,1,0,0,1,1,3,0,0,0,0,0,0,0,1,0,0,0,1,0,2,0,0,2,1,3,0,0,0,0,0,2,0,0,0,0,0,0,0,0,1
1467,Data Analyst,7.55,81.9,75.9,59.7,79.5,71.5,73.0,70.9,1,2,2,1,1,0,3,0,0,1,0,0,0,0,0,0,0,0,0,1,1,0,1,3,3,0,1,2,0,1,0,0,2,0,0,0,0,1,0,0,0
1468,Data Analyst,7.78,79.2,78.2,47.8,50.8,58.0,77.1,58.4,2,2,2,1,0,1,0,0,0,0,0,0,0,0,0,1,2,0,0,3,1,0,0,2,2,0,3,0,0,1,1,0,0,0,0,0,0,0,0,1,0
1469,Data Analyst,6.43,86.1,81.7,78.2,81.0,56.8,60.3,69.1,0,1,0,0,1,1,0,0,2,0,0,0,2,0,0,0,0,1,0,3,0,0,0,2,3,0,0,3,0,0,0,0,1,0,0,0,1,1,0,0,0
1470,Data Analyst,7.12,85.5,93.9,87.7,62.8,63.4,66.4,70.1,1,3,2,1,0,0,1,0,0,0,0,0,0,0,0,0,0,0,0,2,0,1,0,3,0,2,3,0,0,0,0,0,0,1,1,0,0,0,0,1,0
1471,Data Analyst,8.05,79.7,80.2,65.4,61.0,58.9,74.5,65.0,1,3,2,1,1,1,3,0,0,0,0,0,1,0,2,0,0,2,0,3,0,0,1,3,3,3,3,3,0,0,0,0,0,2,0,0,0,0,0,0,0
1472,Data Analyst,7.83,79.8,58.6,87.9,48.5,41.7,81.2,64.8,2,2,1,1,1,1,1,1,0,0,0,0,0,0,0,0,0,0,0,2,0,0,0,1,3,1,1,2,0,0,0,0,0,0,0,0,0,0,0,0,0
1473,Data Analyst,7.96,71.7,90.9,71.5,78.3,61.3,62.0,68.3,1,2,2,0,1,1,0,0,0,0,1,0,2,0,0,0,0,0,0,3,0,0,2,3,3,2,3,1,0,0,0,0,0,0,0,2,0,0,0,0,0
1474,Data Analyst,7.73,84.7,68.8,70.4,70.6,52.9,99.0,73.2,4,1,3,0,1,1,0,0,0,0,1,2,0,0,0,0,0,0,0,0,0,0,0,0,2,3,3,1,0,0,1,0,0,0,0,0,0,2,0,1,0
1475,Data Analyst,5.85,68.0,74.1,51.3,86.2,53.0,80.6,67.8,2,1,1,0,1,1,3,0,0,0,0,0,0,0,0,0,0,0,0,2,0,0,0,2,0,2,0,0,1,0,0,1,0,0,2,0,0,0,0,0,0
1476,Data Analyst,6.51,58.2,78.4,87.9,84.9,66.3,76.8,79.0,2,3,1,1,0,1,3,0,0,0,0,0,0,0,0,0,1,0,0,0,0,0,0,2,3,2,2,2,0,2,0,0,0,0,0,0,0,0,0,2,0
1477,Data Analyst,7.92,72.3,61.6,67.8,75.6,67.7,76.4,71.9,1,2,0,0,1,1,0,0,1,0,0,0,0,0,2,0,0,0,0,0,0,2,2,3,2,3,2,1,0,0,0,0,0,2,0,0,0,0,0,2,2
1478,Data Analyst,8.1,62.6,69.8,70.5,94.1,56.4,96.0,79.2,0,1,2,0,0,1,0,0,0,2,0,0,0,0,0,0,0,0,0,0,0,1,0,3,0,3,2,3,2,0,0,2,1,0,0,0,0,0,1,0,0
1479,Data Analyst,7.69,78.5,76.0,82.7,62.7,73.7,82.1,75.3,3,2,1,1,1,0,3,0,0,0,0,0,0,0,1,0,0,0,0,2,1,0,0,2,1,2,0,2,0,0,0,0,0,0,0,1,0,0,1,0,0
1480,Data Analyst,7.88,75.2,79.6,62.8,80.4,87.9,76.5,76.9,4,3,0,0,0,1,3,1,0,0,0,0,0,0,0,1,0,1,0,2,0,1,0,3,2,2,0,0,0,0,0,0,0,0,0,0,0,0,1,2,0
1481,Data Analyst,7.36,83.3,81.2,75.0,76.4,68.1,86.5,76.5,4,2,1,1,0,1,0,0,1,0,0,0,1,0,2,0,0,0,0,1,0,0,0,2,0,0,3,1,0,0,0,0,0,0,0,2,0,0,0,0,0
1482,Data Analyst,7.04,83.6,89.5,72.0,84.1,75.1,78.7,77.5,4,2,3,0,1,1,1,0,0,0,0,0,0,0,0,0,1,0,0,2,0,1,0,2,0,3,0,0,0,0,0,0,0,0,0,0,0,0,0,1,0
1483,Data Analyst,5.57,71.6,81.1,81.4,78.9,59.0,62.2,70.4,2,2,2,0,0,1,3,0,0,0,0,0,0,0,0,0,0,0,0,2,0,0,0,2,2,2,0,0,0,0,0,0,0,0,0,0,0,0,0,0,0
1484,Data Analyst,6.41,76.5,83.2,78.3,59.3,52.5,75.2,66.3,3,2,1,1,1,1,2,0,1,0,0,0,0,0,0,1,0,0,1,1,0,0,0,3,2,3,0,0,0,1,0,0,1,0,2,0,0,2,1,0,1
1485,Data Analyst,6.87,89.4,88.6,72.6,85.6,71.1,89.9,79.8,2,2,0,0,1,0,0,0,0,0,0,0,0,0,0,0,0,1,0,3,0,0,0,3,2,3,2,0,0,0,0,0,0,0,1,0,0,0,0,0,0
1486,Data Analyst,7.92,65.6,87.2,68.0,72.2,86.1,95.5,80.4,2,3,3,1,1,1,0,0,0,1,2,0,0,0,0,0,0,0,0,1,0,0,0,1,2,3,2,2,2,0,1,0,0,0,0,1,0,0,0,0,0
1487,Data Analyst,7.99,83.7,92.0,63.5,81.2,66.9,89.8,75.3,2,1,2,1,1,1,0,0,1,0,0,0,2,0,0,0,0,2,0,3,0,0,0,3,0,3,1,3,0,0,0,0,0,1,0,1,0,0,0,2,0
1488,Data Analyst,7.18,84.3,80.2,82.7,78.0,100.0,76.7,85.3,3,2,0,0,0,1,0,0,0,0,0,0,0,0,0,0,0,0,1,3,0,2,0,1,2,0,1,2,0,0,0,0,0,2,0,0,1,0,0,0,0
1489,Data Analyst,8.5,81.1,79.1,65.1,95.2,62.1,87.6,77.5,3,1,1,0,1,0,3,0,1,0,0,0,0,0,0,0,0,0,0,0,0,0,0,3,0,2,2,1,1,0,1,0,0,0,1,0,0,0,0,2,0
1490,Data Analyst,6.21,70.5,82.6,88.6,90.0,69.5,76.3,81.1,0,2,0,0,1,1,2,2,0,0,0,0,0,0,0,0,0,0,1,2,0,0,0,0,0,3,2,0,0,2,0,0,1,0,0,0,0,0,0,0,0
1491,Data Analyst,6.42,77.4,76.9,74.6,56.4,88.7,71.0,72.7,2,1,0,0,1,1,3,0,0,0,0,0,0,1,0,0,0,0,0,3,0,0,1,0,2,3,0,1,0,0,0,0,0,0,0,0,0,0,0,1,0
1492,Data Analyst,7.47,81.7,70.5,60.5,74.1,65.5,77.1,69.3,1,2,1,0,1,0,2,0,0,0,2,0,0,0,2,2,3,0,0,1,0,0,0,0,3,2,1,0,0,0,0,0,0,1,0,1,0,0,0,0,0
1493,Data Analyst,8.03,82.2,92.2,26.0,62.0,75.7,72.1,58.9,2,2,1,0,1,0,0,0,0,0,0,0,0,0,0,0,0,0,0,3,0,0,1,1,2,3,0,3,2,2,0,0,0,0,0,0,0,0,0,0,0
1494,Data Analyst,8.65,84.4,73.7,73.5,66.7,90.5,85.9,79.2,1,1,1,0,1,1,1,0,0,0,0,0,0,0,0,0,0,0,0,2,0,0,0,1,3,2,2,0,0,0,2,0,0,0,0,0,0,0,0,0,0
1495,Data Analyst,7.42,100.0,63.3,73.4,74.5,79.1,73.6,75.2,1,2,1,1,1,1,0,0,0,0,0,1,0,0,0,0,0,0,0,1,0,1,0,1,3,3,0,2,0,0,0,1,0,1,0,0,0,0,2,0,0
1496,Data Analyst,6.96,85.6,81.0,64.4,64.3,71.5,85.0,71.3,1,3,0,0,1,1,1,0,1,0,0,0,1,0,0,0,0,0,0,2,0,0,0,3,2,3,0,3,0,0,0,0,0,1,0,0,0,0,1,1,0
1497,Data Analyst,7.48,66.7,77.7,63.5,76.4,74.1,74.6,72.2,2,2,0,0,1,1,2,0,1,0,0,0,0,0,1,0,0,0,0,3,0,0,0,3,1,3,2,1,0,0,0,0,0,0,0,0,0,0,1,1,0
1498,Data Analyst,8.19,85.3,76.5,83.4,89.0,61.7,71.6,76.4,2,3,1,1,1,1,2,0,0,0,0,0,0,0,0,0,0,0,1,3,0,0,1,2,3,3,0,0,0,1,0,0,0,0,0,0,0,0,0,0,0
1499,Data Analyst,7.82,74.6,77.1,60.6,71.6,67.7,72.1,68.0,3,1,1,1,0,1,3,0,0,1,0,0,0,1,0,0,0,0,0,2,2,0,0,3,2,2,2,0,0,1,0,0,0,0,0,0,0,0,0,0,0
1500,Data Analyst,7.86,71.8,94.4,96.6,62.4,65.8,77.6,75.6,2,2,0,0,1,1,0,0,0,0,0,0,1,0,0,0,0,0,0,1,0,0,2,2,3,2,3,3,0,0,0,1,0,0,1,0,0,0,0,2,0
1501,Data Scientist,7.96,88.8,81.1,68.5,68.4,83.0,91.2,77.8,2,2,2,1,1,1,0,2,1,1,1,0,0,0,0,2,0,0,0,1,0,0,0,1,2,3,0,0,3,0,0,2,1,0,0,0,0,0,0,1,0
1502,Data Scientist,8.89,86.7,86.5,85.4,74.8,44.8,77.4,70.6,4,1,1,1,1,1,2,1,0,0,0,0,0,0,0,0,0,1,0,0,0,0,0,1,2,2,0,1,1,0,0,3,2,0,0,0,0,0,0,0,0
1503,Data Scientist,6.85,92.9,88.4,87.5,90.2,53.9,84.6,79.0,0,3,0,0,1,1,3,0,0,0,2,0,1,1,0,0,0,0,0,2,0,0,0,1,3,2,0,0,2,0,1,2,1,1,0,0,0,1,0,0,0
1504,Data Scientist,8.12,87.0,76.6,83.8,95.7,68.6,88.7,84.2,4,3,0,0,1,1,2,0,0,3,1,0,0,0,0,0,0,0,0,0,0,0,0,3,0,1,0,1,3,0,0,0,2,0,0,0,0,0,0,0,2
1505,Data Scientist,7.43,91.7,84.7,87.3,100.0,43.2,76.5,77.8,0,1,1,1,1,1,3,0,0,0,0,0,0,0,0,0,0,0,0,0,0,0,0,3,0,3,0,1,3,0,0,0,2,0,0,0,0,0,0,0,0
1506,Data Scientist,8.55,93.4,90.0,95.2,83.9,63.0,78.1,80.1,4,1,0,0,1,1,1,0,0,0,0,0,0,0,1,0,2,0,0,3,0,0,0,1,3,3,0,0,0,0,1,2,2,0,0,0,0,2,0,0,0
1507,Data Scientist,9.11,90.5,91.9,96.5,100.0,64.5,95.4,89.8,3,3,2,1,1,1,3,2,0,1,0,1,0,0,2,0,0,0,0,3,0,0,0,3,1,2,0,2,0,0,0,2,3,0,0,0,0,0,1,0,1
1508,Data Scientist,7.97,96.1,82.6,91.0,74.5,77.5,74.0,79.2,2,1,1,0,1,1,3,2,0,0,0,0,0,0,0,0,0,1,0,0,0,0,1,2,0,3,0,0,3,0,2,3,2,0,0,0,1,0,0,0,0
1509,Data Scientist,8.86,88.5,84.4,86.9,80.9,73.5,74.1,78.8,2,3,3,0,1,1,3,1,0,0,0,0,0,0,0,0,0,0,0,0,0,0,0,3,2,2,0,0,3,0,0,2,1,0,0,0,0,0,0,1,0
1510,Data Scientist,8.79,88.4,77.8,72.7,70.9,76.9,79.0,74.9,1,2,2,1,1,1,2,0,0,0,0,1,0,0,0,0,0,3,0,3,0,0,0,3,3,3,0,0,3,0,0,2,2,0,0,1,0,0,0,0,0
1511,Data Scientist,9.43,78.6,89.7,92.2,92.3,63.2,86.0,83.4,2,2,1,1,1,1,2,0,0,1,0,0,1,0,0,0,0,0,0,3,0,0,0,2,0,3,0,0,2,0,0,1,3,0,0,0,0,0,0,0,0
1512,Data Scientist,7.93,92.3,81.7,79.0,81.3,59.9,81.4,75.4,2,3,1,1,1,1,2,0,0,0,0,0,0,0,0,0,1,0,0,2,2,0,0,3,2,3,0,0,3,0,0,3,0,0,0,0,0,2,0,0,0
1513,Data Scientist,8.59,94.4,92.2,83.3,79.0,57.7,64.2,71.0,3,3,1,0,0,1,2,1,0,0,0,0,0,0,0,0,0,0,0,2,0,0,0,3,3,3,0,0,3,0,0,2,1,0,0,0,0,0,0,1,0
1514,Data Scientist,8.51,97.4,84.6,76.2,79.0,83.4,52.7,72.8,3,2,1,1,1,1,2,1,0,2,0,0,0,0,0,0,1,0,0,0,0,0,0,3,2,0,0,0,1,2,1,0,2,0,0,2,0,0,1,0,0
1515,Data Scientist,7.91,78.8,88.4,83.6,93.5,62.8,55.8,73.9,2,1,2,1,1,1,3,0,0,0,0,0,0,1,0,0,0,0,0,0,0,1,0,1,2,3,0,0,3,0,0,2,3,0,0,0,0,0,0,0,1
1516,Data Scientist,7.82,90.4,74.2,61.8,84.7,60.1,57.4,66.0,3,3,3,1,1,1,1,1,0,0,0,2,1,0,2,0,0,0,0,0,0,0,0,2,1,2,0,0,3,0,0,2,3,0,0,0,0,0,0,0,0
1517,Data Scientist,8.2,97.6,75.8,94.4,91.1,58.9,74.4,79.7,2,3,2,0,1,1,2,0,1,0,1,0,1,1,0,0,0,0,0,3,0,0,0,3,2,2,0,0,3,0,0,2,2,0,0,0,0,0,0,0,0
1518,Data Scientist,7.71,83.2,93.3,98.1,90.3,61.8,62.6,78.2,2,3,1,0,0,1,2,0,0,1,0,2,0,0,0,0,0,0,0,1,0,0,0,0,2,3,0,0,3,0,0,2,0,0,0,0,2,0,0,1,0
1519,Data Scientist,8.45,82.0,75.9,79.9,97.1,49.5,52.9,69.8,1,1,1,1,1,1,3,0,0,0,0,1,0,0,1,2,0,0,0,0,0,2,0,2,3,2,1,0,3,0,0,3,1,0,0,0,2,0,0,0,0
1520,Data Scientist,8.18,90.7,84.9,98.2,90.4,50.0,67.0,76.4,3,3,1,1,0,1,2,0,0,0,0,0,0,0,0,1,0,0,0,3,0,1,0,2,2,3,0,0,1,1,0,2,2,0,0,1,0,0,0,1,1
1521,Data Scientist,8.91,91.4,100.0,83.0,72.3,81.5,72.7,77.4,2,2,3,1,1,1,1,0,0,0,0,0,1,1,0,0,0,0,2,3,0,0,1,2,1,3,0,0,2,0,0,2,3,0,0,0,0,0,1,0,0
1522,Data Scientist,7.52,93.8,87.0,69.8,94.0,74.1,61.4,74.8,2,2,2,1,1,1,3,0,1,2,0,0,1,0,0,0,0,1,0,1,2,0,2,2,0,3,0,0,3,0,0,3,0,0,0,0,0,0,0,0,0
1523,Data Scientist,9.43,89.0,88.6,81.0,91.6,73.6,79.4,81.4,3,1,0,0,0,1,0,0,0,0,0,0,0,0,0,2,0,0,0,2,3,0,0,1,2,1,0,0,2,0,0,3,3,0,0,0,0,0,0,0,0
1524,Data Scientist,7.37,88.3,84.8,74.5,88.7,68.8,74.4,76.6,2,2,2,1,1,1,2,0,0,0,0,0,0,0,0,0,0,2,0,2,0,0,0,3,3,0,0,0,1,0,0,3,2,0,0,0,0,0,0,0,0
1525,Data Scientist,7.78,80.2,90.4,86.7,83.6,53.1,78.1,75.4,0,3,2,1,1,1,3,0,0,0,0,0,1,0,0,2,0,0,0,3,1,0,0,1,2,0,2,0,2,0,0,2,1,0,0,0,0,0,0,0,0
1526,Data Scientist,7.08,85.9,72.9,64.5,85.1,71.8,82.1,75.9,2,3,1,0,1,1,0,0,0,0,0,0,0,1,0,0,0,2,1,0,0,0,0,3,1,3,0,1,2,0,0,1,3,1,0,0,0,0,0,0,0
1527,Data Scientist,8.96,93.1,97.2,87.4,95.5,76.5,65.0,81.1,4,2,0,0,0,1,1,0,0,0,0,2,0,0,0,0,0,0,0,2,0,0,1,0,1,3,0,0,3,0,0,2,0,0,0,0,0,0,0,0,0
1528,Data Scientist,8.53,76.4,87.2,100.0,90.9,76.2,68.0,83.8,3,2,1,0,1,1,2,0,0,1,0,0,0,0,0,0,0,0,0,0,0,0,0,3,2,3,0,0,3,1,2,3,2,0,0,1,0,1,1,0,1
1529,Data Scientist,8.2,84.6,79.1,58.4,81.7,76.8,65.3,70.5,2,2,2,0,1,1,3,0,0,0,0,0,0,0,0,0,0,0,0,1,1,0,0,2,2,3,0,0,3,0,0,2,0,0,0,0,1,0,0,0,0
1530,Data Scientist,8.98,85.1,83.7,65.9,75.1,57.8,83.7,70.6,2,3,0,0,1,1,2,0,0,1,2,0,0,0,0,0,1,0,2,0,0,0,0,3,1,1,2,0,2,0,0,2,0,0,0,0,0,0,0,0,0
1531,Data Scientist,8.51,75.9,100.0,82.4,82.5,55.9,97.0,79.5,2,1,3,0,1,1,2,0,0,0,1,0,0,1,0,0,0,0,0,2,0,0,0,2,2,3,2,0,3,0,0,2,1,1,0,0,1,2,0,0,0
1532,Data Scientist,8.93,96.7,93.7,81.9,80.5,71.1,78.3,78.0,3,3,2,0,1,1,3,0,0,0,0,0,0,0,0,0,1,0,0,3,0,2,0,2,1,3,0,1,2,0,0,3,2,0,0,0,2,0,1,0,0
1533,Data Scientist,8.56,80.3,80.8,79.5,87.0,69.8,56.9,73.3,4,2,1,0,1,0,2,2,0,0,0,0,0,0,0,1,0,0,0,2,1,0,0,1,0,1,0,0,3,0,0,1,1,0,0,0,0,0,0,0,0
1534,Data Scientist,6.89,94.9,84.6,84.2,80.0,92.5,71.2,82.0,3,2,1,1,0,1,3,2,0,0,0,0,0,1,0,0,0,0,0,2,1,0,1,0,0,3,1,1,2,0,0,2,0,0,0,2,0,0,0,0,1
1535,Data Scientist,7.84,88.8,82.1,95.9,77.2,70.8,66.8,77.7,2,2,1,0,0,1,2,0,0,0,0,0,0,0,0,0,1,0,0,2,0,2,0,2,3,3,0,0,3,1,0,3,1,0,2,0,0,2,0,1,2
1536,Data Scientist,8.99,90.5,82.7,81.7,100.0,81.2,80.7,85.9,3,2,0,0,1,1,0,0,0,0,1,1,0,0,0,1,0,0,0,2,1,0,0,3,3,2,0,0,1,0,0,3,3,0,0,0,0,0,1,0,1
1537,Data Scientist,8.91,82.2,86.9,100.0,97.6,82.8,76.9,90.5,1,2,2,0,1,1,2,0,0,0,0,0,0,0,1,0,0,0,0,3,0,0,1,3,2,3,0,0,3,0,0,2,0,0,0,0,0,0,0,0,0
1538,Data Scientist,8.96,100.0,83.9,82.5,93.0,62.2,66.7,76.1,2,3,1,1,0,1,3,0,0,0,0,0,0,0,0,1,0,0,0,2,0,0,0,0,0,3,1,0,0,0,0,1,0,0,0,0,0,0,0,0,0
1539,Data Scientist,7.94,87.0,81.7,81.7,69.4,78.2,76.0,76.3,2,3,1,0,0,0,3,0,0,0,2,0,0,0,0,0,0,0,0,3,0,0,0,2,3,3,0,0,3,0,0,3,0,0,0,0,2,0,0,0,0
1540,Data Scientist,7.93,92.3,80.1,77.5,77.6,63.4,68.2,71.7,3,3,2,0,1,1,2,0,0,0,0,0,0,0,3,0,0,0,0,0,1,0,0,2,1,2,0,0,3,0,0,3,2,0,0,0,2,1,0,0,0
1541,Data Scientist,9.0,80.1,81.9,79.6,85.7,49.3,82.9,74.4,1,2,0,0,1,1,3,0,0,0,0,0,0,0,0,0,0,0,0,3,0,2,0,3,2,3,1,2,2,0,1,2,1,0,2,0,0,0,0,0,0
1542,Data Scientist,8.3,87.1,86.1,71.4,74.0,62.2,64.0,67.9,2,1,0,0,0,1,3,0,1,0,0,0,1,1,0,0,0,0,1,0,0,0,0,2,3,0,0,0,3,0,0,2,1,1,0,0,0,0,0,0,1
1543,Data Scientist,7.76,83.0,79.6,92.5,91.8,43.7,75.0,75.8,2,2,1,1,1,1,1,0,0,0,0,0,0,0,0,1,0,0,0,2,0,0,1,0,3,2,0,1,0,0,1,1,2,0,0,0,0,0,0,0,0
1544,Data Scientist,8.41,90.3,87.8,68.7,75.7,74.8,58.1,69.3,3,2,1,0,0,1,2,0,1,0,0,0,0,0,0,0,0,0,0,0,0,0,0,2,3,3,0,0,2,1,0,3,1,0,0,0,0,0,0,0,2
1545,Data Scientist,8.55,93.5,93.5,85.5,79.3,75.3,66.4,76.6,2,3,1,1,1,1,2,0,2,1,0,2,0,2,0,0,0,0,0,0,0,0,0,3,1,3,0,0,2,1,0,2,0,0,1,0,0,0,0,0,0
1546,Data Scientist,7.48,81.3,84.1,78.3,84.8,78.7,93.1,83.7,1,2,3,0,1,0,3,0,0,2,0,0,0,0,0,0,0,0,0,3,0,0,0,2,2,2,0,0,3,0,0,0,1,0,0,0,0,0,0,0,0
1547,Data Scientist,7.6,93.9,74.8,93.6,88.0,72.5,68.1,80.5,2,2,2,0,1,0,3,2,1,0,0,0,0,0,0,0,0,0,0,3,1,0,1,2,2,2,0,1,2,0,0,2,2,0,0,0,0,0,0,1,0
1548,Data Scientist,9.49,80.0,76.2,100.0,98.7,70.9,64.3,84.5,1,1,1,1,1,1,3,0,2,0,0,1,0,0,0,0,0,0,0,2,2,0,0,0,0,3,0,0,1,0,0,3,3,0,0,0,0,0,0,0,0
1549,Data Scientist,7.24,80.0,85.4,74.4,85.2,63.1,60.8,70.9,3,3,2,1,1,1,2,0,0,0,0,2,1,0,2,0,0,0,0,0,2,0,0,1,1,3,0,2,2,0,0,3,0,0,0,1,0,0,1,0,0
1550,Data Scientist,8.58,80.7,80.8,66.3,80.6,57.6,86.4,72.7,2,3,1,1,1,1,1,0,0,0,0,0,1,1,0,0,0,1,0,1,0,0,0,3,0,3,0,0,2,0,0,2,0,0,0,0,0,0,0,0,0
1551,Data Scientist,8.08,85.6,87.5,96.8,75.4,48.8,81.6,75.7,3,2,1,0,1,1,0,0,0,0,0,0,0,0,0,0,0,0,0,2,0,0,0,3,1,1,0,0,3,0,0,0,2,0,0,0,0,0,0,0,0
1552,Data Scientist,8.54,95.3,79.9,93.7,92.0,80.8,70.2,84.2,2,1,2,1,1,0,3,0,0,0,0,0,0,1,0,0,0,0,0,1,0,0,0,2,2,0,0,0,3,0,2,3,0,0,2,0,0,2,1,0,0
1553,Data Scientist,8.95,84.0,83.9,60.8,78.1,90.3,68.4,74.4,2,1,3,1,1,1,3,0,0,1,0,0,0,0,0,0,0,0,0,3,0,0,0,3,3,2,0,0,2,0,0,2,2,0,1,0,0,0,0,0,0
1554,Data Scientist,7.89,86.9,93.8,74.0,81.3,100.0,85.6,88.2,2,1,3,1,0,0,1,1,0,0,2,0,0,0,0,0,1,0,0,3,1,0,0,2,3,1,1,0,3,0,0,2,3,0,0,0,0,0,0,0,0
1555,Data Scientist,8.28,76.4,78.4,96.1,88.5,67.6,64.8,79.2,1,2,1,1,1,1,3,2,0,0,0,0,0,0,0,1,0,0,0,2,0,0,1,2,2,2,0,0,3,0,0,2,3,0,1,0,0,0,0,0,0
1556,Data Scientist,8.75,96.4,77.8,72.6,100.0,62.7,80.3,79.5,2,1,3,1,1,0,2,0,0,0,2,0,0,0,0,2,0,0,0,2,0,0,0,3,3,0,0,0,1,0,0,3,2,1,0,1,0,0,0,0,0
1557,Data Scientist,8.36,90.3,85.8,60.2,88.5,58.8,72.6,70.0,3,1,1,0,1,1,3,0,0,0,0,0,0,0,0,1,0,0,0,2,0,0,1,3,2,3,0,0,2,2,1,3,0,1,0,0,2,0,1,0,0
1558,Data Scientist,8.2,95.6,85.9,88.2,83.5,84.3,81.3,84.3,1,1,1,1,0,1,3,0,0,1,0,0,0,0,0,0,0,0,0,1,0,0,0,1,0,3,0,0,3,1,0,3,3,0,0,0,0,0,0,0,0
1559,Data Scientist,8.24,81.7,83.8,91.6,92.3,57.9,68.5,77.6,1,3,1,1,0,1,3,0,0,0,0,0,0,0,0,0,0,0,0,0,0,0,0,3,3,1,0,0,2,0,0,3,0,0,0,1,0,0,0,0,0
1560,Data Scientist,7.56,87.2,78.1,81.3,88.4,66.2,78.6,78.6,3,1,1,1,1,1,2,0,0,0,0,0,0,0,0,0,0,0,1,1,0,0,0,2,0,3,0,0,3,0,0,0,0,0,0,1,1,0,0,0,0
1561,Data Scientist,9.22,99.2,82.2,100.0,90.1,64.6,84.1,85.9,3,2,1,0,1,0,3,0,0,0,0,0,0,0,0,0,0,0,0,3,0,1,0,2,1,3,2,0,2,0,0,2,3,0,0,0,0,0,0,2,0
1562,Data Scientist,9.3,84.1,74.6,71.2,80.2,82.3,71.9,76.4,2,2,0,0,0,1,2,1,0,0,1,1,0,1,1,0,0,0,0,2,2,2,0,0,0,1,0,0,3,0,0,1,3,1,0,0,0,3,0,0,0
1563,Data Scientist,7.85,86.9,87.3,91.0,80.1,75.6,63.2,77.5,3,3,3,0,1,1,1,0,0,0,0,0,0,0,0,0,0,0,0,3,0,0,1,2,2,0,0,1,0,0,0,3,0,0,0,0,0,0,2,0,0
1564,Data Scientist,7.49,77.0,96.4,86.1,100.0,80.1,66.7,84.0,3,2,2,1,0,1,1,0,0,0,3,0,0,0,0,0,0,0,0,1,0,1,0,3,3,3,0,0,3,0,0,2,0,1,0,0,2,0,1,0,0
1565,Data Scientist,8.67,94.2,90.8,77.4,80.9,51.1,60.5,67.5,3,1,2,1,1,1,3,0,0,0,0,0,0,0,1,0,0,0,0,3,1,0,0,3,2,2,0,0,3,0,0,1,3,0,1,0,0,2,0,0,0
1566,Data Scientist,9.33,89.5,87.3,78.4,93.2,82.0,68.4,80.5,3,2,2,1,1,1,3,0,0,0,0,1,0,0,2,0,0,0,0,3,0,0,0,1,3,0,0,0,2,0,0,2,2,0,2,2,2,0,1,0,0
1567,Data Scientist,7.21,98.1,80.7,77.7,79.4,77.7,72.0,76.7,2,3,2,1,1,1,3,0,0,0,1,0,0,0,0,0,0,1,0,3,0,0,1,1,2,2,0,2,3,0,0,2,0,0,0,0,0,0,0,0,0
1568,Data Scientist,7.34,93.5,89.3,100.0,83.5,76.6,74.1,83.8,3,1,0,0,1,1,3,0,0,0,0,0,0,0,0,0,0,1,0,3,0,0,0,3,3,3,0,1,2,0,1,3,1,0,2,0,2,0,0,0,0
1569,Data Scientist,6.95,99.8,82.8,87.6,75.6,48.7,94.2,76.5,2,2,0,0,1,1,2,0,0,0,0,0,0,1,0,0,2,0,0,2,0,2,0,3,3,1,1,0,2,0,2,2,2,0,0,0,0,0,1,0,0
1570,Data Scientist,7.83,93.5,98.4,73.6,91.4,63.9,78.2,76.8,1,3,1,0,0,1,3,0,0,0,0,0,0,2,0,0,0,0,0,3,0,2,1,0,2,2,0,0,2,0,0,3,3,0,0,0,0,0,0,0,0
1571,Data Scientist,9.14,79.8,84.3,84.5,84.4,67.4,83.0,79.8,2,2,3,1,1,1,3,0,0,0,0,0,0,1,0,1,1,0,0,0,0,0,0,2,3,3,0,0,3,0,0,3,1,0,0,2,0,0,0,0,0
1572,Data Scientist,8.02,87.0,90.0,99.7,93.0,75.4,55.1,80.8,3,3,1,1,1,1,2,0,1,0,0,0,0,0,0,0,2,2,0,0,0,0,0,3,0,3,0,0,2,0,0,1,0,0,0,0,2,0,0,0,0
1573,Data Scientist,8.08,83.1,85.1,79.1,69.3,55.2,84.5,72.0,3,3,3,1,1,1,2,0,0,0,0,0,0,0,0,1,0,2,0,3,0,0,0,3,3,3,0,2,2,0,0,2,1,0,0,1,0,0,0,0,0
1574,Data Scientist,7.97,92.7,87.8,62.0,85.2,77.5,60.9,71.4,3,2,0,0,0,0,3,0,0,1,0,0,0,0,0,2,0,0,1,1,0,1,0,3,2,3,0,0,2,0,2,2,3,0,1,0,0,0,0,0,0
1575,Data Scientist,8.99,92.8,96.6,92.4,91.6,69.5,87.6,85.3,1,1,3,1,1,1,0,0,0,0,0,0,0,0,0,0,0,0,0,3,0,0,0,2,3,0,2,1,3,0,0,3,2,1,0,0,1,0,0,1,0
1576,Data Scientist,7.9,89.3,89.6,82.5,82.5,52.2,67.6,71.2,3,2,3,1,1,1,3,0,0,0,0,0,0,0,0,0,0,0,2,3,0,0,0,3,1,2,0,2,2,0,0,3,3,2,0,0,0,0,0,0,0
1577,Data Scientist,7.19,93.1,85.3,94.5,90.5,82.0,73.1,85.0,0,1,0,0,1,1,1,0,0,2,0,0,0,0,0,0,0,0,0,0,0,0,2,3,1,2,0,0,3,0,0,0,0,0,0,0,0,0,0,2,0
1578,Data Scientist,9.04,86.6,91.2,62.4,93.9,66.8,74.9,74.5,2,3,2,1,1,1,2,0,0,1,0,0,0,0,0,0,0,0,0,3,0,0,0,2,0,2,0,0,2,0,0,3,2,0,0,0,0,0,0,1,0
1579,Data Scientist,8.04,97.8,84.0,74.3,94.5,79.6,76.9,81.3,1,2,1,1,1,1,1,0,0,0,0,0,0,0,0,0,0,0,0,0,0,0,0,2,2,2,0,0,0,1,2,1,0,0,0,0,0,0,0,0,1
1580,Data Scientist,8.39,88.6,88.3,89.2,90.9,69.4,69.7,79.8,2,2,1,1,1,1,3,0,0,1,2,0,0,0,0,0,0,0,2,2,0,0,1,2,1,3,0,2,1,0,1,2,0,0,1,0,0,0,0,0,1
1581,Data Scientist,9.05,90.4,88.6,74.9,84.5,68.3,77.0,76.2,2,2,2,1,1,1,1,0,0,0,0,0,0,0,0,0,0,0,0,2,0,0,0,2,3,1,0,0,2,0,2,2,2,0,0,0,0,0,0,0,0
1582,Data Scientist,8.86,81.2,96.2,79.4,92.2,70.6,78.7,80.2,3,2,3,1,1,1,3,0,0,0,0,0,0,0,1,0,0,2,0,2,0,0,0,3,3,0,0,2,3,0,0,3,2,0,0,2,0,1,0,0,2
1583,Data Scientist,9.73,89.7,85.4,60.6,89.5,63.6,77.8,72.9,1,3,1,1,0,1,3,0,0,0,0,0,0,0,0,0,0,0,0,3,0,0,2,3,2,3,0,0,3,0,1,3,2,0,0,0,0,0,0,0,0
1584,Data Scientist,7.91,95.1,79.3,74.6,83.7,84.6,70.5,78.3,2,1,1,1,1,1,0,0,0,0,0,2,0,0,0,1,0,0,1,3,0,0,0,3,2,2,0,0,2,0,0,3,1,0,0,1,0,0,0,1,0
1585,Data Scientist,7.94,94.6,81.2,80.4,84.7,84.1,85.6,83.7,0,2,1,1,0,0,3,0,1,0,0,0,0,2,0,0,0,0,0,3,0,0,0,2,3,3,0,0,2,0,0,3,2,0,0,0,1,0,1,0,0
1586,Data Scientist,8.29,94.4,79.9,74.7,60.4,63.5,72.9,67.9,2,3,1,1,1,1,3,0,0,0,0,0,0,0,0,0,0,0,0,3,1,0,0,2,2,3,0,0,2,0,0,1,2,0,1,0,0,0,0,0,0
1587,Data Scientist,7.47,80.8,84.5,75.1,92.8,73.7,69.8,77.8,2,3,2,1,0,1,0,0,1,0,1,1,0,0,0,0,0,0,2,3,1,0,0,3,2,1,0,0,3,0,0,3,3,0,0,0,0,0,0,0,1
1588,Data Scientist,8.9,87.8,94.1,71.1,88.2,78.3,94.6,83.1,2,3,3,1,1,1,3,0,0,0,0,0,0,0,0,0,0,0,0,2,0,0,0,3,2,3,0,0,3,0,0,2,0,0,0,0,0,0,0,1,0
1589,Data Scientist,7.8,85.8,89.1,78.9,84.9,79.6,91.7,83.8,1,2,2,1,1,1,2,1,0,0,0,0,0,0,0,0,0,0,1,1,0,0,0,3,2,3,0,0,3,0,2,3,1,0,0,0,1,0,0,0,0
1590,Data Scientist,7.89,90.1,87.3,73.6,84.7,50.7,77.4,71.6,3,2,2,1,0,1,2,0,0,0,0,0,0,0,0,0,0,1,2,0,0,0,0,2,3,3,1,0,2,1,0,1,0,1,0,1,0,0,0,1,0
1591,Data Scientist,9.01,92.4,81.6,71.6,83.1,67.6,72.5,73.7,2,2,0,0,1,1,3,0,0,1,0,0,2,1,0,0,0,1,0,3,0,0,0,2,2,1,0,2,1,0,0,3,0,0,0,1,0,0,2,0,0
1592,Data Scientist,7.93,85.1,87.8,85.0,84.0,60.8,74.1,76.0,2,3,1,0,1,1,2,0,0,0,0,0,1,0,1,0,0,0,0,2,0,0,0,1,1,2,0,0,3,0,0,2,2,0,0,0,0,0,0,0,0
1593,Data Scientist,8.0,93.9,86.3,80.4,100.0,69.4,78.4,82.1,2,2,1,1,1,1,2,0,1,0,0,0,2,0,0,0,2,0,0,3,0,0,1,3,3,2,2,0,0,0,0,2,1,3,0,0,0,0,0,0,1
1594,Data Scientist,7.06,81.5,71.1,79.5,98.2,67.7,78.3,80.9,2,1,1,1,1,1,3,1,0,0,0,2,0,1,0,0,2,0,0,3,0,2,0,2,1,2,0,0,2,0,0,3,0,0,0,0,0,0,0,0,0
1595,Data Scientist,8.01,92.7,72.8,84.0,56.5,76.3,56.6,68.4,2,3,1,0,0,1,3,0,0,0,0,0,0,0,1,0,0,1,0,0,0,0,0,1,3,2,0,2,2,0,0,1,3,0,2,2,0,0,1,0,0
1596,Data Scientist,8.24,92.2,80.0,79.7,100.0,69.0,66.4,79.5,3,2,1,1,0,1,3,0,0,0,2,0,0,1,0,0,0,0,0,1,0,0,0,3,2,1,0,1,1,0,0,3,0,0,0,0,0,1,0,1,0
1597,Data Scientist,9.01,99.4,84.2,76.2,89.3,65.5,75.7,76.7,3,2,0,0,1,1,3,0,0,2,0,0,0,1,0,0,0,0,0,2,0,0,0,2,2,2,0,2,0,0,0,3,1,0,1,1,0,1,1,0,1
1598,Data Scientist,8.29,91.4,92.1,78.7,83.9,69.8,80.1,78.1,1,2,3,1,0,1,3,0,0,0,1,0,0,0,0,0,0,0,0,2,0,0,0,2,2,0,0,0,2,0,0,2,3,0,0,0,1,0,0,0,0
1599,Data Scientist,8.87,87.5,94.8,87.0,81.3,60.2,63.5,73.0,2,1,0,0,1,1,1,0,0,0,0,0,0,1,0,1,1,0,0,2,0,0,0,3,3,3,0,0,0,0,0,1,1,0,0,0,0,0,0,0,0
1600,Data Scientist,8.14,78.8,91.5,79.6,67.8,65.4,68.2,70.2,1,2,1,1,1,1,2,0,0,0,2,0,2,0,0,0,0,0,0,0,0,0,0,3,3,3,0,0,3,0,0,1,2,0,0,0,0,0,1,0,0
1601,Data Scientist,7.74,98.4,79.2,89.3,84.4,66.1,69.3,77.3,3,2,2,1,1,1,2,0,0,0,0,0,2,0,0,0,0,2,0,2,0,0,0,2,3,3,0,0,3,0,0,3,2,1,1,0,0,0,1,0,0
1602,Data Scientist,9.09,84.7,75.9,97.8,83.0,47.6,78.1,76.6,2,1,1,0,1,1,3,0,0,0,0,0,2,0,0,0,0,1,0,2,0,0,0,2,0,0,1,0,3,0,1,2,1,0,0,0,0,2,2,0,0
1603,Data Scientist,9.26,87.7,76.4,95.8,85.0,82.1,91.8,88.7,3,1,1,0,1,1,1,1,0,0,0,0,0,0,0,0,0,0,0,0,0,0,0,2,3,3,0,0,3,1,0,3,0,0,1,0,0,0,0,0,0
1604,Data Scientist,9.37,96.2,95.5,91.2,98.5,85.5,85.8,90.2,0,2,0,0,1,1,2,1,1,0,0,0,0,0,0,0,0,1,0,2,0,0,1,0,1,2,0,0,3,0,0,3,3,1,0,2,0,2,0,0,0
1605,Data Scientist,7.9,98.8,87.4,80.1,91.1,80.3,67.5,79.8,4,3,2,0,0,1,0,0,0,0,1,1,0,0,0,0,0,0,2,0,2,0,1,3,3,3,0,0,0,0,0,3,3,0,0,0,0,0,0,0,0
1606,Data Scientist,6.84,91.2,82.8,64.3,84.0,92.7,75.6,79.2,2,2,3,0,1,1,2,0,0,0,0,0,0,0,0,0,1,2,0,0,0,0,0,3,3,2,0,0,3,0,0,3,1,1,1,1,0,0,0,0,1
1607,Data Scientist,8.08,86.4,100.0,72.9,80.5,44.3,78.9,69.2,2,1,1,1,1,1,0,1,0,1,0,0,0,0,0,0,0,0,0,2,0,0,0,3,0,3,0,0,2,0,0,2,1,0,2,0,0,0,0,0,0
1608,Data Scientist,7.98,84.3,82.8,98.2,98.3,62.4,91.0,87.5,4,3,2,1,1,1,1,0,0,2,2,0,0,0,0,0,0,2,0,3,0,0,0,2,2,1,0,0,3,0,0,2,2,0,0,0,0,0,0,0,0
1609,Data Scientist,8.01,78.6,85.2,78.1,93.5,64.5,66.4,75.6,1,2,2,1,0,1,2,0,0,2,0,0,1,1,0,0,0,0,0,0,0,0,0,2,2,3,1,0,3,1,0,3,2,0,0,0,1,0,2,0,0
1610,Data Scientist,8.19,88.3,95.4,72.7,89.8,67.0,70.6,75.0,0,3,2,1,0,1,3,0,0,0,0,1,0,1,0,0,2,0,0,0,0,0,0,2,3,1,0,0,2,0,0,3,0,0,0,0,0,0,0,0,0
1611,Data Scientist,8.6,83.1,76.2,84.4,90.8,63.0,84.1,80.6,1,2,2,1,1,1,0,0,0,0,1,0,2,1,0,0,0,0,0,2,0,0,0,3,3,3,0,0,0,1,0,2,0,0,0,0,0,0,0,0,0
1612,Data Scientist,7.43,91.8,78.9,63.0,87.2,64.9,60.9,69.0,3,3,1,1,1,1,3,0,1,0,0,0,0,0,0,0,0,0,0,0,0,0,0,3,0,3,0,0,2,1,1,3,2,0,0,1,0,0,0,0,0
1613,Data Scientist,8.81,82.8,93.3,74.7,68.3,84.0,77.0,76.0,1,2,2,1,1,1,3,2,0,0,0,0,0,0,0,0,2,1,0,0,0,0,0,2,3,2,0,0,0,0,1,3,1,0,0,0,0,0,0,0,0
1614,Data Scientist,6.72,89.4,91.3,81.2,85.0,68.6,71.4,76.5,4,1,2,1,1,1,2,0,1,2,0,0,0,0,0,0,2,0,0,2,0,0,0,3,0,2,0,0,2,0,0,2,0,0,0,1,0,0,1,0,0
1615,Data Scientist,8.47,83.6,84.5,74.7,88.7,66.8,75.7,76.5,2,2,0,0,1,1,3,0,1,0,0,0,0,0,0,0,0,0,0,1,1,0,0,3,2,2,0,0,2,0,0,3,2,0,0,1,0,1,0,0,0
1616,Data Scientist,8.39,91.5,78.9,74.1,87.1,70.1,67.1,74.6,2,2,1,1,0,1,3,1,0,0,1,1,0,0,0,0,0,0,0,2,0,2,0,2,0,3,0,0,3,0,1,0,1,0,0,0,0,2,1,0,0
1617,Data Scientist,8.17,87.4,84.5,68.9,86.7,76.4,73.8,76.5,3,2,1,0,1,1,2,0,0,0,0,0,1,0,0,0,0,0,0,0,0,0,0,2,2,3,0,1,2,0,0,3,2,0,1,1,0,0,0,0,0
1618,Data Scientist,8.02,86.4,88.0,80.4,89.9,55.2,78.9,76.1,3,3,1,1,1,1,1,0,1,0,0,1,1,0,0,0,0,0,0,0,0,0,0,1,3,3,0,0,2,0,0,3,0,0,0,0,0,0,0,0,0
1619,Data Scientist,9.04,96.7,89.2,72.5,93.6,69.1,65.7,75.2,3,2,2,1,1,0,3,0,0,0,0,0,0,0,0,0,0,0,0,2,2,0,0,3,3,3,0,0,3,0,0,3,1,1,0,2,0,0,0,0,1
1620,Data Scientist,8.34,94.3,81.6,81.5,90.3,71.9,64.0,76.9,1,2,0,0,1,1,0,2,0,0,2,0,0,0,0,0,1,1,0,3,0,0,1,2,1,0,0,0,0,0,0,3,1,0,0,0,0,0,1,0,1
1621,Data Scientist,7.29,82.5,87.2,98.6,76.8,67.6,81.1,81.0,3,1,0,0,0,1,2,1,0,1,0,0,0,0,0,0,2,0,0,2,0,0,0,2,3,1,0,0,1,0,0,3,1,0,0,2,0,0,0,0,1
1622,Data Scientist,9.41,93.1,75.1,95.2,79.0,77.8,97.3,87.3,2,2,1,1,1,1,2,0,2,1,0,0,0,0,0,0,0,0,0,3,0,0,1,2,3,2,0,1,1,0,1,1,0,0,0,0,0,0,0,0,0
1623,Data Scientist,8.74,91.0,75.3,84.4,90.1,73.7,81.1,82.3,2,2,3,1,1,1,3,0,0,0,0,1,0,1,0,0,0,0,0,0,0,0,0,3,2,2,0,0,2,0,0,1,2,0,0,0,0,1,0,0,2
1624,Data Scientist,8.16,86.9,81.8,87.9,74.6,85.8,78.2,81.6,2,2,2,0,1,1,1,0,0,0,0,0,0,0,2,0,0,2,2,0,0,0,0,1,2,3,2,0,0,0,0,1,1,0,0,0,0,0,0,0,0
1625,Data Scientist,8.71,81.2,74.8,90.2,87.8,59.1,72.4,77.4,2,3,0,0,0,1,2,0,0,0,0,0,0,0,0,0,0,1,0,3,0,0,0,1,1,3,0,0,3,0,0,3,3,0,1,0,0,0,0,1,0
1626,Data Scientist,7.99,91.5,82.1,70.3,78.2,74.0,69.7,73.0,3,3,1,1,1,1,3,0,0,2,0,0,0,0,0,0,0,0,0,2,1,0,0,0,2,3,0,0,3,0,0,1,2,0,0,0,0,0,0,0,0
1627,Data Scientist,8.15,89.3,88.5,82.1,73.3,68.4,88.1,78.0,1,1,2,1,1,1,3,0,2,0,0,0,0,0,0,0,2,0,0,2,0,0,0,2,2,3,0,0,2,0,0,3,2,0,0,0,1,0,0,2,0
1628,Data Scientist,7.62,92.3,96.5,72.9,87.5,73.3,65.4,74.8,3,3,1,1,1,1,2,0,0,0,0,0,0,0,0,0,0,0,0,0,0,0,0,3,3,2,1,0,3,0,0,2,3,0,0,0,0,0,0,0,2
1629,Data Scientist,7.25,81.2,75.6,68.0,80.6,44.6,76.5,67.4,4,2,1,1,1,0,3,0,1,0,0,0,0,0,1,0,0,0,1,1,0,0,0,2,2,1,0,0,2,0,1,3,0,0,1,1,0,0,0,0,0
1630,Data Scientist,9.44,90.2,76.3,95.2,87.8,58.0,83.6,81.2,3,3,2,0,1,1,2,2,0,0,0,0,0,0,0,0,0,0,0,3,0,0,0,1,3,2,0,0,3,0,0,2,2,0,0,0,0,0,0,0,0
1631,Data Scientist,9.27,94.2,77.6,76.6,93.9,60.6,55.4,71.6,3,3,2,1,1,1,2,0,0,0,0,0,0,0,0,2,0,0,0,0,0,0,1,3,2,2,0,0,2,0,0,3,2,0,0,0,0,0,0,0,0
1632,Data Scientist,7.89,85.3,89.6,89.8,93.0,58.3,86.6,81.9,1,2,1,1,1,1,2,0,1,0,0,0,0,0,0,0,0,0,1,0,0,0,1,2,3,1,1,0,2,0,0,3,2,0,1,0,0,0,0,0,0
1633,Data Scientist,9.31,76.1,90.9,99.1,80.8,75.6,67.3,80.7,3,2,2,1,0,1,3,0,0,1,0,0,0,0,2,0,0,0,0,3,0,1,0,1,3,2,0,0,3,0,0,2,3,0,2,1,0,0,0,0,0
1634,Data Scientist,7.87,97.5,83.4,68.7,88.3,56.4,72.3,71.4,2,1,1,0,1,1,3,0,2,0,0,0,0,0,1,0,0,0,0,0,0,0,0,3,3,3,0,0,2,0,0,2,1,0,0,0,0,0,0,0,0
1635,Data Scientist,7.49,83.6,69.7,93.0,64.1,63.0,80.5,75.2,3,2,1,1,1,1,3,0,0,0,0,0,1,0,0,0,0,0,0,0,0,0,0,3,2,3,0,0,2,0,0,2,2,0,0,0,0,3,0,0,1
1636,Data Scientist,7.94,80.5,84.9,88.2,70.2,75.2,75.6,77.3,1,2,1,1,0,1,1,0,0,0,0,0,0,1,0,0,0,0,0,1,0,0,0,2,2,0,0,0,3,0,0,2,2,0,0,0,0,0,1,0,0
1637,Data Scientist,7.82,83.9,79.1,55.8,76.6,80.7,85.6,74.7,0,2,1,1,1,1,2,0,1,0,0,0,0,0,0,0,0,1,0,2,0,1,0,3,1,2,2,0,3,0,2,2,2,0,0,0,0,0,0,0,0
1638,Data Scientist,9.5,92.2,77.7,87.9,75.4,55.0,64.6,70.7,3,2,1,1,1,1,3,1,0,0,1,0,0,0,0,0,0,0,0,3,0,0,0,3,3,1,2,2,1,0,0,1,0,0,0,0,0,0,0,1,0
1639,Data Scientist,7.61,80.9,83.3,87.5,86.6,70.6,68.6,78.3,2,2,0,0,1,0,3,0,0,0,2,2,0,0,0,0,0,0,1,1,0,0,0,3,3,2,0,0,1,0,0,3,3,0,0,0,0,0,0,0,0
1640,Data Scientist,7.59,81.3,74.7,52.4,74.8,91.1,98.2,79.1,2,3,2,0,1,1,1,0,0,0,0,1,2,0,0,0,0,0,0,3,0,0,0,3,3,2,0,0,3,1,0,3,2,0,0,0,2,0,0,0,0
1641,Data Scientist,7.45,80.7,79.9,94.6,83.0,70.2,54.5,75.6,1,1,1,1,1,1,2,1,0,0,0,2,0,2,0,0,0,0,0,3,3,0,0,3,3,0,0,0,1,1,0,2,3,0,1,0,2,0,0,0,0
1642,Data Scientist,8.21,92.7,80.2,87.0,84.5,62.4,62.3,74.0,2,3,2,1,1,1,2,0,0,0,0,0,0,0,0,0,0,0,0,3,1,0,0,2,0,2,0,0,0,0,0,3,3,1,1,0,0,0,1,0,0
1643,Data Scientist,8.67,83.2,90.4,79.4,79.4,56.5,58.3,68.4,2,1,1,1,1,1,1,0,2,0,2,0,0,0,0,0,0,0,0,2,0,0,0,2,2,2,0,0,3,0,0,2,0,0,0,1,0,0,0,0,0
1644,Data Scientist,8.64,90.0,92.6,85.3,86.0,78.3,61.0,77.7,1,2,3,1,1,1,3,0,0,0,0,0,0,0,0,2,2,0,1,0,0,1,0,3,2,0,1,0,3,0,1,1,0,0,0,1,0,0,0,0,0
1645,Data Scientist,8.29,93.0,79.9,86.3,73.1,59.5,91.2,77.5,1,2,3,0,0,0,3,0,0,1,2,0,0,0,0,0,0,0,0,0,0,2,0,3,2,1,0,0,3,0,0,3,0,0,0,0,0,0,0,1,0
1646,Data Scientist,8.37,74.5,88.4,69.2,99.2,78.4,86.1,83.2,2,1,0,0,1,1,2,1,0,2,0,0,0,0,0,0,0,1,0,2,0,2,0,3,2,3,0,0,2,0,0,3,3,0,1,0,2,0,0,1,0
1647,Data Scientist,9.18,75.7,95.9,100.0,100.0,47.1,69.5,81.0,3,2,0,0,1,1,1,0,0,0,0,0,0,0,0,0,0,0,0,2,0,0,0,0,0,2,0,0,2,0,0,3,3,0,0,0,0,0,0,0,2
1648,Data Scientist,8.44,89.9,85.4,81.2,96.2,63.0,72.5,78.2,3,2,0,0,1,1,2,1,0,0,1,0,1,0,0,3,0,2,0,3,0,0,0,0,0,1,0,0,3,0,0,3,3,0,0,0,0,0,0,0,0
1649,Data Scientist,8.7,82.9,89.1,89.4,82.2,60.9,75.0,76.9,1,3,2,1,1,1,3,1,2,0,1,0,0,1,0,0,0,0,0,3,0,1,0,3,2,2,0,2,3,1,0,1,3,0,0,0,0,2,0,0,0
1650,Data Scientist,8.35,86.0,86.1,89.5,75.8,64.1,75.7,76.3,2,1,2,0,1,0,2,0,0,0,0,0,0,0,0,0,0,1,0,2,0,0,0,2,2,1,0,0,1,0,1,2,2,0,0,0,0,0,0,0,0
1651,Data Scientist,7.32,87.7,66.5,84.3,81.1,68.0,66.5,75.0,3,3,2,1,0,1,1,0,0,0,1,0,0,0,0,0,2,0,0,2,0,0,0,2,3,1,0,0,1,2,0,3,0,0,1,0,0,1,0,0,0
1652,Data Scientist,7.77,78.2,90.7,82.6,82.7,73.2,100.0,86.4,2,1,2,1,1,1,3,0,0,0,0,0,0,2,0,2,0,0,0,0,0,0,0,3,2,0,0,0,3,0,0,3,0,0,0,1,0,0,0,0,0
1653,Data Scientist,6.82,87.8,95.2,91.8,87.8,65.5,72.3,79.3,3,2,0,0,0,1,1,0,0,0,0,0,0,0,0,0,2,0,0,2,0,0,0,2,2,2,0,3,3,0,0,3,2,0,0,0,1,0,0,0,0
1654,Data Scientist,8.12,83.8,84.0,91.0,83.2,41.7,60.7,69.1,2,2,1,0,1,1,3,0,0,0,0,1,0,0,0,0,0,0,0,2,0,0,0,3,1,0,0,2,3,0,0,0,0,0,0,0,0,3,2,0,1
1655,Data Scientist,9.51,92.8,82.5,67.2,77.0,80.9,48.9,68.5,2,2,1,0,1,0,3,0,2,2,1,1,0,0,0,0,0,0,0,3,0,2,0,2,0,3,0,0,3,0,0,2,1,0,0,0,1,0,0,0,0
1656,Data Scientist,8.18,94.9,86.0,68.3,79.6,54.0,69.6,67.9,3,1,1,1,1,1,3,0,0,0,0,0,0,0,0,0,0,0,0,2,0,0,0,2,3,3,0,0,2,0,0,2,2,0,0,0,0,0,0,0,0
1657,Data Scientist,8.38,99.5,89.3,84.4,100.0,80.7,73.9,85.3,2,1,1,0,1,1,2,0,0,0,2,0,2,0,0,0,0,0,0,1,0,0,0,2,2,0,0,1,0,0,0,3,3,0,0,1,0,0,0,0,0
1658,Data Scientist,7.73,93.3,77.0,82.7,72.5,83.6,97.8,84.1,2,3,1,0,0,0,3,0,1,2,0,0,0,2,0,0,0,0,0,2,0,0,0,2,0,2,1,0,3,0,0,2,1,0,0,0,0,0,0,0,0
1659,Data Scientist,8.97,90.6,82.6,81.6,93.0,51.1,80.9,76.7,1,2,1,1,1,1,3,0,0,0,0,0,0,0,2,0,1,0,0,3,0,0,0,3,2,3,0,0,1,0,1,2,3,1,0,0,0,1,0,0,0
1660,Data Scientist,8.28,87.4,84.3,75.5,95.2,51.8,80.8,75.8,2,1,0,0,1,0,2,0,0,0,0,1,0,1,0,1,0,0,0,3,0,0,0,3,1,3,0,0,2,0,0,3,3,0,0,0,0,0,1,1,0
1661,Data Scientist,8.15,79.2,80.7,93.1,82.0,72.1,96.8,86.0,2,3,1,1,1,1,3,0,0,0,0,1,0,0,0,0,0,0,0,2,0,0,0,1,1,2,0,0,2,0,0,3,1,1,0,0,0,0,0,0,0
1662,Data Scientist,8.83,83.8,90.6,81.5,84.3,87.0,75.0,82.0,3,3,2,0,1,1,2,0,0,2,0,0,0,0,0,0,0,0,0,3,2,0,0,2,0,3,0,0,1,0,0,2,0,0,0,2,0,0,0,2,0
1663,Data Scientist,8.52,88.4,90.2,84.3,90.5,89.1,61.5,81.3,3,3,1,1,1,1,2,0,0,0,0,1,0,0,0,0,0,0,0,3,0,0,0,2,2,2,0,0,3,0,0,3,0,0,0,0,0,0,0,0,0
1664,Data Scientist,8.1,79.1,84.4,87.9,84.7,60.4,83.0,79.0,2,3,0,0,1,1,1,0,0,2,0,0,0,0,0,0,0,0,0,0,0,0,0,3,2,2,0,2,3,0,0,1,3,0,0,0,0,0,1,0,0
1665,Data Scientist,9.04,90.5,87.0,100.0,100.0,68.9,65.3,84.8,1,2,0,0,1,1,2,2,0,0,0,2,0,0,1,0,1,1,0,3,0,0,0,0,3,2,0,0,2,0,0,0,1,2,1,0,0,0,0,0,0
1666,Data Scientist,8.57,89.4,76.1,89.2,83.1,47.4,76.2,74.0,3,1,1,1,0,1,2,0,0,0,0,0,0,0,0,0,0,0,1,2,1,0,1,0,2,3,0,1,2,0,0,3,2,0,0,0,0,0,0,0,0
1667,Data Scientist,8.68,85.5,76.2,72.7,77.3,57.8,83.5,72.8,1,2,2,0,1,1,2,0,0,2,0,0,0,0,2,0,0,0,0,0,0,0,0,3,3,2,0,0,1,0,0,0,0,1,0,0,0,2,0,0,0
1668,Data Scientist,7.89,88.6,75.2,86.5,76.6,53.5,65.7,70.6,3,2,2,1,1,0,1,0,0,0,0,0,0,0,0,0,0,0,0,0,1,0,0,3,2,3,0,0,3,0,1,3,0,1,1,1,0,0,0,1,3
1669,Data Scientist,8.58,86.9,80.9,81.1,80.9,87.3,73.7,80.8,2,2,2,1,1,1,2,0,0,0,0,0,0,0,0,0,0,0,0,3,0,0,0,2,1,2,0,0,3,1,0,3,2,0,0,0,0,0,0,0,1
1670,Data Scientist,7.28,100.0,88.1,100.0,72.3,66.0,77.5,79.7,1,3,1,1,0,1,1,0,0,0,0,0,0,0,0,0,0,0,0,3,0,0,0,2,3,3,0,0,2,0,0,3,2,0,0,0,0,0,0,0,0
1671,Data Scientist,8.71,98.6,86.3,66.5,74.7,72.8,65.3,69.8,2,2,2,0,0,1,3,0,0,0,0,0,0,0,0,0,0,1,0,2,0,1,0,3,2,1,0,0,3,1,0,3,2,0,0,0,0,0,0,0,1
1672,Data Scientist,9.34,95.1,80.2,86.0,82.3,54.3,60.0,70.7,1,3,1,1,0,0,2,0,0,0,0,0,0,0,0,0,0,0,0,1,0,0,0,2,1,0,0,0,3,0,0,0,0,0,0,0,0,0,0,0,0
1673,Data Scientist,7.92,88.1,84.8,80.0,88.0,70.9,86.4,81.3,3,2,0,0,0,1,3,0,0,0,0,2,0,0,0,2,0,0,0,1,0,1,0,3,3,2,0,0,3,0,2,3,2,0,2,0,0,0,0,0,0
1674,Data Scientist,7.01,95.7,87.1,80.2,91.9,74.1,56.6,75.7,1,2,3,0,1,1,3,0,0,0,1,0,0,0,0,0,0,0,0,3,0,0,0,2,1,3,0,2,3,1,0,3,3,0,0,0,0,0,0,0,1
1675,Data Scientist,8.03,80.0,97.0,75.2,89.5,57.8,54.4,69.2,3,2,1,1,1,1,1,2,0,0,0,0,0,0,1,0,0,0,0,3,2,0,0,1,3,1,0,0,2,0,0,3,2,0,0,1,0,0,0,0,0
1676,Data Scientist,8.95,82.7,80.1,67.6,86.4,82.1,78.4,78.6,2,2,1,0,1,1,2,0,0,1,0,0,0,0,0,0,0,2,0,2,0,0,0,1,0,0,0,0,2,0,0,2,0,1,0,0,0,0,0,0,0
1677,Data Scientist,7.85,82.2,84.7,84.9,91.3,61.8,72.0,77.5,4,2,1,1,0,1,2,2,0,1,0,0,0,0,0,0,0,0,1,3,0,0,0,2,2,2,0,0,2,0,0,0,0,0,0,0,0,0,0,0,0
1678,Data Scientist,8.67,93.5,73.9,89.8,94.2,71.2,51.5,76.7,2,2,2,0,1,0,3,0,1,1,0,0,0,0,0,0,0,0,0,0,0,0,1,2,3,2,0,1,1,0,0,3,0,0,0,0,0,0,2,1,0
1679,Data Scientist,8.45,88.6,88.8,83.2,88.0,75.8,54.4,75.3,1,3,2,0,0,1,3,1,0,0,1,0,0,0,0,0,0,0,0,0,0,0,0,2,2,3,0,0,2,0,1,2,0,0,0,0,0,0,0,0,0
1680,Data Scientist,8.73,95.5,84.6,98.7,81.1,65.0,60.1,76.2,2,3,2,0,0,1,0,0,1,0,0,0,0,1,1,0,0,0,0,2,0,2,0,0,3,0,0,0,2,0,0,2,0,0,0,0,0,0,0,1,0
1681,Data Scientist,7.58,84.6,90.8,87.7,100.0,63.3,67.4,80.5,3,3,1,0,1,1,2,0,0,1,1,0,0,0,1,0,1,0,1,2,0,0,0,2,2,3,0,0,2,0,1,0,0,1,1,0,0,0,0,0,1
1682,Data Scientist,7.41,78.6,86.9,83.3,90.8,49.2,72.7,74.0,0,3,2,1,1,1,3,0,0,1,0,0,2,0,0,0,0,0,0,3,0,0,0,3,2,2,0,0,3,2,0,3,1,0,1,0,0,0,1,0,0
1683,Data Scientist,8.31,93.8,93.1,80.8,79.2,59.6,67.2,71.7,2,3,2,0,1,0,3,0,0,0,0,0,0,0,0,0,0,1,0,2,0,0,1,3,3,1,0,2,2,0,0,3,0,0,0,0,0,0,1,0,0
1684,Data Scientist,6.38,89.8,80.0,81.5,76.4,78.8,80.2,79.2,0,2,3,1,1,1,3,0,0,0,0,0,0,0,0,0,0,0,0,0,1,0,0,2,2,1,0,2,2,1,0,1,1,2,0,1,0,1,0,0,0
1685,Data Scientist,8.28,78.4,91.3,82.3,82.0,57.3,82.1,75.9,3,3,0,0,1,0,2,0,1,0,0,0,0,0,2,0,1,0,0,2,0,1,0,2,3,1,0,1,3,0,0,2,2,0,0,0,2,0,0,0,0
1686,Data Scientist,7.86,90.7,89.8,78.9,79.1,69.3,48.2,68.9,1,3,3,1,0,0,2,0,0,2,0,0,0,0,0,1,0,0,0,0,0,0,0,1,2,1,1,0,2,0,0,1,3,2,0,0,0,0,3,0,0
1687,Data Scientist,7.73,90.5,97.4,83.8,94.3,83.5,79.3,85.2,1,2,2,1,1,1,3,0,0,0,0,2,0,0,0,0,0,0,0,3,0,2,0,0,3,2,0,1,2,0,0,0,3,0,0,0,0,0,2,0,0
1688,Data Scientist,6.97,90.7,89.4,72.9,85.8,61.2,66.9,71.7,2,3,2,0,0,1,1,0,0,0,0,0,0,0,0,0,0,0,0,0,0,1,0,2,2,3,0,0,3,0,0,0,0,0,0,0,0,0,1,0,0
1689,Data Scientist,9.02,87.0,76.1,80.2,93.5,81.0,61.5,79.0,3,2,0,0,1,1,2,0,0,0,1,0,0,0,1,0,0,0,0,3,0,0,0,3,3,0,0,0,2,0,0,3,1,0,0,0,0,0,0,1,0
1690,Data Scientist,9.0,86.3,79.7,79.7,73.0,79.6,78.1,77.6,4,1,1,0,1,1,3,0,0,0,0,0,0,0,0,0,0,0,0,1,0,0,0,2,2,3,0,0,2,0,0,2,1,2,0,0,0,1,0,0,2
1691,Data Scientist,8.33,84.3,91.5,86.6,84.5,60.5,89.2,80.2,1,3,2,1,1,1,2,0,0,0,0,1,0,0,0,0,0,0,0,0,0,0,0,3,3,3,0,0,2,0,1,2,3,0,0,1,0,0,0,1,0
1692,Data Scientist,8.48,82.9,86.3,86.7,100.0,76.0,70.9,84.3,1,1,3,1,1,0,3,0,2,0,0,0,0,0,0,0,1,0,0,3,1,0,0,3,3,3,0,0,2,1,1,3,3,0,1,0,0,0,2,1,1
1693,Data Scientist,8.34,86.0,88.1,78.6,81.3,56.8,73.0,72.4,3,2,2,1,0,1,3,0,0,0,0,0,0,0,1,0,0,0,1,3,0,1,0,1,3,2,0,0,2,0,0,1,1,0,0,1,0,0,0,0,0
1694,Data Scientist,7.54,81.8,82.6,87.5,97.7,79.9,53.5,79.7,2,3,3,1,1,1,2,0,0,0,0,0,0,1,0,1,2,0,0,2,0,0,0,2,3,2,0,1,2,0,0,3,0,0,0,2,0,0,0,0,0
1695,Data Scientist,7.79,87.2,92.7,72.7,69.4,76.3,75.1,73.4,3,2,2,1,0,1,0,0,0,0,1,0,0,0,0,0,0,0,0,1,2,0,0,3,2,0,0,0,1,0,0,3,0,2,0,0,0,0,2,0,0
1696,Data Scientist,8.56,83.4,83.3,75.7,88.5,75.3,69.4,77.2,2,2,2,1,1,0,2,0,0,0,0,1,0,0,1,0,0,0,0,3,1,1,0,3,3,3,2,0,2,0,0,3,2,0,0,0,0,0,0,0,0
1697,Data Scientist,7.41,89.4,88.1,76.5,90.6,52.5,73.9,73.4,2,3,2,1,1,1,3,0,0,0,0,0,0,0,0,0,0,0,0,0,1,0,0,2,2,0,0,0,3,0,0,0,1,0,0,0,0,0,0,1,0
1698,Data Scientist,8.57,91.0,77.5,51.9,93.0,68.4,87.1,75.1,1,3,1,0,0,1,3,0,0,0,0,0,0,0,0,0,0,0,2,2,0,0,0,3,2,3,0,0,2,0,0,3,2,0,0,0,0,0,0,2,0
1699,Data Scientist,8.25,92.6,83.8,90.8,77.9,87.3,77.8,83.5,3,2,0,0,0,1,3,0,0,0,0,0,0,0,0,0,0,0,0,2,0,0,2,0,1,1,0,0,1,0,0,2,3,0,0,0,1,0,0,0,1
1700,Data Scientist,8.66,81.1,69.4,100.0,84.2,53.1,78.5,79.2,3,3,1,1,1,1,1,0,0,0,0,0,1,0,1,0,0,0,1,2,0,0,0,1,2,3,1,1,3,0,0,3,0,0,0,1,0,0,0,0,0
1701,Data Scientist,8.7,79.0,90.7,84.0,89.0,67.0,62.9,75.7,3,3,1,0,1,1,2,0,1,0,0,0,0,2,0,0,0,0,0,2,0,2,0,1,1,3,0,0,2,0,0,3,2,0,0,0,0,0,0,0,0
1702,Data Scientist,8.19,96.7,89.7,92.9,100.0,79.4,63.4,85.5,3,2,0,0,1,1,2,0,0,0,1,0,0,0,0,0,0,0,0,3,0,0,0,1,2,2,0,0,0,1,0,1,0,0,0,0,0,0,0,0,0
1703,Data Scientist,7.59,89.4,82.3,64.2,71.0,84.9,77.2,74.3,1,2,2,0,1,1,2,0,0,0,0,0,0,0,0,0,0,0,1,1,0,0,1,0,0,2,0,0,0,0,0,0,2,0,0,0,0,0,0,1,0
1704,Data Scientist,8.46,85.6,89.2,97.6,92.0,68.1,78.9,84.2,2,1,2,1,1,1,3,0,2,0,0,1,0,0,0,0,0,2,0,0,0,0,0,2,0,1,0,0,2,0,0,3,2,0,1,0,0,0,0,0,0
1705,Data Scientist,6.78,92.6,86.7,68.5,77.9,75.1,73.4,73.7,4,2,1,1,0,1,2,0,0,0,0,2,0,0,2,0,0,0,0,3,0,0,1,2,3,3,0,0,0,0,0,2,3,0,0,0,0,0,0,0,0
1706,Data Scientist,7.98,93.7,76.0,78.5,70.7,69.5,57.6,69.1,2,2,1,0,1,1,2,0,0,0,0,0,0,0,0,2,0,0,0,0,1,0,0,0,0,1,0,0,1,0,0,2,0,0,0,0,0,0,2,0,0
1707,Data Scientist,6.97,95.6,83.6,80.9,80.5,73.7,63.1,74.6,3,1,1,0,1,1,1,0,0,0,0,0,0,0,0,2,0,0,0,3,0,2,0,2,2,2,0,0,1,0,2,1,3,0,0,0,0,0,0,0,1
1708,Data Scientist,8.15,80.0,84.8,85.6,80.9,53.4,80.8,75.2,1,1,0,0,1,1,2,0,0,0,0,0,0,0,0,0,0,0,0,3,0,0,0,3,3,2,0,0,2,0,1,3,0,0,0,0,0,0,0,0,0
1709,Data Scientist,7.83,95.0,88.8,81.1,94.4,86.0,75.8,84.3,1,3,0,0,1,1,1,0,0,0,0,0,1,1,0,1,0,0,0,1,0,0,1,2,3,1,0,2,3,0,0,1,1,0,0,0,0,0,0,0,0
1710,Data Scientist,7.23,87.0,83.5,90.9,100.0,65.5,75.4,83.3,1,2,2,1,1,1,3,0,0,0,0,0,0,0,0,0,0,0,0,3,0,0,0,1,2,1,0,0,3,0,0,3,2,0,0,0,0,0,0,0,0
1711,Data Scientist,8.7,88.4,96.2,79.2,79.2,51.6,93.7,75.9,3,2,1,1,1,1,2,0,0,0,1,0,0,0,0,2,0,0,0,0,0,0,0,2,2,3,0,0,3,0,0,3,2,2,0,0,0,0,0,0,0
1712,Data Scientist,8.09,90.9,96.5,77.9,95.0,66.7,78.5,79.5,3,1,1,1,1,1,2,0,0,0,1,0,0,0,0,0,0,3,0,1,0,0,0,0,0,3,0,0,2,0,0,3,0,0,0,0,1,0,0,0,0
1713,Data Scientist,7.17,89.1,90.7,70.6,76.0,63.5,55.5,66.4,2,3,1,1,1,1,2,0,1,1,0,0,2,0,2,1,0,0,1,2,0,1,0,3,2,2,0,0,3,0,0,3,1,0,0,0,0,0,0,1,0
1714,Data Scientist,7.88,89.2,100.0,93.9,77.3,87.8,93.4,88.1,3,2,2,1,1,1,3,0,0,0,1,0,0,1,0,0,0,0,0,0,0,0,1,0,2,2,0,0,3,0,0,3,2,0,0,0,0,0,0,0,0
1715,Data Scientist,9.07,91.1,90.1,69.3,100.0,77.8,100.0,88.7,1,2,1,1,1,1,1,0,0,0,0,0,0,0,0,0,0,0,0,3,0,0,0,0,3,3,1,0,3,1,0,2,0,0,0,0,0,0,2,1,0
1716,Data Scientist,8.8,88.8,77.9,81.2,87.9,59.6,64.2,73.2,2,2,1,1,1,1,1,0,0,0,0,0,0,0,0,1,0,0,0,0,0,0,0,0,2,3,0,0,3,0,0,3,3,2,0,0,0,0,0,0,0
1717,Data Scientist,8.16,89.0,87.6,99.1,94.3,92.2,67.3,88.2,4,1,0,0,1,1,3,0,0,0,0,0,0,3,0,0,1,0,0,3,0,0,1,3,3,0,0,0,2,0,0,3,3,0,0,0,0,0,0,1,0
1718,Data Scientist,8.03,92.6,83.5,94.3,92.5,86.6,66.4,84.9,3,2,0,0,1,1,2,0,0,0,0,0,0,0,0,0,0,0,1,3,0,0,1,0,0,3,0,0,2,0,0,3,1,0,0,0,0,0,0,0,0
1719,Data Scientist,8.39,88.0,90.9,78.9,81.8,65.5,59.8,71.5,3,3,1,1,0,1,3,0,0,0,0,0,0,0,0,0,1,0,0,3,0,2,0,2,1,0,0,2,3,0,0,3,0,0,0,0,0,0,0,1,0
1720,Data Scientist,7.66,89.3,90.0,87.7,68.1,72.4,84.4,78.2,1,2,1,1,1,1,2,0,0,0,0,1,0,0,0,0,0,1,0,3,0,0,0,3,2,2,2,0,3,0,1,2,2,0,0,0,0,0,0,0,0
1721,Data Scientist,7.86,85.4,100.0,68.9,89.4,74.5,76.5,77.3,2,2,1,1,1,1,2,0,0,0,0,0,0,2,0,0,2,0,0,2,0,0,0,3,3,3,0,0,1,0,0,3,3,0,0,0,0,0,0,0,0
1722,Data Scientist,8.44,87.6,88.5,82.5,86.5,46.4,99.7,78.8,1,2,0,0,1,1,2,0,1,0,0,2,1,1,0,0,0,0,0,2,0,0,0,0,1,2,0,1,1,0,0,3,3,1,0,0,0,2,0,1,2
1723,Data Scientist,8.63,74.8,75.8,79.5,83.5,65.0,75.1,75.8,1,3,1,1,1,1,2,2,0,0,0,0,0,0,0,0,0,2,0,2,0,0,0,2,3,2,0,0,2,0,0,3,2,0,0,0,0,0,0,0,0
1724,Data Scientist,8.78,83.4,100.0,73.3,100.0,62.3,58.6,74.5,2,2,2,1,1,1,2,0,0,0,0,0,0,2,0,1,0,2,0,3,0,0,0,2,3,3,0,0,3,0,0,3,0,0,0,0,0,0,0,0,0
1725,Data Scientist,8.13,91.7,80.8,82.7,78.7,73.5,61.9,74.2,0,1,0,0,1,1,2,0,1,1,2,0,1,0,0,0,0,0,0,1,0,2,1,3,3,1,1,0,2,0,0,3,1,1,0,0,1,0,0,0,0
1726,Data Scientist,8.2,89.5,93.2,75.4,81.4,74.6,76.4,77.0,3,2,0,0,1,1,3,1,0,0,0,2,0,0,1,0,0,0,1,0,0,0,1,3,1,3,0,0,1,0,2,3,2,0,0,0,0,0,0,0,1
1727,Data Scientist,7.59,83.6,87.7,91.6,91.3,79.4,51.2,78.4,2,2,2,1,1,1,3,0,0,0,2,0,2,1,0,0,0,0,0,3,0,0,0,2,2,2,0,0,1,0,0,0,2,0,0,0,0,1,0,0,0
1728,Data Scientist,8.02,83.3,89.9,53.5,94.7,66.6,82.3,74.3,2,3,2,0,1,1,2,1,0,1,0,0,0,0,0,0,2,0,2,3,0,0,2,2,3,2,0,0,2,0,1,2,0,0,0,1,0,0,0,0,0
1729,Data Scientist,7.55,97.0,82.1,82.1,100.0,80.9,72.2,84.7,2,2,3,0,1,1,2,0,0,0,0,2,0,0,0,0,0,1,0,3,0,2,0,2,2,0,0,0,3,0,2,2,0,2,0,0,0,0,0,2,0
1730,Data Scientist,9.74,80.0,74.6,72.3,88.8,72.1,62.8,74.0,2,2,0,0,1,1,3,0,0,0,0,0,0,0,0,0,0,1,0,3,0,0,0,2,3,1,0,0,3,0,0,2,1,0,0,0,2,0,0,1,0
1731,Data Scientist,7.6,94.8,75.2,83.7,81.4,80.1,64.7,77.5,2,2,1,1,1,1,2,2,0,0,0,2,0,0,0,1,0,0,0,3,2,0,0,2,0,1,0,0,3,0,0,1,2,0,0,0,0,0,1,0,1
1732,Data Scientist,8.21,88.0,80.0,76.8,97.4,60.1,56.7,72.8,2,2,2,1,1,1,2,0,0,2,0,0,0,0,0,1,0,0,1,3,0,0,0,3,0,3,0,0,3,0,0,1,0,0,0,1,0,0,0,1,0
1733,Data Scientist,9.1,91.4,88.3,72.6,83.0,78.7,86.0,80.1,2,1,1,1,1,1,3,0,0,0,0,0,0,0,0,0,0,0,0,2,0,0,0,3,2,2,0,1,2,0,2,0,1,0,0,0,0,0,0,0,0
1734,Data Scientist,8.39,89.7,70.0,93.6,81.4,72.1,81.6,82.2,3,3,1,0,1,1,3,0,1,1,1,0,0,0,0,0,2,0,0,1,0,0,0,2,2,2,0,0,1,2,0,0,2,0,0,0,0,0,2,0,0
1735,Data Scientist,8.44,85.9,73.9,87.1,73.4,80.2,84.0,81.2,1,1,2,1,1,1,3,0,0,0,0,0,0,0,0,0,0,3,0,0,1,3,1,3,2,1,0,0,0,2,0,2,0,0,0,0,0,0,0,0,0
1736,Data Scientist,7.46,95.0,72.0,88.7,66.1,61.2,76.4,73.1,2,2,2,0,1,1,3,0,0,0,1,0,0,0,0,0,0,0,0,3,0,0,0,3,3,0,0,0,1,0,0,3,1,0,0,0,1,0,1,0,0
1737,Data Scientist,8.26,77.0,78.2,92.0,79.1,75.4,60.4,76.7,1,2,2,1,1,1,2,0,0,0,0,0,0,0,0,0,0,1,1,3,0,0,0,3,2,1,1,0,1,0,0,1,2,0,0,0,0,1,0,0,1
1738,Data Scientist,7.45,90.7,93.0,71.2,67.0,79.7,70.6,72.1,4,2,2,1,1,1,3,0,0,0,0,0,0,1,0,0,0,0,0,2,0,0,1,2,1,2,0,0,3,0,0,2,3,0,0,0,0,0,0,0,0
1739,Data Scientist,7.24,85.3,81.9,94.3,87.8,61.3,100.0,85.9,1,2,0,0,1,1,2,2,0,0,0,0,0,0,0,1,0,0,0,1,0,1,0,3,3,2,0,0,2,0,0,2,0,0,0,1,2,0,0,0,0
1740,Data Scientist,8.77,82.0,87.7,86.6,85.0,65.8,71.2,77.1,2,2,3,1,1,1,1,0,0,0,0,0,0,0,2,0,2,0,0,0,0,0,0,2,3,3,0,0,3,0,0,0,3,0,1,0,0,0,0,0,0
1741,Data Scientist,7.88,88.0,83.3,94.5,100.0,72.4,65.6,83.2,3,2,2,1,1,1,3,0,2,0,0,0,0,0,0,0,0,2,2,3,0,0,0,2,0,3,0,0,2,0,0,3,1,0,0,0,0,0,0,0,0
1742,Data Scientist,7.72,81.8,88.8,87.0,83.0,64.3,100.0,84.5,1,2,3,1,1,1,1,0,0,1,0,1,1,0,0,0,0,0,2,3,1,0,0,2,3,3,2,0,3,0,0,2,2,0,0,2,0,0,0,1,0
1743,Data Scientist,8.32,79.2,82.9,80.8,99.6,49.1,84.0,78.4,2,3,2,1,1,1,2,0,0,0,0,0,0,0,0,0,0,0,0,2,0,0,0,3,0,2,0,0,3,0,0,2,0,0,0,0,0,0,0,0,0
1744,Data Scientist,7.24,91.4,89.0,68.6,91.8,74.2,85.9,80.1,2,2,1,0,1,1,1,0,0,2,0,0,1,0,1,0,0,1,0,2,0,0,1,3,1,3,0,0,1,0,0,1,0,0,0,0,0,0,1,0,0
1745,Data Scientist,7.66,80.9,79.2,72.9,94.4,82.2,71.8,80.3,2,2,1,1,1,1,3,0,0,2,0,0,0,2,1,0,0,0,0,1,0,0,0,2,1,0,2,0,2,0,0,1,1,0,0,0,2,0,0,0,0
1746,Data Scientist,8.39,86.0,89.0,100.0,80.5,70.3,85.9,86.2,2,3,0,0,1,1,2,2,1,1,0,0,0,0,1,0,0,1,0,3,1,0,0,1,2,2,0,0,3,1,0,1,1,0,0,0,0,0,0,0,1
1747,Data Scientist,7.4,96.4,79.5,74.3,84.0,87.8,69.3,78.9,4,2,2,1,1,1,1,0,0,0,0,0,0,0,0,1,0,1,0,2,0,0,0,2,3,3,0,0,2,0,0,0,0,0,0,0,0,0,0,0,0
1748,Data Scientist,9.24,89.4,83.3,88.7,97.0,52.3,69.8,77.0,4,1,1,1,1,1,3,0,0,0,0,0,1,0,0,0,1,0,0,3,0,1,0,3,3,3,0,0,2,0,0,3,2,0,0,1,0,0,0,1,0
1749,Data Scientist,8.65,96.0,76.7,75.7,76.6,45.7,67.0,66.2,4,2,2,1,1,1,3,1,0,0,0,0,0,0,0,0,0,0,0,3,0,0,0,1,2,1,0,0,0,0,0,2,0,0,0,0,0,0,0,1,0
1750,Data Scientist,7.79,100.0,91.8,91.7,73.9,68.2,94.8,82.2,2,3,2,1,1,1,3,0,0,0,0,0,0,0,0,0,0,0,0,2,1,1,0,1,3,2,0,0,3,0,0,0,1,0,0,1,0,0,0,1,0
1751,Data Scientist,8.65,92.9,89.0,80.8,93.0,61.8,70.3,76.5,2,2,2,0,0,1,1,1,0,0,0,0,0,0,0,0,0,0,0,1,1,0,0,2,2,2,0,0,3,0,1,0,3,0,0,1,0,0,0,2,2
1752,Data Scientist,8.23,87.2,87.6,84.0,100.0,64.9,76.5,82.7,3,1,2,0,1,1,3,0,0,0,0,0,0,0,0,0,1,0,0,0,1,1,0,3,3,3,0,0,2,2,0,3,0,0,0,0,1,0,0,0,0
1753,Data Scientist,8.64,84.5,93.8,86.2,94.7,71.6,42.6,73.8,1,1,0,0,1,1,1,0,0,0,1,1,1,0,0,1,0,0,0,3,0,0,0,0,3,2,0,1,1,0,1,3,3,0,1,0,0,0,0,0,0
1754,Data Scientist,8.37,80.0,89.8,83.3,77.3,33.4,94.9,72.2,2,2,0,0,1,1,3,0,0,1,0,0,0,0,0,0,0,2,0,1,2,0,0,2,2,2,0,0,3,0,0,3,2,0,0,0,0,2,0,1,0
1755,Data Scientist,8.06,90.9,83.5,67.4,76.0,69.6,96.3,77.3,2,1,1,1,1,1,3,0,0,0,0,1,0,0,0,0,0,0,0,2,0,0,0,2,2,0,2,1,3,0,0,2,1,1,0,0,0,0,0,0,0
1756,Data Scientist,9.04,88.4,75.7,79.0,96.9,78.8,79.1,83.4,3,3,1,0,0,1,3,0,2,0,0,0,2,0,0,0,0,0,1,1,0,0,0,2,2,2,0,0,2,0,0,2,2,1,1,0,0,2,1,0,0
1757,Data Scientist,8.44,75.3,86.5,93.3,90.4,86.1,75.6,86.3,3,3,0,0,1,1,2,0,0,0,0,0,0,1,0,0,2,0,2,0,0,0,0,3,3,2,0,0,1,0,0,2,3,0,0,1,0,0,0,0,0
1758,Data Scientist,9.25,92.2,73.4,84.1,83.9,77.7,65.4,77.8,1,3,2,0,0,0,0,0,0,1,0,0,0,2,0,0,0,0,0,0,0,0,0,0,0,3,0,0,2,0,0,3,0,0,0,0,0,0,1,0,0
1759,Data Scientist,7.54,82.2,87.4,86.9,81.7,62.7,71.8,75.8,3,2,2,1,0,1,2,0,1,0,0,0,0,0,0,2,0,2,0,2,0,2,2,3,3,3,0,0,1,0,0,2,1,0,0,0,0,0,0,0,0
1760,Data Scientist,8.75,95.6,83.6,94.6,88.8,80.2,90.9,88.6,1,1,1,1,1,1,2,0,1,2,0,0,2,0,0,0,0,1,0,0,0,0,0,1,3,1,0,0,2,0,0,3,0,0,0,0,0,0,0,0,0
1761,Data Scientist,7.49,78.3,81.3,95.1,79.1,56.8,68.2,74.8,2,2,0,0,1,1,3,0,0,0,0,0,1,0,0,0,0,0,0,0,0,0,0,3,3,2,0,0,1,0,1,0,0,0,0,1,0,0,0,0,0
1762,Data Scientist,8.75,77.1,81.7,89.1,93.3,72.2,85.9,85.1,3,2,1,1,1,1,2,0,0,0,0,0,0,0,1,2,0,0,0,2,0,0,0,2,3,0,0,0,0,0,0,3,2,0,0,0,0,0,0,0,0
1763,Data Scientist,8.59,87.9,76.1,100.0,84.1,77.5,58.9,81.1,3,2,2,1,0,1,2,0,2,0,0,0,0,0,0,0,0,1,0,0,1,0,0,2,2,3,2,0,2,0,2,2,2,1,0,0,0,1,0,0,0
1764,Data Scientist,8.14,88.1,91.3,90.9,83.5,58.0,77.0,77.3,2,3,2,1,0,1,3,0,0,0,0,0,2,0,0,0,1,0,0,0,0,1,0,3,3,3,0,0,2,0,0,1,0,0,0,0,0,0,0,0,0
1765,Data Scientist,8.18,88.6,95.5,75.8,83.2,53.5,69.2,70.4,2,1,1,1,0,1,2,0,2,0,1,0,0,2,0,1,0,0,0,0,2,0,0,2,3,3,0,2,3,1,2,1,2,0,0,0,0,0,0,0,0
1766,Data Scientist,8.63,89.9,81.5,89.0,74.8,70.7,67.6,75.5,3,3,1,1,0,1,1,1,0,0,0,0,0,0,0,0,0,0,0,1,1,0,0,1,2,0,2,0,1,0,0,1,2,0,2,2,0,0,0,0,0
1767,Data Scientist,8.8,87.6,74.7,83.9,90.0,79.9,71.8,81.4,4,2,0,0,0,1,2,0,1,0,0,0,0,0,2,0,1,0,2,2,1,0,1,3,0,1,0,0,3,0,0,3,3,0,0,0,0,1,0,0,0
1768,Data Scientist,8.27,94.4,82.4,89.2,95.5,83.2,67.9,83.9,2,3,0,0,1,1,3,0,0,0,0,0,0,0,0,0,0,2,0,0,0,2,0,0,2,2,1,0,2,0,0,1,3,0,0,0,0,1,1,0,0
1769,Data Scientist,8.13,93.0,89.5,58.5,67.1,75.5,67.4,67.1,1,1,2,1,1,1,1,0,0,0,0,0,0,1,0,1,0,0,0,0,0,0,0,3,0,3,0,0,3,0,1,0,2,0,0,0,2,0,0,1,0
1770,Data Scientist,8.04,81.0,70.4,86.9,78.7,52.6,84.8,75.8,1,2,1,1,1,1,2,2,0,0,0,0,0,0,0,0,0,0,2,3,0,0,2,2,1,3,0,0,0,0,0,3,3,0,0,0,0,0,0,0,0
1771,Data Scientist,9.21,85.0,90.6,70.2,83.9,61.9,73.2,72.3,0,2,1,0,1,1,3,0,0,0,0,1,1,0,0,0,0,0,1,1,0,0,1,0,3,3,0,0,2,0,0,2,3,0,0,2,0,1,0,0,0
1772,Data Scientist,7.86,86.4,82.6,92.2,93.4,61.2,69.7,79.1,3,2,3,1,1,1,3,0,0,0,0,0,0,0,0,0,0,0,0,1,0,0,0,1,3,0,0,0,2,0,1,3,0,0,0,0,0,0,0,1,0
1773,Data Scientist,8.52,95.8,83.6,86.9,94.4,78.1,89.9,87.3,1,2,1,1,0,1,2,0,1,1,0,0,0,0,0,0,0,0,0,1,0,1,0,3,1,1,0,0,2,0,0,3,1,0,0,0,0,3,0,0,2
1774,Data Scientist,7.4,72.2,79.8,83.4,71.7,73.4,79.3,77.0,1,2,3,1,1,1,3,0,0,0,0,0,0,0,0,0,0,1,0,2,0,2,1,3,2,3,0,0,1,0,0,2,0,1,1,0,0,0,0,0,0
1775,Data Scientist,6.73,91.8,66.8,91.2,89.4,53.5,82.2,79.1,2,1,2,1,0,1,2,0,0,0,0,0,0,0,0,0,0,0,0,3,2,2,2,2,0,3,0,0,2,0,0,3,0,0,0,1,0,0,0,0,2
1776,Data Scientist,7.94,82.0,81.8,77.9,84.1,100.0,70.1,86.1,2,2,3,0,1,1,3,0,0,0,0,0,0,0,0,0,1,0,0,1,0,0,0,3,0,2,0,0,2,0,0,1,0,0,0,0,0,0,0,0,0
1777,Data Scientist,8.18,95.1,81.7,89.9,100.0,91.5,74.3,89.8,0,3,1,0,1,1,3,0,0,0,0,0,0,0,0,1,0,0,0,2,0,2,0,2,2,1,0,0,3,0,0,2,0,0,0,0,0,0,0,0,0
1778,Data Scientist,7.87,92.4,78.5,98.2,84.3,81.8,73.5,84.5,0,1,1,1,0,1,3,0,0,0,0,0,0,0,0,2,0,0,0,0,0,0,1,3,3,1,0,0,3,0,0,1,1,0,0,0,0,0,0,0,0
1779,Data Scientist,7.62,82.0,91.4,75.7,84.3,41.0,74.7,68.9,0,1,1,0,1,0,3,0,0,0,0,0,0,0,2,1,0,0,2,2,0,0,0,2,3,2,0,0,0,0,0,2,1,2,0,0,0,0,0,0,0
1780,Data Scientist,7.94,86.0,100.0,59.6,97.5,74.1,57.6,72.2,1,1,1,1,1,1,1,0,1,0,0,0,0,0,0,0,0,0,0,2,0,0,0,2,3,3,0,0,2,0,0,2,0,0,0,0,1,0,0,2,2
1781,Data Scientist,8.69,87.4,72.9,91.2,93.4,94.9,64.5,86.0,2,2,1,1,1,0,3,0,0,0,1,0,0,0,0,0,0,0,0,2,0,0,0,2,2,2,1,0,3,0,0,3,2,0,0,0,0,2,0,0,0
1782,Data Scientist,7.65,89.6,86.4,73.3,91.9,49.7,96.2,77.8,4,2,1,1,0,1,2,0,0,0,0,0,1,0,0,0,0,0,1,1,0,0,2,0,3,3,0,0,2,0,0,2,2,0,0,0,0,0,0,0,0
1783,Data Scientist,6.92,94.2,85.9,69.0,92.7,37.5,83.4,70.7,1,3,2,1,0,1,1,0,0,0,0,0,0,0,0,0,0,0,0,1,0,0,0,1,2,3,0,2,0,0,0,1,0,0,0,0,2,0,0,0,1
1784,Data Scientist,8.81,91.9,78.4,81.6,94.6,84.2,70.8,82.8,2,3,1,1,1,0,1,0,0,0,0,1,0,0,0,1,0,0,0,3,0,0,2,3,0,2,0,1,2,0,1,2,0,1,0,0,0,0,2,0,0
1785,Data Scientist,8.66,91.8,89.5,77.6,84.3,63.1,57.7,70.7,1,2,0,0,0,0,3,0,0,0,0,0,0,0,2,0,0,0,0,2,1,0,0,3,3,3,0,0,0,0,0,2,0,0,0,2,0,0,0,0,0
1786,Data Scientist,7.25,78.0,76.6,90.5,58.0,67.7,64.7,70.2,3,2,0,0,1,1,3,0,0,0,0,0,0,0,0,0,0,0,0,2,0,0,0,2,1,3,0,0,3,1,0,1,0,0,0,0,0,0,0,0,0
1787,Data Scientist,7.89,91.3,85.8,91.8,100.0,45.8,62.4,75.0,3,2,1,1,1,1,3,1,0,0,2,0,0,0,0,0,0,0,0,2,0,0,0,2,3,3,0,0,3,0,0,2,2,0,0,0,0,2,0,1,0
1788,Data Scientist,8.52,87.1,78.0,86.2,85.0,68.0,59.9,74.8,2,2,0,0,1,1,2,0,1,0,0,0,2,0,0,0,0,0,0,0,1,0,0,3,2,3,0,0,3,0,0,1,3,0,0,0,1,0,0,0,0
1789,Data Scientist,7.82,79.6,90.6,84.3,98.4,65.4,75.0,80.8,1,2,1,0,1,1,2,0,0,0,0,0,0,0,0,0,2,0,0,3,1,0,0,2,3,3,1,0,2,0,0,2,3,1,0,0,0,0,1,2,0
1790,Data Scientist,8.74,88.9,84.9,72.0,82.1,80.7,74.6,77.3,3,3,1,0,1,1,2,1,0,0,0,1,0,0,0,0,0,0,0,2,0,0,1,0,2,2,0,0,3,0,0,1,3,0,0,0,0,0,0,0,0
1791,Data Scientist,8.78,91.1,94.5,72.0,64.0,64.4,100.0,75.3,2,2,0,0,1,1,2,0,0,2,0,0,0,1,0,0,1,0,0,3,0,0,0,3,2,2,0,2,2,0,0,3,0,0,0,0,1,2,0,0,0
1792,Data Scientist,7.9,82.3,87.3,71.6,78.6,81.3,74.4,76.5,3,3,0,0,1,1,2,0,0,1,0,0,0,0,0,1,0,0,0,1,0,0,1,3,2,0,0,0,3,0,0,2,3,0,0,0,0,0,0,0,0
1793,Data Scientist,7.09,93.4,74.3,71.6,89.0,46.7,80.7,72.0,1,1,0,0,1,0,3,0,0,0,0,1,2,0,0,0,0,2,0,2,0,0,0,2,0,2,0,0,2,1,0,1,2,1,0,0,0,0,0,1,0
1794,Data Scientist,8.07,86.1,79.1,83.5,80.8,47.3,57.8,67.4,2,3,1,1,1,1,1,0,1,0,0,0,0,1,0,0,0,1,0,3,0,0,0,3,0,2,0,0,0,0,0,3,2,0,0,0,0,0,0,0,0
1795,Data Scientist,8.03,84.0,84.4,95.3,79.9,75.3,63.9,78.6,2,2,2,1,1,1,2,0,0,1,3,0,0,0,0,1,0,0,0,2,0,0,0,0,1,2,0,0,0,2,0,3,0,1,0,0,0,1,0,2,0
1796,Data Scientist,9.28,100.0,87.0,86.4,85.3,70.8,65.2,76.9,3,2,1,1,1,1,3,0,3,1,0,0,1,0,0,0,0,0,0,0,0,0,0,2,2,1,0,1,1,0,0,3,1,0,0,0,0,0,0,0,0
1797,Data Scientist,7.31,94.1,82.5,91.2,98.1,80.7,71.9,85.5,2,2,2,1,1,0,3,0,0,2,0,0,0,1,1,0,0,0,0,3,0,0,0,3,3,3,1,1,2,0,0,0,2,1,0,0,0,3,2,0,0
1798,Data Scientist,8.23,76.9,89.1,82.8,79.2,62.7,65.3,72.5,2,1,0,0,1,0,2,0,0,0,0,0,0,0,0,0,0,0,0,2,0,2,2,3,3,1,0,0,1,2,0,3,2,0,0,0,0,0,0,0,1
1799,Data Scientist,8.15,83.4,74.3,90.8,94.7,74.3,74.1,83.5,2,2,3,0,1,1,1,1,0,1,0,0,0,0,0,0,1,0,0,1,1,0,0,0,0,3,1,0,2,0,1,3,0,0,0,0,1,0,0,0,0
1800,Data Scientist,8.05,99.2,89.6,68.9,96.9,75.2,85.3,81.6,4,2,1,1,0,1,3,0,0,0,0,1,0,0,0,0,0,0,0,0,1,0,0,3,3,3,0,0,0,0,1,2,1,0,0,0,0,0,0,0,0
1801,Data Scientist,9.35,84.7,92.1,92.0,63.8,65.2,77.0,74.5,1,1,1,1,0,1,3,2,0,0,1,0,0,0,0,0,0,1,0,0,0,1,0,0,3,2,3,0,3,0,0,2,2,0,1,0,1,0,0,0,0
1802,Data Scientist,7.62,90.3,74.0,90.8,92.6,79.2,56.1,79.7,1,1,0,0,1,1,3,0,0,0,1,0,0,0,0,0,0,1,0,0,0,0,0,3,2,3,0,0,3,0,0,2,0,0,0,0,0,0,1,0,0
1803,Data Scientist,7.47,90.8,83.2,76.5,77.4,58.1,92.8,76.2,2,3,0,0,0,1,3,0,0,2,0,0,0,0,2,0,0,0,0,3,0,0,0,3,1,1,0,0,1,0,0,3,0,0,0,0,0,2,0,0,0
1804,Data Scientist,8.49,88.4,86.7,80.7,91.7,74.0,75.8,80.5,3,1,0,0,1,1,2,0,0,0,0,0,1,0,0,0,0,0,1,3,0,0,0,2,0,3,2,0,3,0,0,3,3,0,0,0,0,0,0,0,0
1805,Data Scientist,8.06,83.4,80.0,81.3,89.4,80.2,77.4,82.1,2,2,1,0,0,1,2,0,0,0,0,0,0,0,0,0,0,0,0,2,0,2,0,2,1,3,0,0,3,0,0,1,2,1,0,1,1,0,0,0,0
1806,Data Scientist,7.53,88.3,90.0,72.0,75.8,54.3,86.4,72.1,2,3,1,1,1,0,3,1,0,0,0,0,0,0,2,0,0,0,0,0,0,0,0,2,3,3,0,0,2,0,0,3,3,0,0,0,0,0,0,0,0
1807,Data Scientist,7.76,89.6,89.1,85.9,69.2,68.1,100.0,82.9,2,2,1,1,1,1,2,0,0,0,0,0,0,0,0,0,0,1,0,0,0,0,0,2,1,2,0,0,2,2,1,3,3,2,0,0,0,0,0,0,0
1808,Data Scientist,8.49,80.9,78.3,86.8,86.6,72.5,37.2,70.8,1,2,3,0,1,0,3,0,0,0,0,0,0,0,0,0,0,0,0,0,0,0,0,3,0,3,0,0,2,0,0,3,3,0,0,1,1,0,0,0,1
1809,Data Scientist,8.36,81.6,89.7,79.4,86.8,68.4,76.5,77.8,2,1,1,1,1,1,0,0,0,0,0,0,0,0,0,1,0,0,0,0,1,0,1,0,1,0,0,0,2,0,0,3,1,0,0,0,1,0,0,0,0
1810,Data Scientist,8.38,98.2,85.3,81.2,89.1,52.0,69.9,73.1,2,2,1,1,1,0,3,0,0,0,0,1,0,0,0,0,0,0,0,0,0,0,1,1,3,3,0,0,2,0,2,3,1,0,0,0,1,0,0,0,0
1811,Data Scientist,8.7,81.7,82.4,68.8,83.9,74.4,88.2,78.8,2,3,0,0,1,0,1,2,0,0,0,0,0,1,0,0,2,0,0,2,1,0,0,1,2,1,0,2,3,0,0,1,0,0,1,0,0,1,0,0,0
1812,Data Scientist,9.54,83.6,82.9,89.0,84.9,88.2,69.4,82.9,3,3,1,1,1,1,3,2,1,0,0,0,0,0,0,0,0,0,0,2,0,0,0,3,3,3,0,0,3,0,0,1,2,0,0,0,0,0,0,1,0
1813,Data Scientist,8.11,94.7,83.5,78.5,100.0,79.0,75.7,84.0,3,1,0,0,0,0,3,0,0,0,0,0,0,0,1,0,0,0,0,1,0,0,0,3,2,2,1,0,0,0,0,3,0,0,0,0,0,0,1,0,0
1814,Data Scientist,9.9,87.9,90.4,79.9,82.0,71.6,94.0,81.9,0,1,0,0,1,1,2,1,0,0,0,0,0,0,2,0,0,0,0,3,0,0,0,1,1,0,1,0,3,0,0,3,3,0,0,0,0,2,1,0,0
1815,Data Scientist,8.28,87.3,70.8,83.2,75.3,77.2,82.8,79.6,1,3,1,0,1,1,2,0,0,0,0,2,0,0,0,0,0,0,0,2,0,0,0,0,2,0,0,0,3,0,0,1,0,0,0,0,1,0,0,0,0
1816,Data Scientist,8.55,92.7,92.2,100.0,95.2,72.3,54.2,80.5,1,2,2,1,1,1,1,0,0,0,0,0,0,0,0,0,0,1,1,2,0,0,0,3,2,1,0,0,2,1,0,2,2,0,0,1,1,0,0,0,0
1817,Data Scientist,7.77,96.0,82.1,71.1,87.8,63.8,84.7,76.8,2,3,2,1,1,0,2,0,0,0,0,0,0,0,0,0,0,0,0,3,0,0,0,3,1,3,0,1,2,0,0,3,3,0,0,0,0,0,0,0,2
1818,Data Scientist,7.75,91.0,86.5,100.0,88.7,79.9,78.6,87.4,2,3,1,1,1,1,2,1,0,0,0,0,0,0,0,0,0,1,0,2,0,0,0,2,0,3,0,1,1,0,1,3,2,1,0,1,0,0,0,0,0
1819,Data Scientist,8.58,94.4,90.6,84.9,77.9,65.8,87.1,78.9,3,3,0,0,1,1,3,0,0,0,0,1,0,0,2,0,0,0,0,3,0,0,0,3,1,2,0,2,1,1,0,1,0,0,0,0,0,0,0,0,0
1820,Data Scientist,7.64,82.4,97.6,74.9,84.7,69.0,91.9,80.1,3,3,1,1,0,1,3,0,0,0,0,0,0,2,1,0,0,0,0,2,0,0,0,2,3,3,0,0,2,0,0,3,0,0,1,0,0,0,0,0,0
1821,Data Scientist,7.54,82.2,81.7,74.8,74.9,72.5,77.6,74.9,4,2,2,0,0,1,2,0,0,0,0,1,0,2,0,0,0,0,0,0,1,0,0,3,0,3,0,0,3,1,0,1,2,0,0,0,0,0,1,0,1
1822,Data Scientist,9.01,76.1,89.2,100.0,83.3,80.6,78.5,86.2,3,3,2,1,1,1,3,0,0,0,0,0,0,1,0,0,1,0,0,1,0,0,0,1,2,3,0,0,3,0,0,1,2,0,1,0,0,0,0,0,0
1823,Data Scientist,7.89,80.2,86.9,80.4,86.6,67.4,56.5,72.7,3,3,1,1,1,1,3,1,0,0,1,1,0,0,0,0,0,0,0,3,0,0,0,2,1,3,0,0,3,1,0,3,2,0,0,0,0,0,1,0,0
1824,Data Scientist,8.5,89.2,82.7,87.8,86.0,71.7,76.8,80.6,3,2,1,1,1,1,2,0,0,0,0,0,0,0,0,0,0,0,0,1,0,0,0,2,3,2,0,0,0,0,1,2,2,0,0,0,0,0,0,0,0
1825,Data Scientist,8.3,89.4,91.0,88.4,96.0,72.6,86.5,85.9,3,1,0,0,1,0,2,0,0,1,0,0,0,0,1,0,0,0,0,2,0,0,0,2,0,0,0,2,2,0,0,3,2,0,0,0,2,0,0,0,0
1826,Data Scientist,7.48,85.3,87.1,88.9,89.8,70.6,58.8,77.0,1,2,3,0,1,1,3,1,0,0,0,1,0,0,2,0,0,0,0,3,0,0,0,1,2,3,1,0,2,1,1,0,1,0,0,0,2,0,0,0,2
1827,Data Scientist,7.29,91.1,86.6,79.8,83.4,68.1,76.1,76.8,1,1,3,1,1,1,3,0,2,3,0,2,0,0,0,1,0,0,0,0,2,0,1,3,2,2,0,0,3,0,0,2,2,1,0,0,0,0,0,1,1
1828,Data Scientist,8.05,77.6,87.2,79.0,88.3,72.8,78.9,79.8,1,3,1,1,1,0,3,0,1,0,0,1,0,0,2,2,1,1,0,0,0,0,0,2,2,2,0,0,2,0,0,1,3,0,0,0,0,0,0,0,1
1829,Data Scientist,8.14,87.6,77.3,78.5,81.2,59.9,75.3,73.7,4,1,2,1,1,0,2,0,0,0,0,0,0,0,0,2,0,0,0,2,0,0,0,2,3,3,0,0,1,1,0,1,0,0,0,0,0,0,1,0,0
1830,Data Scientist,8.51,79.4,84.7,94.1,96.2,84.8,83.3,89.6,3,2,1,0,0,1,1,0,0,0,0,0,1,0,0,0,0,0,0,1,0,0,0,2,2,3,0,0,2,0,3,1,1,0,1,0,0,0,0,0,0
1831,Data Scientist,6.26,82.7,88.4,79.6,71.2,88.1,64.5,75.8,2,1,1,1,1,1,0,2,0,0,0,0,0,0,0,0,0,0,0,0,0,0,0,2,1,2,0,0,3,0,0,3,0,0,0,0,0,0,0,0,1
1832,Data Scientist,7.44,91.3,85.0,70.4,84.3,84.0,71.7,77.6,1,1,1,0,1,1,3,1,0,0,0,0,0,0,0,2,0,0,0,1,0,0,2,3,3,2,1,0,2,0,0,1,2,0,0,2,1,0,0,0,0
1833,Data Scientist,8.46,85.1,84.6,75.8,93.6,53.7,82.8,76.5,4,2,2,1,1,1,2,0,0,0,0,0,1,0,1,0,0,0,1,2,0,0,0,2,2,1,1,0,2,0,0,2,2,0,1,0,0,0,0,0,0
1834,Data Scientist,8.43,76.8,91.9,94.0,88.9,77.1,71.9,83.0,1,2,2,0,0,1,3,0,0,0,1,1,0,0,2,0,1,2,0,3,0,0,0,2,2,3,0,1,2,0,0,2,0,0,0,0,0,0,0,0,0
1835,Data Scientist,8.01,79.4,74.5,90.7,93.4,62.9,67.1,78.5,1,2,0,0,0,1,2,0,1,0,0,0,0,0,0,0,0,0,1,0,0,0,0,3,0,2,0,0,2,0,0,0,2,0,0,0,0,0,0,0,0
1836,Data Scientist,7.97,86.7,96.6,86.6,83.6,67.1,63.4,75.2,2,2,1,1,0,1,1,0,0,0,0,0,0,2,0,0,1,0,0,0,1,1,0,3,3,3,0,0,2,1,0,3,2,0,0,0,0,1,0,0,0
1837,Data Scientist,8.1,83.9,82.6,94.8,75.9,48.4,100.0,81.0,2,2,0,0,1,1,3,0,0,0,0,0,0,0,0,0,0,0,1,3,0,2,0,0,2,2,0,0,0,0,0,3,0,0,0,0,0,0,0,1,0
1838,Data Scientist,8.57,83.6,79.2,80.1,92.5,69.4,84.6,81.7,1,1,3,1,0,1,1,0,1,0,0,0,0,0,1,0,0,0,0,3,0,0,0,1,2,2,0,0,3,2,0,2,2,0,0,0,3,1,0,0,0
1839,Data Scientist,8.12,91.5,100.0,76.4,75.7,66.2,75.8,73.5,3,2,2,0,1,1,3,0,0,0,0,0,0,0,0,0,0,0,0,3,0,0,0,1,3,0,0,0,0,1,0,3,2,0,0,0,0,0,0,0,0
1840,Data Scientist,7.57,89.7,92.3,89.2,82.1,91.4,83.5,86.6,2,1,0,0,0,1,0,0,2,0,0,0,1,0,0,2,2,0,1,2,0,0,0,3,3,3,1,0,3,0,0,2,2,0,0,0,0,0,0,0,1
1841,Data Scientist,8.18,92.6,76.3,82.8,81.5,68.1,69.9,75.6,2,3,2,1,1,1,2,1,1,1,0,0,1,0,1,0,0,0,0,0,0,0,0,2,3,2,0,0,3,0,0,3,2,1,0,0,0,0,0,0,0
1842,Data Scientist,7.93,79.0,82.3,95.2,76.2,59.8,88.3,79.9,3,2,1,0,1,0,2,0,0,0,0,1,0,0,0,0,0,0,0,2,0,0,1,2,2,3,1,0,1,0,0,3,0,1,0,0,0,0,0,0,0
1843,Data Scientist,6.6,96.3,87.0,82.9,78.6,76.9,72.2,77.7,2,3,0,0,1,1,3,0,0,0,0,0,0,0,0,0,0,0,0,2,0,0,1,3,1,1,0,0,3,0,0,3,1,0,1,0,0,0,0,0,0
1844,Data Scientist,8.51,90.3,78.4,90.6,83.1,69.4,76.7,80.0,3,2,1,1,1,1,1,0,0,0,0,0,0,2,0,0,0,0,0,0,0,0,0,2,0,3,0,0,3,0,0,2,0,0,0,0,0,0,0,0,2
1845,Data Scientist,7.5,84.8,87.0,71.3,81.2,65.3,77.4,73.8,3,3,0,0,1,1,3,0,0,0,1,1,0,0,0,0,0,0,0,3,0,0,0,3,3,2,0,0,2,0,0,2,0,0,0,0,0,0,0,0,0
1846,Data Scientist,8.66,93.3,88.6,90.8,62.0,82.4,71.3,76.6,0,2,1,0,1,1,3,0,0,0,0,0,0,0,0,0,0,0,0,0,0,0,0,2,3,3,1,0,0,0,0,2,2,0,0,0,0,0,0,0,0
1847,Data Scientist,7.38,95.3,93.4,93.1,79.2,63.0,82.1,79.3,0,3,2,0,1,1,1,2,2,0,0,0,0,0,0,0,0,0,0,2,3,0,0,3,2,1,2,0,0,0,0,2,3,1,0,2,0,2,0,0,0
1848,Data Scientist,8.44,91.5,78.9,65.7,86.2,83.7,62.7,74.6,4,2,2,1,1,0,3,0,0,1,1,0,0,0,0,1,1,0,1,0,0,0,0,3,2,1,0,0,2,1,0,0,0,0,0,0,0,0,1,0,0
1849,Data Scientist,7.87,88.1,95.4,71.2,90.8,58.6,83.7,76.1,1,2,1,1,0,1,3,0,1,0,0,0,2,0,1,0,0,0,0,2,0,0,0,2,2,2,3,0,2,0,0,0,0,0,0,0,0,0,0,0,0
1850,Data Scientist,8.37,85.4,94.7,89.7,87.5,62.1,92.1,82.8,2,1,1,1,1,0,0,0,0,1,0,1,0,0,0,0,0,0,0,2,0,0,0,3,2,3,0,0,0,1,1,3,0,0,0,0,0,0,0,0,0
1851,Data Scientist,8.77,81.4,83.0,100.0,81.7,62.9,65.7,79.3,4,1,3,1,1,1,3,0,0,0,0,0,0,0,0,0,0,0,0,3,0,0,1,2,1,2,0,0,3,0,0,1,2,0,0,0,1,0,0,0,0
1852,Data Scientist,8.59,79.0,89.1,72.8,95.1,47.7,62.7,69.6,2,3,1,1,0,1,2,0,0,0,0,2,0,0,0,0,0,0,0,0,0,0,0,2,2,1,0,0,1,0,0,3,0,0,0,0,0,0,0,0,0
1853,Data Scientist,7.68,88.2,69.7,94.1,79.7,56.8,81.9,78.1,3,2,0,0,1,1,1,0,0,0,0,0,0,0,0,0,0,0,2,3,0,1,1,0,2,0,0,0,2,1,0,2,2,0,0,0,0,0,0,0,0
1854,Data Scientist,6.99,84.8,79.6,84.6,100.0,69.9,78.0,84.4,3,3,0,0,1,0,3,0,0,2,0,0,0,0,0,0,0,0,0,3,0,0,0,1,3,3,0,0,0,0,0,2,3,0,0,0,1,0,0,0,0
1855,Data Scientist,8.24,89.9,88.6,91.9,90.0,70.7,90.6,85.8,2,2,2,0,1,1,1,0,0,0,0,0,0,0,0,0,0,0,0,2,0,0,0,3,3,1,0,0,2,0,0,3,3,0,0,0,0,0,1,0,0
1856,Data Scientist,7.7,82.4,83.1,76.0,72.8,49.3,96.4,73.6,3,1,3,1,0,1,0,0,2,0,1,0,0,0,1,0,0,0,0,0,0,1,0,2,2,2,0,0,2,0,0,0,1,0,0,0,0,0,0,0,0
1857,Data Scientist,8.33,91.2,87.0,89.0,89.0,74.0,76.5,82.1,1,2,2,1,1,1,3,0,1,2,0,0,0,0,0,1,0,1,0,2,0,0,0,3,3,3,0,0,1,0,0,2,0,0,0,0,0,0,0,0,0
1858,Data Scientist,8.49,83.8,81.1,48.9,87.1,63.0,74.3,68.3,2,3,2,1,1,0,2,0,0,0,0,0,0,0,2,0,0,0,0,2,1,0,0,3,2,1,0,0,3,0,2,2,2,0,0,0,0,0,0,0,2
1859,Data Scientist,8.28,88.3,87.7,69.1,81.7,74.3,63.2,72.1,3,2,1,1,1,1,1,0,2,0,1,0,0,0,0,0,0,0,0,2,0,1,0,2,3,3,0,0,3,0,0,3,0,0,0,0,0,0,0,0,0
1860,Data Scientist,8.75,82.5,88.2,79.2,82.1,69.4,68.3,74.8,2,3,2,1,0,1,2,1,2,0,0,0,0,1,0,0,0,1,0,1,0,1,2,3,3,1,0,0,1,0,0,2,1,0,0,0,0,1,0,1,0
1861,Data Scientist,7.71,86.8,64.4,73.6,75.1,55.0,70.8,68.6,2,3,1,1,1,1,3,0,2,0,0,0,0,0,0,0,0,0,0,2,0,0,0,3,2,3,1,0,2,0,0,3,2,0,0,0,2,1,0,0,0
1862,Data Scientist,7.32,93.3,90.5,82.2,87.6,74.5,57.8,75.5,3,2,3,1,1,1,2,0,0,1,0,0,0,2,0,0,0,0,0,2,0,0,0,2,2,2,0,1,1,3,0,3,2,0,1,0,0,0,0,0,1
1863,Data Scientist,8.75,80.8,85.9,86.2,63.7,79.0,77.0,76.5,3,2,2,1,1,1,3,0,0,2,0,0,0,1,0,0,0,0,0,2,0,0,0,3,3,3,0,0,1,0,0,1,0,0,1,0,0,0,0,0,0
1864,Data Scientist,7.9,87.3,85.9,95.4,85.9,85.9,46.1,78.3,2,3,1,1,1,0,3,0,0,0,0,0,0,0,0,0,0,0,0,1,0,1,0,0,0,2,0,0,0,0,0,2,2,0,0,0,2,0,2,0,1
1865,Data Scientist,7.98,80.3,84.1,75.8,83.4,70.0,68.3,74.4,2,3,2,1,0,1,2,0,0,0,0,0,0,0,2,3,0,1,0,2,1,0,0,0,2,2,0,0,3,0,0,3,0,1,0,0,0,0,0,0,0
1866,Data Scientist,8.18,81.8,82.0,65.7,75.0,62.9,69.4,68.2,1,2,0,0,1,0,2,0,0,0,1,0,1,0,0,0,0,0,0,2,0,0,0,2,3,2,1,2,0,0,0,1,3,2,0,0,1,1,0,0,0
1867,Data Scientist,9.25,84.0,77.5,83.7,99.3,48.2,60.5,72.9,2,3,0,0,1,1,3,0,0,2,0,0,0,0,0,0,1,2,0,0,1,0,0,1,1,2,0,0,3,0,0,2,0,0,0,0,3,0,0,0,0
1868,Data Scientist,7.42,87.3,98.5,85.8,93.4,60.4,77.7,79.3,3,2,3,0,1,1,3,0,0,0,1,0,0,0,0,0,0,0,0,0,0,0,0,3,2,3,0,0,2,2,0,2,0,0,0,0,0,1,2,1,0
1869,Data Scientist,7.9,87.6,88.9,70.2,85.9,68.1,72.3,74.1,1,2,1,0,1,1,2,0,0,0,0,0,0,0,0,0,0,0,0,3,0,0,1,2,3,1,1,0,2,2,0,3,2,0,0,0,0,0,0,0,0
1870,Data Scientist,8.99,93.4,81.9,72.9,99.9,62.9,67.8,75.9,2,1,2,1,1,1,2,0,0,0,0,0,0,0,0,0,0,0,2,0,0,0,0,2,3,3,0,0,3,0,0,3,2,1,0,0,0,1,0,3,0
1871,Data Scientist,7.6,91.7,82.2,82.2,76.4,83.1,69.2,77.7,4,1,3,1,0,1,2,0,0,0,0,0,2,0,1,0,1,0,0,0,0,0,0,2,2,0,0,0,2,0,0,1,3,0,0,0,2,0,0,0,0
1872,Data Scientist,8.6,91.8,85.9,81.5,86.0,67.8,63.7,74.8,1,2,1,1,1,0,3,0,0,0,1,0,1,1,0,0,0,0,0,0,1,0,0,2,2,1,0,0,3,0,0,2,2,0,1,0,0,0,0,1,0
1873,Data Scientist,8.07,95.8,100.0,96.6,73.0,71.4,79.3,80.1,2,2,1,0,1,1,3,2,0,0,0,0,0,0,0,0,0,0,0,0,0,0,0,2,2,3,0,0,1,0,0,2,0,1,0,0,0,0,0,0,0
1874,Data Scientist,8.03,86.4,78.2,78.0,100.0,67.5,91.8,84.3,2,2,2,1,1,1,3,0,0,0,0,1,0,0,0,0,0,0,0,3,0,0,0,3,2,0,0,0,3,0,0,2,0,1,0,0,0,2,2,0,0
1875,Data Scientist,8.19,80.1,87.8,89.7,76.8,61.1,86.2,78.5,4,3,1,1,1,1,1,1,0,0,0,0,0,0,0,0,0,0,0,2,0,0,0,0,3,3,0,1,3,0,0,2,2,0,0,0,0,1,0,0,0
1876,Data Scientist,8.0,84.7,59.5,75.5,88.7,77.7,95.3,84.3,2,2,3,0,1,1,2,0,0,0,0,0,0,0,0,0,2,0,0,3,0,0,0,2,1,2,0,0,3,0,0,0,3,0,0,0,0,1,0,0,0
1877,Data Scientist,8.36,91.9,68.4,91.2,100.0,77.3,64.4,83.6,2,2,3,1,1,1,3,0,0,2,1,0,0,0,0,0,0,0,0,0,0,0,0,2,1,3,0,0,3,0,0,3,2,0,0,1,1,0,0,0,0
1878,Data Scientist,8.37,86.7,89.4,90.3,86.7,53.6,69.8,75.1,2,1,2,1,1,1,3,0,0,0,0,0,0,0,0,2,0,0,0,2,0,0,0,3,1,0,0,0,1,0,0,3,1,0,2,0,0,0,0,1,0
1879,Data Scientist,8.48,88.6,93.6,82.8,98.5,69.4,73.1,81.0,3,3,3,1,0,1,2,0,0,0,0,0,1,0,0,0,0,0,0,1,1,0,0,2,3,3,0,0,2,2,0,1,0,1,0,0,0,0,0,0,1
1880,Data Scientist,9.06,94.0,76.3,86.8,83.2,78.5,68.2,79.2,1,1,0,0,1,1,0,0,0,0,0,0,0,0,0,0,2,0,0,2,0,0,0,3,2,1,0,0,2,0,1,2,2,0,0,2,0,0,0,0,0
1881,Data Scientist,7.67,96.5,95.8,85.7,91.0,50.5,74.1,75.3,2,2,1,1,1,1,2,0,0,0,1,0,0,0,0,1,0,0,0,0,0,0,1,3,2,3,0,0,2,0,0,2,3,0,0,0,1,0,0,0,0
1882,Data Scientist,7.8,91.9,90.3,78.2,83.4,72.9,92.2,81.7,2,1,0,0,1,1,2,0,0,0,0,0,0,0,0,1,1,0,0,0,0,2,2,1,2,2,0,0,3,0,0,3,2,0,0,0,0,0,1,0,0
1883,Data Scientist,9.05,77.4,81.7,80.8,75.7,83.6,68.1,77.0,2,2,0,0,1,1,3,0,0,0,0,0,0,0,0,0,0,0,0,3,0,0,0,3,1,2,0,2,3,0,0,3,2,0,0,0,0,0,0,2,0
1884,Data Scientist,7.72,82.1,65.7,89.1,98.0,62.8,49.7,74.9,2,2,2,1,1,1,3,0,0,0,0,1,0,0,1,0,2,2,0,2,0,0,0,2,2,1,0,0,1,2,0,1,1,0,1,0,0,0,0,0,0
1885,Data Scientist,7.85,79.5,87.5,75.1,87.9,77.9,68.6,77.4,4,2,2,1,1,1,2,0,0,0,1,0,0,0,1,0,0,2,0,3,0,0,0,0,2,3,3,0,3,0,1,3,2,0,0,0,1,0,0,0,0
1886,Data Scientist,7.76,78.8,84.1,100.0,88.4,81.7,82.9,89.3,3,1,1,0,0,1,2,0,1,0,0,0,1,0,0,0,0,0,0,3,0,0,0,1,3,3,1,0,3,0,0,3,2,0,0,0,0,0,0,0,0
1887,Data Scientist,8.22,86.8,73.0,73.1,90.3,66.4,90.4,80.0,2,3,2,1,1,1,3,0,0,2,0,0,0,0,0,0,0,0,1,0,0,1,1,0,0,2,0,0,0,0,0,0,2,1,0,0,0,0,0,0,0
1888,Data Scientist,8.07,83.0,89.2,71.8,93.0,69.2,78.2,78.0,2,2,0,0,1,1,2,0,0,0,0,1,0,1,0,0,1,0,0,2,0,0,0,2,3,3,0,0,3,0,0,0,2,0,0,0,0,0,0,0,0
1889,Data Scientist,8.15,91.0,86.7,84.1,96.1,65.1,69.5,78.7,1,3,1,1,0,1,2,0,0,0,0,0,0,0,0,0,2,0,0,0,0,0,0,0,2,3,0,1,2,0,0,3,3,0,0,1,0,0,1,1,2
1890,Data Scientist,8.54,80.6,91.3,80.0,73.7,85.6,56.4,73.9,2,2,1,0,0,1,1,0,0,0,1,0,2,0,0,0,0,0,0,0,0,0,0,2,3,3,0,0,2,0,1,3,1,0,1,1,0,0,0,0,0
1891,Data Scientist,8.36,87.7,86.7,90.9,79.7,65.1,89.1,81.2,1,2,0,0,1,0,2,0,0,0,2,0,0,0,0,0,0,0,0,2,0,0,1,2,2,2,0,0,0,0,0,0,2,0,1,0,0,0,0,0,0
1892,Data Scientist,8.27,83.4,82.2,83.0,71.5,78.5,87.5,80.1,0,2,1,1,0,1,1,0,0,0,0,3,1,0,0,0,0,0,0,3,0,0,0,1,2,0,0,0,1,0,0,3,0,1,0,0,0,0,0,0,0
1893,Data Scientist,8.73,92.4,76.4,94.2,67.6,65.6,78.3,76.4,2,2,0,0,1,1,2,1,0,0,0,0,0,0,0,0,0,0,0,2,2,0,0,3,3,2,1,0,3,0,0,2,0,0,0,0,0,1,0,0,0
1894,Data Scientist,8.15,97.7,80.8,76.9,79.3,73.6,68.3,74.5,1,3,2,1,1,1,3,0,0,2,0,0,1,0,0,0,0,2,0,1,0,0,0,3,2,2,0,0,2,0,1,1,3,0,0,0,1,0,0,0,0
1895,Data Scientist,8.06,79.3,89.1,82.8,81.7,60.9,68.5,73.5,3,3,2,0,0,1,2,0,0,0,0,0,1,0,0,0,0,3,0,1,3,0,0,0,3,3,0,0,2,0,1,1,2,0,0,0,0,0,0,0,0
1896,Data Scientist,8.64,83.7,93.3,79.9,69.8,50.4,80.9,70.2,2,2,0,0,1,1,2,0,0,0,2,0,0,0,0,1,0,0,0,1,0,0,0,3,2,2,0,1,3,0,2,1,0,1,0,0,0,1,0,0,0
1897,Data Scientist,8.48,89.3,80.4,80.0,87.0,60.3,88.1,78.8,0,2,1,1,1,1,1,0,0,0,0,0,0,0,0,0,0,0,0,0,0,0,0,2,2,2,0,1,3,0,0,3,0,0,0,0,0,0,0,1,0
1898,Data Scientist,7.7,84.4,81.6,71.7,80.6,73.4,77.0,75.7,4,2,0,0,1,0,3,0,1,0,0,0,0,0,0,1,0,1,0,1,0,0,0,1,3,3,0,0,3,0,0,2,2,0,0,0,0,2,0,0,0
1899,Data Scientist,8.53,88.6,83.3,76.4,74.1,75.3,90.9,79.2,2,2,2,1,1,0,1,0,1,0,0,0,0,2,0,0,0,0,0,2,0,0,0,2,3,0,0,0,2,0,0,3,2,0,0,0,0,0,0,0,2
1900,Data Scientist,8.32,93.0,85.9,81.0,83.8,49.2,78.3,73.1,3,2,0,0,1,1,2,0,0,0,0,0,0,0,0,0,2,0,0,2,0,0,0,2,3,1,0,0,2,0,0,3,3,0,0,0,0,0,0,0,0
1901,Data Scientist,7.88,81.4,80.7,67.6,54.4,73.5,70.4,66.5,2,3,1,1,0,0,3,0,0,1,0,1,0,0,1,0,0,0,2,3,0,0,0,3,3,3,0,0,2,1,0,2,2,1,0,1,2,1,0,0,0
1902,Data Scientist,8.19,96.6,93.9,77.8,94.9,77.5,78.5,82.2,2,2,1,0,1,1,3,0,0,0,0,0,0,0,0,0,1,1,1,2,1,0,0,3,3,3,0,0,1,0,0,3,3,0,0,0,0,0,0,0,0
1903,Data Scientist,7.81,88.1,78.3,79.5,68.1,63.7,64.2,68.9,3,1,0,0,1,1,1,1,0,0,0,0,0,0,0,0,0,0,1,0,0,0,0,2,2,3,0,0,0,0,0,2,2,0,0,0,0,0,0,0,0
1904,Data Scientist,8.11,86.9,84.2,66.1,86.6,58.6,69.2,70.1,1,2,0,0,1,0,3,1,1,0,0,0,0,1,0,0,0,0,0,2,2,0,0,2,3,2,0,0,3,0,0,1,0,0,0,0,0,0,0,0,0
1905,Data Scientist,7.82,85.6,85.9,85.3,84.1,63.0,77.7,77.5,0,3,3,0,1,0,1,0,0,0,0,0,0,1,0,2,1,0,0,0,0,0,0,0,2,3,0,2,2,2,0,0,0,0,0,1,0,2,0,0,0
1906,Data Scientist,9.09,96.5,79.2,75.7,84.7,63.9,50.5,68.7,3,2,0,0,0,1,0,0,0,0,0,0,1,0,0,0,0,1,0,3,0,1,0,3,3,1,1,0,2,1,1,2,1,0,1,0,0,0,0,0,0
1907,Data Scientist,8.95,89.5,71.3,88.9,85.9,55.0,100.0,83.3,3,3,1,0,1,0,3,2,0,0,1,0,0,2,0,0,0,0,0,1,0,0,0,3,0,2,0,0,2,0,0,1,0,0,0,0,1,0,1,0,0
1908,Data Scientist,8.28,81.3,75.0,72.0,74.9,59.2,79.7,71.5,2,2,2,1,1,1,2,1,0,0,0,0,0,0,2,0,0,0,0,0,0,0,0,3,1,1,0,0,3,2,0,3,2,0,0,1,0,0,0,2,1
1909,Data Scientist,8.29,94.5,94.1,71.2,76.0,61.3,74.0,70.6,4,2,3,0,0,1,2,0,0,2,1,0,0,1,2,0,0,0,0,3,0,0,0,0,1,2,0,0,3,0,0,1,3,0,1,0,1,0,0,0,2
1910,Data Scientist,7.69,87.8,89.4,73.9,86.4,76.4,89.8,81.6,2,1,3,1,1,1,1,0,0,0,1,1,0,0,0,0,0,0,0,0,2,0,0,3,2,3,0,0,3,0,0,0,0,0,0,0,0,0,0,0,0
1911,Data Scientist,8.07,91.7,91.0,95.4,88.3,75.4,83.9,85.8,3,3,1,0,1,1,3,0,0,0,0,0,0,0,0,0,0,0,0,1,1,0,0,1,3,2,0,0,2,0,0,2,2,0,0,0,0,0,0,0,0
1912,Data Scientist,8.82,90.9,80.5,59.8,95.6,72.8,78.5,76.7,4,1,0,0,1,1,3,1,1,0,1,0,0,0,0,0,0,0,0,2,0,0,0,1,3,3,0,0,3,1,0,0,2,0,0,0,0,0,0,0,0
1913,Data Scientist,7.58,73.0,88.7,90.3,86.6,73.2,100.0,87.9,3,2,0,0,1,1,3,2,0,0,0,0,0,0,0,0,0,0,1,2,0,0,0,2,3,2,0,0,3,0,1,2,2,0,0,0,0,0,0,0,0
1914,Data Scientist,7.86,85.3,93.2,84.1,66.6,52.9,74.6,69.5,2,2,2,1,1,1,2,0,0,0,0,0,0,0,0,2,1,0,0,3,0,0,0,3,0,3,0,0,3,0,0,2,0,0,0,0,0,0,0,1,0
1915,Data Scientist,9.71,84.9,80.1,78.6,83.8,54.1,51.0,66.9,2,1,3,0,1,0,0,0,0,2,0,0,0,0,2,1,0,0,0,2,0,0,1,2,2,3,0,0,2,0,0,2,2,0,0,0,0,0,0,0,0
1916,Data Scientist,7.97,89.2,70.2,90.6,74.4,68.7,82.0,78.9,1,1,1,1,0,1,1,0,0,1,2,0,0,0,0,1,0,0,0,2,0,2,1,2,0,2,0,0,3,0,0,1,3,0,0,0,0,0,0,0,0
1917,Data Scientist,8.47,81.3,85.8,83.5,100.0,76.3,81.9,85.9,2,1,0,0,1,1,3,0,0,0,0,1,0,0,0,1,0,0,0,0,0,0,1,2,3,3,0,0,1,0,0,3,2,0,0,0,0,0,1,0,0
1918,Data Scientist,8.26,78.5,81.2,82.1,81.9,54.0,78.2,74.0,3,3,0,0,1,1,2,0,0,0,0,0,0,0,0,0,0,2,0,2,0,0,0,2,3,2,1,1,2,0,0,1,3,0,0,0,0,0,0,0,0
1919,Data Scientist,8.99,83.3,83.3,81.8,85.8,69.6,88.5,81.4,2,3,0,0,0,1,3,0,0,1,0,0,2,1,0,0,1,0,0,3,0,0,0,3,1,1,0,0,0,0,3,2,1,0,0,0,0,0,1,0,0
1920,Data Scientist,7.57,92.6,81.8,64.5,85.2,92.4,71.1,78.3,1,2,1,1,1,1,2,0,0,0,0,0,0,0,0,0,0,0,0,2,0,2,0,3,3,0,0,0,2,0,0,3,0,0,2,0,0,0,0,0,1
1921,Data Scientist,7.56,96.0,90.3,80.5,87.0,60.9,84.9,78.3,1,2,1,1,1,1,3,0,0,0,0,0,0,0,0,0,0,1,1,0,0,0,0,3,1,3,0,0,3,0,0,2,1,0,1,0,0,2,0,0,0
1922,Data Scientist,7.94,84.4,77.2,76.5,85.9,70.3,61.2,73.5,3,1,2,0,1,0,3,0,0,0,0,0,0,0,0,0,0,0,1,1,0,0,0,2,2,3,0,0,3,0,0,1,3,0,0,0,0,0,0,0,2
1923,Data Scientist,7.14,80.9,77.0,86.0,95.2,61.8,62.8,76.5,2,2,1,1,1,1,2,0,0,0,0,0,1,0,0,0,1,0,0,0,1,0,0,3,2,3,0,0,2,0,1,3,0,1,0,0,0,0,0,0,1
1924,Data Scientist,8.84,80.6,74.5,75.3,87.9,65.3,85.5,78.5,2,2,2,0,1,1,2,0,1,2,0,0,1,0,1,0,1,0,0,1,0,0,0,2,3,1,0,0,0,0,1,0,0,0,0,0,0,0,0,0,0
1925,Data Scientist,8.82,94.3,98.5,81.2,84.0,47.9,64.0,69.3,2,2,0,0,1,1,3,2,0,0,0,0,0,0,0,1,2,0,0,1,0,0,0,0,1,3,0,1,0,0,1,0,3,0,1,0,0,0,0,0,0
1926,Data Scientist,9.41,93.5,89.2,91.3,82.9,77.6,66.0,79.4,3,2,0,0,1,1,0,1,0,0,0,0,0,2,0,0,0,0,0,3,1,0,0,2,3,3,0,0,3,0,0,2,2,0,0,0,2,0,0,0,0
1927,Data Scientist,7.32,100.0,89.2,74.9,77.1,61.9,78.4,73.1,3,2,2,0,1,1,3,0,0,0,0,0,0,0,0,0,0,0,0,2,0,0,0,3,0,3,0,0,2,0,0,3,1,0,0,0,2,0,0,0,0
1928,Data Scientist,7.98,91.5,97.3,97.2,91.2,58.9,80.4,81.9,2,2,0,0,1,1,3,0,0,0,1,0,0,0,0,0,0,0,0,1,0,0,2,2,2,2,0,0,3,0,0,2,2,0,0,0,0,0,0,0,0
1929,Data Scientist,9.53,89.9,89.5,84.8,79.8,67.5,74.7,76.7,2,2,1,1,1,1,3,0,0,0,2,0,0,1,0,0,2,0,0,0,0,0,0,0,2,0,0,0,3,1,0,2,3,0,0,0,0,0,0,0,0
1930,Data Scientist,8.95,89.6,94.0,83.3,100.0,76.2,77.4,84.3,2,1,0,0,1,1,1,0,0,0,0,0,0,0,0,0,0,0,0,3,0,2,0,3,2,0,0,0,2,0,0,3,0,0,0,0,0,0,0,0,0
1931,Data Scientist,8.87,81.3,97.4,67.6,100.0,47.4,62.9,69.6,2,1,1,1,1,1,3,2,0,0,3,0,0,0,0,0,0,0,0,3,0,0,0,2,1,0,0,0,1,0,0,2,0,0,0,0,0,0,0,2,0
1932,Data Scientist,9.1,82.4,81.3,83.2,95.7,64.4,66.9,77.6,1,2,2,0,1,1,0,3,0,0,0,0,0,0,0,1,0,0,0,2,0,1,1,1,1,2,0,1,0,0,0,3,3,2,0,0,0,0,0,0,1
1933,Data Scientist,8.4,82.3,86.8,89.4,70.9,65.6,63.5,72.3,3,1,1,1,1,1,2,0,0,0,0,0,1,0,0,1,0,0,0,3,0,0,0,2,2,1,0,0,3,0,1,3,2,0,0,0,1,0,0,0,0
1934,Data Scientist,7.06,83.4,80.2,85.8,66.3,67.9,65.2,71.3,1,2,3,0,1,1,3,0,2,1,0,0,0,0,0,1,0,1,0,2,0,0,1,1,3,2,0,0,0,0,1,3,2,0,0,1,0,0,0,0,0
1935,Data Scientist,8.54,89.0,81.0,84.3,88.0,73.3,53.2,74.7,0,3,3,1,1,1,1,2,1,0,0,0,0,1,0,0,0,0,0,3,0,0,0,1,3,3,0,0,2,0,0,2,2,0,1,0,0,0,0,0,0
1936,Data Scientist,8.68,78.3,88.8,77.8,78.4,64.1,68.5,72.2,3,2,2,1,1,1,2,0,0,0,0,0,0,0,0,0,0,0,0,3,0,1,2,2,3,2,3,2,2,0,0,0,1,0,0,0,0,0,0,0,1
1937,Data Scientist,8.56,83.7,87.7,68.6,94.3,76.2,68.8,77.0,1,1,1,1,1,1,3,0,0,0,2,0,2,0,0,1,0,0,0,3,0,0,0,0,2,1,0,0,2,0,0,3,2,0,0,0,1,0,0,1,0
1938,Data Scientist,8.05,93.8,75.7,86.4,81.3,61.0,89.5,79.5,2,2,1,1,1,1,3,0,0,0,0,0,0,0,0,0,2,0,2,2,2,0,0,1,2,3,0,2,2,0,0,0,0,0,0,0,2,0,0,0,0
1939,Data Scientist,8.1,86.0,73.7,81.2,87.7,91.7,84.9,86.4,4,2,1,0,1,0,2,0,0,0,0,0,0,0,0,0,0,1,1,3,2,0,0,3,2,1,1,0,2,0,0,2,2,0,0,0,0,0,0,0,0
1940,Data Scientist,8.71,85.3,77.6,87.9,78.1,67.8,63.0,74.2,2,2,2,1,1,1,1,2,0,2,0,0,0,0,0,0,0,0,2,0,0,0,0,0,2,2,0,2,3,0,0,2,2,1,0,0,0,0,0,0,0
1941,Data Scientist,9.0,95.3,81.2,86.6,85.4,59.5,79.2,77.7,1,1,2,0,1,1,1,0,0,0,0,1,0,0,0,0,0,2,0,3,0,0,0,2,2,1,0,0,2,0,0,1,3,0,0,1,0,0,0,0,0
1942,Data Scientist,8.02,91.9,94.8,85.4,76.1,47.4,69.6,69.6,3,2,0,0,0,1,3,0,0,0,0,0,0,0,0,0,0,0,0,0,0,0,1,3,3,0,0,0,3,1,1,0,3,0,0,1,1,0,0,1,0
1943,Data Scientist,6.5,85.0,91.3,63.6,95.5,53.9,87.8,75.2,2,2,1,1,1,1,3,0,0,0,2,2,0,0,0,0,1,0,0,3,0,1,0,2,3,3,0,0,3,0,2,3,2,0,0,0,0,0,1,0,0
1944,Data Scientist,8.22,88.4,87.0,79.8,79.9,62.8,92.8,78.8,4,3,1,1,1,1,1,0,0,0,0,1,0,0,0,0,0,0,0,0,0,0,0,2,1,3,2,0,3,0,0,2,2,1,1,2,0,2,0,0,0
1945,Data Scientist,7.49,86.7,92.5,82.6,74.0,69.0,79.9,76.4,4,2,2,0,1,1,1,0,0,0,0,0,0,0,0,0,0,0,0,0,0,0,0,2,3,2,0,1,1,0,2,1,3,0,0,0,1,1,0,0,0
1946,Data Scientist,8.77,88.1,80.8,77.4,79.1,80.1,76.1,78.2,4,3,1,0,1,1,3,0,0,0,0,0,0,2,0,0,0,0,0,1,0,0,0,3,2,2,0,0,3,0,0,1,2,1,0,0,0,0,0,0,0
1947,Data Scientist,8.34,85.3,92.7,88.0,80.0,75.1,64.1,76.8,1,2,3,1,1,1,1,0,0,0,0,0,0,0,0,0,0,0,0,0,1,1,0,2,3,1,0,0,3,0,0,3,1,1,0,0,0,0,0,0,0
1948,Data Scientist,8.23,85.3,84.7,77.0,90.2,91.8,73.9,83.2,1,3,2,1,0,0,2,0,1,0,0,0,0,0,0,0,0,0,0,3,0,0,0,3,2,2,0,0,3,0,1,3,0,1,0,0,0,0,1,2,0
1949,Data Scientist,8.17,92.5,78.3,86.0,85.7,91.4,67.5,82.7,2,2,1,1,0,0,0,0,1,0,0,1,0,0,1,0,0,0,0,2,0,0,0,2,3,2,0,0,3,0,2,2,3,0,0,0,0,0,0,0,0
1950,Data Scientist,7.85,87.6,78.5,70.7,99.8,73.8,87.6,83.0,4,2,1,0,1,0,2,0,0,0,0,1,0,2,0,0,0,0,0,1,1,0,1,3,3,0,1,0,0,0,0,2,3,0,0,0,0,0,0,0,0
1951,Data Scientist,8.46,91.6,81.9,80.8,83.7,73.9,80.0,79.6,2,1,1,1,1,1,3,0,0,0,0,0,0,0,0,1,0,0,0,1,0,0,1,2,3,1,0,1,3,0,1,2,3,2,0,0,0,0,0,0,0
1952,Data Scientist,9.68,75.9,88.9,78.2,77.7,70.5,100.0,85.1,3,2,2,1,1,1,2,0,0,0,0,0,0,0,0,0,0,0,0,2,1,0,0,3,3,3,0,0,3,0,0,2,0,0,0,0,0,0,0,0,1
1953,Data Scientist,8.79,81.4,85.8,91.9,84.4,46.4,54.1,69.2,1,1,3,0,1,1,3,2,2,0,0,1,0,1,0,0,0,0,0,2,0,0,0,2,2,1,0,1,2,2,0,3,2,1,0,0,0,0,0,0,0
1954,Data Scientist,7.97,78.0,85.9,79.8,82.3,84.2,60.4,76.7,1,3,3,1,1,1,3,0,0,0,0,0,0,0,0,0,1,0,0,2,0,0,0,0,2,2,0,1,3,0,0,3,0,0,0,0,0,0,1,0,0
1955,Data Scientist,8.4,91.9,71.9,93.0,88.7,60.0,93.7,83.8,2,2,2,1,1,1,2,0,0,0,0,0,0,0,0,0,2,0,0,3,0,0,0,3,3,3,2,0,3,1,0,2,3,1,0,0,0,1,0,0,0
1956,Data Scientist,7.96,85.0,81.6,90.5,98.0,70.0,84.9,85.8,3,1,0,0,1,1,1,0,0,0,0,1,0,0,0,0,0,0,0,0,0,0,0,2,0,1,0,0,3,2,1,1,2,0,1,0,0,0,0,0,0
1957,Data Scientist,7.82,94.1,87.7,72.9,82.0,74.7,97.2,81.7,2,2,2,1,1,1,2,0,0,0,0,0,1,0,0,0,2,0,0,3,1,1,0,0,3,3,0,0,2,0,0,3,0,0,1,0,0,2,0,0,0
1958,Data Scientist,7.68,98.7,82.6,87.4,96.2,67.5,65.8,79.2,1,3,2,1,0,1,3,0,0,0,1,0,0,0,0,0,0,0,0,2,0,0,0,2,3,3,0,0,3,0,1,2,2,0,0,0,2,0,0,0,1
1959,Data Scientist,6.43,83.5,80.9,100.0,87.7,81.2,77.2,87.1,3,2,0,0,1,1,1,0,0,0,0,0,0,0,0,2,0,0,0,1,0,1,0,3,3,0,0,0,2,1,0,0,0,0,1,2,0,0,1,0,2
1960,Data Scientist,8.05,85.2,89.5,89.1,79.5,70.1,83.1,80.4,1,3,1,0,1,1,2,0,0,2,0,0,0,0,0,0,0,0,0,3,0,1,0,3,0,1,0,0,3,0,0,3,2,0,0,0,0,0,0,0,0
1961,Data Scientist,8.87,80.0,81.8,90.7,79.7,73.7,69.8,78.5,3,2,1,1,0,0,2,0,0,0,2,0,0,0,0,0,1,0,0,2,0,0,0,1,3,2,0,0,0,0,0,3,3,0,1,0,1,0,0,0,0
1962,Data Scientist,7.67,87.8,91.4,75.3,97.7,70.7,86.5,82.5,1,2,2,1,1,1,3,0,1,0,0,0,0,0,0,0,0,0,0,2,1,1,0,2,3,2,1,0,3,0,0,0,3,0,1,0,2,0,0,0,0
1963,Data Scientist,8.18,81.5,83.3,79.9,92.0,56.8,70.3,74.8,2,1,2,0,0,0,2,0,0,0,0,0,0,2,1,0,2,2,0,2,1,0,0,3,2,0,0,0,2,0,0,1,1,0,0,0,0,0,0,0,1
1964,Data Scientist,8.57,81.8,98.2,66.9,97.4,47.2,71.0,70.6,3,1,1,0,1,1,1,0,0,0,0,0,0,0,0,0,1,0,0,0,0,0,0,2,3,2,0,2,2,0,0,3,3,0,0,0,0,0,0,0,1
1965,Data Scientist,8.42,93.3,86.3,79.4,91.6,56.6,71.6,74.8,1,2,1,1,1,1,3,0,0,2,0,0,0,0,0,0,0,0,0,1,0,0,0,1,2,0,0,0,3,0,0,3,2,0,0,0,0,2,0,0,0
1966,Data Scientist,7.94,93.8,89.4,82.4,97.6,67.5,66.3,78.5,2,3,1,1,1,1,3,0,0,0,0,1,0,0,0,0,0,0,0,1,1,0,0,3,2,2,0,0,1,0,0,1,0,0,0,0,0,0,0,0,0
1967,Data Scientist,8.7,94.3,88.5,87.0,94.1,49.1,86.1,79.1,0,2,0,0,1,1,1,0,0,0,0,0,0,0,0,2,0,2,0,0,1,0,1,3,2,2,0,0,3,0,0,1,2,0,0,0,0,0,0,0,0
1968,Data Scientist,8.08,92.2,70.6,95.3,83.8,53.2,70.1,75.6,1,1,3,1,1,1,1,0,0,0,0,0,1,0,0,0,0,1,1,2,0,1,0,2,3,2,0,0,2,1,0,3,0,0,0,1,0,2,0,0,0
1969,Data Scientist,8.26,99.2,84.7,95.2,82.2,68.1,72.1,79.4,2,2,2,0,1,1,3,1,1,0,0,0,2,2,0,0,0,0,0,0,0,0,0,2,0,3,0,0,3,0,0,3,2,0,0,0,0,0,0,0,0
1970,Data Scientist,8.63,86.8,90.4,66.9,76.4,53.5,71.0,67.0,4,1,1,0,1,0,3,0,0,0,0,0,0,0,0,0,0,0,0,2,0,0,0,3,3,1,0,0,3,0,0,0,3,0,0,0,0,0,0,0,0
1971,Data Scientist,7.01,80.4,81.2,64.9,89.7,47.3,88.6,72.6,3,2,2,1,1,0,3,0,0,0,0,0,0,0,1,0,0,0,0,1,0,0,0,1,1,3,0,0,2,0,0,3,1,0,0,0,1,0,0,0,0
1972,Data Scientist,7.81,86.8,76.9,84.9,87.8,58.8,73.0,76.1,4,2,0,0,0,0,1,0,0,2,0,1,2,1,0,1,0,0,0,2,1,0,0,2,2,3,2,0,3,1,0,1,2,0,1,2,1,0,0,1,0
1973,Data Scientist,8.83,80.3,86.7,66.1,78.7,68.6,77.9,72.8,1,2,1,1,1,1,3,0,0,0,2,0,0,0,0,1,0,0,0,3,0,1,0,3,2,3,0,0,1,0,0,2,1,0,0,0,1,1,0,0,0
1974,Data Scientist,8.74,87.6,73.0,87.9,89.8,69.1,58.8,76.4,3,1,2,1,1,0,3,0,1,2,0,0,1,0,0,0,0,0,0,1,1,0,1,1,2,2,0,0,2,2,2,0,1,0,0,0,0,1,0,0,0
1975,Data Scientist,8.48,87.4,80.0,83.7,93.3,65.6,80.4,80.8,2,2,1,1,1,1,3,0,0,0,0,0,0,0,0,0,0,0,0,0,0,1,0,2,1,2,0,0,3,0,0,3,3,0,1,0,0,0,1,0,0
1976,Data Scientist,8.63,79.6,85.0,77.1,83.2,59.8,88.6,77.2,0,3,1,1,1,1,2,0,0,1,0,0,0,1,2,0,1,0,0,2,0,1,0,2,3,1,0,0,2,0,0,3,0,3,0,0,1,0,0,0,0
1977,Data Scientist,8.87,72.6,90.5,85.5,93.0,92.1,80.0,87.7,3,2,2,1,1,1,3,0,0,0,0,0,0,0,0,0,0,1,0,0,1,0,0,3,3,3,0,0,2,0,0,3,2,1,0,0,0,0,0,0,0
1978,Data Scientist,7.39,87.6,89.0,81.5,85.3,49.4,73.8,72.5,1,2,0,0,1,1,3,0,1,0,0,0,0,2,0,0,0,0,0,2,0,0,0,1,3,3,0,0,1,0,0,2,2,0,1,0,0,0,0,0,1
1979,Data Scientist,8.22,90.9,80.6,88.7,91.3,78.0,85.0,85.8,2,2,2,1,1,0,2,0,0,0,0,0,0,0,0,0,0,0,1,3,0,0,0,2,3,3,0,0,0,1,0,3,1,2,0,0,1,0,0,0,0
1980,Data Scientist,8.81,88.4,94.4,84.5,68.5,66.0,88.7,76.9,3,3,1,1,1,1,3,0,0,0,1,0,2,1,0,0,0,0,0,3,0,0,0,3,2,2,0,0,3,0,0,2,1,0,0,0,0,0,0,2,0
1981,Data Scientist,7.79,81.0,81.4,96.1,84.7,79.3,80.4,85.1,2,2,1,1,0,1,2,0,0,0,2,0,1,2,0,0,0,0,0,2,0,0,0,2,3,3,0,0,3,0,0,3,2,0,0,0,0,0,0,0,0
1982,Data Scientist,9.48,84.7,77.2,96.4,75.9,62.3,63.8,74.6,3,2,2,1,0,1,1,0,1,0,0,0,0,0,0,0,0,0,0,3,1,1,1,3,3,2,0,0,1,3,0,3,3,0,1,0,1,0,0,0,0
1983,Data Scientist,6.33,87.1,80.2,67.2,82.8,68.6,77.0,73.9,3,1,2,0,1,1,2,0,0,0,0,0,0,2,0,0,1,0,0,2,0,0,0,2,3,2,0,1,3,0,0,1,0,0,0,0,1,0,1,0,1
1984,Data Scientist,8.02,89.3,81.1,91.0,66.6,86.0,86.9,82.6,2,2,2,0,1,0,0,2,2,0,0,2,0,0,0,0,0,0,0,0,1,2,0,3,2,2,0,0,2,0,0,1,3,0,0,0,0,0,0,1,0
1985,Data Scientist,6.33,84.1,84.2,63.0,67.5,57.4,99.8,71.9,1,2,1,0,1,1,2,0,1,0,0,0,0,0,2,1,1,0,0,1,0,0,1,2,3,3,0,0,2,0,0,3,0,0,0,0,0,0,0,1,0
1986,Data Scientist,8.58,85.1,86.9,82.9,100.0,65.9,80.9,83.5,2,1,2,1,1,1,2,0,0,0,0,0,0,0,0,0,1,0,0,3,0,0,0,3,3,2,2,0,3,0,1,2,2,0,0,0,0,0,0,0,0
1987,Data Scientist,7.85,89.5,90.7,63.8,88.1,68.6,73.3,73.4,4,1,3,0,1,1,3,0,0,0,0,0,0,0,1,0,2,0,0,2,0,1,0,1,3,3,0,0,0,0,0,3,2,1,0,0,0,0,0,0,0
1988,Data Scientist,8.06,95.4,81.9,77.3,88.4,57.6,70.0,73.3,2,2,2,1,1,0,3,0,0,0,1,0,2,0,0,0,0,0,0,1,0,0,0,2,0,3,0,0,2,0,0,1,0,0,0,0,1,0,0,0,1
1989,Data Scientist,7.68,93.5,85.5,80.2,90.0,62.4,66.4,74.8,2,2,0,0,0,1,2,0,0,0,0,0,0,1,1,0,0,0,0,0,0,0,0,3,2,2,0,0,3,0,1,3,3,0,0,0,1,0,0,0,0
1990,Data Scientist,8.32,92.7,76.4,74.4,88.5,70.3,91.2,81.1,3,2,1,1,1,1,0,0,0,0,0,2,0,0,0,0,0,0,0,3,0,0,1,3,3,0,0,0,3,0,0,1,2,0,0,0,0,0,0,0,0
1991,Data Scientist,8.16,93.8,89.5,87.1,100.0,63.9,56.4,76.8,1,2,0,0,1,1,3,0,0,0,0,0,0,0,0,0,0,0,0,1,0,1,0,0,2,0,0,0,2,0,2,3,3,0,0,0,0,0,2,0,0
1992,Data Scientist,8.76,80.3,82.6,72.6,90.6,66.9,63.6,73.4,4,3,2,1,1,1,3,1,2,0,0,0,0,0,0,0,0,0,0,2,1,0,1,2,1,2,2,0,2,0,0,2,2,0,0,0,0,0,0,1,0
1993,Data Scientist,7.81,88.6,81.3,81.9,78.5,64.9,80.4,76.4,0,1,1,1,1,1,2,0,0,0,0,0,0,0,0,0,0,0,0,1,0,0,0,2,2,2,1,0,1,1,0,3,0,0,1,1,0,0,2,0,0
1994,Data Scientist,8.36,96.3,87.6,100.0,84.9,72.4,82.1,85.7,3,3,0,0,1,1,3,0,0,0,0,0,0,0,0,0,0,0,0,2,0,1,0,2,0,3,1,0,0,0,0,0,2,0,0,0,0,0,0,0,0
1995,Data Scientist,7.62,80.4,84.7,83.3,81.2,85.8,66.1,79.1,1,3,3,0,1,0,3,0,0,0,0,0,0,0,0,1,0,1,0,3,0,0,0,3,3,1,0,0,2,0,0,2,2,0,0,0,0,0,0,0,0
1996,Data Scientist,7.87,97.4,89.4,88.1,90.8,93.3,54.9,81.8,4,2,1,1,1,1,3,0,0,0,0,0,0,0,0,0,0,0,0,2,0,0,0,1,1,3,0,0,1,0,0,1,0,0,0,2,0,0,0,1,0
1997,Data Scientist,8.67,90.4,86.7,71.0,91.3,60.0,66.4,72.2,3,2,2,1,1,1,2,0,0,0,0,0,0,0,2,0,0,0,2,0,0,0,1,0,2,2,0,0,3,0,2,3,2,0,0,0,0,0,0,1,2
1998,Data Scientist,8.35,85.7,90.3,60.4,96.2,73.2,64.3,73.5,3,1,3,0,0,1,3,0,0,1,0,0,0,2,0,0,0,0,0,0,0,0,0,3,3,2,0,0,0,0,0,3,0,0,0,0,0,0,0,0,0
1999,Data Scientist,8.71,88.3,83.7,84.3,79.4,81.3,70.4,78.8,2,2,2,1,1,1,1,0,0,0,1,0,0,0,0,0,0,0,1,0,0,0,0,3,1,0,0,1,2,0,0,2,2,1,0,0,0,0,2,0,0
2000,Data Scientist,8.96,89.2,85.1,91.6,78.7,71.5,78.3,80.0,1,3,1,1,0,1,2,1,0,1,0,0,1,2,2,0,0,0,0,1,0,0,0,2,3,1,0,2,1,0,2,3,2,0,0,0,0,0,0,0,0
2001,Data Scientist,8.56,84.2,93.2,100.0,74.2,69.8,78.7,81.1,1,3,2,1,1,0,3,0,0,0,0,0,0,0,0,0,0,1,0,2,0,0,1,2,0,3,0,1,0,0,0,0,2,0,0,0,0,2,0,1,0
2002,Data Scientist,7.71,81.1,88.9,79.7,82.7,82.5,77.9,80.7,2,3,0,0,1,1,1,0,0,0,0,0,0,0,0,0,0,1,0,3,0,0,0,1,3,2,0,0,3,0,0,2,3,0,0,0,0,0,1,0,0
2003,Data Scientist,7.41,73.6,74.8,89.3,83.2,68.6,56.4,74.4,2,2,2,1,1,0,2,0,0,0,0,0,1,0,0,0,0,2,0,2,0,0,1,1,3,2,0,0,3,0,0,2,2,0,0,0,0,0,0,0,0
2004,Data Scientist,7.55,91.4,88.1,63.5,87.8,88.2,68.3,77.0,2,2,3,0,0,0,2,0,0,0,0,0,0,2,1,0,0,0,0,0,1,0,0,3,2,1,0,1,2,0,2,2,2,0,1,0,0,2,0,0,0
2005,Data Scientist,8.0,94.3,85.0,78.9,79.2,66.5,68.5,73.3,2,3,1,1,0,1,2,0,0,0,1,1,0,0,0,0,0,1,0,3,2,0,0,2,1,3,0,0,3,0,0,1,2,0,0,0,1,0,0,0,0
2006,Data Scientist,7.59,85.6,81.7,63.6,83.1,76.8,73.3,74.2,1,2,1,1,1,1,2,0,0,0,0,1,0,0,0,0,0,0,1,2,0,0,0,3,2,2,0,0,2,0,0,0,2,0,0,0,1,0,0,0,2
2007,Data Scientist,7.78,86.5,82.3,87.5,77.4,80.8,64.3,77.5,2,2,2,0,1,1,3,0,0,0,0,0,0,0,1,0,0,2,0,3,0,0,2,2,1,2,0,2,3,0,0,2,3,0,0,0,2,0,0,0,2
2008,Data Scientist,8.53,80.4,86.6,85.2,75.6,83.2,77.0,80.2,2,3,2,0,1,1,3,0,0,0,0,0,0,1,0,0,0,0,0,0,2,0,0,2,0,3,0,0,0,0,0,1,3,0,1,0,0,0,0,0,0
2009,Data Scientist,8.49,79.6,81.7,63.1,96.5,87.8,64.8,78.0,4,1,0,0,0,1,1,0,2,0,1,0,0,0,1,0,1,0,0,2,1,0,0,2,1,0,0,0,3,0,0,3,1,0,1,1,0,0,0,0,0
2010,Data Scientist,8.2,93.0,82.8,96.0,64.8,70.4,83.1,78.6,3,3,1,1,1,0,2,2,0,0,0,2,0,3,0,0,0,2,0,3,1,1,0,3,2,2,0,0,3,0,0,2,3,0,0,1,0,0,1,2,0
2011,Data Scientist,8.7,82.9,84.4,85.0,83.7,71.0,100.0,86.3,1,1,0,0,1,1,3,0,0,0,1,0,0,0,0,2,0,0,0,3,0,1,0,1,2,0,0,0,0,0,0,3,1,1,2,0,0,0,0,0,0
2012,Data Scientist,7.63,89.4,85.3,70.0,93.4,75.8,77.6,79.2,1,2,0,0,1,1,1,0,0,0,0,0,1,0,0,0,0,0,0,1,0,0,0,0,3,3,0,2,3,1,0,3,3,0,0,0,1,0,0,1,0
2013,Data Scientist,9.16,89.2,84.7,72.3,85.7,79.2,70.8,77.0,3,3,1,1,0,1,2,0,1,0,0,0,0,0,0,2,0,0,0,2,0,0,0,2,3,2,1,1,3,2,1,3,2,0,0,0,0,0,0,0,0
2014,Data Scientist,7.54,92.5,73.6,75.3,81.7,69.6,77.5,76.0,4,2,2,1,1,0,2,1,0,1,0,0,0,0,0,0,0,0,0,0,0,0,0,3,3,3,0,0,2,0,0,2,1,0,1,0,0,1,1,0,0
2015,Data Scientist,9.06,79.7,80.8,79.0,76.7,53.0,72.6,70.3,3,1,1,1,1,1,2,1,0,0,0,2,1,0,2,0,0,0,0,2,0,0,0,2,3,3,0,0,3,0,0,3,0,0,0,0,0,0,1,0,0
2016,Data Scientist,8.04,88.8,86.3,79.6,83.4,49.9,67.7,70.2,1,2,2,0,1,1,2,0,1,0,0,0,0,0,0,0,2,0,0,0,0,0,1,1,2,3,3,1,3,0,2,3,0,0,0,0,0,0,0,0,1
2017,Data Scientist,6.42,79.3,94.4,77.7,81.5,63.3,52.2,68.7,2,2,1,1,1,1,0,0,0,0,0,0,0,0,0,0,0,0,0,3,0,0,0,3,2,2,0,0,0,0,0,0,2,0,1,0,0,0,0,2,0
2018,Data Scientist,8.05,87.0,82.3,76.3,88.0,60.5,86.5,77.8,3,1,1,1,1,1,1,3,0,1,0,0,0,0,0,0,0,0,2,2,0,0,2,2,3,3,0,0,3,1,1,2,3,0,0,1,0,0,0,0,3
2019,Data Scientist,8.32,97.1,83.2,84.0,96.9,69.4,88.3,84.7,3,1,1,0,1,1,3,0,0,0,0,0,0,0,0,1,0,0,0,0,0,1,0,2,3,2,0,0,2,0,0,2,3,0,0,0,0,1,0,0,0
2020,Data Scientist,7.91,90.1,85.3,99.2,80.3,71.1,69.8,80.1,1,2,2,1,1,1,3,1,0,1,0,0,0,0,0,2,0,0,0,0,0,0,0,3,2,2,0,0,2,0,0,3,3,0,0,0,0,0,0,0,0
2021,Data Scientist,8.14,86.6,83.2,69.4,68.0,53.3,62.8,63.4,0,3,1,1,1,1,2,0,0,1,0,0,0,0,0,0,0,0,2,0,0,0,1,3,2,3,0,0,2,2,0,3,3,0,0,0,0,0,0,0,0
2022,Data Scientist,8.5,87.6,72.2,76.4,100.0,68.5,64.3,78.1,2,2,2,0,1,1,3,0,0,0,0,0,0,0,0,2,0,0,0,2,0,1,0,3,2,3,0,0,2,0,1,0,1,0,0,1,0,0,0,0,0
2023,Data Scientist,8.63,83.9,75.0,71.4,79.9,84.2,77.6,78.3,1,1,1,1,1,1,3,0,0,0,0,0,0,0,0,0,0,0,0,0,0,0,0,3,3,3,0,0,2,1,0,2,0,0,0,0,1,0,0,0,0
2024,Data Scientist,8.97,89.7,76.5,77.1,81.7,54.7,77.7,72.8,3,3,3,0,1,1,2,1,0,0,2,0,0,0,0,0,0,0,0,2,0,0,0,2,0,3,0,0,3,0,0,1,3,0,0,0,0,0,0,0,0
2025,Data Scientist,8.13,86.1,88.7,83.9,73.7,49.7,66.8,68.5,2,3,1,1,1,1,2,0,2,1,2,1,0,0,0,0,0,0,1,3,0,1,0,3,2,3,2,0,1,0,0,1,2,0,0,0,2,0,2,0,0
2026,Data Scientist,7.83,79.3,92.0,67.1,86.9,68.9,81.9,76.2,1,2,3,0,0,1,3,0,0,0,0,0,0,2,2,0,0,1,2,2,0,0,0,2,3,2,0,0,1,0,0,2,1,0,0,0,0,1,0,0,0
2027,Data Scientist,9.56,85.5,71.3,100.0,77.5,82.4,69.2,83.0,1,2,1,1,1,0,1,0,2,0,2,2,0,1,1,0,2,0,0,3,0,0,0,3,3,2,2,0,1,0,0,2,2,0,0,0,0,0,0,0,0
2028,Data Scientist,8.46,85.7,81.9,100.0,84.9,52.1,78.3,79.1,2,3,1,0,0,0,1,0,0,1,0,0,0,0,0,0,1,2,1,0,1,0,0,2,2,2,0,0,0,0,0,3,2,0,2,0,1,0,0,0,0
2029,Data Scientist,8.14,87.8,91.8,82.9,96.1,67.2,76.2,80.6,3,3,0,0,1,1,3,0,0,0,0,0,0,0,0,0,0,0,0,0,0,0,0,0,2,3,0,1,2,0,0,3,2,0,0,0,0,0,0,1,0
2030,Data Scientist,7.69,87.1,87.7,67.9,96.3,56.9,59.9,70.2,3,3,1,0,0,1,3,0,0,0,0,1,0,0,0,0,0,0,0,3,2,1,0,3,3,2,0,1,2,0,0,2,0,0,0,0,0,1,0,0,0
2031,Data Scientist,7.56,87.3,82.3,83.8,82.7,73.1,77.1,79.2,2,2,0,0,1,0,0,1,0,0,0,0,2,1,0,0,0,0,0,0,0,0,0,2,2,2,1,0,3,0,0,3,2,0,0,0,0,0,0,0,2
2032,Data Scientist,8.28,90.8,88.3,88.5,89.0,69.0,85.9,83.1,3,3,0,0,0,1,2,0,0,0,0,0,2,0,0,0,1,0,2,2,0,1,0,3,3,3,0,0,3,0,0,2,1,0,1,0,0,0,0,0,0
2033,Data Scientist,7.97,89.3,68.7,76.6,91.5,69.5,72.3,77.5,3,2,0,0,0,1,1,0,0,1,0,0,0,0,0,0,2,0,0,2,0,0,0,2,2,3,0,0,2,0,0,3,3,0,0,0,0,2,0,0,0
2034,Data Scientist,7.23,96.3,91.4,81.6,85.5,92.7,85.1,86.2,2,2,1,1,0,1,2,0,1,0,0,0,0,0,0,0,0,0,0,3,0,0,0,2,3,3,0,0,3,0,1,3,0,0,0,0,0,2,0,0,0
2035,Data Scientist,7.72,97.2,88.0,70.5,88.7,62.9,73.8,74.0,3,1,2,0,1,1,2,0,1,0,0,0,0,0,1,0,0,0,0,3,0,0,0,2,2,1,0,0,3,0,0,3,3,1,0,0,0,0,0,0,0
2036,Data Scientist,7.51,93.7,91.7,83.8,86.6,77.7,67.3,78.8,1,3,0,0,1,1,3,0,0,2,0,0,0,1,0,0,1,0,0,0,0,0,0,3,2,0,0,0,2,0,0,2,2,0,0,0,0,0,0,0,0
2037,Data Scientist,9.45,83.5,91.0,76.3,79.8,58.0,68.7,70.7,1,1,3,1,1,0,0,1,0,0,0,0,0,0,1,0,0,0,0,1,0,0,0,2,2,3,0,0,1,0,0,2,0,0,0,0,0,2,0,0,0
2038,Data Scientist,8.54,95.0,78.5,89.1,87.1,74.9,91.8,85.7,2,1,3,1,1,1,1,0,0,0,2,1,0,0,0,0,0,0,0,3,0,0,0,1,2,2,0,0,2,2,1,3,0,0,0,0,0,0,0,1,0
2039,Data Scientist,7.95,90.3,89.6,88.9,66.0,41.8,67.8,66.1,2,3,0,0,1,1,1,0,0,0,2,0,0,0,0,0,0,2,0,0,0,0,2,2,2,0,0,0,3,0,0,1,2,0,2,0,0,0,0,0,3
2040,Data Scientist,7.67,87.5,92.7,75.7,96.5,81.5,67.6,80.3,3,3,1,1,1,1,3,0,0,0,0,0,0,0,0,0,0,0,0,3,0,0,2,3,1,2,1,0,1,0,0,3,3,0,0,0,0,0,1,0,0
2041,Data Scientist,8.27,93.5,92.3,74.3,88.1,68.8,71.2,75.6,3,3,1,1,1,1,3,0,1,0,1,0,0,0,0,0,0,0,1,1,0,2,2,2,2,0,0,0,1,0,0,3,1,0,0,0,0,0,0,0,0
2042,Data Scientist,7.99,87.9,79.1,92.0,73.0,69.1,60.0,73.5,2,2,0,0,1,1,3,0,0,1,0,0,0,0,2,0,1,0,0,2,0,0,0,2,1,0,0,0,2,0,0,2,3,0,0,0,1,1,0,0,0
2043,Data Scientist,8.49,86.2,78.9,94.0,98.0,66.1,78.3,84.1,3,1,2,1,1,1,2,0,0,0,0,1,0,0,0,0,0,0,0,2,1,1,2,3,3,2,0,0,2,0,0,2,2,0,0,0,0,0,0,0,1
2044,Data Scientist,7.96,88.1,85.8,98.2,100.0,69.9,75.7,86.0,2,2,2,1,0,1,3,0,1,0,0,0,0,0,1,0,0,0,0,0,0,0,0,2,0,3,0,0,2,0,1,0,1,0,0,1,1,0,0,0,0
2045,Data Scientist,8.17,84.5,91.3,68.5,79.8,54.8,75.8,69.7,2,3,2,1,1,1,2,1,0,0,0,0,0,0,0,0,0,0,0,0,0,0,2,1,2,2,0,1,3,0,1,3,2,0,0,0,1,1,0,0,1
2046,Data Scientist,8.19,90.4,74.9,88.8,85.9,58.0,75.2,77.0,4,2,2,1,0,1,0,0,0,0,0,0,1,0,0,0,1,0,2,3,0,0,0,3,3,2,0,2,0,2,0,1,3,0,0,0,0,1,3,0,0
2047,Data Scientist,8.59,91.6,93.7,97.6,100.0,80.8,82.7,91.5,2,1,2,1,0,1,1,0,1,0,0,0,1,0,0,0,0,0,1,2,0,0,1,2,2,2,0,0,2,0,0,3,1,0,1,0,0,0,0,0,0
2048,Data Scientist,7.89,90.5,79.7,84.2,79.2,57.4,72.1,73.2,2,2,0,0,1,1,3,0,1,0,0,0,1,0,2,0,0,0,0,2,1,0,0,3,3,2,0,0,2,0,0,3,2,0,2,0,1,0,0,2,0
2049,Data Scientist,9.07,82.7,77.9,63.1,70.6,81.4,71.2,71.6,3,3,3,1,1,1,2,1,0,0,0,0,0,0,0,0,0,0,2,0,1,0,0,3,3,3,0,0,1,2,0,2,3,0,0,0,0,0,0,0,2
2050,Data Scientist,7.74,90.8,82.5,85.0,83.1,63.7,73.7,76.4,2,2,3,1,1,1,2,0,0,0,0,0,0,1,1,0,0,0,0,2,0,0,2,2,3,3,1,0,3,0,0,3,1,0,0,0,0,0,1,0,1
2051,Data Scientist,8.73,79.7,88.0,87.1,64.3,65.4,76.9,73.4,0,3,3,0,0,0,2,0,1,0,0,0,0,0,0,0,0,0,0,3,0,0,0,3,2,3,0,1,2,0,0,3,0,0,0,0,0,0,0,1,0
2052,Data Scientist,8.42,87.4,82.8,62.3,92.9,71.7,61.2,72.0,3,1,1,1,0,1,3,0,0,1,0,1,0,0,0,1,0,0,0,3,0,0,0,3,1,1,0,0,2,0,1,2,0,0,0,0,0,0,0,0,0
2053,Data Scientist,7.75,83.8,84.6,79.3,75.4,64.8,81.8,75.3,4,3,3,1,1,1,2,0,0,0,0,0,0,0,0,0,0,0,0,1,0,0,0,2,3,2,0,2,3,0,0,2,2,0,1,0,0,0,0,0,2
2054,Data Scientist,7.74,81.1,84.2,90.9,80.0,67.9,79.1,79.5,2,2,0,0,0,1,1,0,0,0,0,0,0,0,0,0,0,0,0,1,0,0,0,3,3,0,0,0,3,0,0,3,2,0,0,0,0,0,1,1,1
2055,Data Scientist,7.18,89.0,82.1,74.5,98.3,62.4,90.4,81.4,1,1,0,0,1,1,3,0,0,0,1,0,0,0,0,1,0,0,0,0,0,0,1,2,2,1,0,0,0,0,1,2,2,0,0,0,0,0,0,1,0
2056,Data Scientist,6.98,83.1,84.2,81.4,75.0,70.9,89.5,79.2,2,1,0,0,0,1,1,0,0,0,1,0,2,0,0,0,2,0,0,0,0,0,0,2,1,1,0,0,3,0,0,2,0,0,0,0,0,0,1,0,0
2057,Data Scientist,8.67,100.0,94.2,80.3,73.0,65.1,74.6,73.2,3,1,1,1,1,1,3,0,0,1,0,0,0,0,0,0,0,0,0,0,0,0,0,1,1,2,0,0,1,0,0,3,2,0,0,0,0,1,0,0,0
2058,Data Scientist,6.13,88.4,89.0,73.5,77.6,40.0,81.9,68.2,2,2,1,0,1,1,3,2,0,0,0,0,0,0,0,0,2,0,1,2,0,0,0,0,0,0,0,1,2,0,0,3,2,0,0,2,0,0,1,0,0
2059,Data Scientist,8.05,95.7,64.2,87.7,77.8,62.6,71.8,75.0,0,2,3,1,1,0,1,0,0,0,1,0,0,0,0,0,0,0,0,3,0,1,0,2,2,3,0,0,2,0,0,3,0,0,0,0,0,0,0,0,0
2060,Data Scientist,9.42,76.4,77.0,76.3,90.2,85.5,68.5,80.1,2,2,2,1,1,1,0,0,0,0,0,0,1,0,1,0,0,0,0,1,0,0,0,1,0,3,0,0,2,0,0,2,2,0,0,0,0,0,0,2,1
2061,Data Scientist,8.89,97.0,84.0,91.4,91.6,78.6,78.7,85.1,2,3,1,1,0,1,3,2,0,0,0,0,1,0,0,0,0,1,1,3,0,0,0,0,3,2,0,0,1,0,0,1,2,1,1,0,0,0,0,0,0
2062,Data Scientist,9.05,90.6,95.3,70.2,67.7,58.0,100.0,74.8,0,1,2,1,1,1,2,1,2,0,0,1,2,0,0,0,0,2,0,2,0,0,0,2,3,3,0,0,3,2,0,2,2,0,0,1,0,0,0,0,0
2063,Data Scientist,8.85,89.4,90.1,66.5,89.2,59.8,57.5,68.2,1,2,1,1,1,1,3,0,0,0,0,1,0,0,0,0,0,1,0,0,2,1,1,1,3,3,0,0,3,1,0,3,0,2,0,0,0,0,0,1,0
2064,Data Scientist,7.9,82.2,86.6,65.3,72.6,67.3,81.1,71.6,2,2,1,1,1,1,2,0,0,0,1,0,0,0,0,0,0,0,0,3,0,0,0,2,2,3,0,0,0,1,0,2,0,0,2,0,0,0,0,0,1
2065,Data Scientist,8.67,96.1,80.3,72.2,75.0,54.0,100.0,75.4,3,3,0,0,1,1,0,0,2,0,1,0,0,0,0,1,0,0,0,0,0,1,0,1,1,3,0,0,3,0,2,3,0,0,0,0,0,0,0,0,0
2066,Data Scientist,9.16,81.8,75.5,97.6,87.7,81.0,82.2,87.1,1,2,1,1,1,1,2,0,1,0,1,0,0,0,0,0,0,2,1,0,0,0,0,0,3,2,2,0,3,0,0,2,3,0,0,0,0,0,0,0,0
2067,Data Scientist,8.38,97.9,65.6,66.5,90.9,64.1,81.0,75.6,2,1,1,1,1,1,1,0,1,2,0,0,0,0,0,2,0,0,0,2,0,0,1,1,3,3,0,0,2,2,0,3,0,0,0,1,0,0,0,0,0
2068,Data Scientist,9.11,79.4,95.1,71.0,82.7,71.2,78.1,75.8,4,1,1,1,1,1,2,0,0,2,0,0,0,0,0,0,0,0,0,0,2,0,0,2,1,3,0,1,2,0,0,3,0,1,1,1,0,0,0,0,1
2069,Data Scientist,7.3,88.1,83.3,83.1,86.1,66.2,57.7,73.3,2,1,2,1,1,1,3,0,0,0,0,0,0,0,0,2,0,0,0,1,0,1,0,1,2,1,0,0,3,0,0,1,0,0,0,0,0,1,0,1,0
2070,Data Scientist,8.42,99.6,78.8,88.3,95.2,70.3,78.9,83.2,4,3,1,0,0,1,2,0,0,0,0,0,0,0,1,1,0,0,2,2,1,1,0,3,2,3,0,2,3,0,0,1,0,0,0,0,0,0,0,1,0
2071,Data Scientist,7.26,88.3,88.9,65.7,93.4,62.1,68.7,72.5,3,2,3,1,0,0,3,0,2,0,0,0,0,1,2,1,1,0,0,2,0,0,0,0,0,1,0,0,3,0,0,0,2,0,2,0,0,0,0,0,0
2072,Data Scientist,7.55,100.0,100.0,100.0,73.0,57.5,70.8,77.2,3,3,3,1,1,1,3,0,0,2,1,0,0,0,0,0,0,0,0,2,0,0,0,1,2,3,0,0,3,0,0,0,2,2,0,0,0,0,0,0,0
2073,Data Scientist,8.29,86.2,85.2,92.0,80.0,94.8,71.3,84.5,2,1,1,1,1,1,3,1,1,0,0,1,0,0,0,0,0,0,0,0,1,0,0,3,0,3,0,1,1,0,0,2,2,0,2,0,0,0,0,0,0
2074,Data Scientist,7.82,89.7,97.2,82.1,76.4,65.3,85.8,77.4,1,1,1,0,1,1,2,0,0,1,0,0,0,0,0,0,1,0,0,2,0,0,0,1,3,2,0,0,0,0,0,2,3,0,1,1,0,0,2,0,0
2075,Data Scientist,9.31,93.4,80.2,81.6,81.0,80.3,80.2,80.8,3,2,2,1,1,1,3,1,2,0,0,0,0,0,0,0,0,2,0,1,0,0,0,1,2,3,0,0,2,1,0,0,1,0,0,0,0,0,0,0,0
2076,Data Scientist,7.55,96.6,86.8,64.5,89.0,65.1,75.1,73.4,2,1,1,1,1,1,3,0,0,0,0,0,0,0,0,0,2,0,0,0,0,0,0,2,2,3,0,0,2,1,0,3,3,0,0,0,0,0,0,0,0
2077,Data Scientist,8.42,90.7,88.1,82.4,92.8,74.9,77.7,82.0,0,2,1,1,1,0,1,0,0,2,0,0,2,0,0,0,0,0,0,2,0,0,0,1,2,0,0,0,1,1,0,3,0,0,0,0,2,0,0,0,0
2078,Data Scientist,8.08,84.5,74.5,97.4,77.0,69.1,83.0,81.6,2,2,3,1,0,0,3,0,0,1,0,0,0,0,0,0,0,0,0,3,0,0,1,2,3,2,0,0,3,0,0,2,0,0,3,0,0,0,0,0,1
2079,Data Scientist,8.17,82.9,76.7,92.4,94.5,55.5,72.3,78.7,1,2,0,0,1,1,2,0,2,2,0,0,0,0,0,0,0,0,0,3,0,0,0,0,2,1,1,0,2,0,0,3,0,0,0,0,0,0,0,0,0
2080,Data Scientist,8.21,86.2,79.5,81.0,80.8,55.6,87.8,76.3,2,1,1,0,1,1,1,0,0,0,0,0,0,0,1,1,0,0,0,2,2,0,1,2,3,3,0,0,3,1,0,0,1,0,0,0,0,0,0,0,0
2081,Data Scientist,7.69,87.3,83.8,85.4,88.0,82.5,65.7,80.4,3,1,1,1,1,1,3,0,0,0,0,0,0,0,0,1,0,0,0,0,1,0,0,3,1,3,0,0,1,0,1,2,0,0,0,1,0,0,0,0,2
2082,Data Scientist,8.11,87.6,82.0,86.2,86.4,72.1,68.3,78.2,2,3,1,0,0,1,3,0,0,0,0,0,0,0,0,0,0,0,0,3,0,2,0,3,3,3,0,0,3,0,0,2,0,1,0,0,0,0,0,1,0
2083,Data Scientist,8.49,99.8,89.7,78.3,92.5,60.0,78.0,77.2,2,3,2,0,1,1,2,0,0,0,0,0,1,2,0,0,0,0,0,2,1,0,0,0,2,1,0,0,2,0,0,2,0,0,1,0,0,0,0,0,0
2084,Data Scientist,7.62,78.8,76.7,80.4,85.7,83.0,71.7,80.2,4,2,1,1,1,1,3,0,0,2,0,0,0,0,0,0,0,0,0,0,0,0,0,3,2,3,0,1,2,0,0,2,0,0,0,0,0,0,2,0,0
2085,Data Scientist,8.45,94.1,82.7,81.8,77.0,46.6,69.3,68.7,2,3,1,1,0,1,3,0,0,1,0,0,0,0,0,2,0,0,0,1,0,0,2,3,2,2,0,0,2,0,0,2,0,1,0,0,0,0,0,0,0
2086,Data Scientist,8.54,80.7,79.4,82.2,82.7,66.5,57.6,72.2,2,1,0,0,1,1,3,0,0,0,0,0,0,0,0,0,0,0,1,2,0,0,0,2,3,3,0,0,2,0,0,1,2,0,0,0,0,0,0,0,0
2087,Data Scientist,8.9,88.1,77.7,83.1,85.7,66.1,83.3,79.5,2,1,0,0,1,1,3,0,0,0,1,0,0,0,0,0,0,1,0,2,0,1,0,3,1,2,0,1,2,0,1,2,1,0,0,1,1,1,1,0,1
2088,Data Scientist,7.83,87.2,83.9,80.0,85.2,47.5,81.7,73.6,2,1,0,0,0,1,2,0,1,0,0,0,0,2,0,0,0,1,0,0,0,0,0,3,2,3,1,0,1,0,0,0,2,0,0,0,0,0,0,0,0
2089,Data Scientist,9.01,87.5,84.5,95.7,86.9,75.3,63.3,80.3,2,3,0,0,1,1,2,0,1,0,0,0,0,2,1,0,0,0,0,2,0,1,0,3,2,2,0,0,3,0,1,1,2,0,0,0,0,0,0,0,0
2090,Data Scientist,8.49,91.0,81.7,95.6,85.2,66.8,79.2,81.7,3,2,3,0,0,1,2,0,0,0,0,0,0,0,0,0,0,0,0,0,0,0,0,3,1,3,0,0,2,1,0,2,0,0,0,0,0,1,0,0,0
2091,Data Scientist,7.24,86.8,91.9,84.4,79.8,76.3,72.9,78.3,2,2,1,0,1,1,2,2,0,0,0,0,3,0,1,0,2,0,2,1,0,0,0,3,0,0,0,0,2,0,0,1,3,0,0,0,0,0,0,0,0
2092,Data Scientist,8.86,91.3,90.0,69.8,84.3,55.4,84.6,73.5,2,2,1,1,1,0,2,0,0,0,1,0,0,0,0,0,0,0,0,1,0,0,0,3,2,1,0,0,2,0,0,0,2,1,0,0,0,0,0,0,0
2093,Data Scientist,8.75,82.4,89.9,82.7,76.7,44.6,72.3,69.1,2,3,2,1,1,1,1,0,0,0,0,0,0,0,0,0,0,0,0,3,0,0,0,0,1,0,0,1,1,0,0,3,0,0,0,3,0,0,0,0,0
2094,Data Scientist,8.24,96.1,93.7,77.8,91.5,92.8,82.0,86.0,2,2,1,1,0,0,2,0,1,0,0,0,0,0,0,0,0,0,0,0,0,0,0,3,0,2,0,0,1,0,0,2,3,0,0,0,0,0,0,2,0
2095,Data Scientist,7.6,87.2,82.4,73.9,80.1,89.3,89.5,83.2,2,3,2,1,1,1,0,0,0,0,0,0,0,0,0,0,0,0,0,2,0,1,0,2,3,2,0,0,2,0,1,3,0,0,0,0,0,0,2,0,0
2096,Data Scientist,7.83,95.1,86.3,88.2,97.9,87.8,49.8,80.9,3,1,2,1,1,1,1,0,0,1,0,1,0,0,0,0,0,0,0,0,0,0,0,2,0,3,0,1,3,0,0,3,0,0,0,0,1,0,0,0,0
2097,Data Scientist,8.61,90.7,90.1,77.6,84.5,73.8,85.7,80.4,3,3,1,1,1,1,2,0,0,0,0,0,0,0,0,0,0,0,0,2,0,0,0,0,3,0,0,0,3,0,0,3,2,0,1,0,2,0,0,0,0
2098,Data Scientist,8.42,86.7,80.2,100.0,94.5,63.1,82.9,86.6,1,3,1,0,0,1,0,0,2,0,0,0,0,0,0,0,0,0,0,0,0,0,0,3,2,1,0,0,1,0,0,3,1,2,0,0,0,1,0,0,0
2099,Data Scientist,8.49,88.7,79.8,90.3,74.5,56.6,66.3,71.9,2,2,0,0,0,0,1,1,0,0,1,0,0,0,0,0,0,0,0,2,0,0,0,3,2,3,0,0,2,0,0,3,2,1,0,0,0,0,0,0,0
2100,Data Scientist,7.67,96.0,82.2,87.4,92.4,73.3,81.7,83.7,2,2,3,0,0,1,3,0,0,0,0,1,0,0,0,0,1,0,0,0,0,0,0,2,1,2,0,0,2,0,0,3,1,2,0,0,0,0,0,0,1
2101,Data Scientist,9.06,92.7,92.3,64.4,82.6,42.5,58.4,62.0,3,1,1,0,1,1,0,0,0,0,0,0,0,0,0,1,0,0,2,1,0,0,0,3,3,3,0,0,1,1,0,0,0,0,2,0,0,0,2,0,0
2102,Data Scientist,8.5,86.5,73.8,87.3,85.7,60.4,100.0,85.0,1,2,1,1,1,1,2,0,0,1,0,0,0,0,1,0,0,0,1,2,0,0,0,2,2,3,0,0,2,0,0,3,0,0,0,1,0,0,0,0,0
2103,Data Scientist,8.22,90.5,77.4,83.4,77.0,74.6,77.8,78.2,3,2,1,1,1,1,3,1,0,0,0,0,0,0,0,0,0,2,0,3,0,0,0,2,2,2,0,0,3,0,0,2,1,0,1,0,0,1,0,0,0
2104,Data Scientist,8.29,78.9,81.3,86.0,78.7,69.4,76.4,77.6,1,2,2,1,0,1,2,0,0,0,0,0,1,0,0,0,0,0,0,0,0,0,1,3,1,0,0,1,3,0,0,3,3,0,0,0,1,0,0,0,1
2105,Data Scientist,8.54,89.6,78.2,86.6,71.5,70.8,55.0,71.0,3,1,2,1,1,0,1,0,0,0,0,0,1,0,0,1,0,0,0,0,0,0,0,3,3,1,1,1,3,0,2,2,0,2,0,1,0,0,0,1,0
2106,Data Scientist,8.16,74.4,94.5,78.0,88.5,69.2,64.9,75.2,2,1,1,1,1,0,3,1,2,0,0,0,0,3,1,0,1,0,0,0,0,0,0,0,1,2,0,2,3,0,0,3,0,0,0,0,0,0,2,1,0
2107,Data Scientist,8.58,97.0,88.2,84.7,94.8,54.0,84.7,79.5,2,3,3,0,1,1,3,0,0,2,0,0,0,0,0,0,0,0,1,0,2,0,0,2,0,3,0,0,2,1,0,2,3,0,0,1,0,0,0,1,0
2108,Data Scientist,7.42,81.7,88.4,63.5,81.4,97.2,100.0,87.2,4,2,1,1,0,1,3,0,1,0,0,0,0,0,0,0,0,0,0,0,0,1,0,2,1,0,0,0,3,0,1,3,2,0,0,0,0,1,0,0,0
2109,Data Scientist,7.92,94.6,73.0,67.4,79.7,79.4,64.1,72.7,2,3,3,1,1,1,1,0,0,0,0,0,2,0,0,0,0,0,0,3,0,0,0,0,2,3,0,0,3,2,0,2,3,0,0,0,0,2,0,0,0
2110,Data Scientist,7.2,86.0,95.0,79.5,85.9,74.0,96.1,83.9,3,2,0,0,1,1,3,0,2,0,0,0,2,0,0,0,0,0,0,3,1,0,2,1,2,1,1,0,3,0,0,3,2,0,0,0,0,0,0,0,0
2111,Data Scientist,9.0,91.7,84.9,92.1,73.4,72.8,64.2,75.6,2,3,0,0,1,0,1,1,0,0,1,0,0,0,0,0,2,0,0,0,0,0,2,2,2,3,0,0,2,0,0,2,3,2,1,2,0,0,0,0,0
2112,Data Scientist,7.13,88.2,87.1,82.3,71.7,86.0,57.6,74.4,2,2,0,0,1,0,0,1,0,0,1,0,0,0,0,0,0,0,0,0,0,1,0,2,3,1,0,0,1,0,0,2,3,0,0,2,0,0,0,0,0
2113,Data Scientist,8.51,85.4,82.0,78.7,93.0,57.7,57.6,71.8,2,2,2,1,1,1,2,0,1,0,0,0,0,0,0,0,0,1,0,3,1,0,0,0,3,3,1,0,2,0,0,0,3,0,0,0,0,0,0,0,0
2114,Data Scientist,8.22,83.5,85.3,85.7,87.0,60.2,74.8,76.9,4,2,1,0,1,0,2,0,0,0,0,0,0,1,0,1,0,0,0,3,0,0,0,2,2,2,0,0,3,0,0,0,1,0,0,0,0,0,0,0,0
2115,Data Scientist,8.83,89.9,80.4,96.9,69.5,52.1,71.9,72.6,2,2,1,0,1,1,2,0,0,0,0,0,0,0,0,0,1,0,0,2,1,0,1,0,3,0,0,0,3,1,0,2,2,0,0,0,0,0,0,0,0
2116,Data Scientist,8.02,96.5,79.2,86.4,91.0,52.9,75.0,76.3,3,2,1,1,1,1,3,0,0,2,0,0,0,0,0,0,0,0,0,1,0,0,0,2,1,2,0,0,0,0,0,2,0,0,0,0,0,0,0,0,2
2117,Data Scientist,8.68,85.6,88.1,89.6,88.3,85.0,66.5,82.3,1,1,3,0,0,1,2,0,0,0,0,0,0,0,0,0,1,0,0,1,0,0,0,2,3,3,0,2,3,0,0,3,2,0,0,0,0,0,0,2,0
2118,Data Scientist,7.45,90.6,88.8,84.3,91.3,76.8,74.7,81.8,3,2,0,0,1,1,3,0,0,0,0,0,0,0,0,0,0,0,1,0,0,0,0,3,3,3,2,0,1,0,0,2,2,0,0,0,0,2,0,0,0
2119,Data Scientist,8.4,88.7,85.6,79.0,87.3,61.2,78.2,76.4,3,2,2,0,1,1,3,0,2,0,1,2,0,0,0,3,2,0,0,3,0,1,0,3,0,3,0,0,3,0,1,2,0,0,0,0,0,0,1,0,0
2120,Data Scientist,7.99,80.1,79.0,71.6,78.0,58.7,70.8,69.8,2,1,2,0,0,0,3,2,0,0,0,0,2,0,0,1,0,2,0,3,1,0,0,3,2,3,0,0,2,1,0,2,1,0,0,0,0,0,0,0,0
2121,Data Scientist,8.99,90.3,70.6,70.9,93.4,60.9,100.0,81.4,3,1,2,1,1,1,1,0,0,0,0,0,1,0,0,0,0,0,0,0,0,3,0,0,2,0,0,0,2,3,0,2,0,0,0,0,0,0,0,0,1
2122,Data Scientist,8.18,88.9,89.0,93.2,94.6,76.6,53.1,79.4,2,2,1,1,1,1,3,1,0,0,0,0,1,0,0,0,0,0,0,1,0,0,0,1,2,1,0,0,0,1,0,1,2,0,0,0,0,2,2,0,0
2123,Data Scientist,8.06,86.4,81.0,76.8,76.4,78.5,74.2,76.5,2,2,1,1,1,1,1,0,0,0,0,2,0,0,0,0,1,0,0,0,0,0,1,2,3,1,0,0,1,0,0,2,3,0,0,0,2,0,1,1,0
2124,Data Scientist,8.82,83.8,80.7,94.0,91.4,61.8,88.9,84.0,3,3,2,1,1,1,1,0,2,0,0,0,0,0,0,0,0,0,0,0,1,0,0,2,3,3,0,0,3,1,0,3,3,1,0,0,0,2,0,0,0
2125,Data Scientist,8.48,90.8,84.1,89.9,88.2,79.1,59.8,79.3,2,2,2,1,1,1,2,0,0,0,0,0,0,0,0,0,0,0,0,0,0,0,0,3,3,3,0,0,3,0,0,3,3,0,0,0,0,0,0,0,0
2126,Data Scientist,8.03,89.0,83.7,70.7,97.4,64.7,95.7,82.1,3,3,0,0,1,1,2,2,0,3,0,2,0,0,0,0,0,0,0,1,0,2,0,2,2,3,0,0,3,0,0,1,0,0,0,0,0,0,0,0,2
2127,Data Scientist,8.49,88.1,81.5,78.2,91.4,75.7,91.5,84.2,3,2,1,1,0,1,2,0,0,0,1,0,0,1,0,0,1,0,0,1,0,0,0,2,2,2,1,0,2,0,0,3,2,0,1,0,0,0,0,0,0
2128,Data Scientist,7.64,79.9,96.4,75.4,82.3,69.4,62.0,72.3,2,2,1,1,1,1,3,0,0,0,0,0,0,0,2,2,0,2,2,2,0,1,0,2,0,2,2,0,3,1,0,3,3,0,0,0,0,0,0,0,2
2129,Data Scientist,7.67,73.6,84.0,88.0,92.0,75.4,87.5,85.7,2,3,2,1,1,0,3,0,0,0,0,0,0,0,0,2,0,0,0,1,1,0,0,3,1,1,0,0,2,0,0,3,0,1,1,0,0,0,0,0,0
2130,Data Scientist,7.94,83.5,87.2,83.2,78.0,55.2,73.4,72.4,3,2,0,0,0,1,2,1,0,0,0,0,1,0,0,0,0,0,0,1,0,0,0,3,2,1,0,1,2,0,0,1,3,0,1,0,0,0,0,1,0
2131,Data Scientist,8.04,96.0,96.0,80.5,80.3,76.1,73.7,77.7,3,1,3,1,1,1,2,0,0,0,0,0,0,0,0,0,0,0,0,0,0,0,1,0,1,3,0,0,2,0,0,2,0,0,0,0,0,0,0,1,0
2132,Data Scientist,8.56,93.6,100.0,76.7,94.4,68.0,68.4,76.9,1,3,0,0,1,0,1,0,0,1,0,0,0,2,2,0,0,0,0,2,0,0,0,2,1,3,0,0,0,0,0,2,2,0,0,2,0,0,0,0,0
2133,Data Scientist,7.99,97.0,85.3,95.5,93.3,67.8,86.1,85.7,2,2,3,1,1,1,2,0,0,0,2,2,2,0,0,0,0,0,0,0,1,0,0,3,2,1,0,0,3,0,0,0,0,0,0,0,0,0,0,0,0
2134,Data Scientist,7.92,95.9,88.9,81.7,99.5,91.4,69.0,85.4,4,1,2,1,1,1,3,2,0,0,0,1,0,0,0,0,0,0,0,3,0,1,1,2,0,3,0,0,2,0,0,2,3,0,0,0,2,0,0,0,0
2135,Data Scientist,8.76,95.3,79.2,76.5,97.5,67.1,38.0,69.8,1,3,0,0,1,1,2,0,1,0,0,0,0,0,0,0,1,0,1,2,1,0,0,2,1,0,2,0,3,0,0,3,2,0,0,1,0,0,0,0,0
2136,Data Scientist,7.81,81.0,78.2,90.5,75.3,70.9,67.8,76.1,3,2,1,0,1,1,2,0,0,0,0,0,0,0,0,0,1,0,0,2,0,0,0,2,0,2,3,0,3,0,2,2,2,0,0,1,0,0,0,0,0
2137,Data Scientist,7.35,90.7,71.0,77.2,74.7,62.2,62.3,69.1,1,2,2,1,1,1,3,0,0,0,0,0,0,0,1,0,0,0,0,0,0,0,0,3,1,0,1,0,3,0,0,3,0,0,0,1,0,0,1,0,0
2138,Data Scientist,7.54,96.2,80.6,76.5,91.0,65.5,59.2,73.0,3,2,2,1,1,0,1,0,0,0,0,0,1,0,0,0,0,0,2,2,1,0,1,3,2,0,0,0,2,0,0,3,1,2,2,0,0,0,0,0,0
2139,Data Scientist,8.38,87.4,76.8,78.5,81.8,53.1,84.4,74.5,3,3,2,1,1,1,3,0,1,0,0,1,0,0,0,0,0,3,0,0,2,0,1,3,2,2,0,0,1,0,0,2,2,0,0,0,3,0,0,1,0
2140,Data Scientist,8.81,86.1,92.7,100.0,71.8,56.3,71.2,75.4,0,2,1,1,1,0,3,0,0,0,0,0,0,0,0,0,0,2,0,3,0,0,0,2,2,3,0,0,2,0,0,2,2,0,0,0,0,1,0,0,0
2141,Data Scientist,8.13,80.3,84.4,78.3,79.7,67.7,74.0,74.9,1,2,1,0,0,1,1,0,0,0,0,0,0,0,0,0,0,0,1,2,0,2,2,2,2,3,0,0,2,0,0,3,2,0,0,0,0,0,1,0,0
2142,Data Scientist,7.66,95.6,86.9,76.8,88.9,47.4,83.0,74.0,2,2,2,1,1,1,3,0,0,0,0,1,0,2,0,1,2,0,0,3,1,1,0,3,3,2,0,2,3,0,0,2,1,0,0,0,0,0,0,0,0
2143,Data Scientist,8.11,89.2,84.9,77.2,84.8,82.1,78.4,80.6,3,2,3,0,1,1,2,0,2,0,0,1,1,0,0,0,1,0,0,1,0,0,0,1,3,3,1,0,0,2,1,3,2,0,0,0,0,1,0,0,0
2144,Data Scientist,7.98,93.7,87.3,79.4,89.3,49.5,76.0,73.5,1,1,2,1,1,0,3,0,0,0,0,0,0,0,0,0,0,1,0,1,0,0,1,3,2,3,0,0,2,0,0,3,2,0,0,0,1,0,0,0,0
2145,Data Scientist,8.69,80.3,89.4,83.5,88.0,61.6,65.8,74.7,2,2,3,1,1,1,2,0,0,0,0,0,1,0,0,0,0,0,1,2,0,2,0,2,2,2,0,0,0,0,0,3,0,0,0,0,0,0,0,1,1
2146,Data Scientist,7.76,96.1,76.9,87.0,93.4,80.3,73.6,83.6,3,2,1,1,1,1,2,0,2,0,0,1,1,0,0,0,0,0,0,3,0,1,0,2,1,1,2,0,2,0,0,2,3,2,0,0,0,1,0,0,2
2147,Data Scientist,7.32,99.2,84.0,89.7,84.0,57.3,96.8,82.0,1,1,2,0,0,1,3,0,0,0,0,0,0,0,0,0,0,0,0,3,0,0,0,3,3,3,0,0,3,2,0,3,0,0,0,0,0,0,0,0,0
2148,Data Scientist,8.22,89.1,90.5,80.8,87.9,53.9,81.9,76.1,1,3,1,0,0,1,2,1,0,0,0,0,0,0,0,0,0,0,1,2,0,0,1,2,3,0,0,1,2,0,0,2,0,0,0,0,0,0,0,0,0
2149,Data Scientist,8.95,84.6,97.4,91.5,91.3,67.8,63.6,78.6,2,3,0,0,0,1,3,0,0,0,0,0,0,0,0,0,1,2,1,1,0,0,0,0,1,1,1,0,3,0,0,3,3,0,0,0,0,0,0,0,0
2150,Data Scientist,8.38,87.2,84.8,89.4,74.5,68.8,75.3,77.0,4,1,0,0,1,1,2,0,0,0,2,2,0,0,0,0,0,0,0,3,0,0,0,3,1,3,0,0,1,0,0,2,0,2,0,0,1,0,0,2,0
2151,Data Scientist,7.95,90.9,78.3,84.9,75.3,71.5,83.1,78.7,1,2,2,0,1,1,1,0,0,0,0,2,0,0,0,0,0,0,0,3,0,0,0,3,1,0,0,0,3,0,0,3,3,0,0,0,0,1,2,1,0
2152,Data Scientist,7.67,79.1,85.2,81.0,80.0,54.5,94.1,77.4,2,2,2,0,1,0,3,0,0,0,0,0,0,0,0,0,2,0,0,2,0,0,2,2,0,2,0,0,3,0,0,2,2,0,0,0,0,2,0,0,0
2153,Data Scientist,7.1,85.7,73.8,76.2,96.4,65.4,83.6,80.4,2,3,1,0,1,1,0,0,0,0,1,0,0,1,0,0,0,1,1,1,0,1,1,2,3,3,0,0,2,0,0,2,0,2,0,0,0,0,0,0,0
2154,Data Scientist,9.44,96.7,80.5,80.9,84.3,64.7,73.6,75.9,2,2,0,0,1,1,3,0,1,0,0,0,0,0,0,1,0,0,0,1,0,0,2,2,2,0,0,0,3,1,0,3,0,0,0,0,0,0,0,0,0
2155,Data Scientist,7.98,85.8,80.8,74.4,90.5,68.5,62.1,73.9,2,3,1,1,1,1,3,0,0,1,0,0,0,0,0,0,0,0,0,3,2,0,0,1,3,3,2,1,1,0,0,2,3,1,2,1,0,1,0,0,0
2156,Data Scientist,8.71,82.3,92.7,84.1,67.9,41.2,67.0,65.0,1,1,2,0,1,0,2,0,0,0,0,1,1,0,0,2,0,0,0,2,0,0,0,3,3,3,0,0,3,0,1,3,0,1,0,0,0,0,0,0,0
2157,Data Scientist,9.04,81.5,88.0,83.0,90.9,74.7,67.9,79.1,3,2,1,1,1,1,3,1,0,0,0,0,0,0,0,0,1,0,2,2,0,0,1,2,3,2,0,0,1,0,0,3,2,0,0,0,2,0,0,0,0
2158,Data Scientist,7.96,87.4,91.0,85.4,84.4,63.0,62.0,73.7,2,1,1,1,1,1,1,2,0,0,0,0,1,0,0,0,0,2,2,3,0,0,0,2,2,2,0,0,2,0,0,3,2,0,1,2,0,0,0,0,0
2159,Data Scientist,7.53,88.6,78.7,71.7,82.1,58.3,77.0,72.3,2,1,1,1,0,1,2,0,0,0,0,0,0,0,0,0,0,1,0,3,3,0,0,0,3,3,1,1,2,0,0,3,0,0,0,0,0,0,3,0,0
2160,Data Scientist,7.7,81.5,79.8,70.7,99.7,49.9,70.1,72.6,1,2,2,1,1,1,2,0,0,0,0,0,0,0,0,0,2,0,1,3,0,0,0,2,2,1,0,0,1,0,0,3,2,0,2,0,0,0,0,0,0
2161,Data Scientist,8.67,94.1,88.3,71.0,92.2,81.7,78.2,80.8,2,2,1,1,0,1,0,0,0,0,0,0,0,0,1,0,1,0,0,0,0,0,0,2,0,2,2,0,0,0,0,1,1,0,0,0,0,0,0,0,0
2162,Data Scientist,8.28,80.2,92.6,89.4,77.1,81.5,81.8,82.5,3,3,0,0,1,1,2,0,0,0,1,0,0,0,0,0,0,0,0,0,1,0,0,3,2,3,0,0,2,0,2,3,0,0,0,0,0,0,0,0,0
2163,Data Scientist,8.21,79.6,78.1,88.6,84.9,62.1,61.8,74.3,2,2,1,0,0,1,3,0,0,0,0,0,0,1,0,0,0,0,1,0,1,0,0,2,2,2,0,1,2,0,0,1,2,0,0,1,1,0,0,0,0
2164,Data Scientist,7.66,71.4,83.9,63.0,100.0,78.0,86.9,83.1,2,2,1,1,1,1,2,1,0,0,0,0,0,0,0,1,0,0,1,2,2,0,0,2,2,3,0,0,2,0,0,3,0,0,0,0,0,0,0,0,0
2165,Data Scientist,8.02,92.2,90.0,77.1,86.9,35.0,66.4,66.3,2,3,2,0,1,1,2,0,0,0,2,0,1,0,1,0,0,0,0,1,0,0,0,2,0,2,0,0,3,0,0,2,0,0,0,0,0,0,0,0,1
2166,Data Scientist,9.2,85.3,85.7,76.8,97.0,76.8,82.7,83.3,1,2,2,1,1,1,0,0,0,0,0,0,0,0,0,0,0,0,1,0,0,0,0,2,0,1,1,1,3,0,0,1,3,0,0,0,0,0,0,0,0
2167,Data Scientist,8.85,80.5,86.7,87.9,83.9,75.1,70.4,79.3,3,2,1,0,1,1,3,0,2,0,0,0,0,0,0,0,0,1,0,0,0,0,0,1,3,1,0,1,3,0,0,2,2,0,0,2,0,1,1,0,0
2168,Data Scientist,7.71,85.2,71.5,99.2,83.4,73.8,79.1,83.9,1,2,1,1,1,1,3,0,0,1,0,0,1,0,0,0,0,1,0,3,0,1,0,1,0,1,0,1,3,0,0,3,1,0,0,0,0,0,0,0,0
2169,Data Scientist,7.84,85.1,92.0,61.2,87.9,74.2,83.1,76.6,3,3,1,0,0,1,2,0,0,0,0,0,0,0,0,0,0,0,2,2,0,0,0,3,0,0,0,0,3,0,0,3,0,0,0,0,0,1,0,0,0
2170,Data Scientist,8.1,90.4,83.9,59.6,81.9,88.4,83.2,78.3,2,3,0,0,1,1,1,0,1,0,0,0,0,0,0,2,1,0,0,3,0,0,0,2,2,2,0,0,3,0,1,1,3,0,0,0,0,0,0,0,0
2171,Data Scientist,7.73,79.5,86.9,78.4,97.1,64.1,72.0,77.9,3,2,2,0,1,1,3,0,0,0,1,0,0,0,0,0,0,1,0,2,0,2,0,2,0,3,0,0,2,0,0,3,2,0,0,1,0,0,0,0,0
2172,Data Scientist,8.62,85.5,75.6,88.2,66.5,61.1,87.1,75.7,2,3,1,1,1,1,3,1,0,0,0,0,0,0,2,0,0,0,1,2,1,0,0,0,3,2,0,1,3,1,0,3,1,0,0,0,1,0,0,0,1
2173,Data Scientist,7.67,98.7,99.3,85.6,97.5,63.7,71.9,79.7,1,3,2,1,1,0,3,0,0,0,0,0,0,1,0,0,0,0,0,2,1,0,1,3,2,3,0,0,0,0,0,2,0,0,0,0,0,0,1,0,0
2174,Data Scientist,7.49,92.5,76.1,74.4,82.0,78.2,61.6,74.1,3,1,2,1,1,1,2,0,0,0,0,0,0,1,0,0,0,0,0,2,0,0,0,2,2,1,0,1,3,0,0,2,1,0,0,1,0,1,1,0,0
2175,Data Scientist,7.97,87.7,82.5,82.4,77.2,54.6,82.0,74.1,1,2,1,1,1,1,1,0,0,3,0,0,0,2,0,0,0,0,1,2,0,2,0,2,1,2,0,0,2,0,2,3,2,0,0,0,0,0,1,0,0
2176,Data Scientist,8.25,92.8,91.9,65.4,78.2,58.3,70.6,68.1,2,2,1,1,0,1,3,2,0,0,0,0,0,0,0,0,0,0,0,2,0,0,0,3,2,0,0,1,1,0,2,2,2,0,0,0,1,0,0,0,0
2177,Data Scientist,9.41,80.9,81.9,75.1,96.1,81.7,54.3,76.8,2,2,2,1,1,1,2,0,0,0,2,0,0,2,0,0,0,0,0,3,0,0,0,1,2,2,0,0,2,0,0,2,2,0,1,0,0,0,0,0,0
2178,Data Scientist,7.11,76.6,85.2,74.8,99.4,83.2,66.1,80.9,0,3,1,1,1,1,3,0,0,0,0,0,0,2,0,0,0,1,2,3,0,0,1,2,2,3,0,1,2,0,1,2,3,1,0,0,2,1,1,1,0
2179,Data Scientist,8.33,81.0,85.5,96.0,90.2,85.9,74.0,86.5,3,3,1,0,1,1,1,0,0,0,0,0,0,0,0,3,2,0,0,2,2,0,0,2,2,3,0,0,3,0,0,3,2,0,0,0,0,0,0,0,0
2180,Data Scientist,7.75,92.9,87.9,86.3,86.6,83.1,94.2,87.5,1,3,2,0,1,1,2,1,0,1,0,1,0,0,0,0,0,0,0,2,2,1,0,2,3,3,0,0,3,0,0,2,3,0,1,0,0,0,0,0,0
2181,Data Scientist,7.71,88.5,87.2,74.3,74.3,66.0,66.6,70.3,1,3,2,0,1,1,3,0,0,0,0,0,0,0,0,1,0,0,0,0,0,0,0,3,2,3,1,0,2,0,0,2,0,2,0,0,0,0,0,0,0
2182,Data Scientist,7.99,77.9,79.9,88.4,95.2,58.6,73.3,78.9,1,2,0,0,1,0,3,0,0,0,0,0,2,0,0,0,0,0,2,2,0,1,0,2,3,0,0,0,2,2,1,3,2,0,0,0,0,0,0,0,1
2183,Data Scientist,7.95,82.2,80.2,92.0,90.2,90.3,64.7,84.3,1,3,0,0,1,1,3,2,0,0,1,0,0,0,0,2,0,0,0,0,0,0,0,3,2,0,0,0,2,0,0,3,2,0,0,0,0,0,1,0,0
2184,Data Scientist,8.22,76.0,84.6,88.1,79.0,75.1,70.2,78.1,0,1,1,1,1,1,2,0,0,0,0,0,1,0,0,2,0,0,0,2,0,1,0,1,3,0,0,1,2,0,0,2,1,0,0,0,0,0,0,0,0
2185,Data Scientist,8.81,83.4,73.7,80.9,84.8,63.3,65.3,73.6,2,1,3,0,1,1,2,0,1,0,0,0,0,0,0,0,0,0,1,2,1,0,0,3,2,2,0,0,2,0,0,3,0,0,0,0,0,1,0,0,1
2186,Data Scientist,7.6,89.4,79.7,75.9,79.1,66.7,94.3,79.0,2,2,0,0,1,1,2,0,0,0,0,0,0,0,0,0,0,0,0,0,0,0,0,3,2,0,1,0,2,2,0,3,2,0,1,0,0,0,0,1,0
2187,Data Scientist,8.6,85.4,92.5,70.7,84.2,57.2,77.3,72.4,4,2,2,1,1,1,2,0,0,0,0,1,0,0,0,0,2,0,1,0,0,0,0,0,1,1,0,1,2,0,0,3,0,0,0,2,0,0,1,0,1
2188,Data Scientist,7.38,86.0,91.0,81.9,92.0,85.4,84.4,85.9,2,1,0,0,0,0,2,0,0,0,1,2,0,1,1,0,0,0,0,3,0,0,0,3,3,2,0,0,2,0,1,3,0,1,0,0,0,0,0,0,0
2189,Data Scientist,8.58,89.4,97.6,75.5,77.0,70.3,61.5,71.1,2,2,0,0,1,1,2,0,0,1,0,0,2,0,0,0,0,0,0,3,0,0,0,2,1,3,0,0,2,0,0,1,1,0,1,1,1,0,0,2,0
2190,Data Scientist,8.08,86.2,94.1,84.0,86.0,80.6,71.1,80.4,1,3,1,0,0,1,0,0,0,0,0,0,0,0,0,0,0,0,0,0,0,0,0,3,0,2,0,1,3,0,1,0,2,0,0,1,0,2,0,2,0
2191,Data Scientist,7.68,93.0,87.8,76.5,87.3,71.1,65.2,75.0,2,2,2,1,1,0,3,0,0,0,2,1,0,0,0,0,0,0,1,2,2,0,2,0,2,1,0,0,3,1,0,2,0,0,0,1,0,0,1,0,1
2192,Data Scientist,8.18,100.0,97.3,84.9,89.8,56.0,61.2,73.0,1,2,1,0,1,1,3,0,0,0,0,0,0,0,0,0,0,0,0,0,0,0,0,3,1,2,0,0,2,0,0,3,2,0,0,0,0,1,0,0,0
2193,Data Scientist,8.56,86.8,72.8,81.5,88.9,83.8,72.7,81.7,2,2,1,1,1,1,1,0,0,0,0,0,0,0,0,0,0,0,1,2,0,0,0,2,0,2,0,0,3,0,0,2,2,0,0,0,0,0,0,0,0
2194,Data Scientist,8.24,99.8,100.0,96.2,99.3,78.4,76.5,87.6,2,2,2,1,0,1,3,0,0,0,0,0,0,0,1,0,1,0,0,0,0,0,0,2,2,3,2,0,2,0,0,2,2,0,0,0,0,0,0,0,0
2195,Data Scientist,8.67,93.4,79.2,72.3,89.8,70.1,88.1,80.1,2,2,0,0,1,0,2,0,0,0,0,0,0,0,0,0,2,0,0,2,0,1,1,1,0,3,1,0,1,0,0,3,0,0,0,0,0,0,0,0,0
2196,Data Scientist,8.99,85.5,84.2,86.7,93.5,74.2,82.5,84.2,2,2,1,1,0,1,3,0,0,0,0,0,0,0,0,0,0,2,0,0,0,0,0,2,2,1,0,1,2,0,0,3,0,0,0,0,0,0,2,1,0
2197,Data Scientist,7.65,80.1,76.6,100.0,85.9,69.9,84.2,87.4,2,3,1,0,1,1,3,0,1,0,0,0,0,0,0,0,0,2,0,2,0,0,0,3,3,2,0,0,2,0,1,3,0,1,1,0,0,0,1,0,1
2198,Data Scientist,7.09,91.1,95.8,85.2,99.9,59.4,71.0,78.9,2,2,2,1,0,1,3,1,0,0,2,1,0,0,0,0,0,0,0,0,0,0,1,3,3,3,0,2,2,0,1,3,3,0,0,0,0,0,0,0,0
2199,Data Scientist,7.83,82.6,85.9,95.0,85.2,60.1,73.4,78.4,3,2,1,1,1,1,2,0,0,0,0,0,0,0,0,0,0,0,2,2,0,0,0,2,3,1,0,0,2,1,0,0,3,0,0,0,0,0,0,0,0
2200,Data Scientist,9.05,81.5,86.1,95.8,64.7,45.7,67.0,68.3,2,2,3,1,1,1,3,0,0,0,0,0,0,1,0,1,0,0,0,0,1,0,0,3,1,3,1,0,3,0,0,1,1,0,0,0,0,0,0,0,0
2201,Data Scientist,8.71,76.0,84.0,62.3,92.9,61.7,79.7,74.1,2,3,3,1,1,1,2,0,0,2,0,0,0,0,0,0,0,0,0,1,0,0,0,3,2,2,1,0,2,0,0,2,3,0,0,1,0,0,2,0,0
2202,Data Scientist,7.41,88.4,83.3,77.2,90.4,60.5,77.1,76.3,2,1,1,1,1,1,3,1,0,0,0,2,0,2,0,0,0,0,0,2,0,1,0,3,2,1,0,0,2,0,0,3,0,1,0,0,0,0,1,0,0
2203,Data Scientist,8.62,94.9,87.6,75.7,86.8,76.0,81.8,80.1,2,3,2,0,1,1,2,0,0,1,0,0,0,0,0,0,0,0,0,2,0,0,0,3,2,3,0,0,3,0,0,1,2,0,0,0,0,0,1,0,1
2204,Data Scientist,8.63,95.0,85.6,92.8,95.1,86.3,83.4,89.4,2,3,1,1,1,1,3,0,0,0,0,0,0,0,0,0,0,2,1,3,0,0,0,3,1,1,0,0,3,0,0,2,3,1,1,0,2,0,0,0,1
2205,Data Scientist,8.82,90.6,82.9,78.7,67.0,69.8,79.8,73.8,2,1,0,0,0,1,3,0,0,0,0,0,1,0,0,2,0,2,0,2,0,1,0,3,2,3,0,0,1,0,0,1,3,0,0,0,0,0,0,0,0
2206,Data Scientist,7.5,84.4,77.2,67.8,94.0,56.8,77.1,73.9,2,1,3,1,1,1,3,0,0,0,0,0,0,0,0,0,0,0,0,2,0,1,0,0,0,0,0,0,1,0,0,2,1,0,0,1,2,0,0,2,1
2207,Data Scientist,7.37,86.7,85.2,77.7,85.4,66.3,61.1,72.6,4,3,0,0,1,1,3,0,0,0,0,0,0,0,0,0,0,1,0,3,0,1,0,3,1,1,2,0,2,0,0,2,3,2,0,0,1,0,0,1,0
2208,Data Scientist,8.32,91.6,82.7,76.4,71.9,75.2,71.2,73.7,3,2,2,0,1,1,2,0,0,0,0,1,0,0,0,0,0,0,0,0,0,0,0,2,2,3,0,0,3,0,0,3,0,0,0,0,0,0,0,0,2
2209,Data Scientist,8.14,83.5,86.6,72.5,85.3,66.4,78.2,75.6,2,1,2,1,1,1,2,1,0,0,0,0,0,0,0,0,0,0,1,0,0,0,0,3,0,3,0,0,3,0,0,0,0,0,0,0,0,0,0,0,0
2210,Data Scientist,7.3,89.2,84.8,84.2,67.8,82.2,64.7,74.7,0,2,2,1,1,1,2,0,0,0,0,0,0,0,0,0,0,0,0,0,0,0,0,3,1,2,0,1,0,0,0,3,2,0,0,2,0,0,0,1,0
2211,Data Scientist,7.63,84.7,85.1,98.7,79.4,99.1,70.6,87.0,3,2,1,1,1,0,2,0,0,0,0,1,0,0,0,0,0,0,0,0,0,1,1,2,2,3,0,1,3,0,0,3,1,0,0,0,0,0,0,0,0
2212,Data Scientist,7.69,86.8,87.3,89.7,65.1,79.7,70.6,76.3,3,1,2,1,1,0,2,1,0,1,0,0,0,0,0,0,0,0,0,2,0,0,1,3,0,3,0,0,1,0,2,2,2,0,0,0,0,0,0,0,0
2213,Data Scientist,8.96,90.2,79.9,77.3,83.8,58.1,80.5,74.9,1,2,2,1,1,1,3,0,0,0,0,0,0,0,0,0,0,0,0,0,0,0,1,3,0,0,0,0,3,2,0,1,0,0,0,0,1,0,0,0,0
2214,Data Scientist,7.58,89.7,86.5,87.3,81.8,70.7,52.0,73.0,2,2,1,1,1,1,2,0,0,0,0,0,1,0,0,0,1,2,0,1,0,0,0,3,3,0,1,0,3,0,0,3,0,0,0,0,0,0,0,2,0
2215,Data Scientist,8.47,93.8,92.0,92.4,82.8,63.9,81.8,80.2,2,2,1,1,1,1,3,0,0,1,1,0,0,0,0,0,0,0,0,1,0,1,0,3,0,3,0,0,1,1,1,2,0,0,0,1,0,0,0,0,0
2216,Data Scientist,8.53,87.9,87.1,68.7,87.5,78.2,70.6,76.2,2,2,1,0,1,1,2,0,0,0,0,0,0,0,0,0,0,0,0,3,0,0,0,0,3,3,0,0,2,0,0,2,2,2,0,1,0,0,0,0,0
2217,Data Scientist,8.26,89.0,90.9,91.7,95.6,98.6,76.1,90.5,2,3,2,0,1,1,2,0,0,0,0,0,0,0,1,0,0,0,0,1,0,0,0,3,3,2,0,0,0,0,0,1,2,0,1,0,0,1,1,0,0
2218,Data Scientist,8.19,85.0,93.2,91.1,75.5,66.8,66.7,75.0,0,3,1,1,0,1,2,0,0,2,0,0,2,0,0,0,0,0,0,3,0,1,1,3,3,2,0,2,2,0,0,0,2,0,0,0,0,0,0,0,0
2219,Data Scientist,9.08,85.4,92.3,86.4,81.1,45.6,77.4,72.6,2,2,2,0,1,1,2,0,0,0,2,0,0,0,0,0,0,0,0,2,0,0,2,2,3,0,1,0,3,0,0,2,0,0,0,0,0,1,0,0,0
2220,Data Scientist,8.34,89.1,91.6,89.5,91.9,81.8,62.9,81.5,2,3,2,1,1,1,2,0,0,0,0,1,0,0,0,0,0,0,1,1,0,1,0,3,2,2,0,0,3,0,0,2,2,0,0,0,0,0,0,0,1
2221,Data Scientist,8.46,92.0,85.4,69.7,83.3,60.1,70.1,70.8,3,3,2,1,1,1,1,0,0,0,0,0,1,0,1,0,0,1,0,3,0,0,0,2,3,2,0,0,3,0,0,1,3,0,0,0,0,0,1,0,0
2222,Data Scientist,8.52,97.2,88.1,87.9,71.0,59.7,100.0,79.7,2,2,1,0,1,1,1,0,0,0,1,0,0,0,0,2,0,0,0,3,0,0,0,1,2,3,0,0,2,0,1,3,2,0,1,0,0,2,0,0,2
2223,Data Scientist,7.87,94.7,85.6,81.6,76.3,61.8,99.0,79.7,3,2,3,1,1,1,0,0,0,0,0,0,0,0,0,0,0,0,0,2,0,0,0,2,1,3,0,2,3,0,0,3,0,0,0,0,0,0,0,0,0
2224,Data Scientist,8.23,83.3,81.4,87.8,86.9,76.8,81.6,83.3,3,1,1,1,1,1,3,0,0,0,0,0,0,0,0,1,1,0,1,0,2,2,0,2,2,3,0,0,1,0,0,0,0,0,2,0,0,0,0,1,0
2225,Data Scientist,8.88,93.5,84.4,67.9,91.7,59.0,73.4,73.0,1,3,3,0,1,1,0,0,0,0,0,0,0,1,1,0,0,1,0,3,0,0,0,3,3,0,0,0,2,0,2,3,0,0,2,0,0,0,0,0,0
2226,Data Scientist,8.07,90.6,76.6,66.5,80.6,54.8,80.7,70.6,1,2,1,1,1,1,3,1,0,0,0,0,0,0,0,0,0,0,0,2,0,0,0,3,3,0,0,0,2,0,0,3,2,0,0,0,0,0,0,1,0
2227,Data Scientist,7.82,88.1,80.5,76.9,82.5,84.6,67.4,77.8,2,1,1,0,1,1,1,0,0,0,0,0,2,0,1,0,0,1,0,1,1,0,1,1,3,2,0,0,2,0,0,2,3,0,0,0,0,0,0,0,0
2228,Data Scientist,8.74,92.2,85.0,86.5,95.0,83.3,70.7,83.9,3,3,0,0,1,1,2,0,0,0,0,0,2,0,0,0,0,0,0,3,0,2,0,3,3,2,0,0,1,0,0,3,1,0,0,1,0,0,2,0,0
2229,Data Scientist,8.07,94.1,94.3,88.0,85.0,78.1,55.9,76.8,2,3,2,0,1,1,2,0,0,0,0,0,0,0,0,0,0,0,0,0,0,1,0,3,3,3,0,0,2,0,0,2,1,0,0,1,0,0,0,0,0
2230,Data Scientist,8.1,96.8,85.0,82.8,90.4,57.0,69.8,75.0,3,2,1,1,1,1,3,0,0,0,0,0,0,0,0,0,0,0,0,0,0,0,0,2,3,2,0,0,2,0,0,3,0,0,0,0,0,2,0,0,0
2231,Data Scientist,8.28,90.0,82.4,88.4,87.9,66.6,71.4,78.6,4,3,2,1,1,1,3,0,0,0,0,0,0,0,0,2,0,1,0,0,0,1,0,2,3,0,0,0,3,0,0,2,0,0,0,1,2,0,0,0,1
2232,Data Scientist,8.18,73.8,80.6,80.8,88.5,75.5,60.3,76.3,3,2,1,1,1,0,1,0,0,0,0,1,1,2,0,0,0,0,0,2,0,0,0,3,3,3,0,0,3,0,1,3,3,0,0,0,0,0,0,0,2
2233,Data Scientist,7.04,86.2,91.5,68.6,81.0,62.2,100.0,78.6,3,2,1,0,1,0,3,0,0,0,0,1,0,0,0,0,0,1,0,3,1,0,0,1,3,1,1,0,3,0,0,2,0,0,0,1,0,0,1,0,0
2234,Data Scientist,8.73,86.8,92.5,70.4,70.8,61.1,73.6,69.0,2,2,2,1,1,0,2,0,2,0,0,0,0,0,0,0,0,0,0,1,0,0,0,3,2,3,0,0,2,0,0,3,2,0,0,0,1,0,0,0,0
2235,Data Scientist,8.54,87.2,87.5,81.8,96.2,55.4,54.1,71.9,2,2,0,0,1,1,3,0,0,0,2,0,0,0,0,0,0,0,0,3,0,0,0,3,3,3,0,0,3,0,0,3,1,0,0,0,1,0,0,0,2
2236,Data Scientist,8.46,95.0,81.5,99.2,89.6,75.5,70.6,83.7,2,2,2,1,1,1,0,0,0,0,1,0,0,0,0,1,0,0,0,1,0,0,1,1,0,0,0,0,2,0,0,1,2,0,0,0,0,0,1,0,0
2237,Data Scientist,7.01,90.1,94.9,75.7,100.0,60.0,88.4,82.1,2,1,2,1,1,1,2,0,0,0,0,0,0,0,0,0,0,0,0,0,0,0,0,0,2,3,0,0,3,0,1,3,1,0,0,0,0,1,1,0,0
2238,Data Scientist,8.36,93.3,95.0,86.0,88.4,50.3,64.9,72.4,3,2,1,1,1,1,2,0,0,1,2,0,1,0,0,0,0,0,0,3,0,0,0,0,1,3,0,0,2,0,0,3,1,0,0,0,0,0,0,0,0
2239,Data Scientist,9.26,90.6,85.7,78.1,75.8,63.7,70.7,72.1,1,2,0,0,1,0,2,0,0,0,1,0,0,0,1,0,0,0,0,3,0,1,2,3,2,2,0,0,3,1,0,2,2,0,0,0,0,0,0,1,0
2240,Data Scientist,7.7,84.2,81.0,76.8,99.9,65.7,84.0,81.6,2,1,2,0,1,0,2,0,0,0,0,0,2,2,0,0,0,0,1,3,0,2,1,2,2,2,0,0,3,0,0,3,0,0,0,0,0,0,0,0,0
2241,Data Scientist,8.65,90.7,74.9,94.7,88.7,45.7,85.8,78.7,2,3,1,1,1,0,2,0,0,3,0,0,2,1,0,1,0,0,0,1,0,0,2,3,3,3,0,0,3,0,0,2,1,0,0,0,0,0,0,0,0
2242,Data Scientist,8.38,86.0,86.7,95.5,85.7,48.0,73.7,75.7,2,1,1,1,1,1,2,0,0,0,0,0,1,0,0,0,0,0,0,2,0,0,0,2,3,2,0,0,2,0,0,2,3,0,0,0,1,0,2,0,0
2243,Data Scientist,8.04,79.4,84.7,76.5,100.0,59.4,76.8,78.2,2,3,1,1,0,0,3,0,1,0,0,0,0,0,0,1,2,0,0,0,0,1,0,3,1,2,3,0,3,0,0,2,0,2,1,1,0,1,0,1,0
2244,Data Scientist,7.57,93.9,85.5,83.2,93.9,66.2,57.5,75.2,1,1,3,1,1,1,3,0,0,0,0,0,0,1,0,0,0,1,0,0,0,0,0,2,3,3,0,0,2,0,0,2,3,2,0,0,0,0,0,0,0
2245,Data Scientist,8.88,90.6,96.0,81.9,75.5,64.9,79.0,75.3,1,2,2,1,1,1,3,0,0,0,1,0,0,1,0,0,0,0,0,2,2,0,0,2,1,1,0,0,3,0,2,2,3,0,0,0,0,0,0,0,0
2246,Data Scientist,7.89,79.2,81.4,86.9,78.7,49.8,85.9,75.3,2,1,0,0,1,1,2,0,0,0,0,0,0,0,0,0,0,0,0,2,1,0,0,0,3,3,0,0,2,0,0,2,1,0,0,0,0,0,0,0,1
2247,Data Scientist,8.1,92.5,88.9,82.4,85.9,74.3,72.7,78.8,3,1,0,0,0,1,0,0,0,0,0,0,0,0,0,0,0,0,0,1,0,0,0,3,2,3,2,0,3,0,0,3,0,0,0,2,0,0,0,0,0
2248,Data Scientist,9.01,86.8,82.8,73.4,100.0,62.2,97.0,83.6,1,1,1,0,0,1,3,0,0,0,2,0,0,0,0,1,0,1,0,2,1,0,0,3,0,3,2,0,3,0,0,3,2,0,0,0,1,0,0,0,0
2249,Data Scientist,7.73,94.0,95.0,67.6,92.0,63.0,76.6,74.8,4,1,1,1,1,1,2,0,1,0,0,0,0,0,0,1,0,0,0,3,0,0,0,3,3,3,0,0,3,0,0,3,2,2,0,1,0,0,0,0,0
2250,Data Scientist,8.77,84.8,89.4,83.6,93.3,64.0,76.6,79.4,0,2,2,1,1,0,2,0,0,0,0,0,0,0,0,0,0,1,0,0,1,0,0,1,3,3,0,0,2,0,1,2,3,0,0,0,0,0,1,2,2
2251,AI/ML Engineer,9.05,92.0,90.6,74.3,95.1,52.6,76.2,74.5,2,2,1,0,1,1,3,0,0,0,0,0,0,0,0,0,0,2,0,0,0,0,0,0,0,0,0,0,3,3,1,2,1,0,0,0,0,1,0,0,0
2252,AI/ML Engineer,8.07,92.8,74.9,84.1,95.7,49.3,98.0,81.8,2,2,1,0,0,1,2,0,0,0,0,0,0,0,0,0,0,0,1,0,0,0,0,2,0,1,0,0,2,3,2,3,2,0,0,0,0,0,0,0,0
2253,AI/ML Engineer,8.2,88.3,96.1,75.6,86.6,54.4,67.9,71.1,2,2,0,0,1,1,3,0,1,0,2,0,0,0,0,0,0,3,0,0,0,2,0,0,0,0,0,0,1,2,0,2,3,0,0,0,2,0,2,0,0
2254,AI/ML Engineer,8.26,86.9,89.1,71.0,90.0,63.8,77.0,75.5,1,2,0,0,1,0,3,0,0,0,0,0,0,2,2,0,0,1,0,0,0,0,0,0,0,0,0,0,0,2,0,3,2,0,0,0,0,0,0,1,0
2255,AI/ML Engineer,9.88,81.5,86.1,70.4,90.7,67.7,61.2,72.5,3,2,3,1,1,1,3,0,0,2,0,0,0,2,0,0,0,2,2,0,0,0,0,0,0,0,0,0,3,0,2,1,1,0,2,2,1,0,1,0,0
2256,AI/ML Engineer,7.46,88.2,78.2,83.3,72.8,74.0,84.6,78.7,3,1,2,0,1,1,2,0,0,0,0,0,0,0,0,0,0,0,0,0,0,0,0,0,1,0,0,1,2,3,2,1,1,1,0,0,1,0,0,0,1
2257,AI/ML Engineer,7.73,90.5,77.5,85.0,81.9,71.4,61.8,75.0,1,1,0,0,0,1,1,0,0,0,1,0,0,0,0,0,0,0,0,0,0,1,0,0,0,0,0,0,3,1,2,1,1,0,0,0,0,0,0,0,0
2258,AI/ML Engineer,8.76,88.5,78.5,76.6,77.3,81.5,75.5,77.7,2,1,1,1,0,1,1,0,0,0,0,0,1,0,0,0,0,0,1,0,0,0,0,0,0,0,0,0,1,0,2,2,1,0,0,0,0,0,0,0,0
2259,AI/ML Engineer,8.21,91.5,81.4,72.4,85.8,48.6,92.5,74.8,2,1,2,1,1,1,3,0,0,0,1,0,0,2,0,2,1,2,0,0,0,1,0,0,0,1,0,0,0,3,3,0,1,0,0,0,0,1,0,0,0
2260,AI/ML Engineer,7.98,86.4,74.1,70.8,69.8,68.0,70.3,69.7,1,1,2,1,1,1,0,1,0,0,0,0,0,0,0,0,2,3,0,0,0,1,0,0,0,0,1,0,3,3,2,1,1,0,0,2,2,1,0,0,0
2261,AI/ML Engineer,9.0,81.1,81.1,88.5,78.7,88.4,78.1,83.4,2,2,1,0,1,1,3,0,1,0,0,0,0,0,0,0,0,3,0,0,0,0,0,0,2,0,0,0,3,1,0,3,1,0,0,2,1,2,1,1,0
2262,AI/ML Engineer,8.32,95.6,88.0,69.9,92.0,66.2,62.4,72.6,3,1,1,0,1,1,3,0,0,0,0,0,0,0,0,0,0,0,0,0,0,0,0,1,0,0,0,0,3,3,2,3,2,0,0,0,1,0,0,0,0
2263,AI/ML Engineer,8.41,100.0,94.7,76.5,93.5,75.0,81.6,81.7,2,2,3,1,0,1,0,1,0,0,0,0,0,0,2,0,0,3,0,0,1,0,1,0,0,0,0,0,2,3,2,3,3,0,0,0,0,0,0,0,0
2264,AI/ML Engineer,8.17,76.1,71.1,84.9,88.5,81.3,69.0,80.9,4,2,0,0,1,1,1,0,1,0,2,0,2,0,0,0,0,3,0,0,2,1,0,0,0,0,0,0,3,1,2,1,3,0,0,0,3,0,1,0,0
2265,AI/ML Engineer,8.73,90.7,85.2,95.7,83.4,55.9,63.8,74.7,2,1,2,1,1,1,2,2,0,0,0,0,0,0,0,0,0,1,1,0,0,0,0,0,0,0,2,0,3,1,2,2,2,2,0,1,0,0,1,0,0
2266,AI/ML Engineer,9.24,93.9,90.3,88.2,80.6,62.2,82.2,78.3,2,3,0,0,1,1,2,0,0,0,0,0,0,0,0,0,0,2,0,1,0,0,0,0,0,0,0,0,1,3,0,2,3,0,0,0,2,0,0,0,0
2267,AI/ML Engineer,7.0,93.3,86.6,67.3,89.5,100.0,88.8,86.9,2,1,2,1,0,0,3,0,0,0,0,0,0,0,0,0,0,1,1,0,0,0,2,0,0,0,0,0,3,2,1,3,2,0,2,0,1,0,1,0,1
2268,AI/ML Engineer,6.91,88.3,86.6,80.9,88.7,84.1,84.3,84.5,3,2,2,0,1,1,3,0,1,3,1,0,0,0,0,0,0,2,0,0,0,0,0,0,0,0,0,1,0,2,3,3,1,0,0,0,0,0,0,0,0
2269,AI/ML Engineer,7.88,78.8,87.4,64.3,82.2,89.4,73.8,77.4,2,3,2,0,1,1,3,0,0,0,0,0,0,1,0,0,1,3,0,0,0,0,2,2,0,0,0,0,2,2,1,0,2,0,0,2,3,0,0,0,0
2270,AI/ML Engineer,9.13,89.4,73.4,82.2,81.4,66.1,90.6,80.1,3,2,1,1,1,1,1,0,0,0,1,0,0,1,0,0,0,2,0,0,1,0,0,0,0,0,0,0,3,2,3,3,3,0,0,0,2,0,0,0,0
2271,AI/ML Engineer,7.31,95.2,83.9,76.3,77.8,48.1,63.1,66.3,3,3,2,1,1,1,2,0,0,0,1,0,0,0,0,0,0,2,0,0,1,0,0,0,0,0,0,1,0,1,1,2,1,0,0,0,0,0,0,2,0
2272,AI/ML Engineer,7.88,83.3,94.8,94.1,80.1,75.9,79.7,82.5,2,2,1,1,1,0,0,0,0,0,0,0,1,0,1,1,0,1,0,0,0,2,1,0,0,0,0,0,2,0,2,1,2,0,0,1,0,0,0,0,0
2273,AI/ML Engineer,7.33,81.9,93.7,85.0,91.1,64.7,71.3,78.0,2,2,0,0,1,1,3,0,0,0,0,0,1,0,0,1,0,1,0,0,1,0,2,1,0,0,0,0,2,2,2,3,2,2,0,0,1,0,0,0,0
2274,AI/ML Engineer,8.09,90.8,89.5,76.5,95.7,62.2,52.7,71.8,2,3,2,1,0,0,2,0,0,0,1,0,0,0,1,1,0,1,0,0,0,0,0,2,0,0,0,0,2,3,2,2,2,0,0,0,0,0,0,0,1
2275,AI/ML Engineer,7.86,86.5,98.6,73.0,69.0,74.1,82.7,74.7,2,2,0,0,1,0,2,0,0,0,2,0,1,0,0,0,0,0,0,0,0,0,0,0,0,0,0,0,0,3,3,3,3,0,1,0,2,0,0,0,0
2276,AI/ML Engineer,7.45,90.2,78.3,98.0,98.3,71.4,80.0,86.9,1,3,2,1,1,1,3,0,0,0,0,1,1,0,0,0,0,1,2,0,0,0,0,0,0,1,0,1,3,3,3,3,3,0,0,0,3,0,0,0,0
2277,AI/ML Engineer,7.91,91.5,69.9,100.0,89.5,70.8,79.3,85.5,4,2,0,0,1,1,2,0,0,0,0,0,0,0,1,0,0,2,0,0,0,0,0,0,0,1,0,1,2,2,2,0,0,0,0,0,2,0,0,0,0
2278,AI/ML Engineer,7.28,79.2,92.9,72.0,91.8,60.6,69.4,73.5,1,2,2,1,1,1,2,0,2,0,0,0,0,0,0,0,1,2,1,0,0,0,0,0,0,0,0,0,3,0,2,2,1,0,0,1,0,0,0,0,0
2279,AI/ML Engineer,7.65,92.9,88.9,78.5,81.2,91.1,73.1,81.0,0,2,1,1,1,1,2,0,0,0,1,0,0,0,0,0,0,1,1,1,0,0,0,0,1,2,1,0,3,0,2,2,3,1,0,0,0,0,0,0,0
2280,AI/ML Engineer,8.11,94.8,78.4,75.7,77.6,68.1,71.6,73.2,4,2,3,1,1,1,0,1,0,0,0,0,0,0,1,0,0,0,0,0,0,0,1,0,0,0,0,0,1,0,1,2,2,0,0,0,2,2,0,0,0
2281,AI/ML Engineer,7.88,85.5,83.5,93.7,92.8,61.3,84.0,83.0,2,3,2,1,1,1,3,0,0,0,0,0,0,0,0,0,0,0,0,2,0,0,0,0,0,0,0,0,3,2,3,3,1,2,0,0,0,0,0,0,0
2282,AI/ML Engineer,8.37,100.0,86.8,86.6,73.9,87.1,72.8,80.1,3,3,2,1,1,1,2,0,0,0,0,0,0,0,0,0,0,2,1,0,1,0,1,0,0,0,0,0,3,0,3,1,3,0,1,0,0,0,0,0,0
2283,AI/ML Engineer,8.84,89.5,90.2,81.5,86.9,60.1,80.1,77.2,2,2,2,0,1,1,3,0,0,0,0,1,0,0,0,0,0,2,0,1,0,0,0,0,0,0,0,0,2,3,2,3,2,0,1,1,2,0,0,1,0
2284,AI/ML Engineer,8.97,90.5,82.0,92.7,91.3,94.3,60.1,84.6,2,1,1,1,1,1,2,0,2,0,0,0,0,0,0,1,0,3,0,0,1,0,0,0,0,0,0,0,3,3,2,3,1,0,1,0,3,0,0,2,1
2285,AI/ML Engineer,7.85,91.7,98.2,68.7,95.1,81.5,66.8,78.0,1,2,1,1,0,1,2,2,0,0,0,0,0,0,2,0,0,2,0,0,2,0,0,0,0,0,0,1,1,0,3,3,1,2,0,0,3,0,1,1,0
2286,AI/ML Engineer,9.35,91.9,80.9,86.6,88.3,60.6,72.9,77.1,4,3,1,1,1,1,2,0,0,0,0,0,0,0,0,0,0,1,0,0,0,0,0,0,0,0,0,0,3,3,3,0,3,0,0,0,0,0,0,1,0
2287,AI/ML Engineer,8.39,80.0,93.2,77.6,79.9,78.2,71.8,76.9,1,1,2,0,1,0,2,0,0,2,1,0,0,0,0,0,0,2,0,0,0,0,0,0,0,0,0,0,2,3,3,3,2,0,0,0,0,0,0,0,0
2288,AI/ML Engineer,8.74,77.3,75.9,68.0,83.1,65.4,69.4,71.5,3,1,1,1,1,1,1,2,1,0,2,0,0,0,0,0,0,1,0,0,2,0,0,0,0,1,2,0,2,2,1,3,3,0,0,0,0,0,0,0,0
2289,AI/ML Engineer,8.08,86.1,82.6,83.7,83.7,66.6,89.3,80.8,3,2,1,0,1,0,2,1,0,0,0,1,0,0,0,0,0,0,0,0,1,0,0,2,0,2,0,2,0,0,3,3,0,0,0,0,0,0,0,0,0
2290,AI/ML Engineer,7.57,95.5,75.6,81.1,82.3,78.6,92.8,83.7,2,3,1,1,1,1,2,0,0,0,0,0,0,0,0,0,0,0,0,0,0,0,1,0,0,0,0,0,3,3,3,1,2,0,0,0,0,0,0,0,0
2291,AI/ML Engineer,9.13,86.3,87.2,80.1,89.4,47.6,64.7,70.5,1,3,0,0,0,1,3,0,0,0,0,0,0,0,0,0,0,0,0,0,0,0,0,0,0,0,0,0,3,2,0,2,2,2,0,0,0,0,0,0,0
2292,AI/ML Engineer,8.33,91.2,82.9,96.7,91.0,77.0,64.2,82.2,4,3,1,1,1,1,2,0,0,0,0,0,2,0,0,0,0,1,1,1,0,0,0,0,0,2,0,0,2,3,1,2,3,0,0,0,2,0,0,0,0
2293,AI/ML Engineer,7.58,98.7,70.0,86.2,81.3,57.0,89.7,78.5,3,2,1,1,1,1,3,0,0,0,2,0,0,0,1,0,2,0,0,2,0,0,0,2,2,1,0,0,3,2,3,3,2,0,0,0,3,3,0,0,0
2294,AI/ML Engineer,8.39,99.9,83.8,85.9,88.8,62.6,78.3,78.9,2,3,1,0,1,1,2,0,1,1,2,0,0,0,0,0,0,2,0,0,0,0,0,0,0,0,0,0,3,3,3,1,2,0,0,1,0,0,2,0,0
2295,AI/ML Engineer,7.85,86.8,91.1,76.3,87.0,64.7,71.1,74.8,4,1,3,0,1,1,3,0,0,0,0,0,0,0,0,2,0,0,0,0,0,0,0,2,0,0,0,0,0,1,3,2,2,0,0,0,0,0,0,0,0
2296,AI/ML Engineer,7.65,96.2,85.9,100.0,98.4,73.5,72.6,87.7,1,2,2,1,1,1,2,1,2,0,0,0,0,0,0,0,0,2,0,0,0,0,0,0,0,0,0,1,3,1,1,3,0,2,0,0,2,0,0,0,0
2297,AI/ML Engineer,9.49,98.5,91.8,68.0,64.7,60.2,80.0,68.2,1,1,0,0,1,0,2,0,0,0,0,0,0,1,0,0,1,0,1,0,0,0,0,0,0,0,0,0,2,3,3,2,3,0,0,0,2,0,0,0,0
2298,AI/ML Engineer,8.95,82.5,85.7,86.3,92.7,92.7,65.0,84.2,2,1,2,1,1,0,2,0,0,0,0,1,0,0,0,0,0,2,0,0,0,0,0,1,0,0,0,0,2,2,2,2,1,0,2,0,0,0,2,0,0
2299,AI/ML Engineer,7.45,97.6,78.2,80.3,90.6,67.5,78.1,79.1,1,1,2,1,1,1,2,0,0,0,0,0,0,1,0,0,0,0,0,0,0,0,0,0,0,0,0,1,2,1,2,1,2,0,0,0,0,0,1,0,2
2300,AI/ML Engineer,7.94,76.1,81.4,67.9,96.6,46.3,65.6,69.1,1,3,1,0,1,0,3,0,0,0,0,0,0,0,0,1,0,0,1,2,0,0,0,0,0,0,0,0,0,3,0,2,3,0,0,3,1,0,0,0,0
2301,AI/ML Engineer,8.42,96.9,94.0,59.0,70.4,43.7,89.9,65.8,4,3,0,0,1,1,3,0,0,0,0,0,0,0,0,0,0,0,0,0,0,0,0,0,0,0,0,2,0,2,2,0,1,0,0,0,2,0,0,0,0
2302,AI/ML Engineer,8.04,82.2,81.6,88.7,82.7,67.9,78.8,79.5,3,1,2,1,0,0,2,0,0,0,2,2,0,0,0,0,0,2,1,0,0,0,2,0,0,1,0,1,3,2,2,2,1,2,1,0,2,0,0,1,0
2303,AI/ML Engineer,7.99,86.0,77.9,74.7,78.6,60.3,65.6,69.8,2,2,1,0,1,1,3,0,0,0,0,0,0,0,0,0,0,1,0,0,0,1,1,0,1,0,0,0,3,3,3,2,1,0,1,0,0,0,0,0,0
2304,AI/ML Engineer,8.65,89.0,98.9,79.7,89.7,65.5,65.7,75.2,2,3,0,0,1,0,2,0,0,0,0,0,0,1,2,0,0,0,0,1,0,2,0,0,0,0,0,0,2,2,3,1,2,0,0,0,0,0,0,0,0
2305,AI/ML Engineer,8.29,89.9,74.9,79.2,81.8,85.4,84.6,82.8,2,2,1,1,0,1,1,1,0,1,0,0,0,0,1,0,0,1,0,0,0,1,0,0,0,0,0,0,3,0,3,1,0,0,0,0,2,0,0,0,0
2306,AI/ML Engineer,8.06,82.4,87.8,74.2,90.0,59.5,86.9,77.7,2,2,2,0,1,0,1,1,0,0,0,0,2,0,0,0,0,1,0,0,0,0,0,0,0,0,0,0,3,2,3,3,3,1,0,0,1,0,0,0,0
2307,AI/ML Engineer,8.81,87.4,92.7,99.7,87.8,65.4,82.8,83.9,3,1,2,1,1,1,2,0,0,0,0,0,1,0,2,0,1,0,0,1,0,0,0,0,1,0,0,0,1,3,0,3,3,0,0,0,0,0,0,0,0
2308,AI/ML Engineer,8.11,87.8,80.3,78.1,79.2,60.6,87.2,76.3,2,3,2,0,0,1,0,0,0,0,0,2,0,0,0,2,0,2,0,0,0,0,0,0,0,0,0,0,2,0,3,1,1,0,0,0,0,0,1,0,0
2309,AI/ML Engineer,8.31,85.6,79.2,79.9,99.9,73.3,63.5,79.2,3,3,1,1,1,0,3,0,0,3,0,2,0,0,0,0,2,3,0,0,0,0,2,0,0,0,0,0,0,3,2,2,1,0,2,0,2,0,0,0,2
2310,AI/ML Engineer,8.3,94.0,73.8,70.3,87.4,86.8,79.3,81.0,1,3,1,1,1,0,1,0,0,0,1,2,0,0,0,0,0,3,0,0,0,1,0,0,0,0,0,0,3,1,0,2,2,0,0,0,2,0,0,1,1
2311,AI/ML Engineer,8.09,80.6,78.0,83.9,80.3,56.1,100.0,84.8,2,2,0,0,1,1,2,0,0,0,2,0,1,0,0,1,1,1,0,2,0,0,0,0,0,1,0,2,2,3,3,2,2,0,0,0,0,0,0,0,2
2312,AI/ML Engineer,7.06,89.1,100.0,87.9,71.7,82.0,79.2,80.2,3,2,2,1,0,1,3,0,0,0,0,0,0,0,0,0,0,2,0,1,0,0,0,0,0,0,0,0,3,3,3,1,3,0,0,0,0,0,2,0,0
2313,AI/ML Engineer,9.04,90.0,89.8,73.8,86.4,68.8,88.3,79.3,3,2,2,1,0,0,3,0,0,0,0,2,0,0,0,0,0,2,0,0,0,1,0,0,0,0,0,0,2,0,2,3,1,0,0,0,2,0,0,0,0
2314,AI/ML Engineer,7.81,87.8,85.8,75.4,82.7,62.6,67.8,72.1,2,1,1,0,1,1,3,0,1,0,1,0,1,0,0,0,0,0,2,0,0,0,1,0,0,0,0,0,3,3,3,2,2,0,0,0,2,0,0,1,0
2315,AI/ML Engineer,7.39,89.7,92.4,96.8,77.0,73.2,77.1,81.0,3,3,2,1,0,1,3,0,0,0,1,1,0,0,0,0,0,0,0,0,0,1,0,0,1,0,1,1,2,1,2,3,2,0,0,0,2,0,0,0,0
2316,AI/ML Engineer,7.94,89.0,83.7,89.3,100.0,61.7,83.6,84.0,3,2,2,1,1,1,2,0,2,0,0,0,0,0,0,0,0,1,0,0,0,0,0,0,0,0,0,0,1,2,2,0,2,0,0,0,0,0,0,0,0
2317,AI/ML Engineer,8.5,88.5,86.8,96.3,83.2,77.0,62.4,79.7,1,2,0,0,1,1,2,0,0,0,0,0,0,0,0,0,0,0,2,0,0,0,0,0,0,0,0,1,2,3,0,2,0,0,1,0,2,2,2,0,0
2318,AI/ML Engineer,7.99,95.2,86.2,79.0,85.5,80.1,68.2,78.2,2,2,1,0,0,1,2,1,1,0,2,0,0,0,0,0,0,3,0,0,0,0,0,0,1,0,0,0,2,3,2,2,2,0,0,0,0,0,2,0,3
2319,AI/ML Engineer,7.63,86.9,77.4,88.1,82.2,73.3,56.9,75.1,4,1,0,0,0,1,2,0,0,0,0,1,0,0,0,0,0,0,0,0,0,0,0,0,2,0,0,0,2,2,2,1,2,0,2,0,2,0,0,0,0
2320,AI/ML Engineer,9.34,90.3,82.3,76.5,82.1,60.1,68.9,71.9,3,2,1,1,1,1,2,0,0,0,0,0,0,0,0,0,0,0,0,0,0,0,0,0,0,0,0,1,2,2,2,3,2,0,0,0,3,0,0,0,1
2321,AI/ML Engineer,9.18,90.5,100.0,62.7,89.8,82.4,87.9,80.7,1,2,2,1,1,1,3,0,0,0,0,0,0,0,0,0,0,1,2,0,0,0,0,1,0,1,0,0,3,3,2,3,0,0,1,0,2,0,1,0,0
2322,AI/ML Engineer,8.7,80.5,87.7,79.5,63.3,78.7,79.2,75.2,2,1,1,0,1,1,3,0,1,0,0,0,1,0,1,0,2,0,0,1,0,1,0,0,0,1,2,1,3,3,3,2,0,0,0,0,2,2,0,0,0
2323,AI/ML Engineer,8.02,100.0,92.9,98.8,85.3,55.0,60.8,75.0,2,3,1,0,1,1,3,2,0,1,0,1,1,3,0,0,0,2,1,0,0,0,2,0,0,0,0,0,3,2,1,2,0,0,0,0,0,0,2,0,0
2324,AI/ML Engineer,8.53,88.2,82.8,85.9,92.0,67.9,68.5,78.6,2,2,2,1,1,1,3,0,0,0,0,0,0,0,0,0,0,0,1,0,0,0,0,0,0,0,0,0,2,0,3,2,2,0,0,0,0,0,0,0,0
2325,AI/ML Engineer,7.68,88.2,84.3,85.0,95.8,84.0,83.1,87.0,1,3,1,1,1,1,2,0,0,0,0,1,1,0,0,0,0,1,0,0,0,0,0,0,0,0,0,0,1,3,3,3,3,1,0,0,3,0,0,0,1
2326,AI/ML Engineer,8.55,86.7,84.3,80.4,77.8,69.8,84.7,78.2,3,1,2,1,0,1,3,0,2,0,0,0,0,0,0,0,0,0,0,0,0,0,1,0,0,0,0,0,3,3,3,3,3,0,0,0,0,0,1,0,0
2327,AI/ML Engineer,8.62,84.8,87.8,78.3,77.6,51.8,92.8,75.1,1,3,0,0,1,0,2,1,0,1,0,0,0,0,0,0,0,2,0,0,0,0,0,0,0,0,0,0,3,3,2,2,1,0,0,0,0,0,0,0,0
2328,AI/ML Engineer,8.99,88.8,70.7,77.6,91.7,52.1,83.3,76.2,1,1,1,1,0,1,2,0,0,1,0,1,0,0,1,0,0,0,0,0,0,0,0,1,2,0,0,2,3,1,3,2,2,0,0,0,2,0,0,0,0
2329,AI/ML Engineer,8.19,90.5,72.8,82.3,74.9,52.8,96.1,76.5,4,2,2,1,0,0,2,0,1,0,0,0,0,0,0,0,0,2,0,0,0,0,0,1,1,0,0,0,3,3,2,3,2,0,0,0,2,0,1,1,0
2330,AI/ML Engineer,7.52,81.8,91.1,88.9,80.9,47.9,76.9,73.7,1,2,1,1,0,1,3,0,0,0,0,0,1,0,0,0,0,2,2,0,0,0,2,0,2,0,0,1,0,0,2,3,2,0,0,0,0,0,0,0,2
2331,AI/ML Engineer,8.8,91.0,79.2,88.8,60.0,47.4,87.9,71.0,4,1,1,0,1,1,3,0,0,0,2,0,1,0,0,1,0,0,0,1,0,2,0,0,0,0,0,0,2,0,3,2,3,0,0,0,0,0,0,0,0
2332,AI/ML Engineer,8.57,87.5,82.2,60.0,94.4,64.2,63.2,70.5,3,3,0,0,1,0,3,0,0,0,0,0,0,0,0,0,0,0,0,0,0,0,1,0,0,0,0,1,2,3,2,3,2,1,0,0,2,0,0,1,0
2333,AI/ML Engineer,7.87,93.9,84.9,72.5,97.6,60.4,77.3,77.0,3,3,0,0,1,1,3,0,0,0,0,0,0,0,0,0,0,2,0,0,0,0,0,0,0,0,0,0,1,3,2,1,3,0,0,0,0,0,0,0,0
2334,AI/ML Engineer,8.16,87.7,83.3,88.8,87.4,76.5,86.6,84.8,4,2,1,0,1,1,2,0,0,0,0,2,0,0,0,0,0,3,1,0,2,0,0,0,0,0,0,0,1,2,0,3,3,0,0,3,2,0,0,0,0
2335,AI/ML Engineer,8.16,85.5,88.1,75.5,73.5,65.2,75.9,72.5,2,3,1,0,0,1,2,0,0,0,1,0,0,0,0,0,0,0,0,0,0,2,0,0,0,0,0,0,3,3,3,2,3,2,0,0,2,0,0,0,0
2336,AI/ML Engineer,8.65,82.2,88.3,76.3,75.9,75.3,65.6,73.3,3,1,0,0,0,1,3,0,0,0,0,0,0,0,1,0,1,0,0,0,0,0,2,0,1,0,0,0,3,0,1,2,1,0,0,0,1,0,0,0,0
2337,AI/ML Engineer,8.72,86.2,81.6,81.8,69.3,69.7,80.4,75.3,2,3,1,1,0,1,2,1,0,1,0,0,0,1,0,0,2,2,0,1,0,0,0,0,0,0,0,0,2,2,3,2,2,0,0,0,0,0,1,2,0
2338,AI/ML Engineer,8.27,91.7,83.0,73.3,94.2,47.6,48.3,65.8,2,2,1,1,1,1,3,0,0,2,2,0,0,1,0,0,0,1,0,0,0,2,0,0,0,0,1,0,3,3,3,3,1,0,0,0,0,0,0,2,0
2339,AI/ML Engineer,9.34,96.6,93.8,83.1,82.8,83.1,76.5,81.4,2,2,0,0,1,1,1,0,0,0,1,1,0,0,0,0,0,1,0,0,0,0,0,0,0,0,0,0,3,3,2,2,2,0,0,0,1,0,0,0,0
2340,AI/ML Engineer,7.69,87.4,88.4,82.8,84.9,70.7,82.5,80.2,2,3,1,1,1,1,2,0,0,0,0,0,0,0,0,0,0,2,0,0,0,0,1,0,0,0,2,0,0,2,1,2,3,0,2,0,2,0,0,0,2
2341,AI/ML Engineer,8.74,94.3,79.0,95.0,76.8,62.5,100.0,84.6,1,3,2,1,1,1,2,1,0,0,0,0,0,0,0,0,0,1,0,0,0,1,0,1,0,0,0,0,0,3,0,1,2,0,0,0,2,2,0,0,0
2342,AI/ML Engineer,8.96,85.7,82.7,85.3,92.1,72.2,61.3,77.7,2,2,2,0,1,1,2,0,0,0,0,0,0,0,0,1,0,0,0,0,0,0,0,2,0,0,0,0,3,2,3,3,2,2,0,0,3,0,0,1,0
2343,AI/ML Engineer,7.81,85.7,78.8,89.5,87.5,67.5,49.7,73.5,2,1,2,0,1,1,3,0,0,1,0,0,0,0,0,0,0,1,0,0,0,0,0,0,0,0,0,2,2,2,1,2,0,0,0,0,0,0,0,0,0
2344,AI/ML Engineer,7.77,94.2,87.8,81.8,90.7,72.9,79.8,81.3,1,3,1,1,1,0,2,0,0,0,0,0,0,0,0,0,0,3,1,0,0,0,0,1,0,0,0,0,3,2,1,3,1,0,0,0,0,1,0,0,0
2345,AI/ML Engineer,8.05,85.0,78.3,87.2,85.5,74.0,74.7,80.3,3,3,1,1,1,1,3,0,0,0,0,0,0,0,0,0,0,3,1,0,0,0,0,0,0,0,0,1,2,2,3,3,0,0,0,0,0,0,0,3,2
2346,AI/ML Engineer,8.07,86.6,94.6,89.0,91.0,48.3,60.4,72.2,2,1,2,1,1,1,3,0,0,0,0,0,0,0,0,2,0,0,0,0,1,0,1,0,0,0,0,1,3,0,3,3,2,0,0,0,2,0,0,0,2
2347,AI/ML Engineer,8.46,84.1,75.7,68.5,92.0,60.0,83.2,75.9,3,2,0,0,0,1,2,0,0,0,0,0,2,0,0,0,0,3,0,0,0,0,0,0,0,0,0,0,3,2,1,0,1,0,0,0,2,0,0,0,0
2348,AI/ML Engineer,8.08,82.2,75.2,88.6,85.1,84.5,60.1,79.6,2,2,2,1,0,1,3,0,0,0,0,0,0,0,0,1,2,3,0,0,0,0,0,0,0,0,0,2,0,1,0,2,3,0,0,0,2,0,0,0,0
2349,AI/ML Engineer,7.38,91.8,100.0,83.9,82.0,68.3,72.1,76.6,3,1,1,1,1,1,2,1,0,0,0,0,1,0,0,0,1,2,0,0,0,0,0,0,0,0,0,0,1,1,1,2,1,0,0,0,3,0,0,0,0
2350,AI/ML Engineer,8.16,87.3,82.1,76.6,100.0,64.7,77.5,80.8,1,2,3,1,0,0,2,0,0,0,0,2,0,0,0,0,0,0,0,0,0,0,0,1,0,0,1,0,3,3,3,1,2,0,0,1,0,0,0,0,0
2351,AI/ML Engineer,8.82,95.5,83.8,99.3,84.2,95.6,84.2,90.8,1,2,1,1,0,1,3,0,0,1,0,0,0,0,0,0,0,3,0,0,1,0,0,0,0,0,0,0,2,0,2,0,2,0,2,0,2,0,1,0,0
2352,AI/ML Engineer,8.14,85.3,82.4,71.1,90.8,62.3,67.3,72.9,1,2,0,0,1,1,1,1,0,0,1,0,0,0,0,0,0,0,0,0,0,0,0,0,0,1,2,0,3,1,3,3,2,0,0,0,1,1,0,0,0
2353,AI/ML Engineer,7.62,94.8,72.3,76.0,96.5,55.0,68.9,74.1,2,2,0,0,1,1,2,0,0,0,0,1,0,1,0,0,0,3,1,0,0,0,0,0,0,0,0,0,3,3,3,1,3,0,0,0,0,0,0,0,0
2354,AI/ML Engineer,8.41,81.7,81.1,88.8,91.5,51.4,71.2,75.7,1,2,1,1,1,1,2,1,0,0,0,0,0,0,0,0,0,2,1,0,1,0,2,0,1,0,1,0,1,3,2,3,3,0,0,1,1,0,0,1,0
2355,AI/ML Engineer,7.64,83.6,100.0,82.6,75.2,72.0,100.0,82.8,2,3,3,1,1,1,0,0,0,0,0,0,0,0,0,0,1,1,0,0,0,0,0,0,0,0,0,1,2,3,0,3,0,0,0,0,0,0,0,2,0
2356,AI/ML Engineer,7.89,91.0,78.2,84.1,91.6,59.0,78.8,78.4,1,3,2,1,1,0,0,0,0,0,0,1,0,0,0,0,1,1,0,0,0,1,0,0,0,0,1,1,0,0,3,2,3,0,0,0,2,0,0,0,0
2357,AI/ML Engineer,7.97,84.6,87.5,92.9,76.6,72.7,54.2,74.1,2,3,1,1,1,1,2,0,2,0,0,0,3,0,1,0,1,3,1,0,0,0,1,2,0,0,0,0,3,0,2,2,3,0,0,0,2,0,0,0,0
2358,AI/ML Engineer,7.98,85.4,90.0,93.2,92.8,76.6,82.5,86.3,2,1,1,1,1,1,3,0,0,0,0,0,0,0,0,0,0,1,0,1,0,0,2,0,0,2,0,1,1,3,3,2,0,0,0,0,3,0,0,0,0
2359,AI/ML Engineer,8.46,92.6,87.6,79.9,85.7,61.0,54.0,70.2,4,2,1,1,0,0,3,0,0,0,1,0,0,0,1,0,0,0,2,0,0,0,0,0,0,0,0,0,2,2,3,3,3,1,0,0,0,0,1,0,1
2360,AI/ML Engineer,8.24,96.5,76.3,72.1,82.4,80.0,76.4,77.7,3,3,0,0,1,0,3,0,0,0,0,0,0,0,0,1,0,2,0,0,0,1,0,0,2,0,0,0,3,3,3,3,1,2,0,0,2,1,0,0,1
2361,AI/ML Engineer,7.55,81.0,92.1,88.5,94.9,68.7,74.2,81.6,4,1,1,1,1,1,2,0,1,0,0,0,0,2,3,0,0,0,0,0,1,0,1,0,0,0,0,0,2,2,3,3,3,0,0,0,0,0,0,0,0
2362,AI/ML Engineer,8.78,82.3,78.1,77.0,85.3,49.6,79.3,72.8,3,3,2,1,1,1,3,0,0,0,1,0,0,0,0,0,0,0,0,0,0,0,0,0,0,0,1,0,1,3,0,3,2,0,0,0,1,0,3,0,0
2363,AI/ML Engineer,9.0,84.0,87.6,78.7,88.4,57.4,62.0,71.6,3,2,1,0,1,1,2,1,0,1,0,0,0,0,0,0,0,2,1,0,0,0,0,0,0,0,0,0,2,2,3,2,2,0,0,0,0,2,0,0,2
2364,AI/ML Engineer,8.34,98.7,78.7,81.7,100.0,55.1,73.6,77.6,2,1,1,1,1,1,2,0,0,0,1,0,0,2,0,0,0,2,0,0,0,2,0,0,0,1,0,0,1,0,0,2,2,0,0,0,0,3,0,0,2
2365,AI/ML Engineer,7.67,82.9,78.0,86.3,85.4,41.9,79.2,73.2,0,2,1,1,0,0,3,1,0,0,0,1,0,0,0,0,0,0,0,0,1,0,0,0,0,0,2,2,2,2,2,2,3,0,0,0,0,0,0,2,0
2366,AI/ML Engineer,8.98,76.2,80.7,87.4,73.9,77.2,59.1,74.4,2,1,0,0,1,1,3,0,1,0,0,1,0,0,0,0,0,2,0,0,1,0,0,0,0,0,0,1,0,3,2,3,1,0,0,0,0,0,0,0,0
2367,AI/ML Engineer,8.22,89.6,92.4,74.5,75.3,60.4,100.0,78.3,1,2,1,1,1,1,2,0,1,0,0,0,0,0,0,1,1,2,0,0,2,0,0,0,0,2,0,0,3,2,2,3,3,0,0,0,2,1,1,0,1
2368,AI/ML Engineer,7.8,87.8,92.1,90.4,100.0,65.3,68.1,81.0,2,2,2,1,0,1,2,0,0,0,0,0,0,0,0,0,0,2,0,0,0,0,0,0,1,0,0,0,2,0,2,3,1,0,0,2,2,0,1,0,0
2369,AI/ML Engineer,8.21,89.7,89.6,97.6,99.4,55.9,65.2,79.5,1,2,3,0,0,0,2,0,0,0,0,0,0,0,0,0,0,3,1,0,0,1,0,1,0,2,0,0,2,2,2,2,1,0,0,2,2,0,1,1,0
2370,AI/ML Engineer,7.6,77.8,86.5,92.3,76.0,69.3,83.1,80.2,1,2,2,0,1,1,3,0,0,0,0,0,0,0,0,2,0,0,0,0,0,0,0,0,0,0,1,1,3,1,3,2,2,0,0,2,2,1,0,0,0
2371,AI/ML Engineer,8.84,84.3,73.9,77.3,82.6,58.4,73.9,73.0,3,1,1,1,1,1,2,0,0,0,0,0,0,0,0,1,0,1,0,0,0,2,1,0,0,0,0,0,0,1,0,2,2,1,0,0,1,0,0,0,0
2372,AI/ML Engineer,8.36,85.4,71.9,59.2,66.1,72.5,94.5,73.1,2,2,0,0,1,1,3,1,0,0,0,2,0,0,0,0,0,0,0,0,0,0,0,1,0,0,0,0,1,3,2,2,1,0,0,0,1,0,0,0,1
2373,AI/ML Engineer,7.63,88.7,95.5,78.4,84.4,58.1,65.2,71.5,2,2,1,0,1,0,3,0,0,0,0,0,0,0,0,0,0,0,0,0,1,0,2,1,0,0,0,0,2,2,3,2,2,0,0,0,0,0,0,0,1
2374,AI/ML Engineer,8.24,94.6,79.3,85.3,81.5,77.3,53.3,74.4,3,3,3,1,1,1,3,0,0,0,1,0,0,0,0,1,0,0,0,0,0,0,1,0,0,0,0,0,2,3,1,3,0,0,0,0,2,0,0,0,0
2375,AI/ML Engineer,8.06,81.4,90.6,81.8,100.0,41.9,61.9,71.7,2,3,3,1,1,1,2,1,0,0,0,0,0,0,0,0,0,0,0,0,0,0,1,0,0,0,0,2,2,3,1,2,0,0,0,0,2,0,0,0,0
2376,AI/ML Engineer,8.41,92.0,81.0,84.4,89.6,70.3,80.0,81.1,2,3,1,1,0,1,2,0,0,0,2,0,0,0,2,0,0,0,2,2,3,0,0,0,0,3,0,0,2,1,2,2,2,0,0,0,3,0,0,0,0
2377,AI/ML Engineer,7.11,85.2,79.6,79.0,75.5,50.3,90.0,73.7,2,2,0,0,0,1,2,1,0,0,1,0,0,0,0,1,2,0,0,0,0,0,0,0,0,0,0,0,0,2,0,3,1,0,0,0,2,0,1,1,2
2378,AI/ML Engineer,8.27,81.3,87.0,78.2,95.5,64.4,62.7,75.2,2,2,2,1,0,1,3,0,0,1,1,1,1,0,0,1,0,1,0,1,0,1,2,0,1,1,0,0,3,3,3,2,0,0,0,0,0,0,0,0,0
2379,AI/ML Engineer,6.95,78.9,77.9,79.5,90.5,93.7,89.4,88.3,2,2,3,1,1,1,3,0,0,0,0,0,0,0,0,0,0,2,0,0,0,0,0,0,0,1,0,0,2,3,3,3,2,0,0,0,3,0,0,0,0
2380,AI/ML Engineer,7.23,98.1,76.3,76.9,86.5,87.8,85.2,84.1,0,1,1,0,1,1,1,0,0,0,0,1,0,1,0,0,0,2,0,0,0,1,1,2,0,0,1,0,3,2,3,3,2,0,0,0,2,1,0,1,0
2381,AI/ML Engineer,7.29,78.4,92.8,89.1,100.0,72.1,83.2,86.5,3,3,1,1,1,1,1,0,0,0,1,0,0,0,2,0,0,2,0,0,0,0,2,0,0,0,0,2,0,1,1,3,3,0,1,0,0,0,0,1,0
2382,AI/ML Engineer,8.04,93.9,85.5,77.4,95.4,47.7,68.7,72.3,2,2,3,0,1,1,3,0,0,0,0,0,0,0,1,0,0,2,0,0,0,1,0,3,0,1,0,0,2,1,1,2,2,0,0,0,2,0,0,0,0
2383,AI/ML Engineer,8.09,73.7,87.2,87.5,82.8,71.9,88.6,82.7,2,3,0,0,1,1,3,0,0,0,0,0,0,0,1,0,0,0,0,0,0,0,0,0,0,0,0,0,3,2,1,3,3,0,0,0,3,2,0,0,0
2384,AI/ML Engineer,7.35,93.4,96.1,87.4,75.6,65.1,73.6,75.4,4,2,1,0,1,0,2,0,2,0,0,0,0,0,0,0,0,2,0,0,0,0,0,0,0,0,0,0,2,2,3,3,2,0,0,0,0,0,0,0,0
2385,AI/ML Engineer,7.86,89.0,85.3,100.0,79.3,75.3,90.5,86.7,3,3,1,1,1,1,2,0,1,2,0,2,1,0,0,0,0,3,0,0,0,0,0,0,0,0,0,0,3,3,3,0,3,0,2,0,0,0,0,0,0
2386,AI/ML Engineer,7.78,94.9,89.6,94.2,87.7,70.9,96.5,87.3,2,2,1,1,1,1,2,0,0,0,0,0,0,0,0,0,0,2,0,0,0,0,0,0,2,0,0,1,2,3,2,2,1,0,0,0,1,2,0,0,0
2387,AI/ML Engineer,8.81,86.9,86.7,59.8,67.7,68.8,86.2,70.6,1,2,3,0,1,1,3,0,0,0,0,0,0,0,0,0,0,2,0,0,0,0,0,1,0,1,0,0,2,3,1,2,0,0,0,0,2,1,0,0,0
2388,AI/ML Engineer,7.79,85.1,95.1,85.0,90.5,76.2,62.1,78.5,1,3,0,0,0,1,3,0,0,0,2,1,0,0,2,0,0,2,0,0,0,0,1,1,0,0,0,1,3,3,3,2,2,0,2,0,2,0,0,0,0
2389,AI/ML Engineer,7.52,82.4,77.5,87.7,100.0,79.8,86.2,88.7,3,1,0,0,1,0,3,0,0,0,0,0,0,0,0,0,0,1,1,1,3,0,0,1,0,0,0,0,2,2,1,3,1,0,0,0,2,0,0,0,0
2390,AI/ML Engineer,7.11,91.1,96.6,93.1,96.9,56.6,73.0,79.9,0,1,2,0,1,1,2,0,0,0,0,0,0,0,0,0,0,0,0,0,0,1,0,1,0,0,0,1,2,2,3,3,2,0,0,0,0,0,0,0,0
2391,AI/ML Engineer,6.79,91.5,94.1,67.9,84.7,72.9,76.8,75.6,1,2,2,0,1,1,2,0,0,2,0,1,1,0,0,0,0,0,1,2,0,0,0,1,0,0,0,0,0,2,2,3,0,0,0,0,2,0,0,0,1
2392,AI/ML Engineer,7.94,78.9,78.3,84.2,77.8,67.0,74.4,75.8,1,2,3,0,1,1,3,0,0,2,0,0,0,0,0,0,2,2,0,0,0,0,0,0,0,0,1,1,2,3,2,3,2,3,0,0,0,0,0,1,0
2393,AI/ML Engineer,8.37,86.2,75.7,93.8,64.3,58.7,78.4,73.8,2,1,1,1,1,0,3,0,0,0,0,0,2,0,0,0,1,3,0,0,0,0,0,0,0,2,0,0,2,2,2,3,1,0,1,0,2,0,0,1,0
2394,AI/ML Engineer,7.8,95.5,78.4,100.0,93.6,86.6,77.7,89.7,1,1,1,1,0,1,2,0,0,0,1,0,0,1,1,0,0,1,0,0,0,0,0,0,0,0,1,0,1,3,3,2,2,0,0,0,1,0,0,0,0
2395,AI/ML Engineer,8.04,85.4,78.9,60.6,82.6,57.8,81.4,70.6,2,2,2,0,1,1,3,0,0,0,0,0,0,0,1,0,2,2,0,0,0,0,0,0,0,1,0,1,3,2,2,2,2,0,0,0,2,0,0,0,2
2396,AI/ML Engineer,8.84,85.9,99.4,60.3,68.5,52.1,63.9,61.2,2,2,2,1,1,1,2,0,0,0,0,2,0,2,0,2,0,0,0,0,0,0,1,0,1,1,2,0,3,3,2,1,2,0,0,0,3,0,0,0,0
2397,AI/ML Engineer,8.67,85.7,95.8,61.8,72.7,63.2,74.9,68.2,3,3,1,1,0,1,1,1,0,0,0,0,0,0,1,2,0,2,0,1,0,1,0,0,0,0,0,0,1,2,3,2,3,0,0,0,2,0,0,0,0
2398,AI/ML Engineer,7.27,98.8,83.9,85.6,94.9,63.9,86.8,82.8,2,2,0,0,1,1,2,0,0,0,0,0,0,0,0,0,0,1,0,0,0,0,0,0,0,0,0,0,2,0,2,0,0,0,1,1,3,0,0,0,0
2399,AI/ML Engineer,7.94,83.5,84.3,90.0,90.1,72.3,58.2,77.6,2,3,2,1,0,0,3,0,0,0,0,0,0,0,0,0,1,1,0,0,0,0,0,0,2,0,1,0,2,3,3,2,2,1,0,0,0,0,0,1,0
2400,AI/ML Engineer,7.4,89.4,90.9,85.8,83.1,63.5,96.5,82.2,2,2,1,1,1,1,3,0,0,0,0,0,0,0,0,0,0,0,0,0,0,0,0,0,0,0,0,0,2,3,3,0,1,0,1,0,1,1,0,0,0
2401,AI/ML Engineer,8.04,85.1,86.7,80.7,91.7,77.2,86.0,83.9,2,2,0,0,0,1,3,0,0,0,0,0,0,0,1,0,0,2,0,0,0,0,1,0,2,0,0,0,1,1,3,1,3,0,0,0,2,0,0,0,0
2402,AI/ML Engineer,7.87,89.6,83.3,74.7,84.9,46.7,83.8,72.5,3,2,0,0,1,0,2,0,0,1,0,0,0,0,0,0,0,0,0,0,0,0,0,0,0,0,0,0,2,0,1,2,1,0,0,0,2,1,0,0,0
2403,AI/ML Engineer,7.33,95.3,85.6,97.3,95.7,51.2,73.9,79.5,3,2,2,1,0,1,2,0,2,0,0,0,0,1,0,0,0,1,1,0,0,0,0,0,0,0,0,0,2,3,0,2,3,0,0,0,2,2,1,0,1
2404,AI/ML Engineer,7.83,91.3,91.4,76.6,88.5,88.7,90.8,86.2,1,2,0,0,1,1,3,0,0,0,0,0,1,0,0,1,0,2,0,0,0,0,1,0,0,0,2,0,2,0,0,2,2,0,0,0,2,0,0,0,0
2405,AI/ML Engineer,7.84,73.3,78.7,73.0,82.1,64.1,50.4,67.4,2,2,2,1,1,1,2,0,1,0,0,0,2,0,0,2,0,0,0,0,0,1,0,0,0,0,0,1,3,2,2,3,3,0,1,0,3,0,0,0,0
2406,AI/ML Engineer,8.9,82.6,80.6,84.1,87.0,65.7,64.0,75.2,3,2,2,1,0,0,2,0,0,0,0,0,0,0,0,0,0,3,0,0,0,0,0,0,0,0,0,0,0,2,1,3,2,0,0,0,2,0,0,0,0
2407,AI/ML Engineer,9.63,89.5,82.7,79.4,76.0,41.2,66.1,65.7,3,2,2,1,0,1,2,1,0,0,1,0,1,0,1,1,0,1,0,0,0,0,0,1,0,0,0,0,2,3,2,3,3,0,0,0,2,0,0,1,0
2408,AI/ML Engineer,7.95,89.2,90.9,100.0,83.0,65.6,60.6,77.7,1,1,2,0,1,1,3,0,0,0,0,1,1,0,0,0,0,0,0,0,2,0,2,0,0,0,0,2,2,3,3,3,3,0,0,0,0,0,0,0,0
2409,AI/ML Engineer,8.11,92.1,89.0,93.9,81.3,57.3,89.4,80.5,2,2,1,0,1,1,1,0,1,0,0,0,0,0,0,0,0,3,0,0,0,0,0,0,0,0,0,1,3,1,0,3,3,0,1,2,0,0,2,0,0
2410,AI/ML Engineer,8.23,86.8,79.2,91.9,95.2,64.4,74.4,81.5,2,3,3,1,1,1,2,0,2,0,0,0,1,1,0,0,0,1,0,0,0,0,0,0,0,0,0,0,2,3,2,2,3,0,0,0,0,0,0,1,1
2411,AI/ML Engineer,8.02,91.4,76.1,96.6,95.1,42.7,67.9,75.6,3,2,2,1,1,1,3,0,0,2,0,0,1,2,0,1,0,0,0,0,0,0,0,0,0,0,0,0,3,2,2,2,3,0,0,0,0,0,0,0,0
2412,AI/ML Engineer,7.81,92.6,79.9,87.8,90.0,67.1,74.7,79.9,1,3,1,0,1,1,1,1,0,0,0,0,0,0,0,0,0,3,0,0,0,0,0,0,2,0,1,0,1,3,3,3,2,0,0,0,0,0,0,0,0
2413,AI/ML Engineer,8.5,88.3,97.3,90.0,84.5,61.3,64.4,75.1,4,2,1,0,1,1,3,0,0,0,0,0,0,0,2,0,0,3,0,0,0,0,0,0,0,0,0,0,2,0,2,3,2,0,0,0,1,0,0,0,0
2414,AI/ML Engineer,7.77,85.9,86.1,95.9,82.2,68.7,49.7,74.1,1,1,0,0,0,1,2,0,1,0,0,0,0,0,1,2,0,2,0,0,0,0,0,0,0,0,0,0,3,3,3,3,2,0,1,1,0,0,1,0,0
2415,AI/ML Engineer,8.11,78.9,85.6,73.3,78.1,76.2,80.3,77.0,2,2,0,0,0,1,1,0,0,0,0,0,0,0,0,0,0,0,0,1,0,0,1,1,0,0,0,0,2,3,2,3,0,0,1,0,0,0,0,0,1
2416,AI/ML Engineer,7.78,86.3,87.5,89.3,77.3,58.8,61.9,71.8,1,2,0,0,0,0,3,0,0,0,0,0,0,0,0,0,0,2,0,0,0,3,0,0,0,0,0,0,2,0,0,2,1,0,0,2,2,0,2,0,0
2417,AI/ML Engineer,8.75,91.3,81.4,83.1,84.0,38.4,71.2,69.2,4,1,2,1,0,0,3,0,0,1,0,0,0,0,0,1,0,2,0,0,0,0,0,0,2,0,0,0,2,0,3,3,3,1,0,0,1,0,0,0,0
2418,AI/ML Engineer,8.8,86.7,81.0,72.8,83.1,65.2,65.8,71.7,3,2,1,1,1,1,2,1,0,0,0,1,0,0,1,0,1,2,0,0,0,0,0,0,0,0,0,0,1,3,3,3,2,0,0,0,3,0,0,0,0
2419,AI/ML Engineer,7.48,88.4,77.7,83.0,77.0,67.2,74.0,75.3,2,3,0,0,1,0,2,0,0,0,2,1,0,0,0,0,0,1,0,0,0,0,0,0,0,0,0,0,3,0,2,3,3,1,1,2,0,0,0,0,0
2420,AI/ML Engineer,9.44,86.9,86.5,85.2,89.8,68.6,55.7,74.8,2,2,1,0,1,1,3,0,0,0,0,0,0,1,0,0,0,1,0,0,1,0,0,2,0,0,0,0,2,3,2,0,2,0,2,0,3,0,0,0,0
2421,AI/ML Engineer,8.45,87.8,92.5,79.8,100.0,62.0,89.8,83.4,2,2,0,0,1,0,2,0,2,0,0,0,0,0,0,0,0,0,2,0,0,0,1,0,0,0,0,0,2,3,3,2,1,0,0,0,1,0,0,0,1
2422,AI/ML Engineer,9.29,96.2,76.7,95.0,80.5,72.0,93.9,85.3,1,3,1,1,1,1,2,0,1,0,0,0,0,0,0,0,0,0,0,2,1,0,0,0,0,0,0,0,3,3,0,3,1,0,0,1,0,0,0,0,0
2423,AI/ML Engineer,8.98,91.4,96.6,75.8,84.8,66.5,87.7,78.7,2,3,3,0,1,1,3,0,0,2,0,1,0,0,0,0,0,1,0,0,0,0,1,0,0,0,0,0,1,3,1,2,3,0,0,0,0,0,0,0,0
2424,AI/ML Engineer,7.64,93.2,89.5,93.0,74.7,60.1,86.3,78.5,2,2,0,0,1,1,3,0,0,0,0,0,0,0,0,0,0,0,0,0,0,0,0,0,0,0,2,0,2,3,2,0,3,0,0,1,2,0,0,0,0
2425,AI/ML Engineer,8.28,89.0,89.5,100.0,99.0,66.1,89.9,89.4,3,3,2,1,0,0,0,0,0,0,0,0,0,0,0,0,1,1,0,0,0,0,0,1,0,0,0,0,2,0,1,2,2,0,0,0,1,0,0,0,0
2426,AI/ML Engineer,8.75,95.4,91.5,89.8,94.3,66.7,63.4,78.5,1,2,0,0,0,1,1,0,0,0,0,0,0,0,0,0,0,1,0,0,1,0,0,0,0,0,0,2,3,0,3,2,2,0,0,0,0,0,0,0,0
2427,AI/ML Engineer,9.08,90.4,87.2,76.5,74.1,74.1,74.8,74.9,4,2,0,0,1,0,2,0,0,0,0,1,0,2,0,0,0,1,1,0,0,0,0,0,1,0,0,0,1,3,2,3,2,0,0,0,2,0,2,0,0
2428,AI/ML Engineer,8.11,99.9,84.1,99.0,84.6,86.3,81.0,87.7,3,2,3,0,0,1,2,0,1,0,0,1,0,0,0,0,0,0,0,0,0,0,0,0,0,0,0,1,2,3,1,2,3,0,1,0,0,0,0,0,0
2429,AI/ML Engineer,7.43,91.9,87.1,72.6,89.6,73.8,51.3,71.8,2,1,1,1,0,1,0,0,0,1,2,0,0,0,0,0,0,2,0,0,0,0,0,2,0,0,0,0,1,3,2,0,0,0,0,0,2,0,0,0,0
2430,AI/ML Engineer,7.75,85.7,79.6,100.0,95.2,57.6,78.3,83.0,2,2,2,0,1,1,3,0,0,0,0,0,0,0,1,0,0,2,0,0,0,0,0,0,0,1,1,0,3,3,3,3,3,0,0,0,1,0,0,0,1
2431,AI/ML Engineer,8.45,83.3,80.1,90.4,77.9,83.2,70.7,80.5,2,2,1,1,1,1,0,0,0,0,2,0,0,0,0,0,0,2,0,1,0,0,0,0,0,1,0,0,1,3,3,3,2,0,0,0,1,0,0,0,0
2432,AI/ML Engineer,8.92,66.1,83.9,91.0,98.1,85.3,63.2,84.4,1,2,2,1,1,0,3,0,0,0,0,0,0,2,0,0,0,2,0,0,0,0,0,0,1,0,0,0,3,0,3,2,3,1,0,0,2,0,0,0,0
2433,AI/ML Engineer,8.41,92.7,95.0,79.1,83.8,72.5,95.9,82.8,1,2,1,1,0,1,1,0,0,0,0,1,0,0,0,0,0,1,0,2,0,0,1,0,2,0,1,0,0,3,0,3,2,0,1,1,0,0,1,0,0
2434,AI/ML Engineer,8.56,88.5,83.0,87.7,98.1,77.0,77.8,85.2,1,2,1,0,0,1,2,2,0,0,0,0,1,0,0,0,0,3,1,0,0,0,0,1,0,0,0,0,3,3,3,2,2,0,0,0,2,0,1,0,0
2435,AI/ML Engineer,8.21,87.8,77.4,71.7,100.0,52.4,69.6,73.5,2,3,0,0,1,1,2,0,0,0,0,0,0,0,0,0,1,2,0,0,0,0,0,0,0,0,0,2,3,3,3,3,2,0,2,0,1,0,0,0,0
2436,AI/ML Engineer,8.99,90.9,85.9,83.1,76.1,68.7,78.6,76.6,2,2,2,0,1,1,2,0,0,1,0,2,0,0,1,0,0,3,2,0,0,0,0,0,1,0,0,0,3,2,3,2,3,1,0,0,3,0,0,0,0
2437,AI/ML Engineer,7.59,84.5,66.7,86.9,76.1,60.4,100.0,81.3,2,3,1,1,1,1,3,0,0,0,1,1,0,0,0,0,0,1,0,0,0,0,0,0,0,0,0,1,3,2,2,2,1,0,0,0,0,0,0,0,0
2438,AI/ML Engineer,8.43,91.2,81.7,78.6,78.2,65.8,61.6,71.1,3,2,1,1,1,1,3,0,0,2,1,2,0,0,0,0,0,3,0,0,0,0,0,0,0,1,0,0,2,2,3,3,2,1,0,0,0,0,0,0,0
2439,AI/ML Engineer,7.45,92.7,89.6,86.4,79.7,61.1,75.9,75.8,2,2,2,0,1,1,2,0,0,0,1,0,0,1,0,0,0,1,0,0,0,2,0,0,0,2,0,0,3,2,3,3,3,0,2,0,0,0,0,0,0
2440,AI/ML Engineer,8.08,100.0,85.3,83.8,82.2,60.3,67.0,73.3,4,2,0,0,1,1,3,0,2,1,0,0,0,0,1,0,0,2,0,0,0,0,0,0,0,0,1,2,0,2,2,0,3,0,1,0,3,1,0,0,0
2441,AI/ML Engineer,8.62,86.8,86.9,79.8,80.5,42.1,76.5,69.7,4,2,2,1,1,1,3,0,1,0,0,0,0,0,0,0,0,3,0,0,0,0,0,0,1,1,0,0,3,3,2,3,2,0,0,0,0,0,0,0,0
2442,AI/ML Engineer,7.8,95.7,90.8,72.9,78.3,58.0,85.8,73.8,3,1,1,1,1,0,3,0,0,0,0,0,0,0,0,0,2,0,0,0,0,0,0,0,0,0,0,0,0,0,3,2,3,0,0,0,3,0,0,0,2
2443,AI/ML Engineer,7.19,90.6,88.7,82.2,85.9,69.2,70.6,77.0,2,2,1,0,1,0,2,0,0,3,0,0,0,0,0,0,0,3,1,0,0,1,0,0,0,0,1,2,1,3,1,3,3,0,0,1,2,1,0,0,0
2444,AI/ML Engineer,8.6,85.1,83.4,73.9,96.4,68.9,69.2,77.1,4,1,0,0,1,1,2,0,0,0,0,0,0,0,0,0,0,2,0,0,1,0,0,0,0,0,0,0,3,2,2,2,3,0,0,0,3,0,0,0,0
2445,AI/ML Engineer,8.52,83.9,92.9,77.0,84.9,63.3,75.4,75.2,1,1,1,1,1,1,2,0,0,0,0,0,1,0,2,0,0,2,0,0,2,0,0,0,1,0,0,0,1,2,1,2,3,1,0,1,1,0,1,0,0
2446,AI/ML Engineer,8.55,92.9,93.3,73.2,82.9,72.6,78.2,76.7,2,2,0,0,1,1,3,0,1,0,1,2,1,0,0,0,0,3,0,0,0,0,0,0,0,0,0,0,3,0,2,0,2,0,0,0,0,0,0,0,0
2447,AI/ML Engineer,8.41,94.2,89.8,78.0,77.6,79.1,61.1,74.0,2,1,3,1,0,0,2,0,0,0,0,0,0,0,2,0,0,0,0,1,0,0,0,0,0,0,0,0,3,2,1,2,3,0,0,0,2,0,0,0,0
2448,AI/ML Engineer,8.27,84.3,85.7,68.5,99.6,67.3,82.6,79.5,2,2,2,0,1,1,3,2,0,0,0,0,0,0,0,2,0,0,1,0,0,0,1,0,0,0,0,0,3,3,2,3,0,0,0,0,2,0,0,0,0
2449,AI/ML Engineer,7.86,87.5,82.5,88.4,86.4,70.6,75.9,80.3,2,1,3,1,1,1,1,0,0,0,0,0,1,2,0,0,0,0,0,0,0,0,0,1,0,0,0,1,0,0,3,0,0,1,0,0,3,1,0,0,0
2450,AI/ML Engineer,8.89,99.1,89.0,95.6,94.5,60.0,91.2,85.3,3,2,1,1,1,1,3,1,1,0,0,2,0,0,0,2,0,3,0,0,0,0,0,0,0,0,0,0,2,2,2,2,2,0,0,0,1,0,0,0,0
2451,AI/ML Engineer,8.18,92.2,89.8,89.9,82.6,81.3,86.6,85.1,0,1,1,0,1,1,3,0,0,0,0,1,0,0,0,0,0,2,0,1,0,1,2,0,0,0,0,0,3,0,1,3,2,0,0,0,0,1,0,0,0
2452,AI/ML Engineer,6.71,85.7,77.5,83.4,76.0,65.8,80.4,76.4,3,3,2,1,0,1,1,1,1,0,0,0,0,0,0,0,1,2,0,0,0,0,0,0,0,0,2,0,2,2,3,2,3,0,0,0,2,0,0,0,0
2453,AI/ML Engineer,8.68,86.8,82.2,72.2,90.7,80.1,67.2,77.5,3,3,0,0,1,1,2,0,0,0,0,0,0,0,0,0,0,2,1,0,0,0,2,0,2,0,0,0,3,3,1,2,2,0,0,0,3,1,0,0,2
2454,AI/ML Engineer,8.09,88.8,79.0,87.0,84.5,66.1,74.8,78.1,2,3,3,0,1,1,2,0,0,2,0,0,0,0,0,0,0,2,1,0,0,0,0,0,0,0,0,0,3,1,2,2,3,0,0,0,1,3,0,0,0
2455,AI/ML Engineer,9.27,90.3,84.5,86.3,79.6,66.8,80.2,78.2,2,2,2,1,1,1,3,0,1,0,0,0,0,0,0,1,0,3,0,0,1,0,0,0,0,0,0,0,2,1,3,2,2,0,0,0,1,0,0,1,0
2456,AI/ML Engineer,8.25,88.5,80.6,82.6,94.7,60.5,83.4,80.3,0,3,0,0,1,1,2,1,0,0,0,0,0,1,0,0,0,1,0,0,1,0,0,0,2,0,0,0,0,3,0,1,3,1,0,0,1,0,2,0,0
2457,AI/ML Engineer,9.35,92.6,89.7,89.9,99.6,89.6,70.9,87.5,2,2,0,0,0,1,3,0,0,0,0,2,0,0,2,0,0,2,0,0,0,0,0,0,2,0,0,0,2,2,2,2,2,0,1,0,1,0,0,0,0
2458,AI/ML Engineer,8.62,91.6,82.7,81.9,100.0,79.6,81.0,86.4,3,2,0,0,1,1,3,1,0,0,1,0,0,2,0,0,0,0,0,0,0,0,0,0,1,1,0,0,2,3,2,2,2,0,0,2,3,0,0,0,0
2459,AI/ML Engineer,8.45,94.6,84.0,74.6,87.9,82.5,84.3,82.3,3,3,1,0,1,1,2,0,0,0,0,0,0,0,0,0,0,2,0,2,2,1,0,0,0,0,0,0,3,3,2,2,3,0,0,0,2,0,0,0,0
2460,AI/ML Engineer,8.47,90.5,85.4,81.8,76.0,69.6,70.3,74.4,1,3,1,1,1,1,3,0,0,1,2,0,0,0,0,0,1,2,0,0,0,0,1,0,0,0,0,0,2,3,2,1,2,0,0,0,3,0,0,0,0
2461,AI/ML Engineer,8.27,84.6,78.0,86.1,89.4,70.5,75.6,80.4,2,3,2,1,1,0,3,0,0,0,0,0,0,0,0,0,0,0,0,0,0,2,2,0,0,1,0,0,1,2,0,2,3,0,0,0,0,0,0,0,0
2462,AI/ML Engineer,8.47,87.6,82.0,77.0,87.9,67.2,73.9,76.5,3,3,3,1,1,1,2,0,0,0,0,0,0,0,0,0,0,0,0,2,0,0,0,0,1,1,0,2,3,2,3,2,2,0,0,0,2,0,0,0,0
2463,AI/ML Engineer,8.89,86.1,81.5,78.1,79.2,69.2,67.3,73.5,3,1,2,1,0,1,1,2,0,1,0,1,0,0,0,0,0,1,0,2,0,0,0,0,0,0,0,3,2,1,3,3,3,0,0,0,2,0,0,0,0
2464,AI/ML Engineer,8.13,94.0,88.5,81.1,88.7,74.2,78.9,80.7,2,3,1,1,0,1,0,0,0,1,0,0,0,0,0,0,2,2,0,0,0,0,1,1,0,2,0,0,3,2,2,3,0,0,0,0,2,0,0,0,1
2465,AI/ML Engineer,8.05,94.2,74.5,85.5,95.9,58.7,66.3,76.6,2,1,2,1,1,1,3,1,0,0,0,1,0,0,1,2,0,0,0,0,0,0,0,2,0,1,0,0,2,3,2,3,2,0,0,0,2,0,0,1,0
2466,AI/ML Engineer,8.07,80.9,65.8,89.0,95.7,58.3,100.0,85.8,1,2,1,0,1,1,3,0,0,0,0,0,1,0,0,0,0,1,0,0,0,0,1,1,0,0,0,0,2,3,2,2,2,0,0,0,0,0,1,0,0
2467,AI/ML Engineer,9.28,87.6,89.8,77.1,79.9,92.1,75.5,81.2,4,1,2,1,0,1,2,1,0,0,1,0,0,1,2,0,1,2,1,0,0,0,2,0,0,0,0,0,2,2,1,3,2,0,2,0,0,0,0,0,2
2468,AI/ML Engineer,9.31,82.1,86.0,93.6,89.3,69.6,53.7,76.5,2,3,0,0,1,1,1,0,0,0,0,0,0,0,0,0,0,3,0,1,2,0,0,2,1,0,0,0,3,2,2,3,3,0,0,0,0,0,0,0,0
2469,AI/ML Engineer,8.79,92.1,85.5,76.3,80.4,63.5,67.4,71.9,2,1,1,1,1,1,3,0,0,0,0,0,0,0,0,0,0,2,0,0,0,0,0,1,2,0,0,0,3,3,2,3,3,0,0,0,0,0,0,0,0
2470,AI/ML Engineer,7.4,93.2,79.4,76.3,80.6,59.6,69.3,71.4,3,1,1,1,1,1,1,0,0,0,0,0,0,0,0,0,0,0,0,0,0,0,0,2,0,0,0,0,3,3,2,2,3,0,0,0,0,0,0,1,0
2471,AI/ML Engineer,7.93,85.3,86.2,70.1,91.7,74.0,80.2,79.0,4,2,2,0,1,1,2,1,0,0,0,0,0,0,1,0,0,2,1,0,0,2,1,0,0,1,0,0,3,3,3,3,3,0,1,0,0,0,0,0,0
2472,AI/ML Engineer,8.01,93.7,76.6,76.4,82.7,72.3,85.0,79.1,1,2,2,1,0,1,0,0,0,0,1,1,0,0,0,0,0,1,0,0,0,1,0,0,0,2,0,0,1,2,2,2,1,0,2,0,0,0,2,0,0
2473,AI/ML Engineer,7.83,92.1,77.9,83.9,67.0,61.1,77.8,72.5,2,3,0,0,1,1,1,0,0,0,0,1,2,0,1,0,0,3,0,0,0,0,0,0,0,0,2,0,1,0,2,2,3,0,0,0,1,0,0,1,0
2474,AI/ML Engineer,7.8,89.9,86.0,79.9,87.8,71.8,70.4,77.5,2,2,0,0,1,1,0,1,1,0,0,1,0,1,1,0,2,1,0,1,0,0,0,0,0,0,0,0,3,2,0,2,2,2,0,0,3,0,0,0,0
2475,AI/ML Engineer,7.51,93.2,86.1,82.4,90.8,48.7,56.7,69.6,1,2,2,0,1,1,2,0,0,0,2,0,0,0,0,0,0,2,0,0,0,0,0,1,0,1,0,0,2,0,3,3,2,0,0,0,0,0,0,0,0
2476,AI/ML Engineer,8.64,90.3,92.8,76.9,93.9,68.6,58.8,74.5,2,2,1,1,0,1,2,2,0,0,0,1,1,0,0,1,0,0,0,0,2,0,0,0,2,0,0,1,3,2,0,2,2,0,0,0,0,0,0,0,0
2477,AI/ML Engineer,7.89,89.3,89.4,87.7,72.4,67.9,88.8,79.2,1,3,1,0,1,1,1,0,0,0,0,0,1,0,0,0,0,2,0,0,0,0,0,0,1,0,0,0,1,0,3,2,2,0,0,0,2,0,0,0,0
2478,AI/ML Engineer,7.85,88.1,74.3,81.7,90.0,63.8,66.5,75.5,3,2,2,0,0,1,3,0,1,2,1,0,2,0,0,0,0,3,0,0,0,2,0,0,0,2,0,0,3,3,2,3,2,0,0,0,1,0,1,0,0
2479,AI/ML Engineer,8.12,87.5,95.0,77.6,85.1,65.2,84.5,78.1,2,3,0,0,1,0,1,0,0,0,0,0,0,0,2,0,0,2,0,0,0,0,0,3,1,2,0,0,2,0,3,2,0,0,0,1,0,0,0,0,1
2480,AI/ML Engineer,7.94,87.2,78.7,100.0,67.7,70.9,58.6,74.8,0,1,2,1,1,1,3,2,0,1,1,0,0,0,0,0,0,0,0,0,0,0,0,0,0,0,0,0,2,3,1,3,1,0,0,2,0,0,1,0,1
2481,AI/ML Engineer,8.74,85.0,84.7,85.0,96.9,66.9,79.6,82.1,2,2,0,0,1,0,2,0,0,0,1,0,0,0,2,0,0,0,1,0,0,0,0,0,0,0,0,0,2,2,3,3,3,2,2,0,3,0,1,0,0
2482,AI/ML Engineer,7.96,79.0,72.7,65.3,94.9,69.3,81.2,77.7,3,2,2,0,0,1,3,0,0,0,0,0,0,0,0,0,0,2,0,0,0,0,0,0,0,0,2,2,0,3,3,3,2,0,0,0,0,0,0,0,0
2483,AI/ML Engineer,8.76,93.8,90.0,74.6,85.2,72.2,87.3,79.8,3,1,2,1,1,0,1,1,0,0,0,0,0,0,0,0,0,2,0,2,1,0,0,0,0,0,0,0,2,3,3,2,3,0,0,0,2,0,0,0,0
2484,AI/ML Engineer,7.61,79.3,73.1,69.8,98.7,83.9,93.1,86.4,3,3,2,1,1,1,2,0,0,0,0,0,0,0,0,0,0,0,0,1,0,0,0,0,0,0,0,0,3,3,0,3,3,0,0,2,0,0,0,3,0
2485,AI/ML Engineer,8.31,78.5,82.1,71.1,78.3,46.9,92.0,72.1,2,1,1,1,1,1,2,0,2,0,0,0,0,0,0,0,0,0,0,0,0,0,0,0,0,0,2,0,3,0,1,1,3,0,0,0,0,0,0,0,0
2486,AI/ML Engineer,8.51,93.9,87.6,95.9,79.4,66.6,76.0,79.5,2,2,1,1,0,1,2,0,0,0,0,0,0,0,0,0,0,0,0,1,0,0,0,0,0,0,0,1,2,3,0,2,3,0,0,0,0,0,0,0,1
2487,AI/ML Engineer,9.2,90.5,85.2,69.6,92.7,43.8,76.4,70.6,0,3,0,0,1,1,2,0,0,0,0,0,0,0,0,0,0,0,1,0,2,0,0,0,2,0,0,0,1,3,3,2,0,0,0,0,0,0,0,1,1
2488,AI/ML Engineer,8.65,86.6,83.7,93.4,84.7,68.6,87.7,83.6,1,3,2,0,1,1,3,0,0,0,0,0,0,0,0,1,0,0,0,0,0,0,0,1,0,0,0,0,2,3,0,0,3,0,0,0,3,0,0,0,0
2489,AI/ML Engineer,8.43,92.7,92.6,90.6,85.3,74.2,75.2,81.3,3,1,2,1,0,1,2,0,0,0,0,0,0,1,1,0,0,0,0,2,1,0,0,0,0,0,2,0,2,2,0,3,3,0,0,0,0,0,0,0,2
2490,AI/ML Engineer,6.82,87.4,79.4,82.3,82.0,71.6,90.0,81.5,2,1,2,0,1,0,2,0,0,0,0,0,0,0,0,0,0,3,0,0,0,0,0,0,0,0,1,0,3,3,3,1,2,0,0,0,2,0,0,0,0
2491,AI/ML Engineer,8.42,81.0,77.0,70.8,83.4,65.7,75.5,73.8,0,3,2,0,1,1,1,0,0,0,0,0,0,0,0,0,0,1,0,0,0,0,1,0,0,1,0,0,3,0,1,2,3,0,0,0,0,0,0,0,0
2492,AI/ML Engineer,7.7,98.9,77.2,81.9,89.3,72.7,75.5,79.8,4,3,0,0,0,1,3,0,0,0,0,0,0,0,0,2,0,2,0,1,0,0,0,0,2,1,0,0,3,3,2,3,2,0,0,0,3,2,0,2,0
2493,AI/ML Engineer,9.39,94.4,87.6,69.4,89.9,71.8,81.9,78.2,1,3,2,0,1,1,3,0,0,0,2,0,0,0,1,1,0,2,0,0,0,0,0,0,0,0,0,0,2,3,2,1,2,0,1,0,0,0,0,0,0
2494,AI/ML Engineer,8.09,85.7,94.4,76.6,84.5,55.3,68.5,71.2,3,1,2,1,1,0,2,0,0,0,0,0,1,0,0,2,0,0,0,1,0,2,1,0,1,0,0,0,2,0,1,0,1,0,0,0,0,1,1,0,0
2495,AI/ML Engineer,8.72,93.9,91.8,75.9,96.9,55.3,86.1,78.6,3,1,1,1,1,1,2,0,0,0,0,1,1,0,0,0,0,0,0,0,2,0,0,2,0,1,0,0,3,3,0,1,3,0,1,0,0,0,0,0,0
2496,AI/ML Engineer,7.74,78.0,95.0,83.9,100.0,69.6,81.9,84.2,1,2,1,1,1,1,3,0,0,0,0,2,1,0,1,0,0,0,2,0,1,0,1,0,3,0,0,1,2,2,2,0,3,0,0,0,2,0,1,0,0
2497,AI/ML Engineer,7.95,77.3,85.5,80.6,86.3,59.4,84.4,77.7,1,2,3,0,1,0,3,0,0,2,0,0,0,0,0,0,0,0,0,0,1,0,3,2,0,2,0,1,3,3,0,3,3,0,0,0,2,0,1,0,0
2498,AI/ML Engineer,8.18,86.2,82.9,73.6,81.1,67.3,66.4,72.1,2,2,2,1,1,0,3,0,0,0,0,0,0,0,0,0,0,3,0,0,0,1,2,1,0,0,0,0,2,0,1,3,2,0,0,0,0,0,0,0,0
2499,AI/ML Engineer,8.09,88.8,81.0,80.5,94.9,75.1,82.1,83.2,0,2,2,1,1,1,2,2,0,0,0,0,0,0,0,0,0,3,1,0,0,0,0,0,0,0,0,0,2,1,2,2,2,0,0,0,0,0,2,0,0
2500,AI/ML Engineer,8.42,86.8,86.9,80.7,91.9,95.6,86.9,88.8,2,2,2,1,1,1,2,0,0,0,0,0,0,0,0,0,0,1,0,1,0,0,0,0,0,0,0,0,3,1,0,2,3,0,0,0,2,0,0,0,2
2501,AI/ML Engineer,7.99,82.0,89.2,85.4,72.3,58.1,95.3,77.8,3,2,2,1,0,1,1,0,0,0,0,0,0,2,0,1,0,1,0,2,0,0,0,2,1,1,0,0,3,1,3,3,2,0,0,0,0,2,0,0,0
2502,AI/ML Engineer,8.78,85.5,86.6,68.6,83.7,86.7,63.8,75.7,3,3,3,1,1,1,1,0,0,0,0,0,0,1,0,0,0,2,0,0,0,0,1,0,0,2,0,0,3,2,3,0,2,2,0,0,0,0,0,0,0
2503,AI/ML Engineer,9.89,94.2,75.6,86.6,82.3,73.0,87.2,82.3,2,2,2,0,1,1,2,0,1,0,0,1,0,1,0,0,2,0,0,0,0,1,0,0,0,0,0,0,1,2,3,3,2,0,0,0,0,0,2,0,0
2504,AI/ML Engineer,7.9,91.5,83.7,85.0,80.3,58.3,54.1,69.4,3,1,0,0,1,1,2,0,1,1,0,0,0,0,0,0,0,3,1,0,0,1,0,0,0,2,0,0,3,1,3,1,3,0,0,0,1,0,0,0,0
2505,AI/ML Engineer,8.14,77.9,79.4,66.5,88.9,66.4,91.8,78.4,2,2,1,0,1,1,2,0,0,0,0,0,0,0,1,0,1,0,1,0,0,0,0,0,0,1,0,2,2,2,0,1,0,0,0,0,2,0,0,0,0
2506,AI/ML Engineer,8.81,91.2,85.4,66.6,94.1,86.5,74.0,80.3,2,2,0,0,1,1,3,0,0,0,0,0,0,0,0,0,0,3,0,0,0,2,0,1,0,0,0,0,3,2,1,3,2,0,0,0,0,0,1,0,0
2507,AI/ML Engineer,7.89,90.8,82.1,77.4,83.9,63.6,66.1,72.8,0,1,0,0,1,1,2,0,0,1,0,1,0,0,2,1,0,2,0,0,0,0,0,0,0,0,1,0,1,3,3,2,2,0,0,0,0,0,0,1,1
2508,AI/ML Engineer,8.45,88.5,91.2,87.1,96.6,66.7,86.8,84.3,1,1,0,0,0,1,2,0,0,0,2,0,0,0,1,0,0,0,0,2,0,0,0,0,0,1,0,0,2,2,2,3,3,0,0,0,3,0,0,0,0
2509,AI/ML Engineer,8.03,87.5,88.7,85.5,92.9,91.6,75.4,86.3,2,1,2,0,0,1,3,0,2,0,0,0,1,1,1,0,0,2,0,0,0,0,0,0,0,0,0,0,0,1,2,3,3,0,0,1,3,0,0,0,1
2510,AI/ML Engineer,7.23,85.9,96.5,67.3,88.0,80.6,79.0,78.7,1,3,2,1,1,1,2,0,0,0,1,0,0,0,1,0,0,0,0,0,1,0,0,0,0,0,0,0,2,2,3,1,2,0,0,1,2,0,0,0,0
2511,AI/ML Engineer,8.78,81.5,76.8,89.3,71.0,76.0,51.9,72.0,2,3,2,1,1,1,3,0,2,0,0,0,0,0,0,0,0,3,1,2,1,0,0,0,2,0,0,0,3,2,3,3,2,0,0,1,1,0,0,0,0
2512,AI/ML Engineer,7.62,86.6,80.4,92.7,85.2,79.5,76.7,83.5,3,3,0,0,1,1,3,0,0,0,1,0,0,0,0,0,0,2,0,0,0,0,0,0,0,0,0,0,1,2,2,3,3,0,0,0,0,0,0,1,0
2513,AI/ML Engineer,8.21,86.0,72.6,73.5,81.0,76.3,79.9,77.7,4,2,0,0,1,1,1,0,0,0,0,0,0,0,0,1,0,1,2,0,0,0,0,0,0,0,2,0,1,2,1,3,1,0,0,0,2,0,1,0,0
2514,AI/ML Engineer,9.07,84.4,85.6,83.8,96.4,70.4,53.8,76.1,1,3,1,1,0,1,3,0,0,0,0,2,2,0,2,0,0,2,0,0,0,2,0,0,0,0,2,0,3,0,3,2,3,0,0,0,2,0,0,2,1
2515,AI/ML Engineer,8.74,97.5,87.2,85.8,78.2,86.8,77.3,82.0,1,1,3,1,1,1,1,0,0,0,0,0,0,0,1,0,0,1,0,1,0,0,1,0,0,0,0,0,3,3,2,2,2,0,0,0,3,0,0,0,0
2516,AI/ML Engineer,8.21,93.3,83.1,88.1,84.5,76.1,56.8,76.4,1,2,1,1,1,1,3,0,0,0,0,0,0,0,0,0,0,3,0,1,2,0,0,0,0,0,0,0,1,3,2,0,2,0,0,0,0,0,1,0,2
2517,AI/ML Engineer,8.17,82.4,76.6,98.7,95.8,57.4,68.3,80.0,2,2,2,1,1,1,2,0,0,0,0,0,0,2,0,0,1,2,0,1,0,0,0,0,2,0,0,0,0,2,3,1,2,0,0,0,1,0,2,0,0
2518,AI/ML Engineer,8.4,94.7,88.4,88.7,70.5,69.9,68.1,74.3,1,2,1,1,1,1,1,0,1,0,0,0,0,1,0,0,0,0,0,0,0,0,0,1,1,2,0,0,1,2,2,2,0,0,0,2,2,0,0,1,0
2519,AI/ML Engineer,7.61,100.0,77.4,81.3,99.2,53.3,63.7,74.4,1,3,0,0,0,1,3,0,0,0,0,0,2,0,0,0,0,0,2,0,0,1,0,0,0,1,0,0,3,0,2,3,2,0,0,0,0,2,0,0,2
2520,AI/ML Engineer,7.52,83.1,87.2,77.5,74.9,73.9,78.8,76.3,2,2,1,1,1,1,2,0,2,0,0,0,0,0,0,0,0,3,0,0,1,0,2,1,0,1,0,0,2,1,2,3,3,1,0,1,3,0,1,0,0
2521,AI/ML Engineer,8.89,88.9,86.2,88.3,94.6,70.1,83.5,84.1,2,2,2,1,1,1,2,0,0,0,0,0,0,0,0,0,0,2,0,0,0,0,0,0,0,1,1,0,2,1,3,3,0,0,0,0,2,0,0,0,0
2522,AI/ML Engineer,7.88,84.6,87.7,66.8,80.7,58.5,83.4,72.3,3,3,1,1,0,1,2,0,1,0,0,0,0,1,0,1,0,0,2,0,0,0,1,0,1,0,0,0,3,0,2,2,3,0,0,2,3,0,0,0,0
2523,AI/ML Engineer,8.07,92.0,82.6,75.2,94.4,81.6,72.3,80.9,2,2,0,0,0,1,2,1,0,0,0,1,0,0,0,0,0,0,0,0,0,1,0,2,0,0,2,0,3,0,3,0,3,0,0,0,0,0,0,0,0
2524,AI/ML Engineer,7.69,97.3,81.4,65.2,86.8,60.9,62.1,68.8,2,3,1,1,1,1,3,0,0,2,0,0,0,0,0,0,0,0,0,0,0,0,0,0,0,0,0,0,3,2,2,3,3,0,0,0,1,0,0,0,0
2525,AI/ML Engineer,8.28,80.9,88.8,100.0,94.4,90.8,77.1,92.5,1,1,1,1,1,0,3,0,0,0,0,0,0,0,0,0,0,0,0,0,0,0,0,0,0,0,0,0,3,0,2,1,2,0,1,0,0,0,0,0,2
2526,AI/ML Engineer,7.22,85.6,61.1,100.0,85.9,61.5,57.6,78.0,3,2,2,1,1,1,3,0,1,0,0,0,0,0,0,0,0,0,0,0,0,0,0,0,0,0,0,1,2,2,3,2,1,0,0,0,1,0,0,0,0
2527,AI/ML Engineer,8.74,83.3,89.6,78.0,74.6,87.6,82.7,80.7,4,3,2,1,1,1,3,0,0,0,0,0,0,0,0,0,0,0,0,0,0,0,0,0,0,0,0,0,2,1,1,3,2,0,0,0,3,0,0,0,0
2528,AI/ML Engineer,8.73,83.0,78.0,86.3,88.3,85.5,59.2,79.8,3,2,2,1,1,1,3,0,0,0,0,0,0,0,1,0,0,0,2,0,1,0,0,0,1,0,1,0,2,3,0,3,3,1,0,0,3,0,1,0,0
2529,AI/ML Engineer,8.45,85.3,78.6,85.9,75.9,52.9,72.5,71.8,2,1,1,1,1,1,2,0,0,0,0,0,0,0,1,0,0,0,0,0,0,0,0,0,0,0,0,0,3,2,3,1,3,0,0,0,1,0,0,0,0
2530,AI/ML Engineer,8.37,100.0,86.7,75.2,85.4,74.5,55.2,72.6,3,2,1,1,1,1,3,0,0,0,2,0,0,0,0,0,0,0,0,0,1,0,0,0,0,2,0,0,3,0,2,2,2,0,0,0,0,1,0,0,0
2531,AI/ML Engineer,9.2,86.3,80.1,69.2,98.7,49.6,68.9,71.6,3,1,2,0,0,1,1,0,0,1,0,0,0,0,0,2,0,0,0,2,0,0,0,2,0,0,0,0,2,3,3,2,2,0,0,0,2,0,0,0,0
2532,AI/ML Engineer,7.67,86.6,76.6,95.8,95.2,72.8,86.4,87.6,3,1,1,1,1,1,2,0,0,1,0,1,1,0,0,2,0,0,0,0,0,0,0,0,0,1,2,0,3,0,0,2,3,0,0,0,3,0,0,0,0
2533,AI/ML Engineer,8.56,83.8,96.8,79.1,90.0,76.7,59.7,76.4,2,2,2,1,1,1,2,1,0,2,0,0,0,0,0,0,1,2,0,0,0,0,0,0,1,0,0,2,2,3,3,3,2,0,0,2,0,0,0,0,0
2534,AI/ML Engineer,8.05,87.0,90.9,86.0,75.7,64.5,76.9,75.8,0,2,2,1,1,1,2,0,0,0,0,0,0,1,3,0,0,2,0,1,0,0,0,2,1,1,0,0,0,2,1,0,3,0,0,0,0,0,0,0,2
2535,AI/ML Engineer,8.92,87.9,78.8,80.5,85.1,64.3,78.8,77.2,4,2,0,0,1,0,2,0,0,0,0,0,0,0,0,0,0,0,0,0,0,0,0,0,0,0,0,0,3,0,2,3,2,0,0,1,0,0,0,0,0
2536,AI/ML Engineer,8.23,87.7,90.1,85.6,81.2,63.6,85.6,79.0,2,2,0,0,1,1,1,0,0,0,0,0,0,0,0,0,0,2,0,0,0,0,0,2,0,0,0,0,1,3,1,3,3,0,0,0,2,0,0,0,0
2537,AI/ML Engineer,8.11,97.4,81.4,78.7,73.0,58.8,75.8,71.6,1,2,1,0,1,1,2,0,0,0,0,0,0,0,0,0,0,3,0,0,1,0,0,0,0,0,0,0,0,2,0,3,2,1,0,0,1,0,0,0,0
2538,AI/ML Engineer,7.92,87.5,99.6,69.2,87.9,91.4,74.5,80.8,3,1,2,1,0,1,2,0,0,1,0,0,0,0,0,0,0,1,0,0,0,0,0,0,0,0,0,0,0,2,1,3,1,0,0,0,0,1,0,0,2
2539,AI/ML Engineer,8.23,83.3,90.5,71.9,77.8,58.9,79.1,71.9,3,1,2,1,0,1,3,0,0,0,0,0,1,0,0,0,0,2,0,0,1,0,0,0,1,0,0,0,1,3,0,2,2,0,0,2,0,0,0,1,0
2540,AI/ML Engineer,7.8,83.8,84.6,80.3,81.8,70.8,60.3,73.3,3,2,1,0,1,1,3,1,0,0,0,0,0,0,0,1,0,0,0,0,0,0,0,0,0,0,0,1,1,0,0,3,3,0,0,1,3,0,0,2,0
2541,AI/ML Engineer,8.5,88.4,75.2,98.0,86.3,54.8,40.0,69.8,2,2,1,0,1,1,2,0,0,0,0,0,0,2,0,0,0,3,0,1,0,0,0,0,0,0,1,0,2,1,2,3,2,0,0,0,0,2,0,0,0
2542,AI/ML Engineer,7.48,84.0,87.6,85.8,100.0,57.5,67.5,78.7,1,2,0,0,1,0,3,0,0,0,0,0,0,0,0,0,0,3,0,0,2,0,0,0,0,0,0,1,0,1,2,2,3,0,0,0,0,0,0,0,0
2543,AI/ML Engineer,8.69,78.9,86.2,92.6,90.5,71.7,74.1,82.2,2,3,2,0,0,1,2,0,0,0,0,0,0,0,0,0,0,2,0,0,0,0,0,0,0,0,0,0,2,3,0,0,3,1,0,0,1,1,1,0,1
2544,AI/ML Engineer,7.88,87.7,69.1,77.5,98.2,87.6,82.1,86.3,2,2,2,0,0,1,2,0,0,0,0,0,0,0,0,0,2,0,0,0,0,0,0,0,0,1,1,1,2,1,2,3,3,0,0,0,0,0,0,0,1
2545,AI/ML Engineer,8.23,95.6,89.3,67.8,87.2,63.7,77.3,74.0,2,2,3,1,1,1,2,0,0,0,0,0,0,1,1,0,0,3,0,0,2,0,0,0,0,0,0,0,1,3,1,3,0,1,0,0,3,0,0,0,0
2546,AI/ML Engineer,9.57,83.8,66.8,79.2,82.8,70.6,67.9,75.1,3,1,1,1,0,1,2,0,0,0,1,0,0,2,2,0,1,0,0,0,0,0,0,0,0,0,0,0,3,3,2,2,2,0,0,2,2,0,0,0,0
2547,AI/ML Engineer,8.6,83.6,84.6,90.4,80.6,54.6,89.9,78.9,1,2,1,1,1,0,0,0,2,0,0,0,0,2,0,0,0,0,0,0,0,0,0,0,0,1,0,0,0,3,3,3,2,0,1,0,2,0,0,1,0
2548,AI/ML Engineer,7.13,93.0,85.5,83.9,81.3,58.8,87.6,77.9,2,2,1,1,1,1,3,1,1,0,2,0,1,0,0,0,0,1,0,0,0,1,0,0,0,0,3,0,2,0,2,0,0,1,0,0,1,0,0,0,0
2549,AI/ML Engineer,7.78,99.3,96.3,79.3,90.2,60.7,56.3,71.6,3,3,0,0,1,0,2,0,0,0,2,1,0,0,0,0,0,2,0,0,2,0,0,0,0,0,0,0,0,3,2,3,3,0,0,0,0,0,0,0,0
2550,AI/ML Engineer,9.56,82.8,68.2,94.9,92.2,56.6,69.0,78.2,2,3,0,0,1,1,2,3,0,1,2,0,1,0,0,1,0,2,1,0,0,1,0,0,0,0,0,0,2,3,3,2,3,0,0,0,3,2,0,1,0
2551,AI/ML Engineer,6.94,78.5,100.0,76.3,95.3,60.4,68.9,75.2,2,2,0,0,0,1,2,0,0,0,0,0,0,0,0,0,0,0,1,0,0,0,0,1,0,1,0,0,2,0,2,3,3,0,0,0,0,0,1,1,0
2552,AI/ML Engineer,7.29,87.4,93.3,75.8,88.6,68.0,89.3,80.4,2,3,1,1,1,1,1,0,0,0,0,0,1,0,0,0,0,3,0,0,0,0,0,0,0,0,0,0,3,2,2,2,0,0,0,0,0,0,0,0,0
2553,AI/ML Engineer,6.94,94.3,87.3,92.9,73.5,60.6,70.1,74.3,2,1,3,0,0,1,2,0,0,0,0,0,2,0,0,0,0,2,0,0,0,0,0,0,0,3,0,0,3,3,0,3,2,0,0,0,2,0,0,0,0
2554,AI/ML Engineer,7.96,85.5,79.5,96.3,83.0,58.0,59.9,74.3,2,2,3,1,1,1,3,0,1,0,0,0,1,0,0,0,0,2,0,0,0,1,0,0,0,0,0,0,1,2,2,3,0,0,0,0,0,0,1,0,0
2555,AI/ML Engineer,8.27,88.1,86.2,79.2,84.0,69.6,71.2,76.0,3,3,2,1,0,1,2,0,2,0,2,0,0,0,0,0,0,2,0,2,0,0,0,0,0,0,0,0,3,2,1,1,3,2,0,0,2,0,0,1,0
2556,AI/ML Engineer,8.85,91.4,85.2,77.7,77.4,82.2,73.5,77.7,4,2,1,1,0,1,2,2,0,0,0,0,0,0,0,0,2,2,0,0,0,0,0,0,0,1,0,0,0,2,3,3,3,2,0,2,2,1,0,0,0
2557,AI/ML Engineer,8.44,93.9,99.6,89.2,72.6,85.3,68.1,78.8,3,3,2,1,1,0,3,0,0,1,0,0,0,0,0,0,0,2,0,0,1,0,0,0,1,0,0,0,0,0,2,3,3,2,0,2,2,2,0,0,0
2558,AI/ML Engineer,8.56,80.5,90.8,79.3,82.2,68.3,75.0,76.2,1,3,0,0,1,0,1,0,2,0,1,0,0,0,0,0,0,3,0,1,0,2,1,0,0,0,0,0,2,2,1,3,0,0,0,0,1,0,0,0,0
2559,AI/ML Engineer,8.38,94.3,85.1,73.0,75.5,75.6,62.3,71.6,1,2,1,1,0,0,2,0,0,0,0,0,0,0,0,0,0,0,0,0,0,0,0,0,0,0,0,0,2,2,3,2,0,0,0,0,2,1,1,2,0
2560,AI/ML Engineer,8.38,90.0,84.7,83.3,90.7,64.6,96.0,83.7,2,2,1,1,0,1,3,0,0,2,2,0,0,1,2,1,0,2,0,0,0,0,0,0,0,0,1,0,2,1,3,3,2,0,2,0,2,0,0,1,0
2561,AI/ML Engineer,7.59,89.6,92.2,76.5,83.3,76.2,85.5,80.4,2,2,2,1,1,1,2,0,0,0,2,0,0,0,1,1,0,2,0,0,0,2,0,0,0,0,0,0,3,1,2,3,1,0,0,0,2,0,0,2,0
2562,AI/ML Engineer,8.23,91.6,83.9,87.6,97.9,79.9,67.2,83.1,3,1,1,1,0,1,3,0,0,0,0,0,1,0,0,0,0,3,0,0,0,0,1,0,1,2,2,0,1,2,3,0,2,0,0,0,0,0,0,0,0
2563,AI/ML Engineer,8.18,86.5,82.9,100.0,77.1,79.3,55.5,78.2,1,3,1,1,1,1,0,0,0,0,0,0,0,0,0,0,0,0,0,0,0,0,0,0,0,0,0,0,1,3,3,2,3,0,0,0,0,0,0,0,0
2564,AI/ML Engineer,8.63,93.8,81.0,73.0,84.4,75.8,71.3,76.1,1,2,1,1,1,1,1,0,0,0,0,1,0,0,0,0,0,3,0,1,0,0,0,0,0,1,0,0,3,0,3,3,2,0,0,0,1,1,0,0,1
2565,AI/ML Engineer,8.96,88.8,89.1,85.4,69.7,46.5,77.2,69.7,2,3,0,0,1,1,3,0,2,0,2,1,0,0,1,0,0,0,0,1,0,0,0,0,0,0,0,2,2,2,0,3,3,0,0,0,0,0,0,1,0
2566,AI/ML Engineer,7.86,100.0,72.9,91.9,93.0,60.3,66.9,78.0,3,2,2,1,1,1,1,0,0,0,0,0,0,0,0,0,0,0,0,0,0,0,0,1,0,2,0,0,2,1,3,2,2,0,3,1,2,0,3,0,0
2567,AI/ML Engineer,7.4,78.0,88.8,75.0,84.4,67.9,70.3,74.4,2,2,1,1,1,0,3,2,0,1,0,0,0,0,0,0,1,2,0,0,0,0,0,0,1,0,0,0,0,0,2,1,3,0,0,0,1,0,1,0,0
2568,AI/ML Engineer,9.07,85.6,83.8,97.2,93.1,53.2,68.3,78.0,2,1,2,1,1,1,0,0,0,0,0,2,0,0,0,0,0,2,1,0,0,0,0,2,0,0,0,0,3,1,3,2,2,1,0,1,2,0,0,0,0
2569,AI/ML Engineer,8.8,91.8,83.0,83.3,64.9,58.0,85.5,72.9,3,1,2,0,1,1,1,0,1,0,0,0,0,0,0,0,0,0,0,0,0,0,0,2,0,2,0,0,2,2,2,2,2,0,0,1,0,0,0,0,0
2570,AI/ML Engineer,8.22,89.7,73.8,83.6,83.5,76.5,79.7,80.8,2,3,2,0,0,1,1,0,0,0,0,0,0,0,2,0,1,0,0,0,0,0,0,0,0,0,0,0,3,0,2,3,3,0,0,0,1,1,0,0,0
2571,AI/ML Engineer,7.08,86.6,78.9,78.5,88.0,78.0,88.3,83.2,1,1,1,1,0,1,1,1,0,0,0,0,0,0,0,0,0,0,0,1,0,0,0,0,0,0,0,0,3,2,2,2,0,0,2,1,0,0,0,0,0
2572,AI/ML Engineer,8.26,94.1,89.1,87.1,86.3,88.7,75.1,84.3,2,2,2,0,0,1,1,0,0,0,2,0,0,0,0,0,0,2,0,0,0,1,0,0,1,0,0,0,3,3,2,0,2,0,1,2,3,0,0,0,0
2573,AI/ML Engineer,8.56,89.4,80.3,87.5,92.9,65.6,59.7,76.4,1,3,1,1,1,1,1,0,0,0,0,0,0,0,0,0,3,2,2,0,0,0,1,0,0,0,1,0,3,2,2,1,3,0,0,0,2,0,0,0,0
2574,AI/ML Engineer,8.8,95.0,93.3,82.3,94.0,63.8,46.0,71.5,2,3,2,1,1,1,2,0,0,0,1,1,0,0,0,0,0,2,1,0,0,1,0,0,0,1,0,1,3,3,3,2,3,0,0,0,0,0,1,2,0
2575,AI/ML Engineer,8.33,83.5,84.5,80.5,88.1,64.6,80.4,78.4,2,2,1,1,1,1,2,0,0,0,0,1,0,0,0,0,1,0,0,0,0,0,0,0,2,0,0,1,3,3,3,2,3,1,2,0,1,0,1,0,0
2576,AI/ML Engineer,8.16,85.7,92.0,74.2,88.2,98.7,67.6,82.2,2,3,3,1,0,1,0,0,0,0,0,0,0,0,0,1,0,2,0,0,0,1,0,0,0,1,0,1,3,2,3,3,2,0,1,0,3,0,0,0,0
2577,AI/ML Engineer,8.22,85.5,86.8,83.5,90.0,52.4,100.0,83.4,2,2,1,1,1,1,2,1,0,0,0,0,0,0,0,2,1,1,0,0,0,0,2,1,1,0,0,0,3,3,3,2,3,0,0,0,0,0,0,0,0
2578,AI/ML Engineer,8.04,94.2,76.4,76.9,86.8,87.6,77.7,82.2,3,2,1,0,1,1,2,0,0,0,0,2,1,1,0,0,0,0,0,0,0,0,0,0,0,2,0,0,2,2,3,3,3,0,0,1,2,1,0,0,2
2579,AI/ML Engineer,8.19,95.6,80.0,88.8,91.1,67.2,70.5,79.4,2,2,2,1,0,1,3,0,0,0,0,2,0,0,0,0,0,0,0,0,0,1,1,0,1,0,0,0,3,1,3,3,3,0,1,0,0,0,0,0,0
2580,AI/ML Engineer,8.29,82.6,70.7,75.1,87.6,66.9,70.6,75.0,2,3,2,1,1,1,0,0,0,0,0,0,0,0,0,0,0,3,0,0,0,0,2,0,0,2,0,0,2,2,3,2,1,0,0,0,0,0,0,1,0
2581,AI/ML Engineer,8.42,84.7,90.4,90.1,81.1,86.0,71.6,82.2,3,3,1,1,0,1,2,0,0,0,0,0,0,0,0,0,0,3,0,2,0,1,0,0,0,0,0,1,1,3,0,0,2,0,2,0,1,0,2,1,0
2582,AI/ML Engineer,9.1,87.3,77.9,78.6,92.2,69.7,74.2,78.7,4,2,0,0,0,1,2,0,0,0,0,0,1,0,0,0,0,1,0,0,0,0,0,0,0,0,0,0,2,1,2,3,1,0,0,0,0,0,0,3,0
2583,AI/ML Engineer,7.58,90.5,99.1,67.8,72.2,74.4,71.1,71.4,0,2,1,1,0,1,3,2,0,0,0,0,0,0,0,0,0,0,0,0,0,2,0,0,0,0,0,3,3,1,2,2,3,0,0,0,3,0,0,0,0
2584,AI/ML Engineer,8.33,84.5,89.3,75.0,96.0,65.3,55.4,72.9,4,1,2,1,0,1,2,0,0,0,0,0,1,0,0,0,0,0,0,0,0,0,0,0,2,0,2,1,3,1,0,1,2,0,0,2,0,0,0,0,2
2585,AI/ML Engineer,7.57,88.1,83.1,80.3,92.7,95.8,60.7,82.4,1,1,0,0,1,1,2,0,0,0,0,0,0,0,1,1,1,2,0,0,0,0,0,0,0,0,0,0,2,1,3,2,2,0,0,0,0,0,1,1,0
2586,AI/ML Engineer,7.4,88.7,95.7,93.6,69.8,55.7,81.9,75.2,2,1,2,1,0,1,2,0,0,0,0,0,1,0,0,0,0,1,0,0,1,1,0,0,0,0,2,0,2,2,3,3,3,2,0,0,1,0,0,0,0
2587,AI/ML Engineer,8.24,94.2,79.6,86.7,80.7,87.9,87.8,85.8,2,2,1,1,1,1,3,0,1,2,0,1,0,0,0,0,0,1,0,0,0,0,1,2,0,0,1,0,3,3,1,2,1,0,1,2,3,0,0,3,0
2588,AI/ML Engineer,8.02,89.8,89.1,93.5,86.2,77.2,56.6,78.4,2,3,2,0,0,0,1,0,0,0,0,0,0,0,1,0,0,0,0,0,0,2,0,0,0,0,0,0,3,3,1,3,2,0,0,0,2,0,0,0,1
2589,AI/ML Engineer,7.81,95.6,95.2,85.1,87.8,57.9,61.8,73.1,2,2,1,0,1,1,2,0,0,0,0,0,0,0,0,1,0,0,0,0,0,0,0,0,0,2,0,0,1,3,0,3,3,0,0,0,3,0,0,0,0
2590,AI/ML Engineer,9.25,83.9,79.6,93.5,92.0,58.2,72.6,79.1,3,2,1,1,1,1,0,0,0,0,0,0,0,1,2,0,0,0,1,0,0,1,0,2,0,0,0,0,2,3,2,2,0,0,0,0,1,0,0,0,0
2591,AI/ML Engineer,7.63,99.0,83.4,87.3,80.2,97.7,62.0,81.8,3,1,2,1,1,1,3,0,2,0,0,0,0,0,0,0,0,0,0,1,0,0,1,0,0,0,2,0,3,2,2,3,2,0,2,0,0,0,0,0,1
2592,AI/ML Engineer,8.13,88.4,71.2,73.4,72.1,73.3,79.2,74.5,2,2,1,1,1,1,3,1,0,0,0,1,0,0,0,0,0,1,1,0,1,0,0,0,0,0,0,0,3,3,3,2,3,0,0,0,3,0,0,0,0
2593,AI/ML Engineer,8.42,87.7,81.2,89.8,81.0,70.4,84.3,81.4,2,2,1,1,1,1,3,0,0,0,0,0,0,0,0,0,1,0,0,0,0,2,1,1,1,0,0,0,2,2,0,2,3,0,0,0,2,0,0,0,0
2594,AI/ML Engineer,8.21,87.5,83.9,89.7,92.8,87.3,59.2,82.2,1,3,2,1,1,1,1,0,0,0,0,0,1,0,0,0,0,0,0,0,1,0,0,1,0,0,0,2,2,3,3,3,1,0,0,0,2,0,0,0,0
2595,AI/ML Engineer,8.67,93.2,87.3,74.4,86.4,58.9,73.5,73.3,1,2,1,0,1,1,2,0,0,0,1,1,1,0,0,0,0,3,0,0,0,0,0,0,1,0,0,0,3,2,2,2,3,0,0,0,1,0,0,0,0
2596,AI/ML Engineer,8.96,89.8,77.6,86.1,82.1,73.9,86.7,82.2,2,2,0,0,1,1,2,0,0,0,1,0,0,0,0,0,0,1,1,0,0,0,0,0,0,0,0,0,3,2,1,2,3,0,1,0,1,0,0,1,0
2597,AI/ML Engineer,7.96,86.4,84.5,100.0,82.2,78.4,90.1,89.1,2,3,2,0,1,1,3,0,0,0,0,0,0,0,0,0,0,3,0,1,0,0,0,0,0,0,0,0,3,3,1,3,1,0,1,0,0,1,0,0,0
2598,AI/ML Engineer,8.83,82.6,88.1,81.6,75.1,58.1,75.8,72.6,2,2,3,0,1,1,2,0,0,0,0,2,0,1,2,0,0,1,0,0,0,0,1,0,0,0,0,1,3,2,0,0,3,0,0,0,0,0,0,0,0
2599,AI/ML Engineer,8.44,87.5,86.8,81.9,99.6,66.7,86.0,83.5,1,1,3,0,1,0,2,0,0,0,0,0,1,0,0,0,0,0,0,0,0,0,2,0,0,0,0,0,3,3,3,3,3,0,0,2,3,0,0,0,0
2600,AI/ML Engineer,8.18,92.8,93.0,80.5,86.2,71.5,64.2,75.6,4,1,1,1,1,1,1,0,0,2,0,0,0,0,0,1,0,3,0,0,2,0,2,0,0,2,0,0,2,3,2,2,2,0,0,0,0,1,0,2,0
2601,AI/ML Engineer,7.35,100.0,79.6,100.0,79.5,73.8,73.9,82.4,3,1,3,1,1,0,1,0,1,0,0,0,0,0,0,0,0,3,0,0,0,1,0,0,0,0,2,0,2,3,2,2,2,0,0,0,2,0,0,0,0
2602,AI/ML Engineer,8.37,84.6,71.9,81.1,88.3,77.8,51.7,74.7,2,3,1,1,0,1,2,1,0,0,0,0,0,1,1,0,0,1,1,0,1,0,0,1,2,0,0,0,2,3,2,3,2,0,0,0,0,0,1,0,0
2603,AI/ML Engineer,8.0,93.2,90.7,61.5,88.1,76.4,72.0,74.5,2,2,0,0,1,0,2,0,0,0,0,0,1,0,0,0,0,0,0,0,0,0,1,0,0,0,0,0,3,0,3,1,3,0,0,0,2,0,1,0,0
2604,AI/ML Engineer,7.47,74.0,79.7,90.8,74.2,61.3,90.8,79.3,0,2,1,1,0,1,3,0,0,0,0,1,0,0,0,0,1,0,0,1,0,0,0,0,0,1,0,0,2,3,0,1,2,1,0,0,2,0,2,0,0
2605,AI/ML Engineer,9.12,96.4,91.8,81.4,75.9,65.8,51.3,68.6,2,2,1,0,1,1,2,0,0,0,0,2,0,0,2,0,1,0,0,0,0,0,0,0,0,0,1,0,3,2,0,2,1,0,0,0,2,0,0,0,0
2606,AI/ML Engineer,9.09,94.8,95.9,61.3,77.7,52.3,70.7,65.5,3,2,1,0,1,0,3,0,1,0,0,0,2,1,0,0,0,2,0,0,0,3,1,0,3,2,0,0,3,2,2,2,3,0,0,0,3,0,0,0,0
2607,AI/ML Engineer,7.54,82.2,82.9,83.2,64.3,72.4,69.4,72.3,2,2,2,0,1,1,1,0,0,0,0,0,1,1,0,0,0,3,0,1,0,0,0,0,0,1,0,0,2,2,3,2,1,0,0,0,3,0,0,0,0
2608,AI/ML Engineer,7.94,93.0,80.8,84.0,96.7,66.2,82.8,82.4,1,3,0,0,1,0,2,0,0,2,0,0,0,0,1,1,0,0,1,1,0,0,0,0,0,0,2,0,1,2,3,3,3,1,0,0,2,0,0,0,0
2609,AI/ML Engineer,7.8,100.0,92.3,70.8,100.0,63.9,68.8,76.6,3,1,1,1,0,1,3,0,2,0,0,0,0,0,0,0,0,0,0,0,0,1,0,0,0,0,0,0,2,2,1,0,3,0,0,0,2,0,0,0,0
2610,AI/ML Engineer,8.9,83.5,94.0,91.1,88.4,71.1,83.8,83.6,2,2,0,0,1,1,3,0,0,0,0,1,0,0,0,0,0,2,0,0,1,0,0,0,0,0,0,0,3,3,2,3,3,0,0,0,2,1,0,0,0
2611,AI/ML Engineer,7.28,83.9,88.9,89.9,81.3,84.6,74.6,82.6,2,2,2,0,1,1,3,0,0,1,0,0,0,0,0,0,0,2,0,0,0,0,0,0,0,0,0,0,3,3,1,3,3,0,0,0,3,0,0,0,0
2612,AI/ML Engineer,6.6,92.9,83.4,74.3,51.3,61.3,69.3,64.0,1,2,2,1,0,1,3,0,1,0,0,0,0,0,2,1,0,3,0,1,0,0,0,0,0,0,0,0,2,1,1,3,0,2,0,0,3,0,0,0,0
2613,AI/ML Engineer,7.62,92.3,76.8,86.5,94.4,68.4,52.7,75.5,1,2,1,0,0,0,2,0,0,0,0,0,0,0,0,2,2,0,0,1,0,0,0,1,0,2,0,0,3,3,3,2,2,0,0,0,1,0,0,0,2
2614,AI/ML Engineer,9.07,94.6,77.3,92.8,78.4,69.2,70.5,77.7,2,2,0,0,1,1,2,0,0,0,0,0,1,0,0,0,1,3,2,0,1,0,0,2,0,0,0,0,2,2,3,2,3,0,0,0,1,1,0,0,0
2615,AI/ML Engineer,7.83,82.3,86.8,82.7,91.8,79.4,79.9,83.5,2,2,0,0,1,1,2,0,0,0,0,0,1,0,0,0,2,0,0,0,0,1,0,0,0,0,1,1,1,0,3,3,3,0,0,0,0,0,0,0,0
2616,AI/ML Engineer,8.36,94.4,64.4,71.9,84.5,84.8,100.0,86.1,2,3,1,0,1,1,3,2,0,0,0,0,0,0,0,2,0,3,0,0,0,0,0,0,0,0,0,0,3,3,2,1,2,0,0,0,0,0,0,0,0
2617,AI/ML Engineer,8.94,85.8,87.6,70.5,98.2,67.7,63.6,75.0,3,2,2,1,1,1,3,0,0,0,0,0,0,1,0,0,0,1,0,0,0,0,0,1,0,0,0,1,3,0,3,3,3,0,0,0,0,0,0,1,0
2618,AI/ML Engineer,8.11,79.7,89.5,83.6,77.0,48.3,83.6,73.1,3,2,2,1,1,1,3,0,0,0,0,2,0,0,0,0,0,1,0,0,0,0,0,0,0,0,0,0,0,0,2,2,1,0,0,2,2,0,0,0,0
2619,AI/ML Engineer,7.91,90.4,83.9,92.7,79.1,71.4,70.2,78.4,2,1,2,1,1,1,3,0,1,0,0,0,0,0,0,1,2,1,0,0,0,1,0,0,0,0,0,0,3,2,2,0,3,0,0,0,0,0,0,0,1
2620,AI/ML Engineer,8.49,87.6,85.5,85.9,66.7,46.5,65.9,66.2,2,3,1,1,1,1,2,0,0,1,0,0,0,0,0,1,0,0,0,0,0,0,0,0,1,0,0,0,1,3,2,3,3,2,0,0,0,1,0,0,0
2621,AI/ML Engineer,7.4,91.6,92.6,66.8,84.6,89.9,60.1,75.3,2,3,2,1,1,1,2,0,0,0,0,0,0,0,0,0,0,3,0,0,0,0,0,0,0,0,1,0,3,3,2,3,2,0,0,0,0,0,0,1,0
2622,AI/ML Engineer,7.91,96.9,94.1,84.2,83.1,61.3,50.3,69.7,4,2,1,1,1,1,1,0,2,0,0,0,0,0,0,0,0,2,0,0,0,0,0,0,0,0,0,0,2,3,1,3,2,0,0,0,0,0,0,1,0
2623,AI/ML Engineer,7.07,99.6,94.0,98.9,79.6,81.9,68.3,82.2,4,3,3,1,1,1,3,0,0,0,1,0,0,0,0,0,0,0,0,0,2,0,0,0,0,0,0,0,3,3,1,3,2,0,0,1,0,0,0,1,0
2624,AI/ML Engineer,8.51,89.0,86.2,79.9,90.6,53.1,72.8,74.1,2,2,1,1,1,0,1,0,0,0,0,0,0,2,0,2,0,2,0,0,1,0,1,0,0,0,0,0,1,3,2,2,3,0,3,0,3,1,0,0,0
2625,AI/ML Engineer,7.64,84.1,94.5,90.1,78.4,76.5,79.5,81.1,2,2,2,0,1,1,1,0,1,0,0,2,0,1,0,0,0,0,1,0,0,0,0,0,0,0,0,1,2,2,3,2,2,0,0,0,2,0,0,0,0
2626,AI/ML Engineer,8.86,93.7,100.0,98.7,81.5,65.1,72.4,79.4,2,1,1,1,1,1,2,2,0,0,0,0,0,1,0,1,0,0,0,0,0,0,0,0,0,0,0,1,3,3,1,2,1,0,0,0,2,0,0,0,0
2627,AI/ML Engineer,8.81,87.0,99.9,76.5,92.2,52.0,66.3,71.8,2,2,2,1,0,1,0,1,0,0,0,0,0,0,0,0,0,0,0,2,0,0,0,0,0,0,0,0,3,3,3,2,3,0,0,0,2,2,0,0,0
2628,AI/ML Engineer,8.77,82.0,77.7,89.2,83.8,54.9,97.8,81.4,2,2,0,0,0,1,1,0,0,0,0,0,0,0,1,0,0,1,0,0,0,0,0,1,0,2,0,0,0,3,2,2,2,0,0,0,0,0,1,0,0
2629,AI/ML Engineer,8.76,93.4,90.9,67.9,78.6,74.2,66.0,71.7,4,2,0,0,0,1,3,0,1,0,0,0,0,0,0,0,1,0,0,0,0,0,0,0,0,0,0,1,3,0,1,3,2,0,0,0,0,0,0,0,0
2630,AI/ML Engineer,7.88,97.7,79.8,92.8,87.9,77.2,67.1,81.2,2,3,0,0,0,1,3,0,0,0,0,0,0,0,0,0,0,2,0,0,0,1,1,1,1,0,0,0,2,1,2,3,3,0,0,0,3,0,1,0,0
2631,AI/ML Engineer,7.93,81.3,91.5,76.1,60.0,75.4,74.0,71.4,1,2,0,0,0,1,0,2,0,0,0,2,0,0,0,1,0,2,0,0,1,0,0,0,0,0,0,0,2,2,3,3,3,2,0,0,2,0,0,0,1
2632,AI/ML Engineer,6.71,89.6,84.0,71.3,91.7,48.0,55.4,66.6,1,2,2,1,1,1,3,0,0,0,0,0,2,0,0,0,1,3,0,0,0,1,0,0,0,0,0,0,1,3,1,2,1,0,0,0,3,0,0,0,0
2633,AI/ML Engineer,7.7,92.7,91.3,92.9,92.4,64.8,74.8,81.2,2,2,2,1,0,1,3,0,1,0,0,1,0,0,0,0,0,2,0,0,0,0,0,0,0,0,0,0,2,2,2,3,3,0,0,0,3,2,0,0,0
2634,AI/ML Engineer,9.46,85.6,88.9,82.9,77.4,70.3,57.0,71.9,4,3,2,1,1,0,2,0,0,0,0,2,0,0,1,0,0,2,0,0,1,0,0,0,1,0,0,0,2,2,3,2,3,0,0,0,2,1,0,0,1
2635,AI/ML Engineer,7.9,92.7,91.3,100.0,83.0,73.7,89.1,87.2,3,2,1,1,1,1,2,0,0,0,0,0,0,0,0,0,0,2,1,0,0,0,0,0,0,0,1,0,1,1,1,2,0,0,0,0,0,1,1,0,0
2636,AI/ML Engineer,8.84,89.4,100.0,69.6,69.2,69.9,79.8,72.1,2,1,2,0,1,1,3,2,1,1,0,0,0,0,0,0,1,1,0,0,0,0,0,0,0,0,1,0,3,2,1,2,0,0,0,1,3,0,0,0,0
2637,AI/ML Engineer,9.17,88.4,93.0,100.0,75.0,52.6,80.4,78.2,0,1,2,0,0,1,2,0,1,0,1,0,0,2,0,1,0,3,0,0,0,0,0,0,0,0,0,0,2,0,3,0,3,0,0,0,0,1,0,0,0
2638,AI/ML Engineer,9.42,89.8,84.9,82.7,80.3,82.4,73.8,79.8,3,2,1,1,1,1,1,0,0,0,0,0,0,0,0,0,1,0,0,0,0,0,0,0,0,2,0,0,3,3,0,3,3,0,0,1,1,0,0,0,2
2639,AI/ML Engineer,8.46,74.9,77.2,84.6,66.4,65.5,71.0,71.9,2,1,2,0,0,1,2,0,1,0,0,1,0,0,1,0,0,0,0,0,1,0,0,0,0,0,0,0,3,3,1,0,3,2,0,0,2,1,0,0,0
2640,AI/ML Engineer,8.74,83.9,72.8,98.4,92.1,47.8,88.6,81.7,3,3,2,0,1,1,3,0,0,1,2,0,0,0,0,0,0,0,0,0,2,0,0,0,2,0,2,0,2,3,0,3,3,0,0,0,0,0,0,0,0
2641,AI/ML Engineer,7.77,84.6,79.4,73.8,95.5,63.8,60.5,73.4,3,2,0,0,0,1,2,0,0,0,0,0,1,0,0,0,0,0,0,0,0,1,0,1,1,0,0,0,3,3,1,3,1,0,0,0,1,0,0,0,0
2642,AI/ML Engineer,9.06,92.2,96.8,85.5,93.2,48.2,62.7,72.4,2,2,0,0,0,1,2,1,0,0,0,1,0,0,1,0,0,3,2,0,1,0,1,0,0,0,0,0,3,0,0,1,2,1,0,0,1,2,0,1,0
2643,AI/ML Engineer,9.26,91.2,84.1,86.4,82.5,84.9,69.7,80.9,4,2,0,0,1,1,2,0,0,0,0,0,2,1,0,0,0,1,0,0,0,1,0,0,0,0,1,0,3,2,3,2,1,1,2,0,3,0,0,0,0
2644,AI/ML Engineer,9.08,82.1,81.2,100.0,83.0,64.8,69.0,82.0,1,3,3,1,1,1,2,1,0,1,0,2,1,0,0,1,0,2,0,0,0,0,0,0,0,0,0,0,2,2,2,2,2,0,0,1,1,0,0,0,0
2645,AI/ML Engineer,9.01,85.8,92.3,71.4,92.5,65.6,81.8,77.8,1,3,1,0,1,1,3,0,1,0,1,0,0,1,0,0,0,3,0,0,1,0,0,1,1,1,0,0,2,3,3,2,2,0,1,0,1,1,0,0,0
2646,AI/ML Engineer,8.22,93.4,80.7,84.9,98.6,66.6,87.3,84.3,1,2,1,0,0,1,3,0,1,0,0,0,0,0,0,0,0,2,0,0,0,0,0,2,0,0,0,1,3,2,2,2,0,0,0,0,0,0,0,0,0
2647,AI/ML Engineer,8.9,94.2,78.1,77.8,89.9,72.2,62.9,75.7,3,2,2,1,1,0,3,0,0,2,0,1,0,0,1,0,0,1,0,2,0,0,0,1,0,0,1,0,2,2,2,2,0,0,0,0,2,0,1,0,0
2648,AI/ML Engineer,7.94,100.0,87.9,82.2,78.0,71.4,64.8,74.1,3,2,0,0,1,1,1,1,0,2,0,0,2,0,1,0,0,2,0,0,0,0,0,0,0,0,1,0,1,2,0,1,2,0,0,0,3,0,0,0,0
2649,AI/ML Engineer,7.68,92.1,75.0,97.0,86.3,63.4,66.6,78.3,2,2,0,0,0,1,1,0,0,0,0,0,0,0,0,0,1,3,0,0,0,0,0,1,0,2,2,0,3,3,2,2,3,0,2,0,1,1,0,0,1
2650,AI/ML Engineer,8.6,84.4,98.6,77.6,85.6,60.0,74.9,74.5,1,2,0,0,1,1,3,2,0,0,0,0,0,0,0,0,0,0,0,0,1,2,0,0,0,0,2,0,3,2,2,3,2,0,0,0,0,0,0,0,0
2651,AI/ML Engineer,8.33,95.7,77.4,64.8,94.8,91.4,88.0,84.8,2,3,2,1,1,1,3,0,0,0,0,0,0,0,0,1,2,2,0,1,0,0,0,0,0,0,2,0,0,3,2,3,3,0,0,0,2,0,1,0,0
2652,AI/ML Engineer,7.44,82.5,87.6,67.9,81.1,59.5,76.3,71.2,1,2,1,1,1,1,2,0,0,2,0,0,0,0,0,0,0,0,0,0,0,0,0,0,0,0,1,0,2,2,3,3,3,0,0,1,3,0,0,2,0
2653,AI/ML Engineer,8.19,90.2,80.1,80.3,83.7,75.5,78.7,79.5,4,2,1,1,0,1,3,0,0,0,0,0,0,0,0,0,0,0,0,0,0,0,0,2,2,2,0,0,3,0,2,2,1,0,0,2,0,0,0,0,0
2654,AI/ML Engineer,8.04,89.4,86.1,81.7,92.0,91.7,66.0,82.8,1,3,0,0,1,1,3,0,0,2,0,0,0,0,0,0,0,2,0,0,0,0,0,0,0,0,0,0,2,2,2,1,3,0,0,0,0,0,0,2,0
2655,AI/ML Engineer,7.72,94.5,80.1,94.6,84.3,51.7,85.0,78.9,2,1,1,0,0,1,1,0,0,0,0,2,0,0,0,0,0,2,0,0,1,0,1,0,0,0,0,0,1,3,0,2,1,0,0,0,1,0,1,0,0
2656,AI/ML Engineer,8.66,93.4,87.3,94.1,91.5,83.9,88.0,89.4,2,2,3,0,0,1,2,1,0,0,0,2,1,0,1,0,0,0,0,0,1,1,0,0,0,0,0,0,3,3,2,3,2,1,0,0,2,0,0,0,2
2657,AI/ML Engineer,7.94,85.2,79.4,86.8,85.6,56.3,59.3,72.0,4,2,3,0,1,1,0,0,0,0,0,2,0,0,0,0,0,0,1,2,0,0,0,0,0,0,0,0,3,3,0,1,2,0,0,0,2,0,1,0,0
2658,AI/ML Engineer,7.8,85.5,78.4,95.3,88.3,52.7,80.3,79.2,2,2,1,1,1,1,2,0,3,0,2,0,0,0,0,0,0,0,0,1,0,2,0,0,0,0,0,0,2,3,3,3,2,0,2,0,1,0,1,0,1
2659,AI/ML Engineer,9.03,81.1,87.3,83.7,83.1,74.8,92.4,83.5,2,2,1,1,1,1,1,0,0,1,0,0,1,0,0,0,0,3,0,0,0,0,0,0,1,0,0,1,3,0,2,1,1,1,0,0,3,0,0,0,0
2660,AI/ML Engineer,7.32,96.9,86.3,72.1,74.4,62.6,72.2,70.3,3,3,0,0,1,1,2,0,1,0,0,2,0,1,2,0,0,0,0,0,0,0,0,0,0,1,0,0,2,3,3,2,2,1,0,0,0,0,0,0,0
2661,AI/ML Engineer,7.96,95.2,98.5,70.5,93.4,78.4,71.9,78.6,4,1,2,1,0,1,3,0,0,0,2,0,1,0,0,0,1,3,1,0,0,0,0,2,1,0,0,0,2,0,3,2,3,0,0,0,3,0,0,0,3
2662,AI/ML Engineer,8.76,91.7,88.1,81.6,81.1,89.0,58.3,77.5,2,3,2,0,0,1,2,0,0,0,0,0,1,0,0,0,0,0,1,0,2,2,0,0,0,0,0,0,1,1,3,2,3,0,2,0,2,2,0,0,0
2663,AI/ML Engineer,8.07,87.1,94.6,78.7,96.3,76.7,54.6,76.6,2,1,2,1,1,0,2,0,0,0,0,0,0,2,0,0,0,0,0,0,0,0,0,0,0,0,0,0,2,3,3,2,3,1,0,0,3,0,0,0,0
2664,AI/ML Engineer,8.53,79.1,89.8,71.3,84.7,77.4,98.1,82.9,2,2,1,1,1,1,2,0,0,0,0,1,0,0,0,0,0,2,0,0,0,0,0,0,0,0,2,0,2,3,3,3,3,0,0,0,0,0,0,0,0
2665,AI/ML Engineer,8.49,88.1,98.0,79.1,78.5,83.2,78.9,79.9,2,2,3,1,1,1,3,0,0,0,1,0,0,0,1,0,0,3,0,0,0,0,0,0,0,0,0,1,3,1,0,3,2,0,0,1,0,2,0,0,0
2666,AI/ML Engineer,8.95,87.6,88.8,91.8,95.1,64.8,80.4,83.0,3,1,1,1,1,1,3,0,0,0,0,0,0,0,0,0,0,2,0,2,0,0,0,0,0,0,0,0,3,3,3,3,3,0,0,2,2,0,0,0,0
2667,AI/ML Engineer,8.82,85.8,84.2,66.9,89.5,78.4,93.7,82.1,4,3,2,1,1,1,3,0,0,0,1,1,1,0,0,0,0,0,0,0,0,0,0,0,0,0,1,0,1,2,2,3,3,0,0,0,0,0,0,0,1
2668,AI/ML Engineer,7.34,84.2,89.3,85.8,80.6,58.7,59.4,71.1,2,3,1,1,1,0,2,0,0,0,0,0,1,0,1,0,0,2,0,0,0,1,0,0,0,0,0,0,3,3,2,3,3,2,0,0,0,0,0,0,0
2669,AI/ML Engineer,8.2,80.3,90.7,92.9,89.8,83.7,100.0,92.5,2,2,0,0,1,1,2,0,0,0,0,0,0,0,0,0,0,2,0,0,0,0,0,0,0,2,0,0,3,0,3,0,3,0,0,1,2,0,0,0,0
2670,AI/ML Engineer,8.05,92.1,93.8,84.8,74.6,90.2,63.4,78.2,2,2,0,0,1,1,3,0,0,0,0,0,0,0,0,0,0,1,1,0,0,0,0,0,0,0,0,0,1,3,3,3,1,0,1,0,0,0,2,0,0
2671,AI/ML Engineer,7.79,71.2,83.2,88.0,92.4,68.6,67.0,79.0,3,3,1,1,1,1,3,0,0,0,1,0,0,0,0,0,1,3,2,0,0,0,2,1,0,0,0,0,3,3,2,2,1,0,0,0,1,0,0,0,2
2672,AI/ML Engineer,9.2,79.8,81.8,83.1,86.5,79.6,91.6,85.2,3,2,1,0,1,1,2,0,0,0,0,0,0,0,0,0,0,1,0,0,2,1,1,0,0,0,1,0,2,1,3,2,3,0,2,0,2,1,0,0,1
2673,AI/ML Engineer,7.79,89.8,84.4,77.9,88.5,65.3,77.0,77.2,4,3,1,1,1,1,2,0,0,0,0,0,0,0,0,0,1,3,0,0,0,0,2,0,0,0,0,0,2,2,2,1,3,0,0,0,1,0,0,0,1
2674,AI/ML Engineer,8.14,84.6,82.0,92.2,83.2,69.7,82.7,82.0,2,1,0,0,0,1,2,0,0,0,0,0,0,0,0,0,0,0,0,0,0,0,0,0,0,0,0,0,3,2,0,3,3,0,0,2,2,0,0,0,0
2675,AI/ML Engineer,8.68,83.2,84.4,80.3,75.8,68.9,82.3,76.8,3,2,2,1,1,1,2,0,0,0,0,0,0,0,0,0,0,3,0,2,0,0,0,1,0,0,0,0,0,3,2,3,1,1,1,0,1,0,1,1,0
2676,AI/ML Engineer,8.11,87.4,85.8,95.5,78.5,81.3,59.3,78.7,0,2,0,0,1,1,3,0,0,1,0,0,0,0,0,0,0,2,0,0,0,0,0,0,2,0,0,0,0,0,2,3,1,0,0,0,3,0,0,2,0
2677,AI/ML Engineer,8.05,99.3,81.8,67.6,81.5,74.5,90.6,78.5,4,2,1,1,1,1,1,0,1,0,0,0,0,0,0,0,1,2,0,0,0,1,0,0,0,0,0,1,3,3,2,3,1,0,0,0,0,0,0,0,0
2678,AI/ML Engineer,7.45,90.9,100.0,70.8,91.5,79.7,69.6,77.9,4,2,1,0,1,1,1,0,0,0,0,0,0,0,2,0,1,0,0,0,0,0,0,0,0,0,0,0,2,3,3,1,3,0,0,0,3,0,0,0,0
2679,AI/ML Engineer,8.65,81.1,95.2,81.3,88.0,81.7,69.4,80.1,3,2,1,0,1,1,2,0,0,0,0,0,2,0,0,0,0,3,0,0,0,0,1,0,0,0,0,0,3,2,2,2,2,0,2,0,3,0,0,0,0
2680,AI/ML Engineer,8.71,86.7,97.5,91.7,80.9,85.8,85.2,85.9,3,1,1,1,1,1,3,0,0,0,0,0,0,1,1,1,0,2,0,0,0,0,0,0,0,0,0,0,3,2,3,1,2,0,0,0,1,0,0,0,0
2681,AI/ML Engineer,8.35,89.6,78.6,89.5,89.5,52.5,73.8,76.3,3,2,1,1,1,1,3,0,0,0,2,0,0,0,0,0,1,0,0,0,0,0,0,0,0,0,0,0,2,2,1,3,3,0,0,0,0,0,0,0,0
2682,AI/ML Engineer,7.78,92.4,88.2,78.3,77.9,88.0,81.5,81.4,2,2,1,1,1,1,2,0,0,0,2,0,0,0,0,0,0,2,0,0,0,0,0,0,1,1,0,0,3,2,3,3,3,0,0,0,3,0,2,0,0
2683,AI/ML Engineer,8.43,80.0,91.9,78.7,86.4,62.4,86.3,78.5,2,1,2,1,1,1,3,0,0,0,0,0,0,1,0,0,0,2,0,0,0,0,0,0,0,0,0,0,0,3,2,1,0,0,0,0,2,0,0,0,0
2684,AI/ML Engineer,8.03,97.3,89.7,82.8,62.4,88.8,75.1,77.3,1,1,1,1,1,1,2,0,0,1,0,2,0,0,0,0,0,0,0,0,0,2,0,0,0,0,0,2,1,2,2,1,3,0,0,0,3,0,0,0,0
2685,AI/ML Engineer,8.37,85.9,91.6,93.4,92.7,49.6,50.9,71.7,3,2,1,0,1,1,3,0,0,0,0,0,0,0,0,1,2,1,0,0,1,0,0,0,0,1,0,0,2,2,3,2,1,0,0,0,3,0,0,0,0
2686,AI/ML Engineer,8.54,91.7,86.1,79.9,91.3,63.2,60.8,73.8,4,1,1,1,1,1,2,2,0,0,0,0,0,0,0,0,0,2,0,0,0,0,0,0,0,0,0,0,2,3,3,3,3,1,0,0,2,0,0,0,0
2687,AI/ML Engineer,8.52,87.1,81.6,79.8,77.8,71.7,66.9,74.1,2,3,1,1,1,1,3,0,0,0,0,0,0,0,2,2,0,1,0,2,0,0,0,2,0,1,0,1,2,3,3,2,3,0,0,0,1,0,0,2,0
2688,AI/ML Engineer,8.14,85.9,92.3,80.8,86.2,54.6,79.7,75.3,3,3,1,0,1,1,2,0,0,0,0,0,0,0,0,0,0,3,0,0,0,0,1,0,0,0,0,0,1,2,3,2,2,0,0,0,0,0,1,0,0
2689,AI/ML Engineer,7.79,83.6,83.2,74.2,82.6,83.3,68.1,77.1,3,1,1,1,0,1,0,0,0,0,0,0,1,0,0,0,1,0,0,0,2,0,1,0,2,0,0,0,3,0,2,3,1,0,0,0,1,0,0,0,2
2690,AI/ML Engineer,8.92,86.5,85.3,94.5,68.8,68.7,57.8,72.5,2,3,1,1,1,0,2,0,0,0,0,0,0,0,1,0,0,2,0,0,2,0,0,0,0,0,0,1,0,2,3,1,3,0,0,0,0,0,0,0,1
2691,AI/ML Engineer,8.81,88.4,83.8,62.7,75.7,60.3,64.1,65.7,3,2,1,1,0,1,2,0,0,0,0,0,0,2,0,0,0,2,1,0,0,0,0,0,0,0,2,0,3,2,0,2,2,0,1,0,2,0,0,0,0
2692,AI/ML Engineer,7.37,99.9,100.0,91.0,82.9,76.0,69.0,79.7,3,3,1,1,1,1,1,0,0,0,0,0,0,0,0,0,0,1,0,1,0,0,0,0,0,0,0,0,3,3,3,3,0,0,0,0,0,0,0,0,0
2693,AI/ML Engineer,7.48,90.1,95.2,71.8,98.0,59.7,74.9,76.1,2,2,1,1,1,0,0,0,0,0,0,0,0,0,0,2,1,0,0,0,0,0,1,2,0,1,0,0,0,3,2,2,2,0,0,0,0,0,1,0,0
2694,AI/ML Engineer,7.8,83.3,80.4,99.8,95.5,74.0,60.7,82.5,3,1,1,1,1,1,3,0,0,1,0,0,0,0,0,0,1,3,0,0,0,0,0,0,0,0,2,0,3,2,3,3,2,0,1,1,2,1,0,1,0
2695,AI/ML Engineer,8.47,79.4,86.2,90.6,81.7,56.9,76.0,76.3,2,2,3,1,1,1,3,0,0,0,0,0,0,1,0,0,0,0,0,0,1,0,0,0,1,0,0,0,3,3,1,1,3,0,0,0,1,1,0,0,0
2696,AI/ML Engineer,7.33,90.9,76.4,90.1,80.2,73.8,69.2,78.3,3,1,1,1,1,1,2,0,0,0,0,0,0,0,0,0,0,0,0,0,0,0,0,0,0,1,0,0,2,1,2,1,2,0,0,0,2,0,0,0,0
2697,AI/ML Engineer,7.8,93.3,79.7,91.5,92.6,82.2,88.1,88.6,3,2,1,1,1,1,1,0,2,0,0,0,0,0,2,1,1,0,0,0,0,1,0,0,0,0,0,0,2,1,2,0,3,0,0,0,2,0,0,0,0
2698,AI/ML Engineer,7.68,91.3,68.4,78.3,89.3,70.2,72.7,77.6,2,2,1,0,1,1,3,0,0,0,0,0,0,0,1,1,0,0,0,0,0,0,0,0,0,0,0,0,3,3,3,2,2,0,0,0,0,0,0,0,0
2699,AI/ML Engineer,8.85,82.0,78.5,75.2,79.6,67.2,53.8,69.0,2,2,2,1,1,1,2,0,1,0,0,0,0,0,0,0,0,2,0,0,0,0,2,1,0,0,0,0,2,2,1,3,0,0,0,0,0,1,0,0,0
2700,AI/ML Engineer,7.91,91.7,94.0,88.7,75.0,74.6,87.5,81.4,2,3,1,1,0,1,2,0,0,0,0,0,0,0,0,0,0,0,0,0,0,0,0,0,0,0,0,0,3,3,2,2,2,0,0,0,2,0,1,0,0
2701,AI/ML Engineer,7.82,97.0,82.9,74.3,84.2,59.9,80.0,74.6,2,3,2,1,1,0,1,0,0,0,0,0,0,1,0,0,0,1,0,0,0,0,0,0,0,0,1,0,0,1,2,2,3,0,0,1,2,0,0,0,0
2702,AI/ML Engineer,8.1,94.4,86.1,100.0,84.0,50.9,71.9,77.8,3,3,0,0,1,1,0,0,0,0,0,0,0,0,0,2,0,1,0,1,0,0,0,0,0,1,0,0,2,1,3,3,3,0,0,0,0,2,0,0,0
2703,AI/ML Engineer,8.57,95.0,93.8,94.0,90.2,78.1,65.6,82.0,1,2,1,0,0,1,1,0,0,0,1,0,0,0,0,0,0,3,0,0,0,0,0,0,0,0,0,0,2,3,1,0,0,0,0,0,1,1,0,0,0
2704,AI/ML Engineer,8.39,90.9,84.2,81.5,84.5,53.3,74.7,73.5,2,2,2,1,1,0,1,0,1,0,0,0,0,2,0,1,0,2,0,0,1,0,1,0,2,0,2,0,0,0,3,0,3,0,0,0,2,0,0,0,0
2705,AI/ML Engineer,8.67,83.8,83.5,83.0,88.6,60.6,62.8,73.8,2,1,2,1,1,1,3,0,0,0,0,0,1,0,0,0,0,2,0,0,0,0,0,0,0,0,0,0,1,3,0,1,3,0,0,2,1,0,0,0,0
2706,AI/ML Engineer,7.81,79.5,83.0,100.0,95.1,68.3,74.2,86.0,2,1,2,1,1,1,2,1,0,0,0,0,0,0,0,0,3,0,1,0,0,0,2,0,0,0,0,0,0,2,3,2,3,0,3,0,2,2,0,0,0
2707,AI/ML Engineer,8.25,83.4,89.9,87.4,94.9,58.6,66.4,76.8,4,1,0,0,0,1,2,0,0,0,0,0,0,2,0,0,0,1,0,0,0,0,0,0,0,1,2,2,2,3,0,3,2,0,0,0,3,0,0,0,0
2708,AI/ML Engineer,8.72,89.9,84.5,65.8,83.8,78.3,62.8,72.7,3,1,2,1,1,1,2,1,0,0,0,0,0,0,1,0,0,0,0,0,0,0,0,2,0,0,0,0,2,2,2,2,3,0,0,0,0,2,0,1,0
2709,AI/ML Engineer,9.09,80.7,80.8,69.8,93.3,63.6,80.2,76.7,4,3,0,0,0,1,3,0,0,0,0,0,1,0,0,0,0,2,2,0,0,0,0,0,0,1,0,0,3,1,3,3,2,0,0,1,0,0,0,0,2
2710,AI/ML Engineer,7.41,79.4,84.5,79.0,91.0,63.9,74.4,77.1,2,3,1,1,1,1,3,0,0,0,0,0,2,2,0,0,1,1,0,0,0,0,0,1,0,0,0,1,2,2,3,2,3,0,2,0,0,0,1,1,0
2711,AI/ML Engineer,7.92,100.0,85.5,78.5,87.2,57.8,50.8,68.6,1,1,2,0,0,1,3,0,0,2,0,0,0,0,0,0,0,3,1,0,0,2,0,0,0,0,0,0,2,2,1,2,3,2,0,0,3,2,0,0,0
2712,AI/ML Engineer,7.99,78.0,86.0,64.6,78.4,60.4,71.3,68.7,1,3,1,1,1,1,2,0,0,0,0,0,0,1,0,0,0,0,0,0,0,1,0,0,0,0,0,0,0,3,2,3,3,0,0,2,0,1,0,0,0
2713,AI/ML Engineer,7.36,92.5,91.9,91.2,82.9,85.5,92.6,88.1,1,1,1,0,1,0,3,0,0,2,0,0,0,0,0,1,0,0,0,0,0,0,0,0,2,0,0,0,0,3,2,3,1,0,1,0,0,0,0,0,0
2714,AI/ML Engineer,8.18,77.5,77.1,80.8,94.6,88.3,68.7,83.1,2,2,2,1,1,1,3,0,0,0,0,0,0,0,0,2,0,0,0,0,0,0,0,0,0,0,0,1,2,3,3,3,3,0,0,0,2,0,0,0,0
2715,AI/ML Engineer,8.15,89.9,86.5,79.8,72.8,78.4,83.9,78.7,0,2,1,1,0,0,3,0,0,0,0,0,1,0,0,0,1,0,0,0,1,0,1,0,0,1,0,0,2,0,2,0,2,1,1,0,0,0,0,0,0
2716,AI/ML Engineer,8.24,88.6,77.7,89.9,76.0,60.8,61.3,72.0,1,3,1,1,1,1,3,0,0,0,0,0,0,0,0,0,0,0,0,0,1,0,0,0,0,2,0,0,0,2,3,2,1,0,0,0,1,0,0,0,0
2717,AI/ML Engineer,8.35,89.4,79.2,80.2,82.4,69.9,84.6,79.3,0,1,2,1,1,1,1,0,0,0,0,0,0,0,0,0,0,0,0,0,0,1,0,0,0,0,0,0,0,3,3,2,0,2,2,0,0,0,0,1,0
2718,AI/ML Engineer,7.77,80.7,88.4,72.9,65.1,61.1,77.9,69.2,3,1,1,0,1,0,1,0,0,0,0,2,0,0,0,0,1,2,0,0,0,0,0,0,0,0,0,0,3,0,1,1,3,1,0,0,3,0,0,0,0
2719,AI/ML Engineer,7.64,82.2,78.6,90.0,91.0,63.2,78.9,80.8,2,2,3,1,1,1,2,0,0,0,0,2,0,0,1,0,1,2,0,3,0,0,2,0,0,0,0,0,1,2,2,2,0,0,0,1,2,0,0,0,0
2720,AI/ML Engineer,8.41,87.8,85.1,71.2,68.8,66.8,82.2,72.2,3,2,1,1,1,1,0,0,0,0,0,0,0,0,0,1,0,3,0,0,0,0,0,0,0,1,1,0,3,0,3,3,0,0,0,1,0,0,0,1,0
2721,AI/ML Engineer,9.03,83.3,91.2,78.6,100.0,63.6,82.1,81.7,0,3,3,0,1,0,3,0,2,0,0,0,2,0,0,0,0,2,0,0,0,0,0,0,2,0,0,0,2,3,3,3,3,0,0,1,1,0,0,0,1
2722,AI/ML Engineer,7.87,91.2,91.7,100.0,89.0,70.8,84.4,87.6,2,2,1,0,1,1,2,0,0,0,0,0,0,0,1,0,1,2,0,0,0,0,1,0,2,0,0,0,2,2,2,2,0,0,0,0,2,0,0,0,0
2723,AI/ML Engineer,7.36,84.9,89.0,69.0,91.2,78.7,59.5,74.6,4,3,2,0,1,1,3,0,0,0,0,1,0,0,0,0,0,0,0,0,0,0,0,1,0,0,0,0,2,1,3,3,1,0,0,0,0,0,0,0,0
2724,AI/ML Engineer,7.62,82.1,81.3,95.2,75.8,67.6,58.4,74.2,1,3,1,1,1,1,2,2,0,0,0,0,0,0,2,0,0,2,0,0,0,1,0,0,0,0,0,0,0,3,3,1,1,0,0,0,1,0,1,0,0
2725,AI/ML Engineer,7.89,90.1,80.8,86.3,81.1,54.1,74.2,73.9,2,2,2,1,0,1,3,0,0,0,0,0,0,0,2,0,0,2,0,0,0,1,0,0,0,2,0,0,2,2,0,2,3,0,0,0,0,0,1,1,0
2726,AI/ML Engineer,8.0,85.0,92.6,81.2,85.0,98.1,70.0,83.6,1,2,2,0,1,1,3,0,0,0,0,0,0,0,1,0,0,0,1,0,0,0,0,1,0,0,0,0,0,0,0,0,3,0,0,2,1,2,1,0,0
2727,AI/ML Engineer,8.31,82.5,83.6,76.1,97.1,72.3,77.7,80.8,2,1,2,1,1,1,3,2,0,0,0,1,0,0,1,0,0,3,0,0,0,0,2,1,0,0,0,0,3,3,0,2,1,0,0,0,1,0,0,0,0
2728,AI/ML Engineer,8.48,93.8,94.0,77.2,67.1,73.7,76.7,73.7,2,2,2,0,1,1,2,1,1,0,0,2,0,0,1,2,0,2,0,0,0,1,0,0,0,0,0,0,0,3,3,1,2,0,1,0,3,0,0,0,0
2729,AI/ML Engineer,8.21,94.1,62.4,79.0,84.0,61.4,83.9,77.1,4,2,0,0,1,1,1,0,0,0,0,0,0,0,0,0,0,0,0,0,2,0,0,0,0,0,0,0,2,2,0,3,0,0,0,0,1,0,0,0,0
2730,AI/ML Engineer,8.57,97.5,86.8,68.8,85.6,75.9,73.2,75.9,3,3,2,1,1,1,1,1,0,0,2,1,0,0,0,0,2,2,0,0,0,0,0,2,0,0,0,1,2,2,2,3,3,1,0,0,3,0,0,0,0
2731,AI/ML Engineer,7.39,97.5,96.3,93.0,90.3,73.8,68.2,81.3,0,1,3,0,1,1,3,0,2,0,0,0,0,2,0,0,0,0,0,0,0,0,0,0,0,0,0,0,3,2,0,2,3,0,2,0,0,0,0,1,0
2732,AI/ML Engineer,8.24,90.2,77.2,87.2,79.0,67.4,75.4,77.2,1,3,0,0,0,1,3,0,0,0,0,0,0,0,0,0,0,3,0,0,1,0,2,1,0,0,0,1,2,2,2,3,2,0,1,2,0,0,0,0,0
2733,AI/ML Engineer,8.78,84.4,77.3,91.8,82.1,62.6,86.1,80.6,4,1,2,1,1,0,3,0,0,2,0,0,0,0,1,1,0,2,0,0,0,0,0,0,0,1,0,0,3,2,3,2,3,1,1,1,3,0,0,0,0
2734,AI/ML Engineer,8.41,86.4,78.9,88.4,88.1,89.7,78.8,86.2,1,2,2,0,1,1,3,0,0,0,0,0,0,0,1,0,0,2,0,0,0,0,1,0,0,0,0,1,3,3,2,2,2,0,0,0,0,0,0,0,1
2735,AI/ML Engineer,9.28,94.7,89.4,92.6,86.0,45.5,76.1,75.0,2,1,3,1,1,1,1,1,0,1,0,0,0,0,0,0,0,3,2,1,0,2,0,0,0,1,0,0,2,3,2,1,3,0,1,0,2,0,0,0,0
2736,AI/ML Engineer,8.7,88.5,91.5,86.7,59.6,49.0,74.2,67.4,2,2,2,1,0,1,3,0,0,0,0,0,0,0,0,1,0,2,0,1,0,0,1,1,0,1,0,0,1,3,2,3,0,0,0,0,3,0,0,2,0
2737,AI/ML Engineer,8.15,95.4,77.5,84.9,100.0,75.5,52.8,80.0,3,3,1,1,1,1,3,1,0,0,0,0,0,0,1,0,0,0,0,0,0,0,0,0,1,0,1,2,3,3,1,3,3,0,0,1,2,0,0,0,2
2738,AI/ML Engineer,8.46,89.5,81.2,78.5,80.6,69.4,88.1,79.2,1,3,1,1,1,1,3,0,1,0,0,0,0,2,0,1,0,0,0,0,0,1,0,0,0,0,0,1,2,2,1,3,2,0,0,0,0,1,0,0,0
2739,AI/ML Engineer,8.62,84.5,70.7,69.2,96.7,67.7,74.3,77.0,2,2,2,1,1,1,2,0,0,0,0,0,0,0,1,0,0,0,0,0,0,0,0,0,0,0,0,1,3,2,3,3,3,0,0,1,0,0,0,0,0
2740,AI/ML Engineer,8.16,76.9,71.1,92.2,87.4,64.3,77.3,80.3,3,2,1,0,1,0,3,0,2,0,0,0,0,0,0,0,0,2,0,0,0,0,0,0,0,0,0,0,2,3,2,3,0,0,0,0,2,0,2,0,0
2741,AI/ML Engineer,7.81,82.8,79.3,81.5,85.7,68.1,74.1,77.3,2,1,0,0,1,1,3,0,1,0,0,0,1,0,0,0,0,0,0,0,1,0,0,0,0,0,0,2,3,1,1,3,3,0,0,0,0,0,0,0,2
2742,AI/ML Engineer,8.79,80.2,73.3,68.6,85.1,70.8,78.4,75.7,3,2,2,0,1,1,2,0,0,0,0,0,0,0,0,0,0,2,2,0,0,0,2,1,0,0,0,0,2,2,2,1,3,0,0,0,2,0,1,0,0
2743,AI/ML Engineer,7.71,95.5,86.7,87.1,93.1,73.6,82.2,84.0,2,2,0,0,0,1,2,0,0,0,0,0,2,1,0,0,1,0,0,0,1,0,0,0,0,0,0,0,2,1,2,3,2,0,2,0,3,0,0,0,0
2744,AI/ML Engineer,8.84,92.1,89.9,73.1,78.7,73.1,85.2,77.5,4,2,2,1,1,1,2,0,0,0,0,0,0,0,2,0,1,2,0,0,1,0,0,1,1,0,0,0,2,3,1,3,3,0,0,0,1,1,0,0,0
2745,AI/ML Engineer,8.33,77.1,94.1,82.1,77.1,81.1,71.6,78.0,3,3,1,0,0,1,3,0,0,2,0,1,0,1,0,0,0,1,0,1,0,0,1,0,0,0,0,0,0,3,2,3,0,0,0,0,2,0,0,0,0
2746,AI/ML Engineer,9.06,88.8,83.1,90.8,92.3,65.0,85.3,83.3,3,3,2,0,1,1,3,0,0,1,0,0,0,2,0,0,0,3,1,0,0,0,0,0,0,2,0,0,0,3,0,1,2,1,0,0,2,0,0,0,0
2747,AI/ML Engineer,8.53,87.9,82.3,77.9,100.0,66.9,80.7,82.6,4,2,1,1,1,1,2,0,0,0,0,0,0,0,0,1,0,2,0,0,0,0,0,0,0,0,0,0,1,2,3,2,2,0,0,0,0,0,0,2,0
2748,AI/ML Engineer,7.68,97.2,88.2,98.6,77.2,71.3,87.8,83.7,2,3,1,1,1,1,3,0,0,0,0,2,1,0,1,0,1,3,1,0,0,0,0,0,0,0,0,0,2,3,3,2,3,0,0,0,2,1,0,1,0
2749,AI/ML Engineer,8.77,94.3,90.2,90.9,76.1,75.3,72.7,78.8,4,2,1,0,0,1,1,0,0,0,0,0,0,0,0,0,0,2,0,0,0,0,0,0,1,0,0,0,1,0,0,2,1,0,2,2,0,0,0,0,1
2750,AI/ML Engineer,8.41,86.5,76.7,68.3,100.0,57.5,76.0,76.6,2,2,2,1,0,1,3,0,1,0,1,0,0,0,0,0,1,2,0,0,2,0,0,0,0,0,0,0,3,2,1,2,2,0,0,0,2,0,0,0,2
2751,AI/ML Engineer,7.73,82.1,85.8,66.4,70.0,63.2,86.0,71.4,1,1,2,0,1,0,2,0,0,0,0,0,1,0,0,0,0,2,1,0,1,1,0,0,0,0,0,0,2,3,3,2,1,0,0,0,0,0,2,1,0
2752,AI/ML Engineer,8.39,89.9,79.9,85.3,96.2,70.8,98.4,87.7,2,2,1,1,1,1,2,1,1,0,0,2,0,0,0,0,0,2,0,0,0,0,0,0,0,0,0,0,3,1,3,1,1,0,0,0,2,0,0,1,0
2753,AI/ML Engineer,8.96,86.3,80.1,93.1,90.0,60.4,73.5,79.2,2,3,2,1,1,1,3,0,0,0,0,0,1,0,0,0,0,3,0,0,0,0,0,0,0,0,0,0,0,1,1,3,2,0,1,0,0,0,1,0,0
2754,AI/ML Engineer,7.76,86.4,80.2,73.0,76.5,78.3,74.6,75.6,4,3,1,1,1,1,3,0,0,0,1,0,0,0,0,0,0,0,0,1,1,0,0,0,1,0,0,0,3,2,1,3,3,0,2,0,2,1,0,0,0
2755,AI/ML Engineer,8.56,98.4,83.2,59.7,79.2,83.0,64.5,71.6,2,2,0,0,1,1,2,0,0,0,0,0,0,1,2,0,0,2,0,0,0,0,0,0,1,0,0,0,3,2,2,2,1,0,0,0,2,0,0,0,0
2756,AI/ML Engineer,7.62,93.6,78.4,96.1,100.0,69.5,69.4,85.4,1,3,1,0,0,1,1,0,0,0,0,0,1,0,0,0,1,2,0,0,0,0,2,0,0,1,0,2,0,2,3,2,0,0,0,0,0,0,0,0,0
2757,AI/ML Engineer,7.07,93.8,88.0,72.0,89.2,80.1,74.3,78.9,3,2,2,1,0,1,3,0,0,0,0,0,0,0,0,0,0,0,0,0,2,0,0,0,0,0,0,0,0,2,3,3,1,0,0,0,0,0,0,2,0
2758,AI/ML Engineer,8.36,79.1,76.3,66.7,84.4,71.5,100.0,81.2,1,2,2,1,1,1,3,1,0,0,0,0,1,0,0,0,0,3,0,0,0,0,0,1,0,0,0,0,3,2,3,2,3,0,0,0,0,0,0,0,0
2759,AI/ML Engineer,8.0,83.2,86.4,91.6,78.1,83.6,57.2,77.6,1,2,1,1,0,1,3,0,0,0,0,0,0,1,0,0,0,2,0,1,0,0,0,0,0,0,1,1,2,0,1,1,2,0,0,0,2,1,0,0,2
2760,AI/ML Engineer,8.83,77.2,92.5,87.5,79.8,54.7,56.4,69.6,2,3,2,1,0,1,2,0,0,0,1,0,0,0,1,0,0,3,0,0,0,0,0,0,1,0,0,0,3,1,0,2,2,0,0,0,2,0,0,0,0
2761,AI/ML Engineer,7.86,79.9,82.1,85.2,100.0,55.3,80.6,80.3,2,2,2,0,0,1,2,0,1,0,0,0,0,0,0,0,0,2,0,0,0,0,0,0,0,0,0,0,2,2,0,1,3,0,0,2,0,0,0,0,0
2762,AI/ML Engineer,9.19,78.3,88.6,69.9,89.5,64.7,53.8,69.5,3,2,0,0,1,1,3,0,0,0,0,0,0,0,0,0,0,3,0,0,0,0,1,0,0,0,0,2,2,2,2,2,3,1,0,0,2,2,0,0,0
2763,AI/ML Engineer,7.27,87.4,79.3,85.2,64.0,57.1,85.2,72.9,2,3,1,1,1,1,0,0,0,0,0,0,0,0,0,0,0,0,0,0,0,0,0,2,0,0,0,0,1,2,1,3,0,0,0,1,2,0,0,0,0
2764,AI/ML Engineer,8.82,86.8,69.8,74.1,77.5,65.9,68.0,71.4,3,2,2,0,1,1,2,0,1,1,0,0,0,0,0,1,0,0,1,0,0,0,0,0,0,0,0,0,3,0,3,2,1,0,0,0,0,1,0,0,0
2765,AI/ML Engineer,7.44,96.0,86.8,78.5,68.0,57.4,66.4,67.6,2,2,2,1,1,0,2,0,0,0,0,0,1,0,0,0,0,3,0,1,0,0,0,0,0,0,0,0,2,2,0,3,2,0,0,1,3,1,0,3,2
2766,AI/ML Engineer,7.82,90.4,79.4,84.3,90.6,82.6,79.6,84.3,3,1,2,1,1,1,2,0,0,0,2,0,0,0,0,0,0,3,0,0,0,2,0,1,0,1,0,2,3,3,2,2,2,0,0,1,0,2,0,0,0
2767,AI/ML Engineer,8.61,79.6,92.2,79.6,100.0,97.3,65.3,85.9,1,3,1,1,1,1,2,0,1,0,0,0,0,0,0,2,0,0,0,0,0,0,0,0,0,0,0,0,2,3,3,2,3,0,0,0,1,0,0,0,0
2768,AI/ML Engineer,7.09,89.1,96.0,68.0,60.2,74.3,69.9,68.1,2,2,1,0,1,1,3,1,1,0,0,1,2,0,0,0,0,1,0,0,0,0,0,0,0,0,0,0,2,2,0,2,1,2,0,0,0,0,0,0,0
2769,AI/ML Engineer,7.68,83.8,83.3,91.3,71.4,70.8,73.7,76.8,3,2,1,1,1,0,2,0,0,0,0,0,0,1,0,0,0,0,0,0,0,0,0,0,0,0,0,2,2,3,2,2,2,0,0,0,0,1,0,0,0
2770,AI/ML Engineer,8.81,90.5,79.6,80.3,79.8,47.5,61.2,67.2,1,3,0,0,0,0,1,0,0,1,0,0,0,0,0,0,1,2,0,1,0,2,2,0,0,0,0,0,3,0,0,1,3,2,0,0,0,0,0,0,0
2771,AI/ML Engineer,8.96,90.9,78.5,94.0,88.4,68.9,75.2,81.6,1,2,1,1,1,0,2,0,1,0,0,0,0,0,0,0,0,1,0,0,0,0,0,0,0,0,0,0,1,2,2,2,3,0,0,1,1,0,0,0,0
2772,AI/ML Engineer,7.9,92.3,90.5,59.6,93.9,67.3,70.4,72.8,3,2,1,0,0,1,3,0,1,0,0,0,0,0,2,0,0,0,0,0,0,0,0,0,1,0,0,0,0,2,3,3,3,0,0,2,2,0,0,0,0
2773,AI/ML Engineer,8.08,91.4,89.0,68.3,79.2,52.5,77.5,69.4,4,2,0,0,1,1,3,0,0,0,0,0,0,0,1,0,0,1,0,0,2,0,0,0,0,0,0,0,2,2,2,2,2,0,1,0,2,1,0,0,0
2774,AI/ML Engineer,8.34,84.5,88.8,96.0,91.0,51.2,66.9,76.3,0,3,1,1,1,1,0,0,0,0,1,1,0,0,0,0,0,2,1,0,0,0,0,0,0,0,0,0,2,2,2,3,3,2,0,0,2,0,0,0,0
2775,AI/ML Engineer,8.9,99.7,95.1,95.1,83.7,66.7,88.3,83.5,2,1,3,0,0,1,2,0,1,0,0,0,0,0,1,0,0,0,0,0,0,0,0,0,0,0,0,1,2,3,2,2,2,0,0,1,2,0,0,0,1
2776,AI/ML Engineer,9.98,83.9,92.1,79.8,74.2,68.2,47.3,67.4,1,3,1,1,1,0,3,0,0,1,0,0,0,0,0,0,0,0,0,0,0,0,1,0,1,2,0,0,0,0,3,3,3,1,0,0,0,0,0,1,0
2777,AI/ML Engineer,8.48,89.8,79.4,83.7,81.6,59.7,80.5,76.4,2,2,1,1,0,0,3,0,1,0,0,0,1,0,0,0,0,0,0,0,0,1,0,1,0,0,0,0,2,3,2,3,2,0,0,0,1,0,0,0,0
2778,AI/ML Engineer,8.96,74.3,89.8,88.9,76.3,66.9,75.3,76.8,2,2,1,1,0,0,0,0,1,1,1,0,0,2,0,1,1,2,0,0,0,1,0,0,1,0,0,0,2,3,2,2,3,0,2,0,2,0,0,0,0
2779,AI/ML Engineer,7.96,86.2,87.1,76.3,86.2,55.9,87.5,76.5,4,2,1,1,0,1,2,0,0,0,0,0,0,0,0,0,2,2,1,0,0,0,0,0,0,0,0,0,2,1,2,3,3,0,1,0,2,2,0,0,0
2780,AI/ML Engineer,8.36,87.3,91.9,54.6,77.8,49.0,72.0,63.4,2,2,0,0,1,1,0,0,1,0,0,0,0,0,0,0,0,3,0,0,0,0,0,0,1,0,0,0,2,0,0,1,3,0,0,0,0,0,0,0,0
2781,AI/ML Engineer,7.5,94.4,87.3,83.4,66.9,51.9,83.4,71.4,4,2,0,0,1,1,3,0,1,2,0,0,0,0,0,1,2,1,0,0,0,0,0,0,0,0,0,0,3,3,1,2,2,0,0,0,0,0,0,0,0
2782,AI/ML Engineer,9.72,80.1,95.3,78.1,88.1,50.6,84.4,75.3,2,3,1,1,0,1,1,0,0,1,0,0,1,0,0,0,0,1,0,0,0,0,0,0,0,0,0,2,2,2,1,2,3,0,0,0,1,0,1,0,0
2783,AI/ML Engineer,7.53,98.0,88.7,66.2,82.7,51.3,73.6,68.4,3,2,2,1,1,1,2,0,0,0,1,0,0,0,0,0,0,0,1,0,2,2,1,0,0,1,0,0,3,2,0,0,1,0,0,0,3,0,0,0,0
2784,AI/ML Engineer,8.7,73.1,85.9,86.5,85.3,89.7,66.7,82.0,1,2,1,1,1,0,3,0,2,0,0,0,0,2,0,0,0,1,0,0,0,0,0,0,0,0,0,0,1,2,3,3,3,2,0,0,2,0,2,0,0
2785,AI/ML Engineer,7.64,84.8,90.4,72.1,67.8,75.3,58.0,68.3,2,2,0,0,0,1,2,1,0,0,1,0,1,0,0,0,0,3,0,0,0,0,0,0,0,0,0,0,1,1,3,3,3,0,0,0,2,0,0,1,0
2786,AI/ML Engineer,7.84,78.3,91.0,66.5,83.2,68.4,71.6,72.4,1,3,0,0,1,1,3,1,2,0,0,0,1,0,0,0,0,1,0,0,0,0,0,0,0,0,0,0,2,3,3,1,2,0,0,0,3,0,0,2,1
2787,AI/ML Engineer,7.24,78.0,91.7,91.3,89.3,44.1,81.4,76.5,4,1,1,0,0,1,1,2,0,2,0,0,0,1,0,0,0,3,0,0,0,0,0,0,1,0,1,1,2,2,0,3,2,0,0,0,1,0,1,0,0
2788,AI/ML Engineer,8.31,96.0,87.8,71.0,87.8,70.2,83.1,78.0,3,3,1,1,1,1,2,0,0,0,0,0,0,1,0,1,0,2,0,0,1,0,0,0,0,0,1,0,3,2,1,2,3,0,0,0,2,0,1,0,0
2789,AI/ML Engineer,9.46,76.1,76.6,79.6,77.3,80.7,92.3,82.5,1,3,2,1,1,1,1,0,0,0,0,0,0,0,0,1,0,0,0,0,0,1,0,0,0,0,0,0,3,1,2,2,3,0,0,0,3,0,0,0,0
2790,AI/ML Engineer,8.54,86.9,86.9,78.1,90.5,78.5,58.4,76.4,3,1,1,1,1,1,3,1,0,0,0,0,0,0,1,0,0,1,0,0,0,0,0,0,1,0,0,1,2,3,3,3,2,0,0,0,0,0,0,0,0
2791,AI/ML Engineer,8.63,93.1,92.4,77.0,86.4,49.0,67.4,70.0,2,3,1,0,0,1,0,0,0,0,0,0,0,0,0,0,0,2,0,0,0,0,0,0,0,0,0,0,0,0,3,3,2,0,0,0,3,1,0,0,0
2792,AI/ML Engineer,6.89,86.4,89.0,100.0,84.1,54.2,100.0,85.3,2,2,0,0,1,1,3,0,0,0,0,1,0,0,0,0,0,2,0,0,0,0,0,1,0,0,0,0,2,3,1,3,3,0,0,0,2,0,1,0,0
2793,AI/ML Engineer,8.6,88.6,69.5,100.0,87.5,65.7,74.0,83.5,3,1,2,0,1,1,2,0,0,0,1,0,0,0,0,0,0,2,0,0,0,0,0,0,0,0,0,0,2,2,2,3,3,0,1,0,0,0,0,0,0
2794,AI/ML Engineer,7.38,89.1,76.8,91.6,78.5,65.5,88.9,81.1,3,2,2,1,1,1,3,1,0,0,0,0,0,0,0,0,0,0,0,0,0,0,0,0,0,0,0,0,3,0,3,3,1,2,0,0,2,0,0,0,0
2795,AI/ML Engineer,8.08,86.7,69.6,81.4,93.8,69.9,81.7,81.7,2,3,3,1,0,1,2,0,0,0,0,0,0,0,0,0,0,2,1,0,0,0,0,0,0,0,0,0,3,3,3,2,3,0,1,0,2,0,0,0,0
2796,AI/ML Engineer,7.72,89.2,86.6,82.0,85.1,65.8,82.7,78.9,3,3,0,0,0,1,2,0,0,1,0,1,0,0,0,0,0,2,0,0,0,0,0,0,0,0,0,0,2,1,3,2,2,0,0,0,2,0,0,0,0
2797,AI/ML Engineer,7.86,86.3,74.9,100.0,71.3,80.5,67.5,81.8,2,2,1,0,1,1,2,0,0,0,1,0,0,0,0,0,0,1,0,0,0,0,0,0,1,2,0,0,2,2,3,2,3,0,0,0,2,0,0,2,0
2798,AI/ML Engineer,8.9,83.3,84.1,79.4,71.6,65.5,74.2,72.7,2,2,1,1,1,1,3,1,0,0,0,0,0,0,0,0,0,2,0,0,0,0,0,0,0,0,1,0,2,0,2,2,1,0,0,2,2,0,0,1,0
2799,AI/ML Engineer,7.64,93.9,83.2,83.6,73.3,73.8,78.9,77.4,3,2,1,1,1,1,2,0,0,0,0,2,1,0,0,0,0,2,0,1,0,0,1,0,1,0,0,0,0,0,3,3,1,0,0,0,1,1,0,0,0
2800,AI/ML Engineer,7.6,82.5,79.1,90.3,86.0,66.8,73.0,79.0,2,3,1,0,0,1,3,0,0,0,2,0,0,0,0,0,0,0,0,1,0,0,0,0,0,1,0,0,1,3,2,1,2,0,1,0,2,0,0,0,1
2801,AI/ML Engineer,7.13,100.0,81.8,65.2,88.1,70.5,62.8,71.7,3,1,2,1,1,1,1,0,2,0,0,1,0,2,0,1,0,2,0,0,2,0,0,0,0,0,0,0,3,3,2,2,3,0,0,1,2,2,0,0,0
2802,AI/ML Engineer,8.64,86.0,89.6,72.8,85.8,58.8,76.9,73.6,3,3,2,0,1,1,2,0,0,0,0,0,0,0,0,0,0,2,0,0,1,1,0,0,0,0,0,0,3,3,3,1,0,0,0,1,1,0,0,1,0
2803,AI/ML Engineer,8.25,89.7,81.4,82.9,82.9,75.6,80.4,80.5,3,1,2,1,1,1,2,0,0,0,0,0,0,0,0,0,0,0,1,0,0,0,0,0,0,0,0,0,3,0,3,3,1,0,0,0,1,0,1,0,0
2804,AI/ML Engineer,8.16,86.5,80.3,70.8,79.3,73.9,62.8,71.7,3,2,0,0,1,1,2,1,0,0,0,0,0,0,0,0,0,2,1,0,0,0,1,0,0,0,0,0,3,1,2,2,1,0,0,0,0,0,3,1,0
2805,AI/ML Engineer,7.22,97.7,95.4,85.7,92.1,79.8,66.0,80.9,4,3,1,0,1,1,2,0,0,0,0,1,0,0,0,0,0,1,0,0,1,0,0,0,0,0,2,0,2,2,0,3,2,0,0,0,1,1,1,0,0
2806,AI/ML Engineer,8.76,86.9,99.6,91.6,85.0,77.2,82.2,84.0,2,3,2,0,1,1,3,0,0,0,0,0,0,1,0,0,0,1,0,0,0,0,0,1,0,0,0,0,1,1,2,3,3,0,0,0,3,0,1,0,0
2807,AI/ML Engineer,8.09,87.7,95.2,98.7,78.4,76.4,53.1,76.7,1,2,1,1,0,1,2,0,0,0,0,0,0,0,0,0,0,0,0,0,1,0,0,0,0,2,0,1,2,3,1,1,3,0,0,0,2,0,0,2,0
2808,AI/ML Engineer,9.06,91.2,82.9,82.3,89.3,87.6,67.3,81.6,2,3,2,1,0,1,0,2,0,0,1,0,0,0,0,0,0,2,1,0,0,0,0,2,0,0,1,0,0,3,3,3,2,2,0,0,2,0,0,0,0
2809,AI/ML Engineer,8.6,82.9,82.1,80.1,85.8,71.8,65.2,75.7,2,1,0,0,1,0,1,0,0,0,0,0,0,0,0,1,0,0,0,1,1,0,0,0,0,0,0,0,0,1,1,1,2,0,0,0,3,0,0,0,0
2810,AI/ML Engineer,7.71,74.3,76.2,81.4,98.3,90.7,64.0,83.6,0,3,0,0,0,1,3,0,0,1,0,0,0,0,0,0,0,2,1,0,0,0,0,0,0,0,0,0,0,3,0,2,3,0,0,0,2,0,0,0,1
2811,AI/ML Engineer,7.78,77.4,87.2,100.0,93.1,68.4,57.3,81.3,2,2,1,1,1,1,0,0,1,0,0,0,1,1,0,0,0,3,0,2,0,0,0,1,0,3,0,0,3,3,1,2,2,0,0,2,0,3,0,0,0
2812,AI/ML Engineer,8.21,79.7,87.6,79.6,84.6,78.5,62.5,76.3,3,1,1,1,1,1,2,1,0,2,0,0,0,0,0,2,2,0,1,0,1,0,0,0,0,0,0,0,3,0,2,2,2,0,0,0,2,0,0,0,0
2813,AI/ML Engineer,8.26,88.1,93.3,79.3,87.3,76.3,68.7,77.9,3,2,1,1,0,1,0,0,0,0,0,0,0,0,0,0,0,0,0,0,0,1,0,0,0,0,0,0,2,1,2,0,0,0,1,1,0,0,2,0,0
2814,AI/ML Engineer,9.24,96.0,88.3,81.2,97.1,56.3,62.7,74.3,4,1,1,1,1,1,3,0,0,0,0,0,0,1,0,0,0,2,0,0,0,1,0,0,0,0,0,0,3,3,2,3,2,0,0,1,0,1,1,0,0
2815,AI/ML Engineer,7.1,90.6,85.6,94.3,89.7,42.2,91.7,79.5,2,1,1,1,1,1,3,0,0,0,0,0,0,0,0,1,0,0,0,2,0,0,0,0,0,0,0,0,2,0,3,3,3,1,0,0,0,0,0,0,0
2816,AI/ML Engineer,8.05,81.7,88.0,81.4,100.0,71.3,68.9,80.5,0,2,1,1,1,1,2,0,0,0,1,0,0,0,0,1,0,0,0,0,0,0,0,0,0,0,0,0,2,3,3,2,2,2,0,0,2,0,0,0,0
2817,AI/ML Engineer,7.27,92.6,87.8,71.7,84.4,61.1,73.6,72.7,2,2,0,0,1,0,3,1,1,0,0,0,1,0,0,0,1,3,0,0,0,0,0,0,0,0,0,0,1,2,2,3,2,0,0,0,3,1,0,0,0
2818,AI/ML Engineer,8.67,84.4,91.0,74.7,80.0,59.4,79.6,73.4,4,1,2,1,1,1,3,0,0,0,0,0,0,0,0,0,2,2,0,0,1,0,0,0,0,0,0,0,1,0,3,3,3,0,0,1,0,0,0,0,0
2819,AI/ML Engineer,8.25,85.1,95.5,72.8,78.9,67.4,95.2,78.6,3,2,1,0,0,1,2,0,1,1,0,1,0,2,0,1,0,3,0,0,0,0,0,0,0,0,0,3,1,3,1,2,3,0,0,0,0,0,0,0,0
2820,AI/ML Engineer,8.54,93.6,92.1,87.9,80.2,100.0,79.9,88.3,2,3,3,1,1,1,3,0,0,0,0,0,0,0,0,0,1,0,1,2,0,0,0,1,1,0,0,0,3,2,3,2,0,0,0,0,0,2,0,0,0
2821,AI/ML Engineer,7.36,94.0,86.7,100.0,75.9,74.3,76.3,87.2,1,1,1,1,1,1,2,0,0,0,0,0,0,0,0,0,0,2,0,0,0,0,0,2,0,0,0,0,0,0,2,2,2,0,0,0,0,1,0,0,0
2822,AI/ML Engineer,9.03,87.6,87.0,100.0,89.1,59.8,72.2,81.5,4,2,2,1,1,0,3,2,0,0,0,0,0,0,0,0,0,0,0,1,0,0,0,0,0,0,0,2,3,1,1,2,2,0,0,0,0,0,0,0,0
2823,AI/ML Engineer,8.13,88.7,96.8,79.3,94.7,61.0,64.9,75.0,4,1,1,0,1,0,3,1,0,1,0,0,0,0,0,1,0,3,0,0,0,1,0,0,0,1,0,0,2,3,2,3,3,0,0,0,0,0,0,0,0
2824,AI/ML Engineer,8.0,87.0,93.0,80.1,85.1,71.9,67.1,76.0,3,2,2,1,1,1,3,0,0,0,1,0,0,0,0,2,0,0,0,0,0,0,0,0,0,0,0,0,2,3,0,3,2,0,0,0,0,0,0,0,0
2825,AI/ML Engineer,8.06,93.1,78.6,69.9,74.9,43.8,83.5,68.0,1,2,0,0,1,1,2,0,0,0,0,0,0,0,0,0,1,0,0,0,0,0,0,0,2,0,0,0,3,0,3,0,2,1,0,1,2,1,2,0,0
2826,AI/ML Engineer,7.48,92.1,78.4,75.9,83.4,53.0,81.0,73.3,3,2,0,0,1,1,3,0,0,0,1,1,2,0,0,0,0,2,0,0,0,0,0,0,0,0,0,0,2,1,0,2,3,0,0,0,2,0,0,0,1
2827,AI/ML Engineer,9.46,85.1,99.3,80.8,90.4,78.1,78.6,82.0,2,1,2,0,0,0,2,0,0,0,0,0,0,0,1,0,0,1,0,0,0,0,0,2,0,0,0,0,2,0,2,3,3,0,0,0,3,0,1,0,1
2828,AI/ML Engineer,8.65,80.9,86.0,89.2,92.9,62.5,68.6,78.3,1,2,1,1,1,1,3,0,0,0,0,0,0,2,2,0,0,0,0,2,0,1,0,1,0,0,0,0,3,3,1,0,3,2,0,0,0,0,0,0,0
2829,AI/ML Engineer,8.17,88.8,72.2,84.7,94.1,69.1,95.6,85.9,3,3,2,1,1,1,2,0,0,0,0,0,0,0,1,0,0,0,1,0,0,0,0,0,0,0,0,0,1,0,3,2,2,0,2,0,0,0,1,0,0
2830,AI/ML Engineer,7.6,96.1,85.9,83.3,85.0,69.4,78.9,79.2,3,2,2,1,0,1,3,0,0,0,2,0,0,0,0,0,0,0,0,0,0,0,0,0,0,0,0,0,3,3,3,3,3,0,0,0,0,2,0,0,0
2831,AI/ML Engineer,7.43,96.5,86.2,81.5,86.8,75.0,62.9,76.5,1,3,2,1,0,1,1,0,0,0,0,0,0,1,1,0,0,3,0,0,0,0,0,0,1,0,0,2,2,3,2,3,2,0,0,2,1,0,0,0,0
2832,AI/ML Engineer,7.68,85.0,77.4,83.9,96.4,75.2,48.0,75.9,2,2,1,1,1,1,3,0,0,1,0,0,0,0,0,0,0,0,0,0,0,0,0,0,0,1,0,0,2,3,2,2,3,1,0,0,2,0,0,2,0
2833,AI/ML Engineer,8.17,81.4,86.8,85.6,87.7,92.0,92.3,89.4,1,2,2,1,1,1,2,0,0,0,0,1,0,0,2,0,0,2,0,0,0,0,0,0,0,0,0,0,0,1,3,3,2,0,0,1,1,0,0,1,0
2834,AI/ML Engineer,8.81,85.8,84.3,83.6,92.6,67.5,92.0,83.9,2,2,2,0,1,0,2,0,0,0,0,1,0,0,0,0,0,2,0,0,0,0,0,0,0,0,2,1,3,2,2,3,2,0,0,0,0,0,0,2,0
2835,AI/ML Engineer,8.18,88.3,92.4,79.6,72.3,79.9,87.9,79.9,3,2,1,1,1,1,3,0,1,0,0,0,0,0,0,0,0,3,0,0,1,0,0,0,0,1,0,0,1,3,1,3,3,0,0,0,0,2,0,2,0
2836,AI/ML Engineer,8.16,94.8,95.1,84.6,71.2,90.9,84.3,82.8,2,2,0,0,0,0,1,0,0,0,2,0,0,0,0,0,0,2,2,0,0,0,0,1,0,0,0,1,0,1,3,3,3,0,0,0,1,0,0,0,0
2837,AI/ML Engineer,7.0,90.1,78.3,85.6,84.9,64.9,64.6,75.0,2,1,0,0,1,1,3,0,0,1,0,1,0,0,0,0,0,1,0,0,0,0,0,0,1,0,0,1,3,1,3,3,3,0,0,1,2,0,0,0,0
2838,AI/ML Engineer,7.87,78.3,77.1,95.2,83.7,64.8,63.9,76.9,4,2,1,1,0,0,2,0,0,0,0,0,0,0,0,0,0,3,0,0,0,0,0,0,0,0,0,1,0,2,1,3,2,0,0,0,0,0,0,0,0
2839,AI/ML Engineer,7.64,89.7,86.7,86.3,73.3,60.9,86.7,76.8,3,2,1,1,0,1,1,0,0,2,0,0,0,0,0,0,0,2,0,0,0,0,1,0,0,0,0,0,2,3,3,1,3,0,0,0,0,0,0,0,0
2840,AI/ML Engineer,8.66,81.4,85.2,98.3,63.4,73.2,84.4,79.8,3,2,3,0,1,0,0,0,0,0,0,0,0,0,0,0,0,0,0,0,0,0,0,0,0,0,0,0,2,1,2,2,1,0,0,0,0,0,0,0,0
2841,AI/ML Engineer,8.4,82.0,95.3,84.7,71.4,73.5,74.7,76.1,2,3,1,0,1,1,1,0,0,0,0,0,1,0,0,0,0,3,0,0,0,0,2,0,0,0,1,0,2,3,3,1,3,0,0,1,2,0,0,0,0
2842,AI/ML Engineer,8.71,85.1,72.8,83.6,75.7,89.7,66.3,78.8,3,2,0,0,0,1,2,0,0,0,0,0,0,0,0,0,0,0,1,0,0,0,0,0,0,0,0,0,3,2,3,1,2,0,0,1,0,0,0,0,2
2843,AI/ML Engineer,8.16,100.0,82.7,79.2,87.8,67.4,80.0,78.6,2,2,1,1,1,1,3,0,1,0,0,0,1,0,0,0,1,1,1,0,0,0,2,0,0,2,1,0,1,3,3,3,3,0,0,1,0,0,0,0,0
2844,AI/ML Engineer,9.3,85.3,89.7,76.1,90.6,59.6,79.4,76.4,2,2,1,0,1,1,2,0,0,0,0,0,0,0,0,0,0,0,0,0,0,0,2,0,2,0,0,1,3,2,2,1,2,0,0,2,0,0,0,1,1
2845,AI/ML Engineer,8.84,84.1,89.2,92.6,93.0,60.3,67.3,78.3,1,2,2,0,0,1,3,0,0,0,1,0,0,0,0,0,0,0,0,0,0,0,0,0,0,0,0,0,1,3,0,3,3,0,0,0,0,0,0,0,0
2846,AI/ML Engineer,8.65,89.7,94.2,89.7,100.0,65.6,71.8,82.0,3,3,1,0,1,1,1,0,0,1,0,2,0,2,0,1,2,3,0,0,0,0,0,0,0,0,2,0,3,2,3,0,2,0,0,0,2,0,0,2,0
2847,AI/ML Engineer,8.24,87.5,84.1,69.4,83.4,52.2,86.0,72.8,2,2,2,1,1,1,3,0,0,0,0,0,0,2,0,0,1,2,1,0,2,0,0,0,0,0,0,0,3,3,3,2,3,0,0,2,1,1,0,0,0
2848,AI/ML Engineer,8.56,88.5,81.1,76.4,79.6,79.6,88.1,80.9,2,2,2,1,1,1,2,0,0,0,0,0,0,2,0,0,0,3,0,0,0,0,0,0,0,2,1,0,3,3,2,0,1,3,0,0,2,0,0,0,0
2849,AI/ML Engineer,8.25,95.7,78.6,83.0,83.8,75.6,68.0,77.6,2,3,2,0,1,1,3,0,0,0,0,2,0,0,2,0,0,2,0,0,2,0,0,1,1,1,2,0,3,2,2,3,2,0,1,0,0,0,0,0,0
2850,AI/ML Engineer,7.37,95.4,84.8,74.1,77.2,89.4,67.6,77.1,3,2,3,1,1,1,2,0,0,0,0,0,0,0,3,0,0,0,0,2,0,0,0,2,0,0,1,0,0,2,2,3,1,0,0,0,2,1,0,0,0
2851,AI/ML Engineer,8.72,99.9,86.1,82.9,93.7,47.2,85.9,77.4,4,1,3,0,1,1,3,1,0,0,0,0,0,0,0,0,0,0,0,0,0,0,0,1,0,0,0,0,2,1,3,3,1,0,0,0,1,0,0,0,0
2852,AI/ML Engineer,7.5,80.4,86.6,100.0,77.0,65.2,59.5,77.1,3,2,2,0,0,1,3,1,0,0,0,0,0,1,0,0,0,3,0,0,0,0,0,1,2,0,0,0,3,3,3,0,3,0,0,2,1,0,1,0,0
2853,AI/ML Engineer,8.1,92.1,83.7,87.1,95.0,65.4,60.3,77.0,3,2,3,1,0,1,2,1,1,0,0,1,0,0,0,0,0,2,0,0,0,0,0,2,0,0,0,3,2,2,2,3,1,0,0,0,0,0,0,0,0
2854,AI/ML Engineer,8.48,82.7,85.8,81.2,89.7,73.6,81.3,81.5,2,1,2,1,0,1,2,1,1,0,0,0,0,0,0,0,0,2,0,0,0,1,0,0,1,1,1,0,3,0,2,1,3,0,1,0,2,0,0,0,2
2855,AI/ML Engineer,8.1,87.1,95.1,100.0,94.3,67.4,79.9,85.6,3,3,1,1,1,1,3,1,0,0,0,0,0,0,0,0,0,0,1,1,0,0,1,0,0,1,0,0,0,2,2,2,2,0,0,0,3,0,1,0,0
2856,AI/ML Engineer,8.23,77.9,76.3,98.1,79.9,53.8,81.2,78.2,3,1,3,1,1,1,2,0,0,0,0,0,0,0,1,0,0,3,1,1,0,0,0,0,2,0,0,0,3,1,3,2,2,0,0,2,0,0,0,0,1
2857,AI/ML Engineer,8.4,98.2,86.8,68.0,100.0,77.6,56.0,79.0,2,2,0,0,1,1,2,0,0,0,0,0,0,0,0,0,0,1,0,0,0,0,0,0,0,0,0,0,2,3,2,2,2,0,0,0,0,0,0,0,0
2858,AI/ML Engineer,8.42,78.0,82.2,92.5,94.3,47.6,73.0,76.8,1,3,1,0,1,0,3,0,0,1,0,1,0,0,0,0,0,1,0,0,0,0,0,0,0,0,0,0,3,2,3,2,3,0,0,0,0,0,0,0,0
2859,AI/ML Engineer,7.8,91.5,78.4,76.2,73.5,56.9,89.4,74.0,3,3,1,1,0,0,3,0,0,0,0,0,1,0,0,0,0,0,0,0,0,1,0,0,0,0,0,0,3,2,3,2,2,0,0,0,2,0,0,0,0
2860,AI/ML Engineer,7.95,84.5,76.3,77.8,96.8,61.3,74.6,77.6,2,1,1,1,0,0,1,1,0,0,0,0,1,0,1,0,0,2,0,0,0,0,2,0,0,0,0,0,0,2,2,3,2,0,0,0,3,0,1,0,0
2861,AI/ML Engineer,7.37,86.0,76.7,88.4,66.1,80.3,60.3,73.8,2,2,1,1,1,1,3,0,0,0,0,0,0,0,0,0,0,3,0,1,0,0,2,0,0,0,0,0,3,0,2,1,1,0,0,0,3,0,0,0,1
2862,AI/ML Engineer,8.24,81.2,96.1,97.0,72.3,62.9,84.9,79.3,1,2,1,1,0,1,2,0,0,1,0,0,0,0,0,0,0,0,0,0,0,0,0,1,0,0,0,2,3,3,1,3,2,0,1,0,0,2,0,0,0
2863,AI/ML Engineer,7.98,86.8,96.2,87.5,73.3,93.5,68.9,80.8,2,1,0,0,1,1,3,0,0,0,0,0,0,0,0,0,0,1,0,0,0,1,0,0,0,0,0,0,2,1,3,2,2,0,0,0,3,0,0,0,0
2864,AI/ML Engineer,8.11,92.5,93.1,84.2,92.6,47.1,87.7,77.9,3,3,0,0,1,1,2,0,0,0,0,0,2,0,0,0,0,0,0,0,0,0,0,1,2,0,0,0,2,3,3,1,2,1,1,0,1,0,0,0,0
2865,AI/ML Engineer,7.16,92.5,69.9,88.2,72.0,79.3,78.9,79.6,2,2,1,1,1,1,0,0,0,0,0,1,2,1,0,0,0,3,0,1,0,1,0,0,0,0,0,0,1,2,1,3,2,0,0,0,0,0,0,0,1
2866,AI/ML Engineer,7.98,89.7,91.4,82.3,95.3,71.1,71.0,79.9,2,2,1,1,0,1,3,0,0,0,0,0,0,0,0,0,3,1,0,0,0,0,0,1,0,0,0,0,3,3,2,3,1,0,0,1,0,0,0,2,0
2867,AI/ML Engineer,7.53,90.8,88.5,75.5,84.2,57.7,81.9,74.8,3,2,1,1,1,0,3,1,0,0,0,0,0,0,2,0,0,3,0,0,0,0,0,1,0,0,0,0,1,2,2,3,2,0,0,1,0,0,1,0,0
2868,AI/ML Engineer,6.91,92.3,83.4,90.8,68.8,70.0,74.6,76.0,0,3,1,1,1,0,3,0,0,0,1,0,0,0,0,0,1,3,0,0,0,0,0,1,0,0,0,0,0,1,2,3,2,0,0,0,1,0,2,0,0
2869,AI/ML Engineer,6.98,93.0,68.1,84.6,92.0,77.6,82.7,84.2,2,1,1,1,1,0,2,0,0,0,0,2,2,0,0,1,3,1,0,0,1,0,0,2,0,0,0,1,3,2,3,2,3,0,2,0,2,1,0,0,1
2870,AI/ML Engineer,7.68,84.8,83.9,81.9,89.2,67.9,74.8,78.5,1,2,3,1,1,1,2,0,0,0,0,0,1,0,0,0,0,2,0,0,0,0,0,0,0,1,0,0,0,3,2,1,3,0,0,0,1,0,0,1,0
2871,AI/ML Engineer,7.53,85.6,77.0,83.9,76.8,73.5,79.4,78.4,1,3,2,1,1,0,2,0,0,0,1,0,0,0,0,0,0,0,0,0,0,0,0,0,1,1,0,0,1,2,0,3,2,0,0,0,0,0,0,2,0
2872,AI/ML Engineer,7.88,94.3,82.5,89.3,93.0,70.9,74.5,81.9,2,2,1,1,1,1,2,0,0,0,0,0,0,0,0,2,1,2,1,0,0,0,0,0,0,2,0,0,1,2,3,3,2,0,0,0,3,0,0,0,0
2873,AI/ML Engineer,8.55,85.9,76.3,68.4,86.8,40.5,93.9,72.4,3,2,2,0,0,1,1,0,0,0,1,2,0,0,0,0,0,0,0,0,0,1,0,0,0,0,0,0,1,1,2,3,2,0,0,0,2,2,0,0,0
2874,AI/ML Engineer,7.71,80.9,78.6,70.9,77.4,53.6,66.4,67.1,2,2,0,0,1,1,3,0,0,0,0,1,0,1,0,0,2,0,0,0,0,1,0,0,0,0,0,0,2,2,3,3,2,0,0,0,0,0,0,0,1
2875,AI/ML Engineer,7.76,81.4,80.9,100.0,84.3,55.5,69.6,78.1,2,1,1,0,0,1,3,0,0,0,1,3,0,0,0,1,0,2,0,0,2,0,1,0,2,2,0,0,2,0,1,2,0,0,2,2,2,0,0,0,0
2876,AI/ML Engineer,7.8,91.0,90.6,77.8,78.5,59.6,70.5,71.6,2,2,2,1,1,1,2,2,0,0,0,0,2,0,2,0,0,0,0,0,1,0,0,0,0,0,0,1,2,2,3,1,3,0,0,0,3,0,0,0,0
2877,AI/ML Engineer,8.3,91.9,86.7,93.5,93.1,63.3,81.0,82.7,1,3,1,1,1,1,3,0,0,0,0,0,0,1,0,0,0,0,0,2,0,0,0,0,0,0,1,2,0,3,2,2,3,1,0,0,0,1,0,0,0
2878,AI/ML Engineer,8.29,88.5,93.7,76.4,86.2,73.3,57.9,73.5,3,2,0,0,1,0,3,0,0,1,1,0,0,0,0,0,0,2,0,1,0,0,0,0,0,0,1,0,3,1,2,3,2,0,0,0,3,0,0,1,0
2879,AI/ML Engineer,8.35,89.7,82.6,89.3,93.5,82.0,73.1,84.5,1,3,1,1,1,0,2,0,0,0,0,1,0,0,0,0,0,1,1,0,0,0,0,0,0,0,0,0,1,2,3,3,3,2,0,1,0,0,0,0,0
2880,AI/ML Engineer,9.05,87.6,93.7,91.2,82.5,71.8,66.2,77.9,1,2,3,1,1,1,2,1,0,0,0,0,0,0,0,2,0,0,0,2,0,0,0,0,0,0,0,0,2,3,3,2,1,0,0,0,0,0,0,0,0
2881,AI/ML Engineer,8.53,91.9,94.3,81.0,80.4,77.2,53.6,73.1,2,3,1,0,0,1,2,0,0,1,0,0,0,0,1,0,0,0,1,0,0,0,0,0,0,0,0,0,3,0,2,2,1,0,0,0,0,0,1,2,0
2882,AI/ML Engineer,7.95,94.3,85.8,93.4,89.2,72.4,73.2,82.1,3,3,1,1,1,1,2,0,0,0,0,2,0,0,0,0,0,3,0,0,0,0,0,0,0,0,0,0,2,3,2,1,3,0,0,0,0,0,0,0,0
2883,AI/ML Engineer,7.85,94.0,89.9,92.2,72.4,69.9,55.4,72.5,2,2,1,1,1,1,3,2,0,0,0,0,0,0,0,0,0,1,0,1,0,1,1,0,0,0,2,2,0,2,2,1,2,0,0,0,3,0,0,0,0
2884,AI/ML Engineer,8.4,84.9,84.3,75.3,90.2,69.0,82.2,79.2,1,2,2,1,1,1,2,0,0,0,0,0,0,0,0,0,0,3,0,1,0,1,0,0,0,0,0,0,1,3,3,3,0,0,1,0,0,0,0,1,0
2885,AI/ML Engineer,8.49,78.8,85.6,99.6,83.9,60.9,69.5,78.5,3,3,0,0,1,0,3,0,0,0,0,0,0,0,1,1,0,1,0,1,0,0,0,0,1,1,0,1,3,2,2,3,3,0,0,0,2,2,0,1,0
2886,AI/ML Engineer,8.79,89.5,80.8,78.7,81.5,60.3,54.7,68.8,1,2,2,0,0,1,1,0,0,0,0,0,0,0,0,0,0,0,0,1,0,0,0,0,0,3,0,0,3,1,3,1,3,0,0,0,0,1,1,0,0
2887,AI/ML Engineer,7.81,89.0,82.2,78.3,91.4,59.0,68.7,74.3,2,3,1,0,1,1,2,0,0,1,0,0,0,1,0,0,0,0,2,0,0,0,2,0,0,2,0,0,2,2,3,2,2,0,0,0,0,0,0,0,0
2888,AI/ML Engineer,8.38,90.8,87.6,58.1,82.3,76.3,88.5,76.3,4,3,2,1,0,1,1,0,0,0,1,0,0,0,0,0,0,0,0,0,0,0,2,0,0,0,0,1,3,2,1,1,2,2,0,0,2,0,0,0,0
2889,AI/ML Engineer,7.78,91.2,88.2,67.7,99.3,75.5,67.6,77.5,2,1,0,0,0,1,3,0,0,0,0,0,0,1,0,0,0,3,0,0,0,0,1,0,0,0,0,0,2,0,2,3,3,0,0,0,3,0,0,0,0
2890,AI/ML Engineer,8.88,92.4,89.7,89.0,71.7,49.5,84.4,73.7,3,1,2,0,1,1,3,0,0,0,0,0,0,2,0,0,0,3,0,0,0,0,0,0,0,1,0,0,1,3,3,3,2,0,0,0,1,0,0,1,0
2891,AI/ML Engineer,8.68,84.1,79.8,70.6,85.8,85.4,91.4,83.3,4,2,1,1,1,1,2,0,0,0,0,0,0,1,0,2,1,1,0,0,0,0,2,0,0,0,0,0,2,2,2,3,3,0,0,0,2,0,0,0,0
2892,AI/ML Engineer,8.13,95.3,82.0,96.5,88.8,62.5,60.7,77.1,1,2,1,0,1,1,3,0,0,0,0,0,0,0,2,0,0,0,1,0,0,0,0,0,0,0,0,0,2,0,2,2,2,1,0,0,0,0,1,0,0
2893,AI/ML Engineer,7.83,90.7,83.4,82.9,100.0,82.6,82.9,87.5,4,3,0,0,1,1,3,0,0,1,0,0,0,0,2,0,0,3,0,0,1,1,0,0,1,0,0,0,3,3,2,3,3,2,0,0,1,0,0,0,0
2894,AI/ML Engineer,6.7,84.7,85.2,82.0,90.0,67.3,72.9,78.1,1,2,0,0,1,1,2,0,0,0,0,0,0,1,0,2,0,0,0,1,0,0,0,0,0,0,0,0,2,3,3,2,3,0,1,0,2,0,0,0,0
2895,AI/ML Engineer,9.09,95.0,88.3,77.6,87.3,80.5,89.4,83.7,2,2,1,1,1,1,2,0,0,0,1,2,1,1,0,0,2,3,0,0,2,0,1,0,0,0,0,0,3,2,2,0,1,0,0,0,0,0,0,0,0
2896,AI/ML Engineer,8.46,90.9,90.1,84.3,81.1,56.4,64.5,71.6,3,2,2,1,1,1,2,0,1,0,1,1,0,0,0,0,0,0,0,0,0,0,0,0,0,1,0,0,3,3,2,3,3,1,0,0,0,2,0,0,0
2897,AI/ML Engineer,8.38,88.2,83.4,81.1,84.2,67.4,55.8,72.1,2,1,2,0,0,1,2,0,0,1,1,1,0,0,0,0,0,1,3,0,0,1,0,0,2,0,0,0,1,1,3,3,2,1,0,0,2,2,0,2,0
2898,AI/ML Engineer,8.21,84.6,91.8,79.2,83.3,94.6,86.5,85.9,2,3,1,0,1,1,2,0,0,0,0,0,0,0,0,0,0,2,0,0,0,0,1,0,0,0,0,0,3,0,2,2,2,0,1,0,3,0,1,1,0
2899,AI/ML Engineer,8.48,92.1,77.8,76.5,80.4,66.0,80.4,75.8,3,2,0,0,1,1,3,0,0,0,0,0,0,0,0,0,0,2,0,0,0,1,0,0,0,0,0,0,2,0,2,1,3,0,0,0,0,0,0,0,0
2900,AI/ML Engineer,7.96,96.0,96.5,76.8,68.6,60.7,77.3,70.8,2,3,1,1,1,1,2,0,0,0,1,0,1,0,0,0,0,1,0,0,0,0,1,0,0,0,0,0,2,1,0,2,2,0,1,0,1,0,1,0,0
2901,AI/ML Engineer,8.48,86.6,87.0,72.1,88.4,62.6,59.6,70.7,2,2,2,1,1,1,3,0,1,1,0,0,0,0,0,0,0,3,0,0,0,0,0,0,0,2,0,0,2,3,2,3,3,1,0,0,2,0,0,0,2
2902,AI/ML Engineer,8.79,88.8,82.8,100.0,96.8,75.7,71.1,85.9,2,1,1,1,1,0,2,0,0,3,0,0,0,0,0,1,0,2,0,0,1,0,0,0,0,0,0,0,2,2,1,2,2,0,2,2,3,0,0,0,1
2903,AI/ML Engineer,7.28,80.2,80.8,94.0,99.0,75.5,90.3,89.7,3,2,0,0,0,1,3,0,0,0,0,0,2,0,0,1,0,3,0,2,0,0,0,0,0,0,0,1,2,3,3,2,2,0,0,0,0,0,0,0,0
2904,AI/ML Engineer,8.58,83.7,82.3,86.7,88.9,54.8,65.9,74.1,1,2,2,1,0,1,3,0,0,0,2,0,0,0,1,1,0,0,0,0,0,0,0,1,2,0,1,0,3,3,2,2,3,0,1,0,1,0,2,0,0
2905,AI/ML Engineer,8.88,84.0,94.8,80.6,67.2,51.7,72.4,68.0,3,2,1,0,0,1,2,0,0,1,0,0,0,0,0,0,0,3,0,0,0,0,0,1,2,0,0,0,3,3,3,3,2,0,1,0,3,0,0,0,0
2906,AI/ML Engineer,8.79,87.8,79.0,72.2,73.9,81.3,61.8,72.3,2,1,3,1,0,1,3,0,0,0,0,0,0,0,0,0,0,0,0,0,0,0,0,0,0,0,0,2,2,2,3,3,3,0,0,1,2,0,0,1,0
2907,AI/ML Engineer,8.62,89.0,86.0,70.8,100.0,54.9,75.9,78.4,3,2,0,0,1,1,1,0,0,0,0,0,0,0,0,0,0,1,0,0,0,0,0,0,0,0,0,0,3,2,2,3,3,0,0,0,2,0,0,0,0
2908,AI/ML Engineer,6.89,82.7,82.2,81.4,96.4,73.0,72.1,80.7,1,3,1,1,1,0,1,1,0,0,0,0,0,0,0,0,0,0,0,0,1,0,0,1,1,0,2,0,2,1,3,2,2,0,0,0,2,0,0,0,0
2909,AI/ML Engineer,8.1,89.9,79.0,78.0,85.6,48.3,88.8,75.2,2,2,0,0,1,0,2,0,2,0,0,0,0,0,0,0,0,0,0,1,0,0,0,1,1,0,0,0,3,0,1,3,1,0,0,0,2,0,0,0,0
2910,AI/ML Engineer,9.01,98.8,89.2,85.4,81.9,65.1,74.6,76.8,3,2,2,1,0,1,2,0,0,0,0,0,0,0,0,0,0,3,0,0,2,0,0,0,0,0,0,0,3,3,2,3,2,0,0,0,3,0,0,0,0
2911,AI/ML Engineer,8.55,81.9,94.3,74.9,69.1,62.0,67.5,68.4,3,2,1,1,0,1,2,0,0,0,0,0,0,1,0,0,0,2,1,1,0,0,0,0,1,0,0,1,3,3,2,0,3,0,0,1,0,0,0,0,0
2912,AI/ML Engineer,9.13,98.8,88.9,83.6,72.7,98.0,76.3,82.7,2,2,2,0,1,0,3,0,2,0,1,0,0,0,0,0,0,1,0,0,0,0,0,0,1,0,0,0,3,3,2,2,1,0,0,0,2,0,1,0,0
2913,AI/ML Engineer,6.76,94.0,80.4,81.6,74.5,51.5,74.1,70.4,2,2,0,0,1,1,2,1,0,0,0,0,0,1,0,0,0,0,0,0,0,0,0,0,0,0,0,0,2,3,0,0,1,0,0,0,0,2,0,1,1
2914,AI/ML Engineer,8.07,88.6,75.4,100.0,76.3,67.1,80.2,81.7,0,3,2,1,1,1,3,1,0,0,0,0,0,0,1,0,1,3,0,0,0,0,0,0,0,0,0,0,3,1,1,0,3,0,1,0,3,0,0,0,0
2915,AI/ML Engineer,7.96,86.0,67.3,80.0,85.1,79.3,75.3,79.9,1,1,0,0,1,1,1,0,0,2,0,0,0,0,2,3,0,3,0,0,1,1,0,0,0,0,0,0,2,2,1,0,3,0,0,0,3,0,0,0,0
2916,AI/ML Engineer,7.29,92.4,69.0,87.6,92.5,35.7,75.0,72.7,3,2,1,1,1,1,2,0,0,0,0,0,0,0,0,0,0,2,0,0,0,1,1,0,0,0,0,0,2,1,3,3,3,0,0,0,1,0,0,0,2
2917,AI/ML Engineer,8.21,88.8,77.7,83.6,79.6,68.5,69.6,75.3,4,1,3,1,0,1,3,0,0,0,0,0,0,0,0,1,0,0,0,0,2,0,0,0,0,0,0,0,3,2,2,2,1,0,0,0,2,0,1,1,0
2918,AI/ML Engineer,7.12,84.1,90.7,68.4,64.9,40.9,90.0,66.1,4,2,1,1,0,1,3,1,0,1,0,0,0,3,0,0,0,0,0,0,1,0,2,0,0,0,1,0,3,2,2,2,3,0,0,0,2,1,0,0,0
2919,AI/ML Engineer,8.08,90.9,94.4,73.4,85.5,66.1,83.6,77.2,2,3,2,1,1,1,2,0,0,0,1,0,0,0,0,0,0,2,2,0,1,0,2,0,0,0,0,0,2,3,2,1,1,0,0,0,1,0,0,0,0
2920,AI/ML Engineer,8.68,94.1,86.6,89.3,73.4,68.0,74.3,76.2,2,3,2,1,0,1,3,1,0,0,0,0,0,0,0,0,0,2,0,0,0,0,0,0,0,0,0,0,2,3,2,1,3,0,0,0,2,0,0,0,0
2921,AI/ML Engineer,8.76,90.1,83.8,96.2,90.1,51.2,88.3,81.5,0,2,0,0,1,1,3,0,1,0,0,1,0,0,0,0,0,1,0,0,0,0,0,0,0,0,1,0,3,3,3,1,3,0,1,1,1,0,0,0,0
2922,AI/ML Engineer,7.2,83.4,87.4,63.4,95.2,69.5,75.5,75.9,3,3,1,1,0,0,3,0,1,0,0,0,0,1,0,0,0,3,0,0,0,0,0,0,0,0,0,0,2,3,1,1,1,0,0,0,0,0,0,1,0
2923,AI/ML Engineer,8.15,82.4,96.4,71.2,85.5,96.8,74.0,81.9,1,1,2,1,1,0,1,0,0,1,0,0,0,0,0,1,0,0,0,0,0,0,0,0,0,0,0,0,2,1,3,0,0,0,0,0,3,0,0,0,0
2924,AI/ML Engineer,8.95,88.9,87.7,87.5,95.0,43.9,71.5,74.5,2,3,1,1,1,0,3,0,2,0,0,0,0,0,0,0,0,0,0,1,0,0,0,0,0,0,0,0,0,0,3,2,2,0,0,1,3,2,0,0,0
2925,AI/ML Engineer,8.02,91.1,91.7,73.4,87.7,51.0,72.2,71.1,1,2,0,0,0,1,2,0,1,0,0,0,0,0,0,0,0,1,0,0,0,0,0,0,0,0,0,0,0,2,2,1,0,1,0,0,0,0,1,2,0
2926,AI/ML Engineer,7.77,85.8,81.4,100.0,95.6,46.7,75.2,79.7,3,3,0,0,1,1,3,0,0,0,0,0,0,0,1,0,0,3,0,1,1,0,0,0,0,0,0,0,2,0,0,1,2,0,0,0,2,0,0,0,0
2927,AI/ML Engineer,8.91,91.4,80.9,84.2,83.6,50.1,75.0,73.2,2,3,1,0,0,1,3,0,0,0,1,0,0,0,0,0,2,0,0,1,2,0,2,0,0,0,0,0,3,3,2,2,3,1,0,0,0,0,0,0,0
2928,AI/ML Engineer,7.93,88.8,88.7,83.9,74.0,63.3,72.2,73.3,1,2,0,0,1,1,2,0,0,1,0,0,0,0,0,1,0,2,0,0,0,0,0,0,0,0,1,2,1,2,3,1,3,3,0,0,1,0,0,0,0
2929,AI/ML Engineer,8.24,84.7,78.9,86.9,82.4,91.0,83.8,86.0,1,2,0,0,1,1,3,2,1,0,0,0,0,0,0,0,0,1,0,0,0,0,0,0,0,0,0,1,3,2,3,3,2,0,0,0,1,0,0,0,2
2930,AI/ML Engineer,6.58,84.6,72.3,80.6,91.0,73.3,73.7,79.6,2,2,0,0,1,1,2,0,2,0,0,0,0,0,0,0,0,1,1,2,0,0,1,1,0,0,2,0,3,3,3,2,3,0,0,0,1,0,0,0,0
2931,AI/ML Engineer,8.9,90.1,76.8,84.5,80.4,66.6,71.6,75.8,1,2,0,0,1,1,0,0,0,0,0,0,1,0,0,0,0,0,0,0,0,0,0,0,0,0,0,2,2,2,3,2,2,0,1,0,1,0,0,0,0
2932,AI/ML Engineer,8.07,85.3,87.0,70.1,86.8,59.8,67.5,71.0,2,1,1,1,0,1,3,0,0,0,0,0,0,0,0,0,0,3,0,0,0,0,0,0,0,0,2,2,2,3,2,2,3,0,0,0,3,0,2,0,0
2933,AI/ML Engineer,8.17,82.7,80.7,77.2,71.8,50.0,67.8,66.7,2,2,0,0,1,1,2,0,0,0,0,0,2,1,0,0,0,0,0,0,0,0,0,0,0,0,0,0,0,3,2,2,1,0,0,0,1,0,0,1,0
2934,AI/ML Engineer,9.56,82.2,78.9,79.9,91.2,62.5,58.1,72.9,1,1,3,1,1,1,2,1,1,1,1,1,0,0,0,1,1,0,0,0,0,2,2,0,0,1,0,0,3,2,3,3,2,0,0,0,2,0,0,2,0
2935,AI/ML Engineer,7.73,88.0,71.3,86.5,79.2,78.6,68.6,78.2,1,2,2,1,1,1,2,0,0,0,0,0,0,2,0,0,0,3,0,0,0,0,1,0,0,0,0,0,2,1,3,1,2,1,0,0,0,0,0,0,0
2936,AI/ML Engineer,7.79,94.5,86.1,70.2,77.3,51.7,77.0,69.0,1,2,2,1,1,1,3,0,0,0,0,0,0,0,0,0,1,0,0,0,1,0,0,0,0,0,0,0,3,0,3,3,3,0,0,0,2,0,0,0,0
2937,AI/ML Engineer,7.36,77.3,78.1,86.7,88.1,62.3,77.0,78.5,2,2,1,1,0,1,0,1,2,0,0,0,0,0,0,0,0,0,0,0,0,2,0,0,3,0,0,0,2,3,3,1,2,0,0,0,3,0,0,0,0
2938,AI/ML Engineer,8.62,89.8,74.2,83.6,86.5,78.1,69.6,79.4,2,2,0,0,0,0,3,0,0,0,1,0,0,0,0,0,0,2,0,0,0,1,0,0,0,0,0,2,2,2,2,2,3,0,0,0,1,0,0,0,0
2939,AI/ML Engineer,8.46,82.4,94.2,98.4,80.6,74.7,52.8,76.6,2,2,2,1,1,1,3,0,0,0,2,0,0,0,0,0,2,2,0,0,0,0,0,0,0,0,0,1,0,2,1,2,2,0,0,0,0,0,0,1,0
2940,AI/ML Engineer,8.55,99.2,84.0,100.0,74.2,45.7,90.6,78.0,1,3,1,1,1,1,1,0,0,2,0,2,0,0,0,0,0,1,0,0,0,0,0,2,0,0,0,1,2,1,0,2,2,0,0,0,0,0,0,0,0
2941,AI/ML Engineer,8.25,95.0,83.6,95.0,71.3,44.8,73.7,71.2,3,1,1,0,1,1,3,0,0,0,0,0,0,0,2,1,0,1,0,1,0,0,0,0,0,0,0,0,3,0,2,3,0,0,0,2,1,0,0,0,0
2942,AI/ML Engineer,8.75,82.9,82.8,88.4,89.3,40.4,85.0,75.8,4,2,0,0,1,1,3,0,0,2,0,1,0,0,0,0,0,0,2,1,0,0,0,0,0,0,2,0,1,2,3,3,2,0,0,2,0,0,0,0,0
2943,AI/ML Engineer,8.22,86.8,72.4,85.0,100.0,37.6,62.1,71.8,2,2,2,1,1,1,2,0,2,0,0,0,0,1,0,0,0,0,0,0,1,0,0,0,1,0,2,0,3,0,1,2,3,0,0,0,2,0,0,0,0
2944,AI/ML Engineer,8.24,87.7,84.6,85.9,76.3,72.7,86.6,80.4,1,1,3,1,1,1,3,0,0,0,0,0,0,0,1,0,1,1,0,0,1,0,2,0,0,0,0,0,2,0,3,2,3,0,0,0,0,2,0,0,1
2945,AI/ML Engineer,7.53,91.8,84.3,74.4,79.1,56.3,79.0,72.2,2,3,1,1,0,1,2,1,0,0,0,0,0,0,0,0,0,0,0,0,0,0,0,0,0,1,0,0,3,3,3,2,3,0,1,0,0,0,0,0,0
2946,AI/ML Engineer,7.34,78.5,92.3,77.3,93.9,87.2,85.4,85.9,2,2,2,0,1,1,2,0,0,0,2,0,0,0,0,0,0,3,0,0,1,0,0,0,0,0,0,2,3,3,3,3,0,0,0,0,3,0,1,0,0
2947,AI/ML Engineer,8.64,91.4,76.8,78.6,99.1,62.9,91.2,83.0,3,2,2,1,1,1,1,0,0,1,0,0,0,0,0,0,0,0,0,0,0,0,0,0,0,0,0,2,3,3,2,2,3,0,0,0,0,0,0,0,0
2948,AI/ML Engineer,7.9,87.3,87.0,96.2,81.3,58.1,83.7,79.8,2,2,1,1,1,1,0,0,0,0,0,0,0,1,0,0,0,0,0,0,0,0,0,0,0,2,0,1,3,0,2,3,3,0,0,0,3,0,0,0,0
2949,AI/ML Engineer,8.15,90.6,87.1,80.4,92.0,83.6,67.7,80.9,1,2,0,0,1,0,3,0,0,0,0,1,0,0,1,0,0,0,0,0,0,1,0,0,0,2,0,0,2,3,2,2,3,0,0,0,0,2,1,0,0
2950,AI/ML Engineer,7.98,76.7,87.7,66.2,91.5,56.1,74.1,72.0,4,2,0,0,1,1,2,2,0,0,0,0,0,0,1,0,0,2,0,0,0,0,0,0,1,0,1,0,1,2,3,2,0,0,0,0,0,3,1,0,2
2951,AI/ML Engineer,8.28,82.1,92.8,99.6,100.0,50.9,76.6,82.5,2,2,0,0,1,1,2,0,0,0,0,0,0,0,0,0,0,1,0,0,0,0,0,0,0,0,0,1,0,2,3,2,2,0,0,0,0,0,0,0,0
2952,AI/ML Engineer,6.97,84.9,92.1,68.2,85.8,61.9,67.3,70.8,3,3,1,0,0,0,0,0,2,2,0,0,1,0,0,0,0,3,0,0,0,0,0,0,1,0,0,0,2,3,2,2,2,0,0,0,0,0,0,1,0
2953,AI/ML Engineer,7.78,81.4,89.2,78.2,91.1,71.4,74.2,78.7,1,2,0,0,0,1,1,0,0,0,1,0,0,2,0,0,0,3,0,0,0,0,0,1,0,0,0,0,0,1,3,2,2,0,0,2,1,0,0,0,0
2954,AI/ML Engineer,8.49,80.8,81.7,67.5,97.1,72.1,55.1,73.0,4,2,2,1,1,1,2,0,0,2,0,0,0,0,0,0,1,0,0,1,0,2,0,0,0,0,0,0,1,2,2,3,3,0,0,0,1,1,2,1,0
2955,AI/ML Engineer,8.71,80.9,89.5,91.3,85.6,71.3,83.1,82.8,4,3,2,1,1,1,2,0,0,0,0,1,0,0,1,0,0,0,0,0,0,0,0,0,1,0,0,0,1,2,2,0,3,0,0,0,0,0,0,0,0
2956,AI/ML Engineer,7.07,73.7,66.1,70.5,78.8,64.1,77.6,72.8,3,2,2,0,1,1,0,0,0,2,2,0,0,2,1,0,0,3,0,0,1,0,1,1,0,0,0,0,2,0,2,2,0,0,0,0,2,2,0,0,0
2957,AI/ML Engineer,8.41,82.0,72.0,74.6,93.4,40.4,87.8,74.0,2,3,2,0,0,1,1,0,1,1,2,0,0,1,0,0,0,0,0,0,0,0,0,0,0,0,0,0,2,2,1,2,1,0,0,0,3,1,0,0,0
2958,AI/ML Engineer,9.09,93.3,94.6,77.4,83.6,52.7,77.7,72.8,1,1,1,0,1,0,2,0,2,0,0,1,0,0,0,2,0,3,0,0,0,1,0,0,0,0,0,0,1,1,1,1,3,0,0,0,2,0,0,0,0
2959,AI/ML Engineer,8.28,87.6,82.3,100.0,81.1,63.0,72.0,80.9,1,3,2,1,1,0,3,0,0,0,0,0,0,0,0,0,0,0,0,1,2,0,1,0,0,0,1,0,3,3,2,3,3,0,0,0,1,0,0,0,1
2960,AI/ML Engineer,7.97,98.2,81.9,84.6,79.9,55.5,79.9,75.0,0,3,0,0,1,1,2,0,0,0,0,0,0,0,0,0,0,0,2,0,3,0,0,2,1,0,0,0,3,3,3,2,3,0,0,0,0,0,3,1,0
2961,AI/ML Engineer,8.72,92.9,98.4,73.4,88.2,62.0,86.2,77.5,3,2,2,1,0,1,2,0,2,0,0,0,0,0,0,1,0,0,0,0,0,0,0,0,0,0,0,0,2,2,2,1,3,0,0,0,1,0,0,1,0
2962,AI/ML Engineer,8.61,84.6,85.2,76.1,69.5,74.9,52.3,68.2,1,2,1,1,1,1,1,0,0,0,0,0,2,0,0,0,0,2,0,0,0,0,0,2,0,0,0,0,2,3,2,2,3,0,0,0,0,2,0,0,0
2963,AI/ML Engineer,7.97,87.9,74.7,72.8,76.9,63.0,79.1,72.9,2,2,2,1,1,1,2,0,0,0,2,0,0,2,0,0,0,3,0,0,1,0,0,1,1,0,2,1,2,0,2,3,3,0,0,1,0,0,0,0,0
2964,AI/ML Engineer,6.94,92.2,79.2,82.4,87.0,58.9,72.0,75.1,3,1,1,1,1,1,3,0,0,0,0,0,0,1,0,0,0,2,0,0,0,0,0,0,0,0,2,1,2,2,3,1,2,0,0,0,0,0,0,0,0
2965,AI/ML Engineer,7.92,73.5,93.0,90.2,62.9,71.9,83.1,77.0,1,1,1,1,1,1,3,0,1,0,0,1,1,1,0,1,0,2,0,0,0,2,0,0,0,0,0,0,1,2,1,2,3,0,0,0,3,0,1,0,0
2966,AI/ML Engineer,8.35,80.9,79.3,95.2,79.6,82.9,84.1,85.5,4,2,1,0,1,0,2,1,0,0,0,0,0,0,0,1,0,0,0,0,0,0,0,0,0,0,0,0,2,2,2,2,3,0,0,0,0,0,0,1,0
2967,AI/ML Engineer,8.25,80.5,86.7,81.0,96.2,63.0,68.3,77.1,0,1,0,0,1,1,3,1,1,0,1,0,0,0,0,1,1,0,0,0,2,0,0,1,0,0,0,1,2,2,1,3,3,0,0,0,2,0,0,1,0
2968,AI/ML Engineer,7.6,86.3,87.4,90.0,93.4,64.1,67.9,78.8,2,2,2,1,1,1,3,0,0,0,0,0,2,0,0,0,0,3,0,0,0,0,0,1,0,2,0,0,1,2,3,3,3,0,0,0,2,0,1,0,0
2969,AI/ML Engineer,8.11,80.6,97.5,86.3,83.6,61.7,75.1,76.7,2,3,2,1,0,1,1,1,2,0,0,0,0,0,1,0,0,3,0,0,0,0,0,0,1,0,0,1,2,3,2,2,2,0,0,0,0,0,1,1,0
2970,AI/ML Engineer,8.22,91.6,78.0,90.3,99.3,55.2,66.6,77.8,2,2,1,0,0,0,3,0,0,0,0,0,0,1,2,0,0,3,0,0,1,1,0,0,0,0,0,0,3,2,1,2,3,0,0,0,0,0,1,0,0
2971,AI/ML Engineer,7.64,91.9,81.9,88.2,88.3,54.7,76.8,77.0,3,3,2,1,0,1,2,0,1,0,0,0,2,0,0,0,0,1,0,0,0,0,0,0,0,0,0,0,0,2,3,3,2,0,0,0,2,0,0,0,0
2972,AI/ML Engineer,8.37,89.7,71.5,86.3,87.0,65.2,86.5,81.2,3,2,1,0,1,1,2,0,0,0,0,0,0,1,0,0,1,2,0,0,1,0,1,0,0,0,0,0,1,0,3,3,3,0,0,0,0,0,1,0,1
2973,AI/ML Engineer,7.97,91.1,89.0,98.1,82.5,72.8,74.1,81.9,3,1,0,0,1,1,3,0,0,0,0,0,0,0,0,0,0,1,0,1,0,0,0,0,0,0,0,0,0,0,2,3,3,0,1,0,0,0,0,0,0
2974,AI/ML Engineer,8.63,90.5,91.0,94.1,94.2,66.9,73.0,82.1,3,2,2,1,0,1,1,0,0,2,0,0,0,0,0,0,1,1,0,0,0,0,0,0,0,0,0,1,1,1,1,3,3,0,0,1,0,0,0,1,0
2975,AI/ML Engineer,7.6,90.9,92.4,78.0,83.2,73.4,90.9,81.4,1,3,3,0,1,1,0,1,0,0,0,0,0,0,0,1,0,2,0,0,0,0,0,0,2,0,0,0,2,0,3,1,3,0,0,0,0,2,0,0,0
2976,AI/ML Engineer,8.07,84.7,91.3,88.9,98.3,71.2,63.2,80.4,1,1,2,1,0,1,1,1,0,0,0,0,0,0,2,0,0,0,0,2,0,0,0,1,2,0,0,2,0,2,1,2,3,0,0,0,0,1,0,0,0
2977,AI/ML Engineer,8.2,90.8,70.4,83.1,88.0,71.7,78.5,80.3,3,3,0,0,1,1,1,0,0,0,0,1,1,0,1,0,0,1,0,2,0,0,0,1,1,0,0,0,2,3,0,2,2,0,0,0,3,0,0,0,0
2978,AI/ML Engineer,8.68,83.0,89.0,76.7,90.4,54.4,61.0,70.6,3,2,2,1,1,1,2,0,0,0,0,2,0,0,2,0,0,1,0,0,0,0,0,0,1,0,0,1,0,3,1,3,3,0,0,0,2,1,0,0,0
2979,AI/ML Engineer,6.79,82.2,89.3,74.2,94.4,90.5,58.1,79.3,4,3,1,0,1,1,2,0,0,0,0,0,2,0,0,0,0,0,0,0,0,0,0,0,0,0,0,0,2,3,0,1,3,1,0,0,0,2,0,1,0
2980,AI/ML Engineer,7.93,92.7,75.4,80.8,88.6,65.6,84.3,79.8,2,3,1,1,1,1,1,0,0,2,0,2,0,2,1,0,0,3,0,0,1,0,0,0,1,0,0,1,3,0,2,0,2,2,2,0,0,0,3,0,0
2981,AI/ML Engineer,8.38,90.2,87.9,92.2,96.8,57.4,77.9,81.1,3,3,1,1,1,1,2,0,0,0,1,0,0,0,0,0,0,0,0,0,0,0,0,0,0,0,0,0,2,3,3,3,1,0,0,0,0,0,1,0,0
2982,AI/ML Engineer,8.25,82.2,84.4,84.4,95.0,80.7,62.3,80.6,2,3,1,1,1,1,2,0,0,0,0,0,0,0,0,2,0,2,0,0,0,0,0,0,0,0,0,0,3,1,3,3,1,0,0,0,0,1,0,0,0
2983,AI/ML Engineer,8.47,80.5,87.4,86.5,83.5,62.8,71.9,76.2,0,1,1,1,1,1,2,1,0,0,0,0,0,0,0,0,0,0,0,0,0,0,0,2,0,0,0,0,2,3,2,2,1,2,0,0,0,0,1,0,0
2984,AI/ML Engineer,8.29,80.8,81.2,66.1,91.1,78.6,74.0,77.4,2,2,0,0,1,1,3,2,0,0,0,0,1,2,0,0,0,0,0,0,2,1,0,0,0,2,0,1,2,3,1,3,2,0,2,2,0,0,1,0,0
2985,AI/ML Engineer,8.4,97.6,85.5,73.5,79.7,75.5,97.4,81.5,1,1,2,0,0,1,3,0,0,0,0,0,0,0,0,0,0,1,0,0,1,1,0,1,0,0,0,0,0,1,0,1,2,0,0,0,3,0,0,0,2
2986,AI/ML Engineer,8.58,95.1,90.6,89.6,90.9,72.9,78.8,83.0,1,2,3,0,1,1,1,0,0,0,0,0,0,0,0,0,0,0,0,0,0,0,0,0,0,0,0,1,2,3,2,3,1,0,0,0,0,0,0,0,0
2987,AI/ML Engineer,8.1,83.9,81.9,70.6,87.7,71.3,76.5,76.5,3,2,0,0,0,1,3,0,0,0,0,0,2,0,0,0,0,0,1,0,0,0,2,0,1,0,0,2,2,3,3,2,3,0,0,1,2,0,0,0,0
2988,AI/ML Engineer,7.39,88.9,81.6,65.3,70.0,61.2,76.4,68.2,3,2,1,0,0,1,0,0,0,1,2,0,0,1,0,0,0,0,0,0,0,0,1,0,2,0,0,0,2,3,1,1,3,0,2,0,2,0,0,0,0
2989,AI/ML Engineer,7.11,82.9,91.6,67.9,82.7,64.9,83.0,74.6,2,2,2,0,1,1,1,0,1,0,0,0,0,0,1,0,0,0,0,0,1,2,0,0,0,0,0,0,2,3,3,2,3,0,2,0,2,0,0,0,0
2990,AI/ML Engineer,8.55,90.4,91.4,88.4,84.0,68.1,61.5,75.5,4,1,1,1,1,1,1,0,0,0,0,0,0,0,0,0,0,0,0,0,0,0,0,0,0,0,1,0,2,1,2,2,3,0,0,0,0,0,0,1,0
2991,AI/ML Engineer,7.28,67.8,79.5,83.2,66.5,89.1,67.6,76.6,2,2,1,1,1,1,3,0,3,0,0,0,0,0,0,0,2,3,0,0,0,0,0,0,0,0,1,0,2,0,2,3,1,1,0,0,3,0,0,0,0
2992,AI/ML Engineer,7.43,83.7,84.3,79.5,100.0,87.4,71.0,84.6,1,2,0,0,0,1,3,0,0,0,0,0,0,0,0,0,0,1,0,0,0,0,2,0,0,0,0,0,3,2,3,3,3,0,0,0,2,0,0,1,0
2993,AI/ML Engineer,8.0,74.8,89.1,99.3,85.1,50.9,74.0,77.3,1,2,2,0,1,1,2,0,0,0,0,0,2,0,1,0,0,3,0,0,0,0,2,0,0,0,0,0,2,2,3,3,3,0,0,0,1,0,0,0,0
2994,AI/ML Engineer,7.61,87.6,79.7,60.2,74.8,71.9,85.3,73.0,1,3,1,1,0,0,2,0,0,0,0,0,0,0,0,0,0,1,0,0,1,0,1,0,1,0,0,0,3,3,1,2,1,0,0,0,0,0,0,0,0
2995,AI/ML Engineer,8.15,92.0,94.4,86.6,97.8,55.7,72.5,78.1,2,2,0,0,1,1,1,0,0,0,1,0,0,0,1,0,0,2,0,0,0,0,0,1,1,0,0,0,2,3,1,3,3,0,0,0,3,1,0,0,0
2996,AI/ML Engineer,8.89,100.0,80.0,71.1,96.9,82.4,91.7,85.5,4,1,0,0,0,1,2,0,2,0,0,0,0,0,1,1,0,2,0,0,0,0,0,0,1,0,0,0,2,2,2,3,2,0,0,0,0,1,0,0,0
2997,AI/ML Engineer,7.38,87.9,75.6,87.2,97.8,52.2,56.5,73.4,3,2,0,0,0,1,0,1,0,0,0,1,2,0,2,0,0,0,0,0,1,0,0,1,0,1,0,0,3,2,2,2,3,1,0,0,3,1,0,0,0
2998,AI/ML Engineer,8.19,88.1,65.6,80.0,84.3,67.9,56.2,72.1,2,1,3,0,1,0,0,0,0,0,0,0,0,0,0,0,1,0,0,0,0,1,0,0,0,1,1,0,2,3,0,2,2,0,0,0,0,0,0,0,0
2999,AI/ML Engineer,8.24,73.5,83.0,72.6,88.7,56.4,84.3,75.5,3,3,2,1,1,1,2,1,2,0,0,0,0,0,0,2,0,2,0,0,0,0,0,0,0,0,0,0,2,0,0,1,3,0,0,0,0,0,0,1,0
3000,AI/ML Engineer,7.88,100.0,82.2,73.5,86.9,64.4,79.3,76.0,3,2,2,1,1,1,3,2,0,0,1,0,0,0,0,0,0,0,0,0,0,0,0,0,0,0,0,0,2,2,3,2,2,0,0,0,3,0,0,0,0
3001,Frontend Developer,8.38,74.3,77.6,67.2,62.2,74.4,58.1,65.5,3,2,2,1,1,0,2,2,0,0,0,3,3,2,3,2,0,0,0,0,1,0,0,0,0,0,0,0,0,0,0,1,0,0,1,0,0,0,2,0,0
3002,Frontend Developer,8.96,84.3,77.9,63.0,80.5,89.2,82.7,78.8,2,3,1,1,1,1,1,1,0,0,3,3,3,2,1,3,0,0,0,0,0,0,0,0,0,0,0,0,0,1,0,0,0,1,0,0,0,0,3,0,0
3003,Frontend Developer,9.1,80.6,85.6,78.2,62.4,73.9,80.1,73.7,2,2,2,0,0,1,1,1,0,0,2,2,2,3,2,3,0,0,0,0,0,0,1,0,0,0,0,0,0,0,2,0,0,0,0,0,0,0,0,1,2
3004,Frontend Developer,8.55,91.3,84.0,81.5,92.2,50.9,82.9,76.9,2,2,3,1,1,1,0,0,0,2,0,1,2,2,2,2,0,2,2,0,0,0,0,0,0,1,0,0,0,0,0,0,0,0,1,0,0,0,3,0,0
3005,Frontend Developer,7.65,87.5,67.4,82.1,67.5,51.7,62.7,66.0,1,2,3,1,1,1,2,0,0,0,3,2,3,2,3,3,0,0,0,0,0,0,0,0,0,1,0,0,0,0,0,2,0,0,0,0,0,0,1,1,0
3006,Frontend Developer,7.33,86.3,85.2,83.7,66.3,67.6,74.1,72.9,1,2,2,1,1,1,0,0,0,0,2,3,3,3,3,3,0,0,1,0,0,0,0,0,0,0,0,0,0,0,0,2,0,0,0,0,0,0,3,0,0
3007,Frontend Developer,7.58,72.0,63.6,88.1,73.6,83.4,63.2,77.1,2,2,1,1,1,1,0,0,0,0,3,3,3,2,2,2,0,0,0,0,0,0,1,0,0,0,0,0,0,1,0,0,2,0,1,0,0,0,2,0,0
3008,Frontend Developer,6.98,71.2,79.8,74.7,88.0,69.7,75.6,77.0,3,2,3,1,1,1,1,0,0,0,1,3,2,2,3,1,0,0,0,1,0,0,0,0,0,0,0,0,0,0,1,0,0,0,0,0,0,0,2,0,2
3009,Frontend Developer,6.12,72.5,81.5,58.3,82.6,81.7,80.4,75.8,2,3,1,1,1,1,0,1,0,0,3,3,1,2,2,1,1,0,0,0,0,1,0,2,0,0,0,0,0,0,2,0,1,0,0,0,0,0,1,0,0
3010,Frontend Developer,7.53,85.1,75.3,55.9,65.9,51.7,60.5,58.5,2,2,3,1,0,1,0,0,2,0,1,1,2,3,2,1,0,0,0,0,1,0,0,2,0,1,0,0,0,0,0,0,1,0,0,0,0,1,1,0,1
3011,Frontend Developer,7.54,77.3,72.6,75.4,78.9,77.9,74.7,76.7,2,1,0,0,0,1,0,0,2,0,0,3,0,0,3,0,0,0,0,0,0,2,2,0,0,0,0,1,0,0,2,0,0,0,2,0,0,0,2,0,0
3012,Frontend Developer,7.96,77.0,69.7,55.6,74.6,76.0,70.4,69.2,0,1,2,0,1,1,0,0,2,0,2,3,1,1,2,1,0,0,2,2,0,1,0,0,1,2,2,0,0,0,0,0,0,0,0,0,0,0,2,0,0
3013,Frontend Developer,8.38,86.3,60.3,73.9,66.5,74.9,72.5,72.0,2,2,1,1,1,1,0,1,0,0,2,3,1,3,2,1,0,0,0,0,0,1,2,0,0,0,0,0,0,0,0,1,0,0,0,0,2,0,0,0,0
3014,Frontend Developer,7.31,64.9,84.3,67.9,76.6,51.6,81.8,69.5,0,2,1,1,0,1,0,1,1,0,2,3,2,2,3,1,0,0,1,0,0,1,0,0,2,0,0,0,0,0,0,0,0,0,1,0,0,0,3,1,0
3015,Frontend Developer,6.9,76.5,70.2,82.7,60.2,44.7,74.7,65.6,4,3,2,1,1,1,1,0,0,0,2,3,2,3,2,3,0,0,0,0,0,0,0,0,0,0,0,0,0,0,0,0,0,1,0,1,0,0,0,0,0
3016,Frontend Developer,7.01,79.8,70.4,61.3,57.7,60.5,82.8,65.6,2,2,0,0,1,1,0,0,0,0,3,2,2,3,3,2,1,0,0,0,0,0,0,1,0,0,0,1,0,0,0,0,0,0,0,0,0,0,3,0,0
3017,Frontend Developer,7.58,83.8,77.1,96.8,69.4,53.7,61.0,70.2,2,2,0,0,1,1,0,0,0,0,3,2,2,1,3,3,0,1,0,0,2,0,0,0,0,0,0,0,0,1,0,0,0,1,0,0,0,1,1,0,0
3018,Frontend Developer,8.15,90.7,93.0,74.0,75.8,73.8,63.6,71.8,2,3,2,0,1,1,0,1,0,0,3,2,2,3,2,0,0,0,0,1,0,0,0,0,0,0,0,0,0,1,0,0,0,2,0,0,0,0,1,0,0
3019,Frontend Developer,8.02,76.1,66.0,68.0,57.8,67.7,66.1,64.9,3,3,1,1,0,1,0,0,0,0,3,2,3,0,2,2,0,3,0,0,0,0,0,1,0,0,0,0,0,0,0,0,0,2,0,0,2,0,3,0,0
3020,Frontend Developer,7.21,79.6,87.5,78.8,77.3,56.8,73.1,71.5,3,2,1,1,0,0,0,0,1,2,2,2,2,2,1,0,0,0,0,0,0,0,0,0,0,0,0,0,0,0,1,1,0,2,1,2,2,0,3,0,0
3021,Frontend Developer,6.55,73.4,86.4,78.7,78.8,84.7,68.3,77.6,1,3,2,1,1,1,0,0,0,0,2,2,1,3,3,2,0,1,0,1,0,2,0,0,0,1,0,0,0,0,0,0,0,1,0,0,1,0,2,0,0
3022,Frontend Developer,7.87,76.8,82.6,69.4,54.6,57.8,73.8,63.9,2,3,1,0,1,1,0,0,1,0,3,2,2,3,1,3,1,0,0,0,0,0,0,0,0,0,0,1,1,0,0,0,0,0,0,0,0,1,2,0,0
3023,Frontend Developer,8.04,95.3,87.3,65.7,71.0,80.9,78.0,73.9,2,1,3,1,0,0,1,0,0,0,3,3,0,3,2,3,0,0,0,0,2,0,0,0,0,0,0,0,0,0,0,0,0,0,0,0,0,0,3,0,0
3024,Frontend Developer,8.64,93.1,77.3,81.3,94.8,69.5,83.2,82.2,3,2,0,0,0,1,0,0,0,0,2,0,2,3,0,3,0,0,0,0,0,0,0,1,0,0,0,0,0,0,0,0,0,0,0,0,0,0,2,0,1
3025,Frontend Developer,5.96,91.2,75.1,92.6,64.1,42.6,81.1,70.1,4,3,2,0,1,0,1,0,0,0,3,2,2,2,2,3,0,2,0,2,0,0,0,0,1,0,0,0,0,0,0,0,0,0,0,0,2,0,2,0,0
3026,Frontend Developer,7.96,70.5,85.0,68.1,74.6,42.6,73.6,64.7,2,2,2,0,1,1,0,0,0,0,3,1,3,3,3,3,0,0,0,0,0,1,0,0,0,0,0,0,0,1,0,0,0,0,0,0,2,0,2,0,0
3027,Frontend Developer,8.07,68.4,69.1,68.4,100.0,83.8,62.2,82.9,4,2,1,1,1,1,1,1,0,0,3,3,2,3,1,2,0,0,0,0,0,0,0,0,0,0,0,0,0,0,0,0,0,0,0,0,0,0,3,0,0
3028,Frontend Developer,7.26,89.7,90.1,87.7,70.2,65.0,46.3,67.3,3,2,0,0,1,1,0,2,0,1,2,0,2,1,3,1,0,0,0,0,0,0,0,0,1,1,1,0,0,0,0,0,0,0,0,0,1,0,1,1,1
3029,Frontend Developer,7.45,89.6,70.8,63.8,80.3,65.2,70.5,70.0,3,2,1,1,0,1,0,0,0,0,2,2,3,2,2,0,0,0,0,0,0,0,0,2,0,0,0,0,0,0,0,0,0,0,0,0,1,2,0,0,0
3030,Frontend Developer,6.94,83.9,92.7,81.4,61.3,75.0,95.6,78.3,2,2,1,1,1,1,0,0,0,0,0,2,3,3,2,2,0,1,0,0,0,0,0,0,0,1,0,1,0,2,0,0,0,0,0,2,0,0,2,0,2
3031,Frontend Developer,7.24,83.3,50.0,78.9,82.2,76.3,69.9,76.8,1,3,1,1,0,1,1,0,2,0,2,1,2,2,0,2,0,0,0,0,0,0,0,0,0,2,0,0,0,0,0,0,2,0,0,0,0,0,1,0,0
3032,Frontend Developer,7.34,79.1,80.9,86.2,68.2,84.6,68.5,76.9,4,2,2,1,0,1,0,0,0,0,3,3,2,3,3,3,2,0,0,0,0,0,2,0,1,0,0,0,0,1,0,0,0,0,0,0,1,0,0,0,0
3033,Frontend Developer,8.85,68.2,66.5,54.9,79.2,64.7,67.4,66.6,1,2,2,1,0,1,1,0,1,1,2,2,3,1,2,2,0,0,0,0,0,0,0,0,0,1,0,0,0,1,0,0,0,0,0,0,0,0,2,0,0
3034,Frontend Developer,7.1,74.5,71.0,80.7,68.2,73.6,82.2,76.2,1,3,2,1,1,1,0,0,0,0,0,3,2,3,2,0,0,0,1,0,0,0,0,0,0,0,0,2,0,0,0,0,0,0,0,0,0,0,2,0,0
3035,Frontend Developer,7.89,79.9,85.6,72.7,100.0,50.3,76.0,74.8,2,1,0,0,0,1,0,2,0,1,3,0,3,3,3,1,0,1,0,0,1,0,0,0,0,0,0,0,2,0,0,1,0,0,0,0,0,1,3,0,0
3036,Frontend Developer,6.83,87.8,71.9,92.7,69.9,40.0,91.9,73.6,1,2,1,0,1,1,2,0,1,0,1,2,3,3,2,2,0,0,0,2,0,0,0,0,0,0,0,0,0,0,0,2,0,0,0,0,0,0,0,2,0
3037,Frontend Developer,7.47,65.0,62.4,63.3,80.5,57.0,76.6,69.3,3,1,0,0,0,1,0,0,2,0,2,2,2,2,3,1,0,0,0,2,0,0,0,0,0,2,2,0,0,0,0,0,0,0,0,0,0,0,3,0,0
3038,Frontend Developer,6.78,69.5,73.1,76.2,89.7,81.9,78.1,81.5,2,1,1,0,1,1,0,0,0,2,2,3,2,2,0,3,0,0,1,0,0,0,0,0,0,0,0,0,0,0,0,0,0,0,0,1,1,0,0,0,1
3039,Frontend Developer,7.63,71.4,82.6,75.8,75.2,77.9,75.5,76.1,4,3,3,1,0,1,0,0,0,0,3,3,3,2,2,3,1,0,0,0,0,0,0,0,1,0,0,0,0,0,0,2,0,0,0,0,0,0,1,0,2
3040,Frontend Developer,7.28,73.7,77.6,90.5,77.7,82.5,83.0,83.4,2,2,2,1,0,1,0,2,0,0,2,3,2,2,2,0,0,0,1,0,0,0,0,0,0,0,0,0,0,1,0,1,0,0,0,0,0,1,0,0,0
3041,Frontend Developer,6.95,100.0,81.1,77.6,79.1,68.7,77.4,75.7,1,3,2,1,0,1,0,0,0,0,3,3,2,2,0,2,0,1,0,0,0,1,1,0,0,0,0,0,0,1,0,0,1,0,0,1,0,0,3,0,0
3042,Frontend Developer,6.94,76.2,67.2,60.6,45.9,71.2,68.2,61.5,2,3,1,0,1,1,0,0,0,0,2,2,3,2,2,0,0,0,0,0,0,0,2,0,0,0,1,0,0,0,0,0,0,0,3,2,1,0,2,0,0
3043,Frontend Developer,7.5,82.5,79.2,77.4,63.6,74.9,85.9,75.5,1,2,2,1,1,1,1,0,0,0,2,3,0,2,2,0,0,0,2,1,0,0,0,0,0,0,2,0,0,0,0,2,1,0,0,0,0,0,2,1,0
3044,Frontend Developer,7.08,74.6,84.9,80.8,84.7,51.2,65.3,70.5,2,2,2,1,0,1,0,1,0,0,3,3,2,0,3,3,0,0,0,1,0,0,0,0,1,0,2,0,1,0,1,0,0,0,0,0,0,0,0,0,0
3045,Frontend Developer,7.65,74.1,66.5,82.2,90.9,80.0,65.4,79.6,1,1,1,1,0,1,0,0,0,0,1,2,2,3,2,2,0,0,3,0,0,0,0,0,0,0,0,1,0,0,0,1,1,0,0,0,0,0,2,1,0
3046,Frontend Developer,7.23,63.7,76.1,97.7,72.7,69.7,57.2,74.3,2,2,1,0,1,1,0,0,0,0,2,2,1,1,2,2,0,0,0,0,0,0,0,0,1,0,0,0,0,0,0,0,1,1,0,2,0,0,2,0,0
3047,Frontend Developer,8.09,89.4,84.7,87.5,70.8,97.6,57.4,78.3,2,2,2,1,1,1,1,0,0,0,3,3,1,2,1,1,0,0,0,0,0,0,0,2,0,0,0,0,2,0,0,1,0,0,0,0,0,0,2,0,0
3048,Frontend Developer,7.74,77.6,68.1,64.8,70.6,62.6,71.4,67.3,0,2,1,1,0,1,0,0,0,0,3,2,3,3,3,2,0,0,0,0,0,2,0,1,0,0,2,0,0,1,0,0,0,0,0,0,2,0,2,0,0
3049,Frontend Developer,7.87,81.3,79.7,73.9,81.3,82.9,79.6,79.4,1,3,0,0,1,1,1,1,0,0,3,3,2,2,3,2,0,0,0,0,0,1,0,0,1,0,0,0,0,2,0,0,1,0,0,0,0,0,1,0,0
3050,Frontend Developer,7.63,92.3,82.7,77.7,79.6,51.4,85.8,73.6,2,2,1,0,1,1,0,0,1,0,0,2,2,3,2,1,0,0,0,1,0,0,2,0,0,0,1,0,0,0,0,0,0,0,0,0,0,0,3,0,0
3051,Frontend Developer,7.06,73.1,80.6,100.0,100.0,76.3,86.1,95.8,1,3,3,1,1,1,0,0,0,2,3,2,2,3,0,3,0,0,2,0,0,0,1,0,0,0,0,0,2,0,0,2,0,0,0,0,0,0,2,0,0
3052,Frontend Developer,7.03,80.8,67.0,86.6,83.2,66.0,83.0,79.7,1,2,3,1,1,1,0,0,0,2,3,3,3,1,2,2,2,0,0,1,0,0,0,0,0,0,0,0,2,0,0,0,0,0,0,1,0,1,0,0,1
3053,Frontend Developer,7.99,64.8,78.8,60.3,64.9,76.1,72.9,68.6,1,3,2,1,1,1,0,0,0,0,0,3,0,3,2,3,0,0,0,0,0,0,0,0,0,0,0,0,0,0,0,0,0,0,0,0,0,0,2,0,0
3054,Frontend Developer,6.95,75.4,59.3,53.3,70.5,40.2,75.4,59.9,3,1,3,1,1,1,0,0,0,0,2,3,2,2,2,0,1,0,2,0,2,0,0,0,0,0,0,0,1,0,0,0,0,0,0,0,0,0,3,0,0
3055,Frontend Developer,7.89,84.7,70.7,69.6,60.6,73.4,85.2,72.2,0,2,0,0,1,1,0,0,0,0,3,3,1,2,0,3,0,0,0,0,0,0,0,0,0,0,0,0,0,0,0,0,0,0,0,0,0,0,2,0,1
3056,Frontend Developer,7.23,88.3,86.4,65.4,73.2,50.6,67.8,64.2,2,3,2,1,1,1,0,0,0,0,2,2,3,2,1,0,0,0,1,0,0,0,0,0,0,0,0,2,0,1,0,0,0,0,0,1,0,0,1,0,0
3057,Frontend Developer,7.08,88.3,71.6,78.6,79.7,71.5,63.1,73.2,1,1,1,1,1,1,0,0,0,0,3,0,2,1,0,2,0,0,0,0,2,0,0,0,0,0,0,0,0,0,1,0,0,0,0,0,0,0,3,0,0
3058,Frontend Developer,8.95,76.7,68.7,59.3,83.2,59.1,80.5,70.5,4,2,2,1,1,1,0,0,0,0,3,2,2,1,1,1,0,0,0,0,0,0,0,0,0,0,0,0,0,0,0,2,0,1,0,0,0,1,3,0,0
3059,Frontend Developer,7.45,82.3,85.8,83.0,66.6,67.9,62.2,69.9,3,3,0,0,1,1,0,0,0,0,2,3,2,1,3,3,0,0,0,0,0,1,0,0,0,0,0,0,0,0,0,0,0,0,1,1,0,0,1,0,0
3060,Frontend Developer,7.7,77.0,72.6,65.9,74.5,82.9,68.8,73.0,2,2,2,1,0,1,0,0,0,0,0,3,3,2,3,0,0,0,0,0,0,0,0,0,1,0,0,2,0,0,0,0,0,0,0,0,0,0,1,0,0
3061,Frontend Developer,6.84,82.0,79.9,78.5,70.3,74.6,67.7,72.8,3,2,3,1,1,1,0,0,0,0,2,3,2,1,2,0,0,0,2,2,1,0,2,0,0,0,1,2,1,0,0,0,0,0,0,0,0,0,2,2,0
3062,Frontend Developer,7.89,74.1,76.9,72.9,81.2,73.6,84.5,78.1,2,3,1,0,1,1,0,0,0,0,3,3,2,2,2,1,0,0,0,0,0,0,0,0,1,0,0,0,0,0,0,0,0,0,0,0,1,0,3,2,0
3063,Frontend Developer,7.16,76.2,72.2,94.3,74.8,57.0,68.1,73.5,2,3,2,1,1,1,0,0,0,0,3,2,3,1,2,3,0,0,0,0,2,0,1,0,0,0,0,0,0,1,0,0,0,0,1,1,0,0,2,0,0
3064,Frontend Developer,8.1,89.5,73.0,68.9,71.2,86.9,53.9,70.2,4,3,2,0,1,1,0,0,0,1,3,2,2,3,2,0,0,0,0,0,0,0,0,1,0,0,0,1,0,0,0,3,0,0,0,0,0,0,2,0,0
3065,Frontend Developer,7.54,76.0,88.3,75.3,33.8,47.7,71.3,57.0,2,2,2,1,0,1,2,0,0,0,3,3,3,1,2,3,0,1,0,0,2,0,0,0,0,0,0,2,0,0,1,0,0,0,0,2,0,2,0,0,0
3066,Frontend Developer,7.16,90.4,72.2,76.8,80.3,51.3,100.0,77.4,3,2,2,0,0,1,1,0,0,1,3,1,2,3,0,3,0,0,0,0,0,0,0,0,0,0,0,0,0,0,0,0,0,0,0,0,0,0,1,0,0
3067,Frontend Developer,8.04,69.0,76.6,70.1,71.2,69.7,72.5,70.9,0,2,2,0,1,1,0,1,0,0,1,2,2,1,1,3,1,2,0,0,1,0,2,0,0,0,0,0,1,0,0,0,1,0,0,1,2,0,3,2,2
3068,Frontend Developer,7.6,82.3,69.9,61.5,89.6,58.5,87.7,74.3,1,3,2,1,0,1,0,0,0,0,2,2,2,2,2,3,0,0,0,0,0,0,0,2,0,0,0,0,0,0,0,0,0,0,0,1,0,0,2,0,1
3069,Frontend Developer,6.4,82.0,76.4,57.6,64.2,84.5,79.0,71.3,2,2,0,0,1,1,0,2,0,0,3,2,1,3,2,0,0,0,0,1,0,0,0,0,0,0,0,2,0,2,0,1,0,0,2,0,0,0,2,0,0
3070,Frontend Developer,8.09,77.6,80.8,77.8,72.4,81.1,78.1,77.3,2,2,2,1,1,0,0,0,0,2,3,3,0,3,2,2,0,0,0,0,1,0,0,0,2,0,1,1,0,0,0,0,0,0,0,0,2,1,0,0,0
3071,Frontend Developer,7.01,73.1,89.2,85.2,92.2,63.9,91.5,83.2,2,2,1,1,0,1,0,0,0,0,3,3,3,1,2,2,0,2,0,1,0,0,0,0,0,0,0,1,0,0,0,0,0,1,1,0,0,0,0,0,0
3072,Frontend Developer,6.45,84.8,90.5,85.3,58.6,82.4,76.7,75.8,1,3,0,0,1,0,0,0,0,0,3,0,3,2,3,1,0,0,0,1,1,0,0,0,0,0,0,0,0,0,0,0,0,0,0,0,0,0,3,0,0
3073,Frontend Developer,7.39,85.7,66.8,56.7,78.7,67.5,75.9,69.7,2,1,1,1,1,1,0,2,0,0,3,1,2,2,3,3,0,0,2,0,0,1,1,0,0,2,0,0,0,0,0,0,0,0,0,0,0,0,2,2,0
3074,Frontend Developer,7.47,57.2,77.3,73.9,82.0,66.1,86.1,77.0,4,2,1,1,1,1,0,0,0,0,3,2,3,2,2,2,0,0,0,0,1,0,0,0,0,0,0,0,0,0,0,0,1,0,0,0,0,0,0,0,0
3075,Frontend Developer,6.79,78.2,87.8,60.3,82.0,67.0,77.8,71.8,2,1,3,1,0,1,0,2,0,0,2,3,3,2,3,3,0,0,0,0,0,0,1,0,0,0,0,1,0,0,0,1,0,2,0,0,0,0,2,0,0
3076,Frontend Developer,7.48,76.8,76.4,96.3,67.9,68.3,70.5,75.8,3,2,0,0,1,1,0,0,0,0,3,0,0,3,2,2,0,0,0,0,0,0,0,0,0,0,0,0,2,1,0,0,0,0,0,0,0,0,2,0,0
3077,Frontend Developer,7.95,77.2,90.2,62.4,63.0,69.6,78.9,68.5,2,2,0,0,1,1,0,0,0,0,2,3,3,2,3,3,0,0,0,0,0,0,0,1,0,0,0,1,0,0,0,0,0,0,0,0,0,0,1,0,0
3078,Frontend Developer,6.79,82.8,83.1,61.0,67.2,84.5,64.1,69.2,2,2,2,1,0,0,0,0,1,0,2,0,3,3,3,0,0,0,0,0,1,1,0,0,0,0,0,0,0,1,0,0,0,1,0,0,0,0,3,1,0
3079,Frontend Developer,7.75,72.4,82.7,79.6,87.9,48.2,82.9,74.7,3,2,3,1,1,1,0,2,0,0,3,0,1,1,2,3,0,0,0,0,0,1,2,0,0,0,0,0,0,0,0,0,0,0,0,0,0,0,2,0,0
3080,Frontend Developer,7.41,80.3,81.9,79.6,56.8,52.3,66.9,63.9,2,2,0,0,1,1,2,0,0,0,3,3,2,3,0,1,0,0,0,0,2,0,0,0,0,0,0,0,0,0,0,2,0,0,0,0,2,0,0,1,0
3081,Frontend Developer,7.47,86.3,72.1,79.3,53.5,41.6,95.4,67.5,2,1,2,1,1,1,0,1,0,0,2,0,3,2,2,2,0,0,0,0,0,0,0,2,0,0,0,0,0,0,0,0,0,1,0,0,0,0,1,1,0
3082,Frontend Developer,6.15,83.8,70.1,71.6,52.0,62.5,74.7,65.2,2,1,3,1,1,1,0,1,0,0,2,2,2,2,2,0,0,0,0,0,0,0,0,1,0,0,0,0,1,0,0,0,0,0,0,0,0,0,2,1,0
3083,Frontend Developer,7.95,87.2,75.5,69.7,63.8,75.8,47.3,64.2,3,2,1,1,1,1,0,0,0,0,3,2,3,2,2,1,1,0,0,0,0,0,1,0,0,0,0,0,0,1,0,0,0,0,0,0,0,0,2,0,0
3084,Frontend Developer,6.95,80.3,69.0,70.7,76.8,69.9,98.4,79.0,1,2,2,1,1,1,0,1,0,0,1,2,2,1,0,2,0,0,0,0,0,0,0,1,0,0,0,0,2,0,0,2,0,0,0,0,0,2,0,2,0
3085,Frontend Developer,6.76,73.5,63.2,83.0,51.4,63.0,81.7,69.8,3,2,2,0,1,1,0,0,2,0,0,2,1,3,2,1,0,0,0,0,0,0,0,0,0,0,0,0,0,0,0,0,0,1,0,0,0,1,0,0,0
3086,Frontend Developer,8.04,80.5,78.6,58.3,79.4,68.1,88.5,73.6,2,2,3,0,1,1,0,1,0,0,2,2,0,3,3,3,0,0,0,0,0,0,0,0,0,0,3,0,0,0,0,0,0,0,0,0,0,0,2,0,1
3087,Frontend Developer,6.69,87.5,64.8,76.7,79.9,79.3,56.0,73.0,3,1,1,0,1,1,0,0,0,0,3,0,3,3,1,3,0,0,2,0,1,2,0,0,1,0,0,0,0,0,0,0,0,0,0,0,1,0,1,0,0
3088,Frontend Developer,7.96,74.9,85.8,74.7,68.1,67.1,56.1,66.5,2,3,3,0,1,1,1,0,0,0,1,2,2,0,3,2,0,1,2,0,0,0,0,2,0,0,0,0,1,0,0,1,2,0,1,0,2,0,2,0,0
3089,Frontend Developer,7.76,81.1,65.9,87.4,74.0,71.9,89.9,80.8,3,2,1,1,1,1,0,1,0,0,3,2,2,2,3,1,2,0,0,0,0,1,1,0,0,0,0,0,0,0,0,0,0,0,0,0,0,2,0,0,0
3090,Frontend Developer,7.04,69.1,77.6,78.6,55.0,46.2,91.9,67.9,1,1,0,0,1,1,0,2,0,0,1,3,3,3,2,2,0,0,0,0,0,0,0,0,0,1,0,0,0,0,0,0,0,0,2,0,0,0,1,0,0
3091,Frontend Developer,7.35,78.3,76.9,81.6,66.5,68.0,77.9,73.5,2,2,1,0,0,1,0,1,0,0,1,3,3,1,2,2,0,0,0,0,2,0,0,0,0,2,0,0,0,1,1,0,0,0,1,0,0,0,3,1,0
3092,Frontend Developer,7.69,74.3,82.3,52.0,65.2,61.7,67.5,61.6,2,3,2,1,1,1,0,0,0,0,2,2,0,3,0,3,0,1,0,0,0,0,1,0,0,0,0,0,0,0,0,0,0,0,0,0,0,0,2,0,0
3093,Frontend Developer,8.41,73.7,72.0,66.2,77.0,46.3,79.5,67.2,1,2,2,1,0,1,0,2,0,0,3,0,2,2,3,0,0,0,0,0,0,0,0,0,0,0,0,0,0,0,0,0,0,0,2,2,0,2,3,0,0
3094,Frontend Developer,7.95,92.3,64.3,65.7,74.3,84.4,73.0,74.3,3,2,2,0,1,1,0,1,0,0,2,0,3,2,3,0,0,0,0,0,0,0,0,0,1,0,1,0,0,0,0,0,0,0,0,0,0,0,2,0,0
3095,Frontend Developer,8.58,78.1,77.9,93.5,95.3,67.7,85.8,85.6,3,1,2,1,0,1,0,1,1,0,3,3,3,1,3,2,0,0,0,0,0,1,0,0,0,0,0,0,0,0,0,0,0,0,0,0,0,0,3,0,0
3096,Frontend Developer,7.55,73.3,93.9,88.7,71.4,55.7,83.3,74.8,2,2,2,1,1,0,0,0,2,0,3,3,3,1,2,2,0,1,0,0,0,0,0,0,1,0,0,0,0,0,0,0,0,0,0,1,0,0,3,0,0
3097,Frontend Developer,7.01,81.4,83.0,67.2,80.9,58.1,79.9,71.5,2,2,2,0,1,1,0,0,0,0,1,3,3,3,1,3,0,1,0,1,0,0,0,0,0,0,0,0,0,1,0,0,0,0,2,0,0,0,3,2,1
3098,Frontend Developer,6.4,74.2,77.3,84.7,87.2,69.7,70.3,78.0,2,2,3,1,1,1,0,0,0,0,3,3,3,1,2,3,0,0,0,0,0,2,1,1,0,2,0,0,0,1,0,2,0,1,0,0,0,0,2,0,0
3099,Frontend Developer,8.68,67.4,86.0,83.1,90.2,100.0,72.0,87.2,2,2,0,0,1,1,0,0,2,0,2,3,2,0,3,0,1,0,0,0,0,0,0,0,0,0,0,0,0,0,0,0,1,0,3,1,0,0,3,0,0
3100,Frontend Developer,8.5,84.9,73.9,62.8,75.5,93.6,66.9,74.7,0,2,1,1,0,0,0,0,0,0,3,3,2,3,0,2,0,0,0,0,0,0,0,0,0,0,0,0,0,0,0,0,0,0,2,0,0,0,2,0,1
3101,Frontend Developer,8.15,82.1,77.2,89.5,71.7,100.0,82.7,87.1,2,2,0,0,1,1,2,0,0,2,3,3,2,2,1,2,0,2,0,0,0,1,1,0,0,0,0,0,1,0,1,0,0,0,0,0,0,0,2,0,0
3102,Frontend Developer,6.73,81.0,83.2,77.5,66.5,89.1,68.1,75.3,2,2,0,0,1,1,0,0,0,0,3,3,2,2,2,0,0,0,1,0,0,1,0,0,0,0,0,0,0,0,1,0,0,0,0,0,0,0,0,0,0
3103,Frontend Developer,9.07,86.4,80.0,69.6,76.9,67.3,78.3,73.0,3,3,3,0,0,1,0,0,0,1,3,3,1,3,1,3,0,0,1,1,0,1,0,1,0,0,0,0,0,0,0,0,0,0,0,0,0,0,0,0,0
3104,Frontend Developer,6.59,76.4,78.0,58.7,80.8,58.7,71.5,67.4,3,2,2,1,1,0,0,0,0,0,3,0,3,3,2,2,0,0,0,1,0,0,0,0,0,2,0,0,0,0,0,0,1,0,0,1,1,0,3,0,1
3105,Frontend Developer,7.5,74.5,95.1,63.7,74.5,89.5,77.1,76.2,1,2,1,1,1,1,0,1,0,0,3,3,3,2,2,3,1,1,0,0,0,0,0,0,0,0,0,0,0,0,0,0,0,0,0,0,0,0,1,0,0
3106,Frontend Developer,7.55,87.4,65.8,63.5,70.4,49.7,74.4,64.5,2,2,2,1,1,1,0,1,1,0,1,2,3,2,2,0,0,0,0,2,1,0,0,0,0,0,0,0,0,0,0,0,0,0,0,0,0,2,3,1,1
3107,Frontend Developer,7.39,82.5,90.7,80.3,67.4,64.1,93.1,76.2,1,2,2,1,1,1,0,2,1,0,3,2,3,3,0,2,0,0,0,0,0,0,0,0,0,0,0,0,0,1,0,0,0,0,0,0,0,0,0,0,0
3108,Frontend Developer,7.71,64.8,84.4,80.8,69.6,67.7,71.8,72.5,4,3,2,1,1,1,0,0,0,0,2,3,1,3,1,2,2,0,0,0,0,0,0,0,0,0,2,0,0,0,0,0,1,0,0,0,0,0,0,0,0
3109,Frontend Developer,8.51,85.9,81.0,61.9,82.3,53.3,71.1,67.2,2,1,1,1,1,1,0,0,0,1,1,3,2,3,3,0,0,0,0,0,0,0,0,0,0,1,0,0,0,0,1,0,0,0,0,0,0,0,1,0,0
3110,Frontend Developer,7.71,78.4,78.4,79.6,79.4,63.9,98.1,80.2,2,2,1,1,1,1,0,0,0,0,0,1,1,2,3,3,0,0,0,0,0,0,0,0,0,0,0,1,1,0,0,1,0,0,0,0,0,0,2,0,0
3111,Frontend Developer,7.82,84.1,92.6,52.4,58.3,50.2,69.5,57.6,1,2,1,1,1,1,0,0,0,2,3,3,2,2,3,2,0,0,0,0,0,0,1,0,0,0,0,1,0,0,0,0,0,0,0,1,0,1,2,0,0
3112,Frontend Developer,7.39,69.2,56.5,73.7,88.4,76.2,90.5,82.2,2,2,1,0,1,1,0,0,0,0,3,3,3,3,1,2,0,0,0,1,1,0,0,0,0,0,0,0,0,0,0,0,0,0,1,0,0,1,3,0,2
3113,Frontend Developer,6.57,86.7,67.8,87.8,81.0,70.7,58.9,74.6,2,2,0,0,1,1,0,2,0,0,3,2,3,3,3,2,2,0,2,0,1,1,0,0,0,0,0,2,0,0,0,0,0,0,0,0,0,0,2,2,0
3114,Frontend Developer,7.49,76.6,85.7,83.1,90.6,83.4,77.6,83.7,3,2,1,1,0,1,0,0,0,0,3,3,2,2,0,3,0,2,0,0,0,0,0,1,0,0,0,0,0,0,0,0,0,0,0,0,0,0,1,1,0
3115,Frontend Developer,7.85,61.9,66.4,73.5,82.9,56.9,61.4,68.7,1,2,0,0,1,1,0,0,2,2,2,3,2,3,1,3,0,0,0,2,0,0,0,0,0,0,1,0,1,0,0,0,0,1,0,0,0,0,2,0,0
3116,Frontend Developer,7.37,74.9,68.7,64.0,64.1,59.4,67.1,63.6,1,2,2,1,0,1,0,0,0,0,3,1,2,3,3,2,0,0,0,0,0,0,0,0,1,1,2,0,1,0,1,0,1,0,0,0,1,0,3,0,0
3117,Frontend Developer,8.1,77.1,78.2,73.2,81.3,60.8,79.5,73.7,3,2,1,1,1,1,0,0,0,2,2,0,1,2,3,2,0,0,0,0,0,0,0,0,0,1,0,0,0,0,0,0,1,2,0,0,0,0,3,0,0
3118,Frontend Developer,7.73,68.1,75.2,65.0,79.0,90.0,77.4,77.8,2,3,0,0,0,1,0,0,0,0,3,3,3,3,3,0,1,0,2,0,2,0,2,0,0,0,0,0,0,0,0,0,0,0,0,0,0,0,3,0,2
3119,Frontend Developer,6.49,76.9,91.9,72.5,58.8,65.6,80.1,69.2,2,1,1,1,1,1,0,0,0,0,1,2,2,2,3,3,0,0,0,0,0,1,0,0,0,0,0,0,0,0,0,0,0,0,0,0,0,0,0,0,0
3120,Frontend Developer,6.78,73.5,71.9,66.0,61.4,57.5,70.3,63.8,2,2,2,0,1,1,0,0,0,0,3,2,0,1,3,0,0,0,1,0,2,0,0,0,2,0,0,0,0,0,1,0,0,0,0,0,1,0,2,1,0
3121,Frontend Developer,6.65,79.6,83.7,53.8,94.9,52.7,60.2,65.4,2,1,0,0,1,1,0,2,0,0,3,3,3,3,3,0,0,2,0,0,0,0,0,0,2,0,0,1,0,0,0,1,0,1,0,0,0,0,2,1,1
3122,Frontend Developer,8.54,69.6,95.8,61.7,84.5,51.0,91.2,72.1,2,1,1,1,1,1,0,0,0,1,1,0,2,2,0,3,0,2,0,0,2,0,0,0,2,0,0,0,0,2,0,0,0,0,0,0,1,0,2,2,0
3123,Frontend Developer,8.18,82.0,92.8,72.5,47.4,73.8,83.9,69.4,1,3,1,0,1,0,0,0,0,0,2,2,3,2,3,3,0,0,0,0,0,2,1,0,0,0,0,0,0,0,0,0,0,0,0,0,0,0,3,0,1
3124,Frontend Developer,9.01,100.0,87.1,79.1,68.7,62.4,78.8,72.2,2,2,2,0,0,1,0,0,1,0,3,3,2,2,0,0,0,0,0,0,0,0,0,0,0,1,0,0,0,0,0,0,2,0,0,0,0,0,0,2,0
3125,Frontend Developer,7.51,76.6,90.4,71.0,60.2,51.5,72.9,63.9,3,1,1,1,1,1,1,0,0,0,2,2,3,1,1,0,0,0,0,1,0,0,0,0,0,0,0,0,0,0,0,0,1,0,0,3,0,0,2,0,0
3126,Frontend Developer,6.99,68.4,75.9,88.5,61.9,82.6,68.7,75.4,3,2,2,0,1,1,0,0,0,1,2,2,2,2,3,0,0,0,0,0,0,0,0,1,0,1,0,0,0,0,0,0,2,0,0,0,1,0,2,1,0
3127,Frontend Developer,7.93,84.6,54.2,67.9,89.2,88.0,71.9,79.2,4,3,0,0,0,0,0,0,0,0,2,2,3,2,1,2,0,0,0,0,0,0,1,0,0,0,0,0,0,0,0,0,0,1,0,0,0,0,3,2,0
3128,Frontend Developer,7.71,82.3,81.8,72.5,69.8,57.2,78.6,69.5,2,2,3,0,1,0,1,0,0,0,3,3,2,3,1,3,0,0,0,0,0,0,0,0,0,0,1,0,0,0,0,0,0,0,0,0,0,0,1,0,0
3129,Frontend Developer,7.98,72.8,77.3,74.2,95.8,51.8,72.2,73.5,1,1,0,0,0,1,0,0,2,0,2,3,2,3,2,3,2,0,0,0,0,0,2,1,0,0,0,0,1,0,0,2,0,0,0,1,0,0,0,1,0
3130,Frontend Developer,8.14,97.2,81.6,77.4,75.3,63.8,55.5,68.0,4,2,1,1,1,1,0,0,0,1,1,1,3,3,3,2,0,0,0,0,0,0,0,0,0,0,0,0,0,0,0,0,0,0,0,2,0,1,3,2,0
3131,Frontend Developer,7.27,87.4,87.2,61.3,70.9,56.1,87.4,68.9,4,1,1,1,1,1,0,0,1,0,1,0,2,3,3,3,0,2,1,1,0,0,2,0,0,0,0,0,0,1,0,0,0,0,0,0,0,0,2,0,1
3132,Frontend Developer,9.24,82.3,69.0,63.4,87.1,55.0,82.6,72.0,1,2,2,1,1,1,0,0,2,2,3,3,2,2,3,3,0,0,0,2,0,0,0,0,0,2,0,0,1,0,0,0,0,1,1,1,0,0,3,0,0
3133,Frontend Developer,7.17,76.8,75.5,64.5,76.8,65.2,85.6,73.0,3,2,1,1,1,1,0,0,0,0,3,2,3,2,2,1,0,0,0,2,1,0,0,0,0,0,1,0,1,0,0,0,0,0,0,0,1,2,0,0,0
3134,Frontend Developer,8.14,67.1,82.0,69.2,73.4,51.1,60.7,63.6,3,2,2,1,0,1,2,1,0,0,2,2,2,3,2,0,0,0,0,0,0,0,0,3,0,0,0,0,1,1,0,0,0,0,0,0,0,0,0,0,0
3135,Frontend Developer,7.22,82.2,83.2,59.5,58.5,46.3,79.1,60.9,2,1,1,1,1,0,0,0,1,0,2,1,1,3,3,2,0,0,0,0,0,0,0,1,2,2,0,0,1,0,0,0,1,1,0,0,0,0,3,1,0
3136,Frontend Developer,8.0,83.1,83.9,76.9,76.5,88.6,65.4,76.8,1,3,1,1,1,1,0,0,0,0,2,1,2,3,2,1,1,0,1,0,0,0,1,0,0,0,2,0,0,0,0,0,0,0,0,1,0,0,1,0,0
3137,Frontend Developer,7.69,83.7,65.2,55.7,84.1,85.3,56.8,70.5,4,2,2,1,1,1,0,1,0,0,2,0,2,3,3,0,0,1,0,0,0,1,1,0,1,0,0,0,1,0,0,0,0,1,0,2,0,0,2,0,0
3138,Frontend Developer,6.71,75.1,92.2,88.8,83.2,64.0,71.9,77.0,2,2,3,1,1,1,0,0,0,2,2,2,1,3,3,2,0,0,0,0,0,1,0,0,0,0,1,0,0,0,0,0,0,0,1,0,0,0,3,0,0
3139,Frontend Developer,7.04,74.5,79.6,79.9,79.8,57.0,58.2,68.7,2,1,1,1,1,1,1,0,0,1,2,3,3,2,3,2,0,1,0,0,0,0,0,1,0,0,0,1,0,0,0,0,0,0,0,0,1,0,3,2,0
3140,Frontend Developer,7.32,80.9,83.1,73.6,69.1,94.4,62.7,75.0,3,1,2,1,1,1,0,1,0,1,2,2,0,2,2,2,0,0,0,1,0,0,0,1,0,0,0,1,0,0,0,0,0,0,0,0,0,0,1,1,0
3141,Frontend Developer,7.55,91.5,79.9,98.5,88.4,82.8,83.2,88.2,2,1,0,0,1,1,0,0,1,0,3,3,3,2,3,2,0,0,0,0,0,0,0,0,0,0,1,0,0,0,0,0,1,0,0,0,0,0,3,0,0
3142,Frontend Developer,8.37,62.8,75.5,71.7,88.4,84.6,72.2,79.2,2,2,0,0,1,0,0,2,0,1,2,3,3,3,1,2,0,0,0,0,0,0,0,0,0,1,0,0,1,0,0,0,0,1,0,1,2,0,1,0,0
3143,Frontend Developer,7.8,75.9,80.5,82.4,85.1,90.1,87.4,86.2,3,1,0,0,0,1,0,0,0,1,2,3,3,2,2,0,0,0,0,0,1,0,0,1,0,0,0,0,0,0,0,0,0,0,0,0,0,0,2,0,0
3144,Frontend Developer,6.88,67.2,91.0,60.5,72.4,68.0,77.9,69.7,4,3,0,0,1,0,0,0,0,0,1,2,3,2,2,1,0,0,2,0,0,0,0,0,0,2,0,0,0,0,0,2,0,0,0,0,0,0,3,0,0
3145,Frontend Developer,7.9,81.6,68.4,64.2,79.0,88.3,81.9,78.3,3,1,3,1,0,0,0,0,0,0,1,3,2,3,2,1,1,0,0,0,0,0,0,0,0,0,0,0,0,0,0,0,0,0,0,0,0,0,0,0,0
3146,Frontend Developer,7.38,73.3,73.9,82.4,82.8,85.3,93.9,86.1,4,3,2,1,1,1,0,0,0,1,3,3,3,3,2,3,0,0,0,0,0,0,0,0,0,0,0,0,0,0,0,0,0,0,0,0,0,0,3,0,1
3147,Frontend Developer,9.16,77.4,86.5,75.1,82.0,72.9,95.4,81.3,2,2,1,1,1,1,0,0,0,1,2,3,2,2,1,3,2,1,2,2,2,0,0,0,0,0,0,0,0,2,2,0,0,0,2,0,0,0,0,0,1
3148,Frontend Developer,7.86,93.2,72.3,63.7,70.1,59.5,47.3,60.2,2,2,0,0,1,1,0,0,0,0,2,2,1,3,3,3,1,1,0,1,0,0,0,0,0,1,0,0,0,0,0,0,0,1,1,0,0,0,0,0,1
3149,Frontend Developer,7.24,80.1,58.9,92.1,70.3,77.5,76.2,79.0,2,1,0,0,0,0,0,0,0,1,3,2,3,3,3,3,1,0,0,0,0,0,0,0,2,0,0,0,0,0,0,0,0,0,0,0,0,0,2,1,0
3150,Frontend Developer,7.33,81.0,67.3,81.1,62.0,49.9,86.4,69.8,2,2,0,0,0,1,0,0,2,0,3,3,1,2,2,2,0,0,0,1,0,1,0,0,0,0,0,0,0,0,0,0,0,0,1,0,0,0,3,0,0
3151,Frontend Developer,7.14,87.3,80.7,76.2,70.1,68.8,70.1,71.3,2,3,1,0,1,1,1,0,2,0,3,2,2,1,3,1,1,0,0,0,0,1,0,0,0,0,0,0,0,0,0,0,0,0,0,0,0,0,3,0,0
3152,Frontend Developer,7.66,70.4,73.6,75.3,71.1,100.0,89.9,84.2,3,3,0,0,1,1,0,0,0,0,2,2,2,2,2,2,1,0,0,0,0,0,0,0,0,0,1,0,0,0,0,0,0,0,1,0,1,0,1,0,1
3153,Frontend Developer,6.59,91.9,73.7,78.7,77.0,51.6,90.4,74.4,2,2,2,1,1,0,1,0,1,0,3,2,3,0,3,1,0,0,2,0,0,0,0,0,0,0,0,2,2,0,1,0,0,0,0,0,0,0,2,0,2
3154,Frontend Developer,6.22,86.7,84.6,67.2,67.3,37.2,62.8,58.6,2,2,2,1,1,1,0,0,0,1,2,1,3,1,2,1,1,0,2,0,0,0,0,0,0,0,0,0,0,2,0,0,0,0,0,0,0,0,0,0,0
3155,Frontend Developer,7.58,73.3,80.7,84.9,80.4,60.0,63.5,72.2,3,3,2,0,1,0,0,0,0,0,1,2,3,3,1,3,2,0,0,0,0,0,0,0,0,0,2,0,0,0,0,2,0,0,0,0,0,0,1,0,1
3156,Frontend Developer,7.98,87.8,67.8,77.6,74.2,56.7,65.8,68.6,3,2,1,0,1,1,0,0,0,2,3,2,3,2,2,1,0,1,0,0,2,1,0,0,1,1,0,0,0,0,1,0,0,0,1,0,0,0,3,0,0
3157,Frontend Developer,8.75,82.5,66.8,84.5,89.5,74.9,72.3,80.3,3,1,3,1,1,1,0,0,0,0,1,0,2,1,2,3,1,0,0,0,0,0,0,1,1,0,0,0,0,0,0,0,0,0,0,1,0,0,3,1,0
3158,Frontend Developer,7.76,83.9,73.4,54.0,60.5,67.3,73.7,63.9,4,2,1,1,1,1,0,0,0,1,3,2,1,2,1,0,0,1,0,0,0,0,0,0,0,0,0,0,0,0,0,0,0,0,0,0,0,0,1,0,0
3159,Frontend Developer,7.24,78.8,76.8,64.6,86.8,66.5,63.0,70.2,4,1,1,0,1,0,0,1,0,0,2,3,2,2,2,3,0,0,0,0,0,0,0,0,0,0,0,0,0,0,0,0,0,0,0,0,0,1,3,0,0
3160,Frontend Developer,7.72,72.4,91.9,59.8,50.9,69.2,66.2,61.5,1,3,3,1,0,1,0,2,0,0,3,1,3,3,2,1,0,0,1,0,0,0,0,0,1,0,0,0,0,0,0,0,0,0,0,0,2,0,1,0,1
3161,Frontend Developer,5.81,67.2,82.2,77.1,84.0,52.0,62.7,69.0,2,1,1,1,0,1,0,0,0,0,2,2,3,2,1,1,0,0,1,0,0,0,1,0,0,1,0,0,0,0,0,1,0,0,0,0,0,1,0,0,2
3162,Frontend Developer,7.73,89.9,59.2,65.3,82.0,70.9,77.0,73.8,2,2,1,0,1,1,0,0,0,1,3,3,3,3,0,1,0,2,1,0,0,0,0,0,0,0,0,0,0,0,0,0,0,0,0,0,0,0,2,0,2
3163,Frontend Developer,8.32,87.2,87.2,69.1,56.6,60.4,77.9,66.0,3,3,1,1,1,1,0,0,0,0,3,3,3,0,2,3,0,0,0,0,0,0,2,0,0,0,0,0,0,0,0,0,0,0,0,0,0,0,2,0,1
3164,Frontend Developer,7.4,81.4,58.7,88.5,78.0,50.3,59.0,69.0,1,3,1,0,0,1,2,2,0,0,1,0,3,3,3,3,0,1,0,0,0,0,0,0,0,0,0,0,0,0,0,2,0,0,0,0,0,0,3,0,0
3165,Frontend Developer,8.4,87.3,73.5,61.0,73.7,70.9,94.3,75.0,2,3,1,1,0,1,0,0,1,1,3,3,3,3,3,1,0,1,0,0,0,0,0,0,0,1,0,0,0,0,0,0,1,0,2,0,0,0,2,0,1
3166,Frontend Developer,6.87,85.4,79.2,93.9,71.1,61.2,76.4,75.7,3,2,1,0,1,1,0,2,0,1,1,3,3,0,3,3,0,0,1,1,0,0,0,0,0,0,0,0,0,0,1,0,0,1,0,0,0,0,3,0,0
3167,Frontend Developer,8.15,73.8,88.7,79.1,77.6,91.1,79.0,81.7,2,1,1,0,1,1,0,0,0,0,2,1,2,2,3,3,0,0,0,0,0,0,2,0,0,0,1,0,0,2,0,0,0,0,0,0,0,0,1,1,1
3168,Frontend Developer,8.83,78.8,83.3,73.9,72.4,60.3,52.1,64.7,3,3,0,0,1,1,0,0,0,0,2,3,3,2,2,1,1,0,0,0,0,0,0,0,0,0,0,2,2,0,0,0,0,0,0,0,0,0,3,0,1
3169,Frontend Developer,6.76,95.2,69.6,73.0,73.3,72.8,67.1,71.6,1,1,3,1,1,1,0,1,0,0,3,3,3,2,3,3,0,0,0,1,0,0,2,0,0,0,0,0,0,0,1,0,0,0,1,0,0,0,2,0,0
3170,Frontend Developer,8.15,70.0,85.7,79.2,89.6,46.5,65.2,70.1,2,3,1,1,0,1,1,0,0,0,3,2,1,1,3,3,0,2,0,0,0,1,0,0,1,1,0,0,0,0,0,0,0,0,0,2,0,0,3,0,0
3171,Frontend Developer,7.36,70.1,70.3,66.0,42.0,61.6,79.5,62.3,4,3,0,0,1,1,0,0,0,0,1,3,1,2,2,2,0,0,0,0,0,1,0,0,0,0,0,0,0,0,0,2,0,1,0,0,0,0,0,0,0
3172,Frontend Developer,8.15,90.0,77.9,66.2,74.8,52.2,58.9,63.0,1,2,0,0,1,1,0,0,0,1,2,3,2,3,2,3,0,0,0,0,0,0,0,0,0,0,0,1,0,0,0,0,0,0,0,0,0,0,2,0,0
3173,Frontend Developer,5.53,87.1,86.3,64.6,82.5,60.6,77.8,71.4,4,2,0,0,0,1,1,0,0,0,3,2,1,3,3,2,0,0,1,0,0,0,0,0,0,0,0,0,0,2,0,1,2,0,0,0,0,0,2,0,0
3174,Frontend Developer,8.0,78.3,85.6,73.7,70.0,74.8,52.6,67.8,2,3,2,1,1,1,0,0,1,0,2,1,0,2,2,0,0,0,0,0,0,0,0,0,0,0,0,0,0,0,1,0,0,0,0,0,0,0,3,0,0
3175,Frontend Developer,8.43,93.5,76.4,88.0,91.5,53.7,53.1,71.6,3,3,0,0,1,1,0,0,0,0,3,3,1,3,2,3,0,0,0,0,0,0,0,0,0,0,0,0,0,0,0,0,0,0,0,0,0,0,3,2,0
3176,Frontend Developer,9.02,70.0,76.6,87.5,68.9,43.6,63.5,65.9,2,2,2,1,1,1,0,0,0,0,0,3,3,3,2,2,0,0,0,1,0,0,0,0,0,0,0,0,0,0,0,0,0,0,1,0,0,0,0,0,0
3177,Frontend Developer,7.16,85.7,73.5,59.2,53.6,69.3,83.4,66.4,2,3,1,1,1,0,0,0,0,0,2,1,0,1,2,1,3,2,2,0,1,2,0,0,1,0,0,0,0,0,0,0,0,1,0,0,0,0,3,0,0
3178,Frontend Developer,8.13,87.6,66.2,91.8,100.0,80.6,74.5,87.7,2,3,1,1,1,1,0,0,0,2,2,1,3,2,2,3,0,0,2,0,1,3,0,0,0,1,0,0,0,0,0,0,1,0,0,0,0,0,0,0,0
3179,Frontend Developer,7.17,83.7,77.6,84.3,75.3,43.2,57.2,65.0,2,3,2,0,1,0,0,0,0,0,0,3,3,3,2,2,1,0,0,0,0,0,0,0,2,0,0,0,1,0,0,0,1,0,0,0,0,0,3,0,0
3180,Frontend Developer,6.81,81.0,87.7,57.4,60.1,80.7,77.0,68.8,2,2,1,1,1,1,0,0,0,2,2,3,3,3,2,3,0,0,0,0,0,1,0,0,0,1,0,0,2,0,0,2,0,0,0,0,0,0,3,2,0
3181,Frontend Developer,7.22,83.0,73.9,58.9,61.8,64.7,70.7,64.0,1,2,0,0,1,0,0,0,1,0,3,3,1,2,2,0,0,3,0,0,0,0,0,0,2,0,0,0,0,1,0,0,0,2,0,1,0,0,0,0,0
3182,Frontend Developer,7.88,62.1,82.3,74.0,66.2,62.9,74.7,69.5,3,3,1,0,1,1,0,0,0,0,3,0,3,1,0,3,0,0,0,0,1,0,0,0,0,0,0,0,0,0,0,0,0,0,0,0,0,0,2,0,1
3183,Frontend Developer,7.26,79.3,78.9,63.3,42.7,59.1,74.8,60.0,2,2,2,1,1,0,0,0,0,0,2,2,2,3,2,3,0,0,0,0,0,0,0,2,0,0,1,0,0,1,0,0,0,0,0,0,0,1,1,2,2
3184,Frontend Developer,8.59,80.6,89.2,63.7,48.0,77.4,68.9,64.5,1,1,1,1,0,1,0,0,2,0,1,2,3,3,2,2,0,0,0,0,0,0,0,0,0,0,0,0,0,0,0,0,0,0,0,0,0,0,2,0,0
3185,Frontend Developer,8.3,87.0,72.2,79.2,52.0,65.8,90.8,72.0,1,2,2,1,1,0,0,0,0,1,1,3,1,2,2,3,0,0,0,1,0,0,0,0,0,1,0,0,0,0,0,0,0,0,0,0,0,0,2,1,0
3186,Frontend Developer,7.77,69.8,88.6,90.7,67.2,72.2,70.9,75.2,1,1,3,1,1,1,2,0,0,1,3,3,3,3,3,0,0,0,0,0,1,1,0,0,1,0,0,0,0,0,0,1,0,1,0,0,0,0,2,0,0
3187,Frontend Developer,8.01,82.5,84.1,61.0,57.9,69.5,78.6,66.8,2,1,1,1,1,1,0,0,0,0,3,3,3,3,2,2,0,0,0,0,2,0,0,0,0,0,0,0,2,0,0,0,0,0,0,0,1,0,3,2,0
3188,Frontend Developer,8.75,79.3,77.7,84.3,93.5,64.0,100.0,87.2,4,3,0,0,1,0,0,0,0,0,2,3,2,3,2,3,0,0,0,2,0,0,1,0,0,0,0,0,0,0,0,0,0,0,0,0,1,0,3,0,0
3189,Frontend Developer,7.14,75.4,75.1,82.8,68.4,68.9,75.6,73.9,2,3,0,0,0,0,0,1,0,0,2,3,2,2,3,3,0,0,0,0,0,3,0,0,0,0,0,0,2,0,0,0,0,1,1,0,0,0,1,0,1
3190,Frontend Developer,7.67,66.8,81.5,80.1,74.7,58.6,64.5,69.5,2,3,3,1,0,1,0,0,2,0,3,0,3,3,1,2,0,0,0,1,0,0,1,0,0,0,0,0,0,1,0,0,0,0,0,0,0,1,3,1,0
3191,Frontend Developer,6.32,90.4,74.7,69.3,58.2,60.0,75.9,65.8,0,2,3,1,1,1,0,0,0,1,2,0,3,2,0,2,0,0,0,1,0,1,0,0,0,0,0,1,0,0,1,0,0,0,0,0,0,1,1,0,0
3192,Frontend Developer,9.6,76.9,76.8,86.9,77.2,69.6,66.4,75.0,3,1,2,1,1,1,0,0,0,0,2,2,1,1,2,3,0,0,0,0,0,2,0,0,0,1,0,0,0,0,1,0,0,0,0,0,0,0,1,0,0
3193,Frontend Developer,7.9,69.9,74.7,54.0,63.5,59.8,91.8,67.3,3,3,1,1,1,1,0,1,0,0,1,1,2,0,3,3,0,0,0,0,0,0,0,1,0,1,1,1,0,0,1,0,0,0,0,0,3,2,0,0,0
3194,Frontend Developer,7.47,77.3,72.2,75.7,66.6,73.1,69.3,71.2,4,2,2,1,0,1,1,0,0,0,1,2,2,3,3,2,0,0,0,0,1,0,0,0,0,0,0,2,0,2,0,0,0,1,0,0,0,0,0,0,0
3195,Frontend Developer,8.46,83.8,63.7,73.5,88.1,67.7,82.7,78.0,4,1,1,1,1,1,0,1,1,0,2,3,3,3,3,0,0,0,0,1,1,0,0,0,0,0,0,0,2,0,0,0,0,0,0,1,0,0,1,0,0
3196,Frontend Developer,7.83,82.1,72.4,68.8,69.6,77.0,82.6,74.5,3,3,1,1,0,1,0,0,0,0,2,2,0,2,3,2,1,0,1,0,0,0,0,0,0,0,1,0,0,0,0,1,0,0,0,2,0,0,2,0,0
3197,Frontend Developer,6.89,79.3,69.1,76.9,62.8,82.2,83.1,76.2,1,3,3,1,1,1,0,0,0,0,2,0,3,3,2,3,0,0,0,0,0,0,1,2,0,0,0,0,2,0,0,0,0,0,0,0,0,2,2,0,1
3198,Frontend Developer,8.13,89.3,78.4,74.3,88.9,71.6,87.2,80.5,2,2,1,1,1,1,2,0,1,1,2,1,3,0,2,2,0,0,0,0,0,0,0,1,0,0,0,0,0,0,0,0,0,0,0,2,0,0,3,0,0
3199,Frontend Developer,6.54,80.8,94.1,73.0,92.1,53.1,92.2,77.6,3,2,2,1,1,0,0,0,0,0,2,0,2,2,3,3,1,0,0,0,0,0,0,0,0,0,0,0,1,0,0,2,0,0,0,0,0,2,3,0,0
3200,Frontend Developer,7.77,81.1,80.3,65.9,74.9,62.7,83.8,71.8,2,3,0,0,0,1,0,2,0,0,1,0,3,1,3,1,0,0,0,1,0,1,0,0,1,0,0,0,0,0,0,1,0,0,0,1,0,0,2,0,0
3201,Frontend Developer,7.02,76.7,85.6,45.6,82.2,81.7,72.2,70.4,3,2,3,1,1,1,0,0,0,0,3,3,3,3,2,2,1,0,1,0,0,1,0,0,0,0,0,0,0,0,1,0,0,0,0,0,0,1,1,0,0
3202,Frontend Developer,7.95,76.9,72.0,66.4,52.3,58.9,91.2,67.2,3,3,1,1,1,1,1,0,0,0,0,0,1,0,3,3,0,0,0,0,0,1,0,1,0,0,0,1,0,0,0,2,0,0,0,0,0,0,3,1,0
3203,Frontend Developer,7.77,78.3,81.4,67.7,61.3,56.2,73.6,64.7,3,2,0,0,1,1,1,0,0,0,3,0,2,3,3,0,0,1,0,0,0,0,0,0,2,0,0,0,0,0,0,0,0,0,0,1,0,0,2,0,0
3204,Frontend Developer,7.29,82.8,83.1,92.5,58.1,65.7,75.6,73.0,3,1,2,1,0,1,0,0,1,0,2,3,1,2,0,0,0,0,0,0,0,0,0,1,0,0,0,0,0,0,0,0,0,0,0,0,0,0,2,0,3
3205,Frontend Developer,7.06,86.6,59.2,73.0,59.7,64.7,71.4,67.2,3,3,1,1,0,1,0,0,0,0,2,3,3,1,3,0,0,1,1,1,0,0,0,0,0,2,0,0,0,1,2,0,0,1,1,0,0,0,2,0,1
3206,Frontend Developer,6.49,77.3,79.0,64.4,79.4,69.8,80.7,73.6,1,2,0,0,1,0,0,0,0,0,2,2,2,1,2,0,0,1,1,0,0,0,0,0,0,0,0,0,0,0,1,0,0,0,0,0,0,0,0,0,0
3207,Frontend Developer,6.66,79.5,76.8,71.9,71.6,61.4,67.8,68.2,4,1,0,0,1,0,0,0,0,0,1,2,1,2,3,2,0,2,1,0,0,0,0,0,0,0,0,0,1,0,1,0,2,0,1,0,0,0,2,0,1
3208,Frontend Developer,7.51,83.2,79.2,61.5,57.7,66.0,74.9,65.0,0,2,3,1,1,1,1,0,0,2,2,2,3,3,3,2,0,0,0,0,0,0,0,2,0,0,0,0,0,0,0,0,0,0,0,0,0,0,3,0,0
3209,Frontend Developer,6.4,79.1,83.9,82.7,54.0,50.6,70.5,64.4,1,2,1,0,1,1,0,0,0,0,2,1,2,3,1,2,0,0,0,0,0,0,0,0,0,0,0,0,0,0,0,0,0,0,0,0,0,0,3,0,0
3210,Frontend Developer,6.25,91.2,73.5,71.6,94.9,50.3,70.7,71.9,2,2,2,0,1,1,0,0,0,0,3,3,3,2,0,0,0,0,0,0,0,0,0,0,0,0,0,0,0,0,2,0,2,2,0,0,0,0,3,0,0
3211,Frontend Developer,7.78,79.4,78.5,52.0,71.2,60.3,70.1,63.4,2,3,2,1,0,1,0,0,0,0,1,2,2,3,2,0,0,1,0,1,1,0,2,0,0,0,0,0,3,0,1,0,0,0,0,0,0,0,2,0,0
3212,Frontend Developer,7.12,86.1,87.2,66.7,77.8,77.1,73.9,73.9,3,3,1,0,1,1,0,0,0,0,2,2,1,2,2,3,2,0,0,2,0,1,0,2,0,0,1,0,0,2,0,0,1,0,0,0,0,0,2,0,0
3213,Frontend Developer,7.7,72.9,72.7,76.5,79.5,48.5,79.4,71.0,2,2,1,1,1,0,0,0,0,0,3,3,3,3,3,3,0,0,0,0,0,2,2,0,0,0,0,0,0,0,0,0,0,0,0,0,0,0,2,0,0
3214,Frontend Developer,7.99,89.4,68.2,68.3,89.8,53.8,80.4,73.1,1,2,2,0,0,1,1,1,0,0,3,2,3,3,3,3,2,0,0,0,0,0,1,0,0,0,0,2,0,0,0,0,0,0,0,0,0,0,0,2,0
3215,Frontend Developer,7.56,85.2,77.8,64.8,76.4,50.4,73.5,66.3,2,2,2,1,1,1,0,0,0,0,3,1,3,1,3,0,0,2,0,0,1,0,0,1,0,0,0,0,0,0,1,0,0,0,0,1,0,0,0,0,0
3216,Frontend Developer,7.54,83.2,76.9,78.4,74.9,62.2,73.8,72.3,2,3,2,1,0,0,0,2,0,1,2,3,1,3,2,2,0,0,0,0,0,0,0,0,0,0,0,0,0,0,0,0,0,0,0,0,1,0,0,0,2
3217,Frontend Developer,7.35,70.5,84.8,60.9,71.0,78.3,72.4,70.7,1,2,1,1,1,0,0,0,0,0,2,3,3,0,1,2,0,0,0,0,0,0,0,0,2,0,0,0,0,0,0,1,0,1,0,1,0,0,0,0,0
3218,Frontend Developer,8.26,65.2,68.3,78.3,72.9,54.6,96.4,75.5,2,2,0,0,1,1,2,1,2,0,0,1,0,0,2,2,0,1,0,0,0,0,0,0,0,0,0,2,0,0,0,0,0,0,0,0,0,0,0,0,0
3219,Frontend Developer,6.58,77.3,90.4,88.5,77.4,85.5,69.7,80.3,2,3,1,0,1,1,0,0,0,0,3,0,3,2,2,0,0,0,0,0,0,0,0,0,0,0,0,0,2,1,0,0,1,0,2,0,0,1,2,0,0
3220,Frontend Developer,7.73,72.2,75.2,69.7,69.2,72.2,79.8,72.7,2,3,1,1,1,1,1,0,0,0,3,1,3,3,2,2,1,1,0,0,0,0,0,0,0,0,0,0,0,0,1,0,0,0,0,0,0,1,2,0,0
3221,Frontend Developer,9.95,77.7,77.7,60.3,94.2,68.4,94.5,79.3,3,2,2,0,1,1,0,0,0,2,2,2,3,2,2,1,0,0,0,0,0,2,0,1,0,0,2,1,1,0,0,1,0,0,0,0,0,0,2,0,1
3222,Frontend Developer,7.72,89.7,75.1,46.3,70.1,50.8,75.4,60.6,1,2,0,0,0,0,0,0,0,0,2,2,2,2,2,1,0,0,0,0,0,2,0,0,0,0,0,0,0,0,0,0,1,0,0,2,0,0,0,0,1
3223,Frontend Developer,6.34,81.5,80.7,83.7,63.3,70.5,66.0,70.9,4,2,1,1,1,1,0,0,0,0,3,1,1,2,2,0,0,0,0,0,0,0,0,0,1,1,0,0,0,0,1,0,0,0,0,1,0,0,0,0,0
3224,Frontend Developer,6.85,86.3,77.8,83.2,71.0,64.9,68.0,71.8,2,2,1,1,0,1,1,0,0,0,2,2,2,2,1,3,0,0,0,0,0,0,0,0,0,0,0,0,0,0,0,1,0,1,1,0,0,0,3,0,1
3225,Frontend Developer,8.75,86.4,85.8,64.0,89.9,81.4,70.7,76.5,2,2,1,1,1,1,0,0,2,1,1,3,3,2,3,3,0,0,0,0,0,2,1,0,0,0,0,0,0,0,0,0,0,0,0,0,0,0,1,0,0
3226,Frontend Developer,5.65,84.1,77.1,74.9,37.6,74.2,91.0,69.4,2,3,1,1,1,0,3,0,0,2,3,2,3,1,2,2,0,0,0,1,0,0,0,2,0,0,0,0,0,1,0,0,0,0,0,0,0,0,0,1,0
3227,Frontend Developer,7.88,83.6,90.3,63.0,77.8,64.3,55.0,65.0,2,3,1,1,1,1,0,0,1,0,2,1,2,1,2,2,0,0,1,0,0,1,0,0,0,0,0,0,0,0,0,0,0,0,0,0,0,0,2,0,1
3228,Frontend Developer,8.09,80.8,61.1,68.8,60.5,85.2,82.3,74.2,4,2,0,0,0,1,0,0,0,0,3,1,1,1,0,0,2,2,0,0,0,2,0,0,0,0,0,0,2,1,1,0,0,0,1,0,0,0,0,0,0
3229,Frontend Developer,6.94,86.2,90.5,56.9,62.3,70.5,70.2,65.0,1,2,3,1,1,1,0,0,0,0,1,1,3,2,3,2,0,0,2,1,0,0,0,0,0,0,2,0,0,0,0,0,0,0,1,0,0,0,2,0,0
3230,Frontend Developer,7.85,87.6,74.2,68.7,60.2,75.8,70.9,68.9,2,1,1,1,1,1,0,2,0,0,3,1,3,3,1,3,0,0,0,0,0,0,0,0,0,0,1,0,1,0,0,0,0,0,0,0,0,0,2,0,0
3231,Frontend Developer,7.11,97.6,70.3,81.7,78.2,72.8,71.0,75.9,2,3,0,0,1,1,0,0,2,0,3,3,2,3,2,1,0,0,1,1,2,0,0,0,2,0,1,0,0,0,0,0,0,0,1,0,0,1,0,0,0
3232,Frontend Developer,6.23,82.9,81.7,92.1,100.0,80.3,67.3,85.0,2,3,1,0,1,1,0,0,0,0,1,3,1,3,1,0,0,0,0,0,2,0,0,0,0,0,0,1,0,0,0,0,0,0,0,0,0,1,0,0,0
3233,Frontend Developer,7.27,76.4,75.8,77.6,65.8,62.4,82.9,72.2,0,1,1,1,1,1,2,0,0,0,0,2,3,1,1,1,0,1,1,0,0,0,0,0,0,0,0,0,1,0,0,2,0,0,0,0,0,0,2,0,0
3234,Frontend Developer,8.39,73.7,88.3,100.0,91.1,58.5,94.5,87.1,3,1,3,0,1,1,0,0,0,0,2,3,1,2,2,0,0,0,0,1,0,0,0,0,0,1,1,0,0,1,0,0,0,0,1,0,0,0,0,0,0
3235,Frontend Developer,6.12,76.8,63.7,74.1,82.9,60.1,63.9,70.2,2,2,0,0,1,1,0,0,0,0,2,1,0,1,3,3,0,0,0,0,0,0,1,0,2,0,1,0,0,0,0,0,0,0,0,0,0,0,1,0,0
3236,Frontend Developer,7.54,79.3,74.7,55.5,68.4,61.9,80.7,66.6,3,2,0,0,1,0,0,0,0,0,2,3,2,3,2,1,0,0,0,0,0,1,0,0,0,0,0,0,0,0,0,0,0,0,0,0,2,0,3,0,0
3237,Frontend Developer,7.24,58.9,89.1,54.6,61.1,86.5,81.8,71.0,2,3,2,1,1,1,0,2,0,2,1,2,3,3,0,3,0,0,0,1,0,0,0,0,0,0,0,0,0,0,0,0,0,0,0,0,0,0,3,0,0
3238,Frontend Developer,9.52,87.7,91.7,77.2,83.8,72.3,91.0,81.1,1,1,1,1,0,1,0,0,0,0,3,0,3,3,1,3,2,0,0,0,0,0,0,0,0,0,0,0,0,0,0,0,0,0,1,0,0,0,0,0,1
3239,Frontend Developer,7.34,95.1,80.1,91.5,55.9,64.1,73.6,71.3,3,3,2,1,1,0,0,1,0,0,3,3,2,3,2,0,0,0,0,1,0,0,0,0,0,0,0,0,0,0,0,0,0,0,0,0,0,0,3,0,0
3240,Frontend Developer,6.91,84.0,57.4,76.6,57.2,51.9,40.4,56.5,2,1,0,0,0,1,0,1,0,0,1,2,1,3,3,2,0,0,0,1,1,2,1,0,0,0,0,0,0,0,0,0,1,0,1,0,0,0,1,0,0
3241,Frontend Developer,6.5,74.9,68.5,75.4,84.1,83.5,49.8,73.2,1,1,1,1,1,1,0,0,0,0,1,3,2,2,2,2,1,0,0,0,0,0,0,0,2,0,0,0,0,0,0,0,0,1,0,0,0,0,2,0,0
3242,Frontend Developer,6.85,68.7,83.6,84.6,62.6,71.9,72.4,72.9,1,2,1,1,1,0,1,0,2,2,2,0,3,2,3,0,0,0,0,0,0,0,0,0,0,0,0,1,0,0,0,0,0,1,0,0,0,0,0,0,0
3243,Frontend Developer,7.5,77.2,67.4,57.9,94.5,91.1,91.7,83.8,3,1,0,0,0,1,0,0,1,1,2,3,3,3,3,3,1,0,0,1,0,0,0,0,0,0,0,0,1,0,0,0,0,0,0,0,0,0,2,1,0
3244,Frontend Developer,7.78,74.7,96.4,91.9,75.3,63.6,77.2,77.0,2,3,1,1,0,1,0,0,2,0,2,0,2,3,2,2,0,0,0,0,0,0,0,0,0,0,0,1,0,0,0,0,0,0,0,0,0,0,3,0,1
3245,Frontend Developer,8.05,97.8,73.2,79.2,73.0,77.3,81.9,77.8,3,2,2,0,1,1,0,0,0,0,2,3,2,3,2,3,0,0,0,2,2,2,0,0,1,0,1,0,0,0,0,0,0,0,0,2,0,0,3,0,0
3246,Frontend Developer,8.65,83.9,80.1,85.5,73.9,63.8,71.5,73.7,3,2,1,1,1,1,0,0,0,0,3,1,2,3,2,2,0,0,0,0,0,0,0,1,0,0,0,0,0,2,0,0,0,0,2,0,2,1,2,0,0
3247,Frontend Developer,6.26,76.4,95.2,79.8,63.3,57.5,66.4,66.8,4,3,0,0,1,1,0,0,0,0,3,3,3,3,2,3,0,0,0,0,0,0,0,1,0,0,0,1,0,0,0,0,0,0,1,1,0,0,2,0,0
3248,Frontend Developer,7.42,86.4,92.3,73.3,74.3,76.3,70.3,73.5,0,3,1,1,1,1,0,0,1,0,1,3,2,3,1,3,0,0,0,0,0,0,0,0,0,0,1,0,0,0,0,0,0,0,0,0,0,1,3,0,0
3249,Frontend Developer,8.25,65.0,77.1,82.8,60.2,74.9,65.9,71.0,2,2,2,0,1,0,0,0,2,0,1,3,3,3,2,1,0,0,0,1,0,0,0,0,0,2,0,2,0,0,0,0,1,0,0,0,1,0,0,0,0
3250,Frontend Developer,6.55,76.1,80.4,70.2,99.7,62.4,74.1,76.6,1,1,2,1,0,1,0,0,0,0,2,3,2,2,3,2,0,0,0,0,0,2,0,0,0,0,0,0,0,0,0,0,0,0,0,1,0,0,1,0,0
3251,Frontend Developer,6.7,96.1,82.3,59.8,63.6,62.6,77.2,65.8,3,2,2,0,1,1,0,0,1,0,3,2,1,2,3,3,0,1,1,2,0,1,0,0,0,0,0,0,0,0,0,0,0,0,0,0,0,0,3,0,0
3252,Frontend Developer,7.19,77.7,79.1,82.4,41.2,69.5,88.2,70.3,1,1,1,0,1,0,0,0,0,0,3,3,2,3,3,2,0,0,0,0,0,0,0,0,0,0,1,0,0,0,0,1,0,0,0,0,0,0,3,1,0
3253,Frontend Developer,7.65,71.6,81.3,60.1,79.8,52.7,59.3,63.0,2,1,2,0,0,1,0,0,0,0,2,2,0,3,2,1,0,0,1,0,0,0,0,0,0,0,0,0,0,0,1,0,0,0,0,0,0,0,2,0,0
3254,Frontend Developer,8.64,86.2,76.0,49.3,59.6,55.9,77.2,60.5,2,2,3,1,1,1,0,0,0,0,2,3,3,1,3,3,0,0,0,0,1,0,2,0,0,0,0,2,1,0,0,0,0,2,0,0,0,1,2,0,0
3255,Frontend Developer,6.93,72.6,79.6,85.2,75.3,75.0,75.2,77.7,2,3,1,1,1,1,1,1,0,1,3,3,3,1,2,2,0,0,0,0,0,0,2,0,2,0,0,0,0,0,0,0,0,0,0,0,0,0,2,1,0
3256,Frontend Developer,8.04,70.3,88.9,72.3,80.1,90.2,57.2,74.9,3,2,3,1,1,1,0,0,0,0,2,2,2,3,3,3,0,1,0,0,1,0,0,0,0,0,0,0,0,0,0,0,0,1,0,2,0,1,2,0,0
3257,Frontend Developer,7.88,65.0,98.8,56.8,82.5,43.9,69.7,63.2,2,1,1,0,0,1,0,0,0,2,2,2,2,3,2,2,0,0,1,0,0,0,0,0,0,0,0,2,0,0,0,2,0,0,0,0,0,0,2,0,0
3258,Frontend Developer,7.25,73.8,77.2,87.6,50.9,63.9,81.6,71.0,4,3,2,0,1,0,0,2,0,0,2,1,3,2,3,1,0,0,0,0,0,0,0,0,0,0,0,2,0,0,0,0,0,0,0,0,0,0,1,0,0
3259,Frontend Developer,9.11,91.6,84.8,78.2,69.6,73.0,70.2,72.8,1,2,0,0,1,1,0,0,1,0,2,0,3,2,3,0,0,1,0,0,2,0,0,0,0,0,0,0,1,2,0,0,0,0,0,0,0,0,3,0,0
3260,Frontend Developer,6.01,70.0,84.8,54.4,63.0,72.9,54.6,61.2,1,3,2,1,0,1,0,0,0,0,2,3,3,3,2,0,1,0,0,1,0,0,0,0,1,0,0,0,2,0,0,0,0,1,0,0,0,0,2,0,0
3261,Frontend Developer,6.37,67.6,74.3,100.0,58.7,49.9,73.8,71.6,2,3,2,1,1,1,0,0,0,0,3,0,2,3,3,2,0,2,0,0,0,0,0,0,0,0,1,0,0,0,0,1,0,0,0,0,0,0,1,0,0
3262,Frontend Developer,8.58,86.3,74.8,84.3,67.1,55.3,84.0,72.7,4,3,2,0,0,1,0,2,0,0,3,0,2,3,1,3,2,1,2,0,0,1,0,1,0,0,0,0,0,0,0,0,1,0,0,1,0,0,2,0,0
3263,Frontend Developer,8.51,84.8,87.6,79.5,67.7,52.4,70.8,67.6,2,1,1,1,0,0,1,0,0,1,2,0,3,2,1,1,0,1,0,0,0,0,0,2,0,0,0,0,0,2,2,0,0,0,0,0,0,1,3,0,0
3264,Frontend Developer,7.13,69.2,78.1,76.3,53.5,59.6,68.5,64.5,1,2,1,1,1,1,1,1,0,2,3,3,2,1,3,2,0,0,0,1,0,0,1,0,0,1,0,0,0,3,0,1,0,0,0,0,1,0,0,0,0
3265,Frontend Developer,7.48,82.9,77.2,63.8,65.6,67.0,69.6,66.5,1,3,1,0,0,1,0,0,0,0,2,2,3,3,3,2,0,1,0,1,1,0,0,0,2,1,0,0,0,0,1,0,1,0,0,0,0,0,2,0,0
3266,Frontend Developer,7.48,86.2,50.0,82.9,66.7,59.3,95.9,76.2,1,1,2,1,0,1,1,0,0,0,3,3,3,3,2,3,0,0,0,0,0,1,0,0,0,0,0,2,0,0,0,0,2,1,0,0,0,0,0,0,0
3267,Frontend Developer,6.47,70.0,78.3,76.9,75.7,70.5,75.4,74.6,3,2,1,1,0,1,0,0,0,0,1,3,2,2,2,3,0,0,2,0,0,0,0,0,1,0,0,0,0,2,1,0,1,0,0,0,2,0,0,0,0
3268,Frontend Developer,8.7,76.1,72.2,77.3,89.9,57.5,81.4,76.5,3,3,1,0,0,1,0,0,0,0,3,2,0,3,3,2,0,0,0,0,0,0,1,0,0,0,0,0,0,0,0,0,0,0,0,0,0,0,1,2,0
3269,Frontend Developer,7.44,77.7,72.2,67.2,71.3,48.3,66.1,63.2,1,3,1,0,1,1,0,0,0,0,3,2,2,3,2,1,0,0,0,0,1,0,0,0,0,0,0,0,0,0,0,2,0,0,0,0,0,0,3,0,2
3270,Frontend Developer,7.02,72.4,95.1,68.2,69.5,56.9,78.3,68.2,2,1,1,0,1,1,0,0,0,0,2,2,1,2,1,2,0,0,0,0,1,0,0,0,0,0,0,3,0,0,2,0,0,0,0,0,0,0,2,0,0
3271,Frontend Developer,8.17,86.7,86.0,84.5,84.6,83.9,89.8,85.7,2,1,1,1,1,1,0,0,0,2,3,2,3,0,2,2,0,0,0,0,0,0,0,1,0,1,0,0,0,1,0,0,0,0,0,0,0,0,1,1,0
3272,Frontend Developer,7.77,73.6,84.4,85.2,68.6,82.9,86.8,80.9,2,3,2,0,1,1,0,0,0,0,2,3,2,3,2,1,0,1,0,0,0,0,0,0,0,0,0,0,0,0,0,0,0,0,0,0,0,1,2,0,0
3273,Frontend Developer,6.94,81.9,80.2,75.8,76.8,73.8,90.2,79.1,2,2,1,1,0,1,0,0,0,0,3,0,3,2,3,0,0,0,0,2,0,0,2,0,1,0,0,0,0,1,0,0,1,0,0,0,0,0,0,0,0
3274,Frontend Developer,7.13,84.7,68.7,67.0,62.7,59.3,72.1,65.3,1,1,0,0,1,0,0,1,0,0,2,0,2,2,1,2,0,0,0,0,0,0,0,1,0,0,0,3,1,0,0,0,0,0,0,0,0,0,2,0,0
3275,Frontend Developer,8.85,96.8,75.4,82.6,85.7,65.4,70.1,76.0,2,2,2,0,0,1,0,0,2,0,2,3,1,3,2,0,0,0,0,0,1,0,2,0,0,1,0,2,0,0,0,0,0,0,0,0,0,0,2,0,0
3276,Frontend Developer,8.15,80.8,70.4,85.6,66.8,81.4,80.6,78.6,1,2,2,1,0,1,2,0,0,0,3,3,3,3,2,3,0,0,0,1,0,0,0,0,0,0,0,1,1,0,0,0,0,0,0,0,0,0,1,1,0
3277,Frontend Developer,8.06,91.5,60.2,68.8,64.6,68.9,77.3,69.9,1,1,2,1,1,1,0,0,0,0,0,2,2,2,3,0,2,0,0,0,1,0,0,1,1,0,0,1,0,0,0,0,0,0,1,0,2,1,3,1,1
3278,Frontend Developer,7.11,84.0,82.2,83.1,73.9,74.9,74.4,76.6,1,2,1,1,0,1,0,0,0,0,2,1,3,2,2,2,1,0,0,0,0,0,1,1,0,0,0,0,1,0,0,0,1,0,0,0,0,0,0,0,0
3279,Frontend Developer,6.32,82.1,77.0,43.2,65.9,62.7,77.9,62.4,1,3,1,1,1,0,0,0,0,0,1,3,3,2,1,2,0,0,0,0,1,0,0,0,0,0,0,0,0,0,0,1,0,0,0,0,0,0,3,0,0
3280,Frontend Developer,8.01,88.5,77.3,76.7,88.9,48.8,83.6,74.5,4,2,2,1,1,1,0,0,0,0,2,3,2,2,3,2,0,0,0,2,0,0,0,0,0,0,0,0,0,0,0,0,0,1,2,0,0,0,0,0,0
3281,Frontend Developer,7.47,79.2,82.4,90.1,96.6,67.0,69.7,80.8,1,3,2,1,1,1,0,0,0,0,3,3,3,3,0,3,0,0,0,0,0,0,0,0,0,0,0,2,0,0,0,0,0,0,1,1,0,0,0,0,0
3282,Frontend Developer,7.39,83.8,83.9,80.6,86.0,65.4,60.8,73.2,2,1,1,1,0,1,0,0,0,2,0,3,3,3,2,2,1,0,0,0,0,0,0,2,0,0,0,1,0,0,0,0,0,0,0,0,0,0,3,0,0
3283,Frontend Developer,9.6,92.3,69.1,74.7,87.1,62.6,62.1,71.6,3,3,0,0,1,1,0,0,0,0,1,3,2,2,2,3,0,0,0,0,0,0,0,0,0,1,0,0,0,0,1,0,0,0,0,0,0,0,0,0,0
3284,Frontend Developer,6.74,89.2,66.1,81.0,65.1,69.2,69.0,71.1,2,1,1,1,1,0,0,0,0,1,0,0,3,2,3,2,0,0,0,0,0,0,0,0,0,0,0,0,0,0,0,2,0,0,0,0,0,0,0,1,0
3285,Frontend Developer,7.09,72.7,65.1,62.1,65.9,90.6,63.6,70.5,1,3,1,1,1,1,0,0,0,0,2,0,2,3,2,2,0,0,0,0,0,1,0,2,0,0,2,0,0,2,0,0,0,0,0,0,0,1,3,0,0
3286,Frontend Developer,6.84,75.1,76.5,73.1,73.0,54.7,90.2,72.8,1,2,1,0,1,1,0,0,0,1,3,0,3,3,3,2,0,0,0,0,0,0,0,0,0,0,1,0,1,0,0,0,1,0,0,0,0,0,2,0,0
3287,Frontend Developer,6.05,77.6,73.0,66.4,61.9,73.5,52.3,63.5,2,3,1,0,1,1,0,0,0,1,2,0,3,1,3,0,0,0,0,0,0,0,0,0,0,0,0,0,0,0,0,0,0,0,0,0,0,0,3,0,0
3288,Frontend Developer,7.26,76.8,97.5,78.0,90.9,53.6,81.3,76.0,4,2,0,0,0,1,0,0,1,0,3,3,1,3,0,2,0,0,0,0,0,0,0,0,0,0,0,0,0,0,0,0,0,0,0,0,0,2,1,0,0
3289,Frontend Developer,7.25,73.2,75.0,77.2,75.8,51.8,77.0,70.5,3,3,2,1,1,1,0,0,0,0,3,0,1,3,0,2,1,1,0,1,0,0,0,0,0,0,0,0,0,0,0,0,1,0,0,0,0,0,3,0,0
3290,Frontend Developer,6.91,92.0,85.4,85.8,79.0,69.2,80.7,78.7,3,3,1,1,0,1,0,1,0,0,1,2,3,2,1,3,0,0,0,0,0,0,0,0,0,0,0,0,0,1,0,0,1,0,0,0,0,0,2,0,0
3291,Frontend Developer,7.49,76.1,64.1,88.7,63.7,76.6,60.5,72.4,3,3,3,0,1,0,0,0,2,1,3,2,2,3,2,2,0,0,0,2,0,0,0,0,0,0,0,0,0,0,0,0,0,0,1,0,1,0,0,2,0
3292,Frontend Developer,6.54,78.6,100.0,63.0,75.8,68.5,63.4,67.7,3,3,1,1,0,1,0,0,1,0,2,3,2,2,2,1,0,0,0,1,0,0,0,0,0,0,0,0,0,0,0,0,1,0,0,0,0,0,1,1,0
3293,Frontend Developer,7.32,84.1,82.9,85.8,63.9,86.1,82.5,79.6,3,3,3,1,0,1,0,1,0,0,1,3,2,2,3,3,1,0,0,0,0,0,0,0,0,0,0,0,2,0,1,0,0,0,0,0,0,0,2,0,0
3294,Frontend Developer,7.26,88.4,89.4,56.4,77.2,56.1,65.6,63.8,1,1,1,1,1,1,0,0,0,0,3,1,2,3,2,2,1,0,1,0,0,1,0,0,0,0,0,0,0,0,0,2,0,0,0,0,0,0,2,2,0
3295,Frontend Developer,8.47,82.9,88.9,53.2,80.4,65.8,93.7,73.3,2,1,3,1,1,1,0,1,0,0,1,3,2,3,2,3,1,0,1,0,0,0,0,1,0,0,0,1,0,0,0,0,1,0,0,0,1,0,0,0,0
3296,Frontend Developer,7.64,88.8,86.7,62.4,99.5,49.7,100.0,78.6,2,3,2,1,1,1,0,0,0,0,1,1,3,3,2,3,0,0,0,0,0,0,0,0,0,0,0,0,0,0,0,0,2,0,0,0,0,0,3,0,1
3297,Frontend Developer,8.34,95.6,73.7,69.3,70.6,55.0,79.6,68.6,1,2,1,1,0,0,0,0,0,0,1,3,3,1,3,1,0,0,0,0,0,0,1,2,0,0,0,0,0,0,0,0,0,0,0,0,0,0,3,1,0
3298,Frontend Developer,8.04,70.9,79.3,92.9,72.5,63.4,80.5,77.3,0,2,2,0,1,0,0,0,0,0,3,3,1,3,1,3,0,0,0,0,0,0,0,0,0,0,1,0,0,0,1,0,0,0,0,0,0,0,0,0,0
3299,Frontend Developer,7.6,76.2,80.7,77.1,90.4,87.4,83.1,84.5,1,3,0,0,1,1,0,1,0,2,2,2,3,1,2,2,0,0,0,0,0,0,0,0,0,0,0,0,0,0,0,0,0,2,0,0,1,0,0,0,0
3300,Frontend Developer,5.79,72.5,68.9,67.6,64.2,65.4,53.5,62.7,4,2,1,1,1,1,1,0,0,0,2,2,2,3,0,2,0,0,0,0,0,1,0,0,0,0,1,0,0,0,0,1,2,1,0,0,0,0,0,0,0
3301,Frontend Developer,7.5,76.7,75.5,75.7,49.3,45.7,75.9,61.6,1,3,2,1,0,1,0,0,1,0,3,1,2,3,2,3,2,0,0,0,1,0,0,1,0,0,0,0,0,0,1,0,0,1,0,0,0,2,1,0,0
3302,Frontend Developer,8.43,80.9,78.9,54.6,88.2,72.5,55.9,67.8,2,3,3,1,1,1,0,0,0,0,3,3,0,2,2,3,2,0,0,0,0,0,0,0,0,0,0,0,0,0,0,0,1,0,0,0,0,0,0,0,1
3303,Frontend Developer,5.99,78.0,78.0,77.9,79.8,63.3,86.1,76.8,2,2,1,1,1,1,0,0,0,0,1,2,3,1,1,1,0,0,0,0,2,2,0,0,1,0,0,0,0,2,0,0,0,0,0,0,0,0,3,0,0
3304,Frontend Developer,7.92,78.9,79.8,87.3,58.9,82.3,80.5,77.2,2,1,0,0,1,1,0,0,1,0,3,2,3,1,2,2,0,0,1,2,0,0,0,0,0,0,0,0,1,0,0,2,0,3,0,0,0,1,3,0,0
3305,Frontend Developer,7.0,88.3,68.4,81.0,81.7,63.9,64.9,72.9,1,3,2,1,1,1,0,0,2,0,2,3,0,2,2,0,0,0,0,0,0,0,0,0,0,0,0,0,0,0,0,0,0,0,0,0,0,1,3,0,0
3306,Frontend Developer,7.62,85.0,84.5,56.8,69.8,82.1,66.7,68.8,2,3,1,1,0,0,0,0,0,1,1,3,2,0,2,2,0,0,0,1,0,0,0,0,0,0,0,0,0,0,0,0,2,1,0,2,0,0,2,0,0
3307,Frontend Developer,8.44,83.3,75.5,64.4,70.5,60.2,70.2,66.3,1,2,3,1,0,1,0,2,0,0,3,3,2,3,0,0,0,2,0,0,0,0,0,0,0,0,0,0,1,0,0,0,0,0,0,0,0,0,2,0,0
3308,Frontend Developer,8.04,90.7,70.3,66.4,80.3,71.2,86.7,76.1,4,3,1,1,1,1,0,0,0,0,2,1,3,3,2,2,0,0,0,0,0,0,0,0,0,2,0,0,1,1,0,0,0,0,0,0,0,0,0,0,1
3309,Frontend Developer,6.44,83.5,99.6,84.2,57.6,79.6,81.5,75.7,2,2,0,0,0,1,0,1,0,0,3,3,2,3,2,0,0,0,0,0,0,0,0,0,0,0,0,0,0,0,0,0,0,0,0,0,0,0,3,0,0
3310,Frontend Developer,9.45,75.1,78.4,90.1,85.1,71.9,73.5,80.2,4,2,1,0,1,0,0,0,0,0,2,3,3,2,3,2,0,0,0,1,0,0,0,0,0,0,0,0,0,0,0,0,1,0,0,1,0,0,2,0,1
3311,Frontend Developer,8.14,77.6,74.2,78.6,67.5,55.6,73.9,68.9,2,1,1,1,0,1,0,0,0,2,1,3,2,1,3,3,0,0,2,0,0,0,0,0,1,0,0,1,0,0,0,0,2,0,0,0,0,0,1,0,1
3312,Frontend Developer,8.31,76.4,79.3,67.5,73.0,81.1,73.9,73.9,2,2,1,1,1,0,0,0,0,0,2,3,2,2,3,2,0,0,0,0,0,0,0,0,0,0,0,0,0,0,0,0,0,0,0,1,0,0,3,1,2
3313,Frontend Developer,7.21,67.2,80.9,72.4,89.2,65.2,55.7,70.6,3,2,3,1,1,1,0,0,1,0,2,0,3,2,3,3,0,0,1,0,1,0,0,1,0,0,0,0,0,0,0,0,0,0,0,0,0,0,3,0,0
3314,Frontend Developer,6.82,85.7,75.2,76.3,45.4,38.3,85.6,61.4,2,3,2,1,1,1,0,0,1,0,2,0,2,3,0,1,0,0,0,0,0,2,0,0,0,0,0,1,0,0,0,0,0,1,0,2,0,0,3,0,0
3315,Frontend Developer,6.24,70.5,84.3,87.0,53.9,79.0,73.3,73.3,2,1,0,0,1,0,0,0,0,0,3,2,3,2,3,3,0,0,0,0,0,0,0,0,1,0,0,0,0,0,0,0,0,1,0,0,0,0,2,0,0
3316,Frontend Developer,6.72,69.0,84.7,78.0,59.7,62.8,77.6,69.5,2,2,3,0,0,1,0,0,0,0,3,2,1,2,1,0,0,0,0,0,0,0,0,0,0,0,0,0,0,0,0,0,0,0,0,0,0,2,3,0,0
3317,Frontend Developer,6.97,64.7,92.2,81.0,64.7,67.2,92.7,76.4,2,2,2,1,0,0,0,0,0,0,2,2,0,3,3,0,0,0,0,0,0,0,0,0,0,0,0,0,1,2,0,0,1,0,1,2,0,0,0,0,0
3318,Frontend Developer,7.04,79.2,77.1,65.8,90.0,75.4,86.4,79.4,1,2,1,1,1,1,0,0,0,0,3,1,2,1,2,2,0,0,0,0,0,2,0,1,0,1,0,0,0,0,0,1,0,2,2,1,2,0,0,0,0
3319,Frontend Developer,8.53,81.1,62.5,75.6,91.0,71.6,76.6,78.7,2,3,2,0,1,1,2,0,0,0,3,2,1,2,3,1,0,0,0,0,0,0,1,0,0,0,0,0,0,0,2,2,0,0,0,0,0,1,1,0,0
3320,Frontend Developer,6.91,78.8,78.9,55.6,67.6,67.4,77.8,67.1,1,2,0,0,1,1,0,0,0,0,3,1,2,2,1,3,0,0,0,0,0,0,0,0,0,0,0,0,0,0,2,0,0,0,1,0,0,1,3,0,2
3321,Frontend Developer,8.38,78.9,71.1,82.5,95.1,69.7,85.4,83.2,2,1,0,0,1,1,0,0,0,0,2,2,2,2,3,2,0,0,0,0,0,0,1,0,0,0,0,0,0,0,0,0,0,0,0,0,0,0,0,0,0
3322,Frontend Developer,9.03,85.4,71.9,63.9,75.3,88.3,77.1,76.2,1,2,2,1,1,1,0,0,0,0,2,0,3,2,3,0,0,1,0,0,0,0,0,0,0,0,0,1,0,0,0,0,0,0,1,0,2,0,2,2,0
3323,Frontend Developer,7.73,79.2,97.2,60.9,57.7,44.9,67.6,57.8,2,2,2,0,1,1,0,3,0,1,2,0,2,2,3,0,0,0,0,1,0,0,0,1,0,0,0,0,0,3,1,2,0,0,0,0,0,0,1,0,0
3324,Frontend Developer,6.78,91.1,78.0,73.4,71.3,71.9,89.0,76.4,1,3,2,1,1,1,1,0,0,0,2,1,2,1,2,3,0,0,0,0,0,0,0,0,0,0,0,0,2,0,0,0,0,0,0,0,0,0,2,0,0
3325,Frontend Developer,6.88,80.9,92.6,89.1,65.1,67.7,60.3,70.5,3,3,2,1,0,0,0,1,0,0,3,3,1,3,2,1,1,1,0,0,0,0,0,0,0,0,2,1,0,0,0,0,0,0,0,0,0,0,0,0,0
3326,Frontend Developer,8.7,86.4,75.8,67.1,82.5,70.9,58.0,69.6,2,2,1,1,0,1,0,0,0,0,3,3,2,3,0,0,0,0,1,0,0,0,0,0,0,0,0,1,2,0,0,0,0,0,0,0,0,0,3,0,0
3327,Frontend Developer,7.46,77.1,83.9,59.0,61.9,63.8,78.0,65.7,2,3,1,1,1,1,0,0,0,0,3,0,2,3,2,2,0,0,0,0,1,0,0,0,0,0,0,0,0,0,0,0,0,0,0,0,0,0,3,0,0
3328,Frontend Developer,8.29,81.5,75.8,61.9,97.1,57.7,83.9,75.2,1,2,0,0,1,1,0,0,0,0,3,0,0,2,2,1,0,0,0,0,0,0,0,0,0,1,0,0,0,0,0,0,0,0,0,1,0,2,3,2,0
3329,Frontend Developer,8.6,75.1,65.8,73.5,73.6,75.0,76.2,74.6,1,2,1,1,1,1,0,0,0,0,2,0,3,1,3,3,0,0,0,0,0,0,0,0,0,0,0,0,1,0,0,0,0,0,0,0,1,1,0,0,0
3330,Frontend Developer,7.12,85.3,78.3,72.1,57.0,70.0,78.8,69.5,4,3,2,1,0,0,0,0,0,0,3,0,1,2,2,3,0,0,0,0,0,0,0,1,0,0,0,0,0,0,0,0,0,0,0,0,0,0,1,0,0
3331,Frontend Developer,7.08,85.2,76.7,73.1,61.7,72.9,77.8,71.4,3,1,2,1,1,1,0,1,0,0,1,0,3,1,3,2,1,2,0,0,0,0,0,0,0,0,0,0,0,0,0,0,1,0,0,0,0,0,1,2,0
3332,Frontend Developer,7.36,83.2,60.0,76.3,65.1,58.4,89.6,72.3,2,2,2,1,1,1,0,0,0,0,3,3,3,3,3,3,0,0,0,0,0,0,2,1,0,0,0,0,0,0,0,0,0,0,0,0,0,0,2,0,0
3333,Frontend Developer,6.58,89.2,91.9,67.2,99.5,37.2,86.7,72.6,3,2,0,0,1,1,0,0,0,0,2,1,2,3,3,3,0,0,0,0,0,0,0,0,1,0,0,0,0,0,0,0,0,0,1,0,0,0,0,0,1
3334,Frontend Developer,7.36,73.6,79.5,88.1,52.4,71.0,75.3,71.7,2,1,1,1,1,0,0,0,1,0,0,0,0,3,2,1,0,0,0,0,0,0,0,0,0,0,0,0,0,0,0,0,0,3,0,1,0,0,3,0,0
3335,Frontend Developer,7.94,78.9,71.9,48.5,65.2,44.0,71.4,57.3,1,2,1,1,0,1,1,0,0,0,0,2,3,0,2,3,0,0,0,0,0,0,0,1,0,0,0,0,0,0,2,0,0,1,0,0,0,0,2,0,0
3336,Frontend Developer,8.2,79.7,75.2,52.0,95.7,81.1,89.8,79.6,4,1,3,0,1,0,1,0,0,0,3,0,2,2,1,0,0,0,0,0,0,0,0,0,0,0,0,2,0,0,1,1,0,0,0,0,0,0,3,1,0
3337,Frontend Developer,7.37,73.0,79.1,59.9,80.6,68.1,100.0,78.2,2,2,0,0,1,1,0,0,0,0,2,2,1,3,2,2,1,0,0,0,0,0,1,0,1,1,0,0,0,0,0,0,0,0,0,0,0,0,2,0,1
3338,Frontend Developer,9.11,78.1,87.5,65.8,88.8,70.9,86.9,78.1,3,2,3,1,0,1,0,1,1,1,2,3,1,1,1,3,0,1,0,0,0,0,0,2,1,0,0,0,0,0,0,2,0,0,2,0,0,2,3,0,0
3339,Frontend Developer,5.81,93.9,75.2,80.8,91.9,55.2,80.1,77.0,2,1,1,1,1,1,0,0,2,0,1,1,2,2,2,3,0,0,1,0,0,0,0,0,0,1,0,0,0,0,0,0,0,0,0,0,0,0,1,1,0
3340,Frontend Developer,7.37,87.9,77.0,93.3,64.6,65.9,37.1,65.2,4,2,0,0,1,1,0,0,0,0,3,0,1,2,3,1,0,0,0,0,0,0,0,2,1,0,0,1,1,0,0,0,0,0,1,0,2,0,0,0,0
3341,Frontend Developer,7.8,95.5,84.5,74.2,64.7,64.5,73.5,69.2,2,1,2,1,0,1,0,0,0,0,3,2,0,2,3,3,0,0,0,0,1,0,0,0,0,0,0,0,0,0,0,0,1,0,1,0,0,0,2,0,0
3342,Frontend Developer,8.6,71.8,82.6,71.7,81.3,64.7,79.1,74.2,3,2,1,0,1,1,0,0,1,1,3,2,2,3,3,1,0,0,0,2,0,1,0,1,0,0,0,0,3,0,0,0,0,1,0,0,3,1,2,0,0
3343,Frontend Developer,7.03,75.1,79.7,85.6,98.8,79.0,80.0,85.8,4,2,1,0,1,0,0,0,2,0,2,3,3,2,3,2,1,0,0,0,0,0,0,0,0,0,0,2,1,0,0,0,0,0,0,0,0,0,0,0,1
3344,Frontend Developer,7.49,82.5,70.4,81.4,100.0,44.9,65.4,74.8,4,2,1,1,1,1,0,0,2,0,1,1,3,3,2,2,0,0,1,0,0,0,0,0,0,0,0,0,0,0,0,0,0,0,0,0,0,0,0,0,1
3345,Frontend Developer,7.59,87.8,77.9,61.7,75.1,78.1,69.2,71.0,4,1,1,1,0,1,0,0,0,2,3,2,3,2,1,2,0,1,0,0,1,0,0,0,0,0,0,0,0,0,0,0,0,2,2,0,0,0,3,0,0
3346,Frontend Developer,8.12,87.9,72.8,88.5,85.3,74.9,58.0,76.7,2,2,2,1,1,0,1,0,0,2,3,2,2,3,0,0,0,0,0,0,0,0,0,0,0,0,0,0,1,0,0,2,0,0,0,0,0,0,2,0,0
3347,Frontend Developer,9.01,80.0,73.5,81.5,76.1,71.7,73.8,75.8,4,3,0,0,1,0,0,0,0,0,3,2,2,2,3,2,0,1,0,0,0,2,0,0,0,0,0,0,0,0,0,0,3,0,2,1,0,0,2,1,0
3348,Frontend Developer,6.82,86.1,71.2,69.2,57.2,81.0,87.6,73.8,2,2,3,1,1,1,0,0,0,1,1,2,2,3,2,0,0,0,0,0,0,0,1,0,0,0,0,0,2,1,1,0,0,0,0,0,0,0,3,0,0
3349,Frontend Developer,8.42,76.5,91.6,68.8,70.1,58.4,85.3,70.6,2,2,1,1,1,1,2,0,0,0,2,2,1,3,2,0,0,1,0,1,0,0,0,0,0,0,0,0,2,0,0,0,2,0,1,0,1,0,3,0,0
3350,Frontend Developer,7.05,93.0,73.5,83.6,78.6,62.9,65.2,72.6,2,2,1,0,1,1,0,0,0,1,3,0,2,2,2,2,1,0,0,0,1,2,0,0,0,0,0,0,0,0,0,0,0,0,0,0,0,0,2,0,0
3351,Frontend Developer,7.17,82.8,70.4,96.9,73.0,62.0,71.7,75.9,2,1,0,0,1,1,0,0,0,0,3,2,3,3,3,0,0,0,0,0,0,0,0,2,0,1,0,0,0,1,0,1,0,0,0,0,1,0,2,0,0
3352,Frontend Developer,7.34,82.5,93.8,74.8,69.8,64.2,96.5,76.3,2,3,2,1,1,1,0,0,0,1,3,2,3,3,2,2,0,0,0,0,2,0,0,0,0,0,0,0,0,0,0,0,0,0,0,0,0,0,2,0,0
3353,Frontend Developer,7.21,67.2,80.1,60.4,84.2,92.9,61.9,74.8,2,2,2,0,1,1,0,0,0,0,3,0,2,3,2,3,0,0,2,0,0,0,1,2,0,0,0,0,0,0,0,0,0,0,0,0,1,2,2,0,2
3354,Frontend Developer,7.36,81.5,81.3,61.7,61.1,45.9,70.8,59.9,2,1,1,0,1,1,0,0,2,0,2,2,1,1,0,2,0,0,0,0,0,0,1,0,1,1,0,1,0,1,0,0,0,0,0,0,1,0,2,0,0
3355,Frontend Developer,5.87,81.4,86.0,50.6,81.7,75.4,75.3,70.8,2,3,2,1,1,1,0,0,0,0,3,2,0,2,2,2,0,2,0,0,0,0,2,0,0,0,0,0,0,0,0,0,1,0,0,0,0,0,2,0,0
3356,Frontend Developer,7.2,77.6,84.7,69.7,69.7,91.2,89.1,79.9,3,2,0,0,1,1,1,0,0,0,3,3,2,3,2,1,1,0,0,2,0,0,0,0,0,0,1,0,1,0,2,0,0,0,0,0,0,0,2,0,0
3357,Frontend Developer,6.64,79.2,64.3,96.7,66.0,64.4,76.2,75.8,0,1,2,1,1,1,0,0,0,0,2,3,2,2,2,1,1,0,0,0,0,0,0,0,0,1,0,1,0,0,0,0,0,0,0,0,0,0,0,0,0
3358,Frontend Developer,6.56,84.4,80.9,89.2,71.7,69.5,81.1,77.9,2,2,2,1,0,0,2,0,2,0,2,3,3,3,3,1,0,0,0,2,1,0,0,0,0,0,0,1,0,0,0,0,0,0,0,0,2,0,3,3,0
3359,Frontend Developer,6.89,80.1,83.0,70.0,68.3,89.0,68.8,74.0,2,2,1,1,1,1,1,2,0,0,2,2,2,2,3,3,1,0,0,0,0,1,1,0,0,0,1,0,0,0,0,0,0,0,0,0,0,0,2,0,0
3360,Frontend Developer,8.1,78.1,63.0,58.5,55.2,65.9,79.4,64.8,2,2,1,0,0,1,0,0,0,0,2,3,3,0,3,3,0,0,0,3,0,0,0,0,0,0,0,0,1,0,0,1,0,2,0,0,0,0,2,0,0
3361,Frontend Developer,6.3,80.6,86.4,73.3,70.7,59.8,72.4,69.1,3,2,0,0,1,1,0,0,0,0,3,0,3,2,3,0,0,0,0,0,1,0,3,1,0,0,0,1,0,0,0,0,0,0,2,0,0,2,0,0,0
3362,Frontend Developer,8.26,91.0,83.5,63.5,95.3,73.2,78.6,77.7,2,2,1,1,1,1,0,0,0,1,3,3,3,3,2,1,0,0,0,0,0,0,0,0,1,2,0,0,0,0,0,0,0,0,0,0,0,0,2,1,0
3363,Frontend Developer,7.64,78.7,86.9,51.8,65.7,73.0,79.9,67.6,2,2,1,1,1,0,0,0,0,0,3,2,1,2,3,0,0,1,0,0,0,2,0,0,0,0,0,0,0,2,0,0,0,0,0,1,0,0,3,0,0
3364,Frontend Developer,7.07,72.3,81.6,74.4,67.4,83.5,48.6,68.5,2,2,0,0,0,1,0,0,1,2,3,3,2,0,2,1,0,1,2,0,0,0,0,0,1,0,0,0,0,0,0,0,0,0,0,0,0,0,2,1,1
3365,Frontend Developer,7.3,78.4,90.9,78.8,92.3,76.6,85.7,83.3,2,1,2,1,1,1,0,0,0,0,3,3,0,0,3,0,0,0,2,0,0,0,0,0,0,0,2,2,1,0,0,2,0,0,2,0,0,0,3,0,0
3366,Frontend Developer,7.8,75.8,83.6,68.9,71.3,94.4,64.6,74.8,2,3,1,1,1,1,0,0,0,0,3,2,3,2,0,1,0,0,1,0,0,0,0,0,2,0,0,0,0,0,0,0,0,2,1,0,0,0,2,0,0
3367,Frontend Developer,7.09,99.7,65.4,60.6,87.2,71.8,72.6,73.1,1,1,2,1,1,1,1,1,0,0,1,3,2,3,2,2,0,0,0,2,0,0,0,1,0,0,0,0,0,0,0,0,0,0,0,0,0,0,3,0,0
3368,Frontend Developer,8.52,74.6,75.3,51.6,60.4,75.0,49.8,59.2,1,2,2,1,1,1,0,0,0,0,3,3,3,0,3,0,0,0,0,0,0,0,0,0,0,1,1,0,1,0,1,0,0,0,0,0,0,0,0,0,0
3369,Frontend Developer,6.08,73.0,76.8,71.6,81.1,76.0,76.6,76.3,3,3,0,0,1,1,0,0,0,3,2,3,2,3,2,3,0,0,1,0,0,2,2,1,0,0,2,0,0,0,0,0,0,0,0,0,0,2,2,1,0
3370,Frontend Developer,7.16,94.1,78.3,60.9,83.8,77.0,72.6,73.6,2,3,2,0,1,1,0,2,0,0,0,2,2,1,3,1,0,0,0,0,0,0,0,2,0,0,0,0,0,0,0,0,0,0,0,0,0,0,3,0,0
3371,Frontend Developer,7.64,88.0,95.6,54.7,72.9,64.4,93.7,71.4,4,2,2,1,1,1,0,0,0,0,2,2,3,3,2,3,0,0,0,0,0,0,0,2,0,0,0,0,0,0,0,0,0,0,0,0,0,0,1,0,0
3372,Frontend Developer,6.88,87.0,64.6,73.5,89.5,81.1,88.9,83.2,2,1,2,1,1,0,0,0,3,0,3,3,2,2,2,1,0,0,0,1,0,0,0,2,0,0,0,0,0,0,2,0,0,0,0,0,0,2,2,0,0
3373,Frontend Developer,6.6,89.1,73.5,100.0,73.9,66.9,84.7,82.8,1,2,2,0,1,1,0,0,0,0,2,3,0,0,2,3,0,0,0,0,0,0,2,0,0,0,0,2,0,0,0,0,0,0,1,0,0,0,1,0,0
3374,Frontend Developer,6.59,71.3,67.8,93.9,60.3,39.2,64.7,64.5,1,3,1,0,1,0,0,1,0,0,2,0,3,1,0,2,0,0,0,0,1,0,0,1,1,0,0,0,0,0,0,0,0,0,0,0,0,0,0,2,0
3375,Frontend Developer,6.86,78.7,90.5,69.9,72.5,61.9,51.1,63.9,2,2,2,1,1,1,0,0,0,0,2,2,3,2,1,0,0,0,0,0,0,0,0,1,0,0,0,0,0,0,2,0,0,0,0,0,0,2,2,0,0
3376,Frontend Developer,6.92,80.4,75.2,77.8,73.4,65.6,60.2,69.2,3,3,1,1,1,1,0,2,0,0,2,2,0,3,0,3,0,1,0,1,0,0,1,0,1,1,0,0,0,3,0,0,0,0,0,0,0,0,0,0,0
3377,Frontend Developer,8.07,78.6,75.0,70.0,95.9,68.1,72.7,76.7,3,3,1,1,1,1,2,0,0,0,3,0,2,1,2,0,0,0,0,0,0,0,0,0,0,0,0,0,0,0,0,0,0,0,0,0,0,0,3,0,0
3378,Frontend Developer,8.46,81.6,77.3,52.6,57.4,61.9,77.2,62.3,1,2,1,1,0,1,2,0,0,0,3,3,2,2,3,3,0,0,0,0,0,1,0,0,1,0,0,0,0,0,0,0,0,0,0,0,0,0,2,2,0
3379,Frontend Developer,7.73,87.5,80.0,83.6,74.4,53.8,80.6,73.1,2,1,1,0,0,1,0,0,0,0,3,2,2,2,3,3,0,0,0,0,0,0,1,0,0,0,0,0,0,0,2,0,0,0,0,0,0,0,2,0,1
3380,Frontend Developer,9.15,77.7,69.7,49.8,45.7,63.4,51.8,52.7,4,3,1,1,1,1,0,1,2,0,2,1,2,3,2,3,2,1,0,0,0,0,1,0,1,1,1,0,0,0,0,2,1,0,0,0,0,0,1,0,2
3381,Frontend Developer,7.31,86.2,69.0,58.6,70.4,59.6,68.8,64.3,2,2,0,0,1,1,0,2,0,0,2,3,2,1,3,2,1,1,0,0,0,0,0,2,0,1,0,0,0,0,0,0,0,1,0,0,1,0,3,0,0
3382,Frontend Developer,8.33,83.3,88.2,73.9,82.2,78.1,67.9,75.5,3,2,2,1,0,1,0,0,0,1,3,2,3,3,2,3,0,0,0,1,0,0,0,1,0,0,0,0,0,0,0,0,0,2,0,1,0,0,2,0,2
3383,Frontend Developer,9.26,71.2,67.5,71.5,65.9,85.4,81.8,76.2,1,2,3,0,1,0,1,0,2,0,1,3,3,3,3,1,0,0,0,0,1,0,1,0,0,0,0,0,0,0,0,0,0,0,0,0,0,0,0,0,0
3384,Frontend Developer,7.68,92.9,71.3,72.2,81.4,60.0,74.8,72.1,1,2,2,0,1,1,0,0,1,0,2,3,3,3,2,3,0,0,0,0,0,0,0,0,0,0,1,0,0,0,0,0,0,0,0,2,0,0,0,0,0
3385,Frontend Developer,6.97,89.2,78.1,65.0,51.3,69.9,85.3,67.9,1,2,1,1,0,1,2,0,0,0,2,3,3,1,3,1,0,0,0,0,0,2,0,0,0,0,0,0,0,0,0,0,0,0,1,1,1,0,0,0,0
3386,Frontend Developer,7.87,78.9,73.0,89.2,87.6,80.9,86.7,86.1,3,2,1,0,1,0,0,1,0,1,3,2,3,2,3,0,0,0,0,0,0,0,0,0,2,0,0,0,0,0,0,0,0,0,0,0,1,0,3,0,0
3387,Frontend Developer,7.7,77.1,77.7,76.8,84.7,48.2,77.0,71.7,2,2,1,1,0,1,0,0,0,0,3,3,3,2,1,3,2,0,0,1,0,0,0,0,0,0,0,0,0,1,0,0,0,0,1,0,0,0,0,0,0
3388,Frontend Developer,6.87,82.8,96.1,95.8,67.3,41.9,78.7,70.9,1,3,1,1,0,1,0,2,0,0,1,3,2,3,2,2,0,0,0,0,0,0,0,1,0,0,0,0,0,0,0,0,0,0,1,0,0,0,3,0,0
3389,Frontend Developer,7.88,92.0,88.7,83.8,71.5,45.5,85.6,71.6,4,2,2,1,0,1,0,1,0,0,3,3,2,2,3,2,0,0,0,0,0,0,0,0,0,0,0,0,3,0,1,0,0,0,0,0,0,1,2,0,0
3390,Frontend Developer,6.79,84.4,78.8,76.7,91.9,69.2,86.2,81.0,4,1,1,1,1,1,0,1,2,0,1,1,2,2,3,0,0,0,0,0,0,1,0,0,0,0,0,0,0,0,0,0,0,0,0,0,0,0,2,0,0
3391,Frontend Developer,8.75,86.2,84.3,44.7,83.2,100.0,70.9,76.6,3,2,0,0,0,1,0,1,0,0,3,3,1,2,3,1,0,0,0,0,0,0,0,0,0,0,0,0,0,0,0,0,0,0,0,0,0,0,2,0,1
3392,Frontend Developer,6.49,81.7,93.0,69.5,68.2,71.6,62.9,68.0,2,2,2,1,0,1,1,1,0,2,1,3,2,2,2,0,0,2,0,1,0,0,0,0,0,0,0,0,0,0,1,0,0,0,0,0,0,0,2,0,0
3393,Frontend Developer,7.52,88.8,85.5,54.5,60.6,59.5,79.1,63.4,4,2,0,0,1,0,0,0,0,0,3,2,2,1,3,0,2,0,0,0,0,1,0,2,0,0,0,0,2,0,0,0,0,1,0,0,0,0,0,0,0
3394,Frontend Developer,6.22,82.7,93.0,73.1,84.3,66.4,75.5,74.8,2,3,2,1,0,1,0,0,0,0,0,2,3,3,1,3,0,0,0,0,0,1,0,1,2,0,0,0,1,2,0,0,0,0,0,0,0,0,0,0,0
3395,Frontend Developer,7.95,70.6,55.2,73.0,80.3,71.5,77.3,75.5,0,3,2,1,1,1,0,0,0,0,3,3,2,0,3,0,0,0,0,0,1,0,0,0,0,2,0,1,0,0,2,1,0,2,0,0,0,0,2,0,1
3396,Frontend Developer,6.64,66.9,83.7,82.5,75.8,78.4,68.3,76.2,0,1,2,1,1,1,0,0,1,1,2,2,1,2,1,2,1,0,0,0,0,0,0,0,0,0,0,0,0,0,0,0,1,0,0,0,0,0,3,0,0
3397,Frontend Developer,7.34,84.0,77.1,70.1,68.6,88.4,73.4,75.1,2,2,1,1,1,1,0,0,0,0,3,1,1,1,3,2,0,0,1,0,0,0,0,0,0,0,0,0,0,0,1,0,0,0,0,0,0,0,3,0,0
3398,Frontend Developer,9.69,94.8,68.3,89.9,96.1,71.4,60.6,79.5,2,3,2,1,0,0,0,0,0,0,1,2,0,2,0,3,0,0,0,0,0,0,0,0,0,3,0,2,0,0,0,0,0,0,0,0,2,0,2,0,2
3399,Frontend Developer,7.61,80.4,84.3,86.6,85.5,59.4,82.1,78.4,1,1,2,1,0,1,0,0,1,1,2,2,0,3,3,0,0,0,0,1,0,0,0,0,0,0,0,0,0,0,0,0,0,0,0,0,2,0,0,1,0
3400,Frontend Developer,8.3,84.8,86.4,71.7,78.5,71.8,84.4,76.6,2,2,1,1,1,1,0,1,0,0,3,3,2,2,3,3,0,0,0,0,0,0,2,0,0,0,0,0,0,0,0,0,0,0,0,0,0,0,3,0,0
3401,Frontend Developer,6.99,77.1,74.6,92.9,52.7,66.0,100.0,77.9,2,2,2,0,0,1,2,0,1,0,2,3,3,3,2,2,0,0,0,0,0,0,0,0,0,0,2,0,2,1,0,0,0,0,0,0,0,0,2,0,0
3402,Frontend Developer,7.11,75.8,88.0,81.1,84.5,71.2,68.7,76.4,2,3,1,0,0,1,0,0,0,0,1,0,1,2,3,0,0,1,0,0,1,0,0,0,0,0,0,0,0,1,0,0,0,1,0,0,0,0,0,0,0
3403,Frontend Developer,7.45,79.2,96.6,67.8,67.8,77.3,69.9,70.7,2,2,2,1,0,1,2,0,0,1,1,3,1,1,2,2,0,0,0,1,0,0,0,0,3,0,1,0,0,1,1,2,0,0,0,0,0,0,2,0,1
3404,Frontend Developer,7.1,79.4,81.7,55.9,83.1,74.9,88.7,75.7,0,2,2,1,1,1,0,0,0,0,2,3,2,3,3,2,0,0,0,0,0,0,0,0,0,0,0,0,0,0,0,0,0,0,0,0,0,0,3,0,0
3405,Frontend Developer,6.24,79.4,69.1,67.8,94.4,65.5,72.9,75.2,3,2,2,0,1,1,0,0,2,0,3,0,2,1,3,2,0,0,1,1,1,0,0,0,0,1,0,0,0,0,0,0,0,0,0,0,0,0,0,0,0
3406,Frontend Developer,9.21,90.3,84.1,72.9,55.7,57.4,82.2,67.1,2,3,1,0,1,0,0,0,0,0,3,2,2,2,1,0,0,0,1,0,0,0,0,0,0,0,0,1,1,0,0,0,0,0,1,1,0,0,0,0,0
3407,Frontend Developer,7.36,84.5,64.7,56.6,74.2,62.3,69.1,65.6,1,3,1,0,1,1,0,0,0,0,3,0,2,3,3,1,2,0,0,0,0,0,0,0,0,0,0,0,0,0,2,0,0,1,0,0,0,0,1,0,0
3408,Frontend Developer,8.03,64.4,68.5,78.4,92.0,72.4,86.7,82.4,2,2,0,0,1,1,1,1,0,0,2,2,3,3,1,2,0,0,0,1,0,0,0,0,0,0,0,0,0,0,0,0,0,0,0,0,0,2,2,0,0
3409,Frontend Developer,5.95,92.1,83.0,77.5,53.0,70.9,76.5,69.5,4,2,1,1,0,1,0,0,0,3,3,2,2,3,3,0,0,0,0,0,0,0,0,0,0,0,0,0,0,0,0,1,0,0,0,0,0,0,0,2,0
3410,Frontend Developer,6.57,84.8,66.2,74.7,89.5,51.6,81.9,74.4,2,2,0,0,1,1,1,0,0,0,1,0,3,3,2,3,0,0,0,2,0,0,0,0,1,0,0,0,0,0,0,0,0,0,0,1,0,1,3,0,0
3411,Frontend Developer,6.28,79.9,91.7,63.8,79.6,64.3,80.6,72.1,2,1,0,0,1,1,0,1,0,1,3,3,2,1,3,3,0,0,1,0,0,0,0,0,0,0,0,0,0,0,0,0,0,0,0,0,0,0,2,0,0
3412,Frontend Developer,6.79,88.0,77.1,73.1,83.2,50.1,79.1,71.4,2,1,0,0,1,0,0,0,0,0,2,2,2,1,0,1,0,0,0,0,0,0,0,0,0,0,0,0,0,0,0,0,0,0,0,0,1,0,2,1,0
3413,Frontend Developer,7.03,73.4,94.8,77.2,77.7,85.1,76.4,79.1,0,1,0,0,1,0,1,0,0,0,2,2,3,0,2,2,0,0,0,0,0,0,0,0,0,0,0,0,0,2,0,0,0,2,0,0,0,0,2,2,0
3414,Frontend Developer,7.48,82.6,67.9,78.8,100.0,87.1,86.6,89.9,2,2,3,1,0,1,0,0,0,0,3,1,3,3,3,2,0,1,1,0,0,0,0,1,0,0,0,0,0,0,0,1,0,0,0,1,0,0,2,0,0
3415,Frontend Developer,6.55,78.6,79.0,78.9,73.9,52.2,77.9,70.7,3,2,1,1,1,1,0,1,0,1,3,2,3,1,1,2,0,0,0,0,0,2,0,0,0,0,0,0,0,0,0,0,0,0,0,0,0,0,3,0,0
3416,Frontend Developer,6.19,89.6,73.4,46.5,98.6,64.3,69.2,69.6,2,2,1,1,1,1,0,0,0,0,3,1,3,3,3,0,0,0,0,0,0,0,0,0,0,0,0,0,0,0,0,0,0,0,0,0,0,0,0,0,0
3417,Frontend Developer,7.69,74.5,73.3,88.0,87.2,73.1,71.4,79.9,3,3,1,1,1,1,0,0,0,0,3,0,3,3,3,2,1,0,0,0,0,0,0,0,0,0,0,0,0,0,1,2,0,0,0,0,0,0,3,0,0
3418,Frontend Developer,7.3,87.8,85.6,74.0,98.2,86.8,65.6,81.2,3,2,1,1,1,0,2,0,0,0,2,2,2,3,2,2,0,0,0,2,0,0,1,0,0,1,0,1,0,0,0,0,0,0,0,0,0,0,3,0,0
3419,Frontend Developer,7.87,77.8,75.4,78.9,60.3,80.5,73.8,73.4,1,2,0,0,1,1,0,0,2,0,2,2,2,0,3,1,0,0,0,0,0,0,0,0,0,0,0,0,0,0,0,0,0,0,0,0,0,0,2,0,0
3420,Frontend Developer,7.34,76.4,67.4,52.2,92.2,81.0,70.4,74.0,2,3,2,1,0,1,1,1,0,0,1,3,1,2,2,1,0,0,0,0,0,0,0,0,0,0,0,0,0,1,1,0,2,0,0,0,0,0,3,0,0
3421,Frontend Developer,7.86,78.8,83.9,52.8,54.2,93.1,79.7,70.0,0,1,0,0,1,1,1,0,0,0,2,1,1,0,0,2,0,0,0,0,0,0,0,0,0,0,0,0,0,0,0,0,0,1,1,0,0,0,1,0,1
3422,Frontend Developer,7.14,84.8,78.7,81.2,71.1,67.2,95.3,78.7,3,1,0,0,1,1,0,1,0,0,2,3,3,2,0,0,1,3,0,0,0,2,0,0,1,0,0,0,0,0,0,0,0,1,0,1,0,2,2,2,0
3423,Frontend Developer,8.47,76.1,84.2,84.4,78.6,82.7,75.8,80.4,3,2,2,0,0,1,0,0,0,0,3,2,3,2,1,2,0,0,0,0,0,0,2,0,1,0,0,0,0,0,0,0,0,0,1,0,1,0,3,0,0
3424,Frontend Developer,7.98,80.1,82.5,93.6,51.6,83.0,86.2,78.6,1,3,0,0,1,1,0,1,0,0,0,1,3,3,2,3,0,1,0,1,0,0,0,0,0,0,0,0,0,0,0,0,1,1,0,0,2,0,0,1,0
3425,Frontend Developer,7.02,69.2,83.9,68.7,55.3,64.2,83.2,67.8,2,3,0,0,1,0,0,0,0,0,1,2,1,2,0,1,0,0,1,1,0,2,0,0,0,1,2,0,0,0,0,0,2,0,0,0,0,0,3,0,0
3426,Frontend Developer,9.29,73.0,81.3,67.6,79.6,51.9,84.5,70.9,0,3,0,0,1,1,0,0,1,1,2,2,3,3,3,0,0,0,0,0,0,0,1,0,0,0,0,0,0,0,0,0,0,1,1,0,2,0,0,0,1
3427,Frontend Developer,8.24,85.9,77.7,70.3,70.2,75.7,94.8,77.8,1,3,1,1,1,0,0,0,1,0,2,2,3,3,3,2,0,0,0,0,0,0,0,0,1,0,0,0,0,0,0,0,0,0,0,0,1,0,0,0,0
3428,Frontend Developer,6.95,69.2,84.8,59.2,64.5,65.7,82.8,68.0,2,2,2,1,0,1,3,0,0,0,3,2,3,3,1,2,0,0,0,0,2,0,0,0,0,1,0,0,0,0,3,0,0,0,0,0,0,0,0,0,0
3429,Frontend Developer,6.84,75.3,75.9,66.6,50.7,95.3,70.9,70.9,2,3,3,0,0,1,0,0,0,1,2,2,1,3,2,0,0,0,0,0,0,0,1,1,0,0,0,0,0,0,2,0,0,0,0,0,0,0,3,1,2
3430,Frontend Developer,7.83,69.8,71.2,80.1,86.6,65.5,87.7,80.0,3,2,2,1,1,1,0,0,0,1,3,3,3,2,3,3,0,0,0,0,0,0,0,0,0,0,0,0,1,0,2,0,0,0,0,0,0,0,2,0,0
3431,Frontend Developer,8.19,90.3,94.9,70.2,72.6,66.2,82.5,72.9,2,1,0,0,0,0,0,0,0,0,2,3,2,2,3,3,2,0,0,0,1,0,1,0,0,0,0,2,0,0,0,0,0,1,1,0,0,2,2,0,0
3432,Frontend Developer,7.53,71.4,77.9,71.9,70.4,69.4,78.3,72.5,3,2,1,1,0,1,0,0,0,0,2,3,2,3,2,3,0,0,2,0,0,0,0,1,1,2,0,0,0,0,0,0,0,0,0,0,0,0,3,0,0
3433,Frontend Developer,7.23,79.3,89.4,85.1,78.9,63.5,75.4,75.7,2,2,1,1,1,0,0,0,0,0,2,3,3,2,2,0,1,0,0,0,0,0,0,0,0,0,0,0,0,0,0,0,0,0,0,0,0,2,3,0,0
3434,Frontend Developer,6.15,81.2,66.8,67.2,73.9,60.4,86.9,72.1,3,2,2,0,0,1,1,0,1,0,2,3,3,2,3,0,2,0,0,0,0,0,0,0,1,0,0,0,0,0,1,0,0,0,0,0,0,1,2,0,0
3435,Frontend Developer,8.15,73.1,82.4,60.8,67.9,67.4,86.7,70.7,1,2,0,0,1,1,0,1,0,2,2,0,3,3,0,2,1,0,0,0,0,0,0,1,0,0,0,0,0,0,0,2,0,0,0,1,0,0,3,0,0
3436,Frontend Developer,7.66,80.3,88.1,44.7,71.5,66.9,51.0,58.5,1,2,1,0,1,1,0,0,2,0,1,2,2,2,2,0,0,0,1,0,0,0,0,0,0,0,0,0,2,0,0,0,0,0,0,0,0,1,3,0,0
3437,Frontend Developer,7.64,73.9,100.0,73.0,69.9,47.8,75.4,66.5,1,1,1,1,1,0,0,0,0,0,3,3,3,3,2,3,0,0,0,0,1,0,0,0,0,0,0,0,0,0,0,0,0,0,0,0,0,0,0,0,0
3438,Frontend Developer,7.66,97.7,88.3,63.2,78.4,54.8,64.8,65.3,1,2,0,0,1,1,0,1,0,0,3,1,3,3,3,3,1,0,0,0,0,0,0,0,2,2,1,0,0,1,0,1,0,0,2,1,0,0,2,0,0
3439,Frontend Developer,5.0,75.5,81.9,73.6,51.2,53.6,52.6,57.8,3,2,0,0,1,1,0,0,0,0,0,2,3,3,0,0,0,0,0,0,0,0,0,0,0,0,0,0,0,0,0,0,0,0,0,0,1,1,2,0,0
3440,Frontend Developer,6.63,81.2,76.3,95.7,69.6,50.3,68.4,71.0,2,2,3,0,0,1,0,0,0,0,2,2,2,3,2,3,0,0,0,0,0,0,0,0,0,0,0,0,0,0,0,0,0,2,0,0,1,0,3,0,0
3441,Frontend Developer,8.68,99.0,80.6,58.9,63.7,73.1,66.2,65.5,1,3,1,1,0,0,0,0,0,0,1,3,2,3,2,3,0,0,2,0,0,1,0,0,0,0,0,0,0,0,0,1,0,0,0,0,0,0,2,0,0
3442,Frontend Developer,7.06,94.8,72.5,89.1,72.7,52.3,100.0,80.5,0,2,1,1,1,1,0,0,0,0,1,0,3,2,2,2,0,0,0,0,2,0,0,0,1,0,0,0,0,0,0,0,0,0,0,0,0,2,2,0,0
3443,Frontend Developer,7.77,81.2,74.0,71.6,49.9,72.5,75.6,67.4,4,2,1,1,1,1,0,0,0,1,3,0,3,3,3,2,0,0,1,0,0,0,0,0,0,1,0,0,0,3,2,1,0,1,0,0,0,0,3,0,1
3444,Frontend Developer,8.42,77.1,84.3,71.1,56.9,69.6,79.2,69.2,3,2,1,0,1,1,0,0,0,0,1,0,2,3,2,2,0,0,0,0,0,1,0,0,0,0,0,0,0,0,0,0,0,0,0,0,0,0,2,0,0
3445,Frontend Developer,7.42,82.5,85.7,100.0,84.9,70.3,67.7,80.8,3,2,2,1,1,1,1,0,1,0,3,1,2,2,3,2,0,0,0,0,0,2,0,0,0,0,0,0,2,0,0,0,0,0,0,0,0,2,2,0,0
3446,Frontend Developer,7.25,75.6,79.8,82.0,47.3,59.3,67.5,64.0,2,2,0,0,1,0,0,0,0,1,2,2,2,3,3,2,0,0,0,0,0,0,0,0,0,0,0,0,0,0,0,1,0,0,0,1,0,0,3,1,0
3447,Frontend Developer,7.66,81.5,77.8,62.0,63.2,61.1,90.2,69.1,2,2,3,1,1,1,0,0,0,0,2,2,3,3,2,2,0,1,0,0,0,0,0,0,2,0,0,2,1,0,0,0,0,0,0,0,0,0,2,0,0
3448,Frontend Developer,7.35,77.6,91.5,91.2,71.0,64.9,85.2,78.1,3,2,2,1,1,1,0,0,0,0,3,3,2,2,2,3,0,0,0,0,0,0,0,0,0,0,0,0,0,0,0,0,0,0,0,0,0,0,3,1,0
3449,Frontend Developer,8.46,82.5,87.2,85.9,62.5,69.1,63.9,70.3,2,1,2,0,1,0,2,2,0,0,2,3,3,0,3,1,0,0,0,0,0,0,2,0,0,0,0,2,0,0,0,0,0,1,0,0,0,0,2,0,1
3450,Frontend Developer,6.39,74.7,77.1,95.7,100.0,70.4,100.0,92.3,2,2,2,1,0,1,1,0,0,1,1,3,2,3,3,3,0,1,0,0,0,0,0,1,0,0,0,1,0,0,0,0,1,0,0,0,0,0,3,2,0
3451,Frontend Developer,8.44,65.5,78.3,72.2,100.0,38.5,79.7,73.2,3,2,2,0,1,1,0,1,1,0,1,2,3,2,0,2,0,0,0,0,0,0,0,1,0,0,0,2,0,0,1,0,0,1,0,0,0,1,3,0,0
3452,Frontend Developer,8.03,91.5,61.9,97.1,64.8,67.2,75.3,76.1,2,2,1,1,0,1,0,1,0,0,2,2,2,2,1,3,0,0,0,0,0,2,0,0,0,0,0,0,0,0,0,0,0,2,0,0,0,0,3,0,0
3453,Frontend Developer,6.74,86.6,80.1,65.4,67.0,53.0,65.1,62.6,3,1,1,1,1,1,0,0,0,2,3,2,2,3,3,2,0,0,0,0,1,0,1,0,0,0,0,0,0,0,0,0,0,0,0,0,0,1,0,0,0
3454,Frontend Developer,8.36,73.9,92.2,52.7,56.2,47.3,59.8,54.0,3,2,2,1,1,1,0,2,0,2,1,3,3,3,2,3,0,0,0,0,0,0,1,0,1,2,0,0,2,0,0,0,0,0,0,0,0,0,3,0,2
3455,Frontend Developer,6.05,79.4,88.5,68.2,73.2,60.5,95.5,74.3,2,3,0,0,1,1,0,2,0,0,3,2,3,2,3,3,0,0,0,0,0,0,0,0,0,0,0,0,0,0,1,0,0,0,0,0,1,0,2,0,0
3456,Frontend Developer,6.56,76.8,97.0,65.2,72.4,62.6,75.1,68.8,1,1,0,0,1,1,0,0,0,0,2,0,2,2,3,2,0,0,1,0,0,0,0,0,0,0,0,0,0,0,0,0,0,0,0,0,1,0,3,0,0
3457,Frontend Developer,8.35,67.4,76.5,61.6,74.5,40.8,70.3,61.8,2,3,0,0,1,1,0,0,0,0,3,2,3,2,1,3,0,0,0,0,0,0,0,0,0,0,2,0,0,0,0,0,1,0,1,0,0,0,0,0,1
3458,Frontend Developer,7.33,92.6,69.3,74.1,70.9,55.1,87.2,71.8,1,2,1,1,1,1,0,0,0,1,3,0,2,2,3,2,0,0,0,0,1,0,0,0,0,0,0,0,0,0,0,0,0,2,1,1,0,0,1,0,0
3459,Frontend Developer,6.74,85.5,81.9,77.0,75.1,67.3,69.1,72.1,3,2,0,0,1,1,0,0,0,0,2,2,3,2,3,2,0,1,2,1,0,0,0,0,0,0,0,0,0,0,0,0,2,0,0,0,0,0,0,2,1
3460,Frontend Developer,6.81,73.2,81.3,100.0,67.2,51.2,70.9,72.3,4,2,2,1,1,1,0,0,1,0,0,3,2,2,2,3,2,0,0,0,0,0,0,0,0,0,0,0,0,0,0,0,0,0,0,0,0,0,1,0,0
3461,Frontend Developer,8.46,80.6,71.3,70.0,87.7,52.6,78.5,72.2,0,2,0,0,1,1,0,0,0,0,3,2,2,3,1,2,0,0,3,0,2,2,0,0,0,0,1,0,0,0,0,0,0,0,0,0,0,0,2,0,0
3462,Frontend Developer,6.41,74.3,77.0,64.5,55.3,66.1,88.5,68.6,0,2,0,0,1,1,0,0,1,0,2,3,2,3,2,2,1,0,0,0,0,0,0,0,0,0,0,1,0,0,0,1,0,0,0,0,1,0,3,0,0
3463,Frontend Developer,7.56,87.7,79.1,82.0,91.1,37.2,53.2,65.9,2,1,1,1,1,1,0,0,0,0,3,3,3,3,3,0,0,3,0,2,0,0,0,0,0,0,0,0,0,0,0,1,0,0,0,0,0,0,2,0,1
3464,Frontend Developer,7.53,62.2,74.1,56.8,90.4,60.2,72.3,69.9,2,3,1,1,1,1,0,0,0,0,2,2,1,3,3,1,0,0,0,0,0,1,0,0,0,0,0,0,1,0,0,0,0,0,0,2,0,0,2,2,0
3465,Frontend Developer,7.08,77.0,61.6,67.7,64.7,76.5,80.1,72.2,1,2,1,0,0,1,0,0,0,0,1,3,0,2,1,1,0,0,0,1,1,0,0,0,0,0,0,0,0,1,0,0,0,0,0,0,2,0,0,0,2
3466,Frontend Developer,7.7,77.7,84.4,86.8,58.0,63.9,80.2,72.2,4,3,2,1,1,1,0,0,0,0,1,1,3,3,1,1,0,0,0,0,0,0,0,0,0,0,0,0,0,0,0,0,0,0,0,0,2,2,1,2,0
3467,Frontend Developer,6.16,77.1,73.5,80.6,67.4,62.2,93.0,75.8,2,2,3,1,0,1,0,0,0,0,1,2,2,2,1,3,1,0,0,1,0,0,0,0,0,0,0,0,0,0,0,0,0,0,0,0,0,0,0,0,0
3468,Frontend Developer,7.63,79.5,92.1,72.9,86.6,67.0,63.6,72.5,4,2,0,0,1,1,0,0,1,0,2,0,1,3,3,2,0,1,0,0,1,0,1,0,0,0,0,0,0,0,2,0,0,0,0,0,0,0,2,0,0
3469,Frontend Developer,10.0,79.2,72.2,69.8,59.0,83.3,89.2,75.3,2,1,3,0,0,1,2,0,0,0,0,2,2,3,3,3,1,0,0,0,1,0,2,0,0,0,0,1,1,1,1,0,0,0,0,0,0,0,2,0,0
3470,Frontend Developer,8.67,67.1,86.0,77.2,76.2,46.6,85.2,71.3,3,2,2,0,0,1,0,0,0,0,1,3,3,2,2,0,0,0,0,0,0,0,0,0,0,0,0,0,0,0,0,0,0,0,0,0,2,0,2,0,0
3471,Frontend Developer,7.56,86.2,74.1,56.3,72.5,81.8,77.3,72.0,3,1,0,0,0,1,1,1,0,0,2,3,0,3,1,1,2,0,0,0,0,0,0,0,0,2,0,0,0,0,0,0,0,0,1,0,0,0,2,0,0
3472,Frontend Developer,7.58,82.9,66.4,80.8,74.6,70.8,73.6,74.9,1,2,2,0,1,1,0,1,0,0,1,3,3,2,3,0,0,0,0,1,0,0,0,0,0,0,0,0,0,0,0,0,0,0,0,0,0,1,2,1,0
3473,Frontend Developer,8.08,75.1,80.6,92.9,62.5,68.0,62.8,71.5,2,1,2,1,1,1,0,0,1,0,3,1,3,2,3,2,1,0,0,0,0,1,0,2,0,0,0,0,0,0,0,0,0,0,0,2,0,0,3,1,0
3474,Frontend Developer,8.75,87.1,58.7,63.8,59.5,65.2,81.2,67.4,3,1,1,1,0,1,1,0,0,0,2,2,1,2,3,3,0,0,0,1,1,0,0,0,0,0,0,0,0,0,0,0,0,0,0,0,0,0,0,0,0
3475,Frontend Developer,7.58,83.0,63.6,44.5,76.0,74.6,73.9,67.2,2,1,1,1,0,1,0,1,0,0,3,3,1,2,2,3,2,0,1,2,0,0,0,0,0,0,2,0,0,1,0,1,0,0,0,0,1,0,3,0,1
3476,Frontend Developer,8.22,86.5,78.0,72.9,72.7,54.3,52.6,63.1,2,1,2,0,1,0,0,0,2,2,3,1,3,2,3,2,0,1,0,0,1,0,0,0,0,0,0,1,0,0,0,0,0,0,0,0,1,0,1,0,0
3477,Frontend Developer,8.37,59.9,91.1,69.9,71.6,52.6,72.4,66.6,3,2,1,1,1,1,0,0,0,0,2,1,2,3,3,3,0,0,0,0,0,1,0,2,0,0,0,1,1,0,1,0,0,0,0,1,0,1,0,0,1
3478,Frontend Developer,7.16,85.6,78.3,59.0,85.6,68.8,68.0,70.3,2,2,0,0,0,1,0,2,2,0,3,2,3,1,3,2,0,0,0,0,0,2,0,0,0,0,0,0,0,0,2,0,0,0,0,0,1,0,2,2,0
3479,Frontend Developer,8.75,92.7,74.1,87.5,100.0,86.1,66.0,85.1,3,3,2,1,1,1,0,0,0,0,3,1,2,1,2,3,0,0,0,0,0,0,0,1,0,0,0,0,0,0,0,0,0,0,0,1,0,0,3,0,0
3480,Frontend Developer,7.09,83.8,77.0,89.6,79.1,67.0,72.2,77.0,2,2,1,0,1,1,0,0,0,0,1,3,2,1,3,3,0,0,1,0,0,1,2,0,0,0,0,1,0,0,0,0,0,0,2,0,1,1,2,2,0
3481,Frontend Developer,7.3,71.5,73.3,83.3,82.7,68.3,84.6,79.7,1,2,3,1,1,1,2,0,1,0,3,2,2,3,2,3,0,0,0,0,0,0,0,0,0,0,0,0,0,2,0,0,0,0,0,0,0,0,0,0,0
3482,Frontend Developer,6.28,82.3,86.3,77.4,90.8,44.7,74.9,71.9,1,2,1,1,1,1,0,0,0,0,3,3,3,3,3,2,0,0,0,0,0,0,0,0,0,0,0,0,0,0,0,0,1,0,0,0,1,0,3,0,0
3483,Frontend Developer,7.54,67.5,86.6,76.7,59.1,78.0,81.1,73.7,3,2,2,1,0,1,0,0,0,0,2,3,3,3,1,3,0,1,0,0,0,0,0,0,0,0,0,1,0,0,0,0,0,0,0,0,0,0,3,0,0
3484,Frontend Developer,8.21,74.2,87.6,72.9,98.9,76.9,72.0,80.2,2,3,0,0,0,1,0,0,0,0,3,0,2,3,3,3,1,0,0,0,2,0,2,2,0,0,0,0,0,1,0,0,0,0,0,0,0,0,0,0,1
3485,Frontend Developer,8.06,77.8,84.7,65.8,69.8,68.3,54.0,64.5,1,2,2,0,1,0,0,0,0,1,2,2,2,3,3,2,0,0,0,1,0,0,0,0,0,0,0,1,0,0,0,0,0,0,0,1,0,0,0,0,1
3486,Frontend Developer,6.71,75.9,83.3,89.9,81.3,63.1,56.2,72.6,1,1,2,1,1,0,1,0,0,0,3,2,2,3,3,2,0,0,1,0,0,0,1,0,1,0,0,0,0,2,1,0,0,0,0,0,0,1,3,0,0
3487,Frontend Developer,8.3,89.9,81.7,89.2,74.8,68.1,89.5,80.4,4,1,0,0,1,1,0,1,0,2,2,2,3,3,2,1,0,2,0,0,0,1,0,0,0,0,0,0,0,0,0,1,0,0,1,0,0,0,3,0,0
3488,Frontend Developer,8.98,71.9,80.5,84.4,57.3,81.4,68.9,73.0,3,2,2,0,1,1,0,0,0,0,1,2,1,1,0,3,2,0,0,0,0,0,0,0,0,0,1,0,0,1,0,0,0,0,0,0,1,0,2,1,0
3489,Frontend Developer,6.78,83.8,68.0,87.8,86.8,65.1,97.8,84.4,2,2,1,1,0,1,0,0,0,0,3,0,2,3,3,1,0,0,0,0,0,0,1,0,0,0,0,0,0,0,0,0,0,0,0,0,0,0,1,2,0
3490,Frontend Developer,8.13,81.8,76.6,78.8,55.3,86.7,68.8,72.4,2,1,1,1,1,1,0,0,0,1,2,2,0,3,2,0,0,0,0,0,0,1,0,0,0,0,0,0,0,0,0,0,0,0,0,0,0,0,3,0,0
3491,Frontend Developer,7.29,80.5,95.3,60.0,58.2,52.0,89.5,64.9,1,3,2,1,1,1,0,0,0,0,2,2,2,2,2,1,0,0,0,0,2,0,0,2,0,0,0,0,0,0,1,0,0,0,0,0,0,0,1,0,0
3492,Frontend Developer,8.11,83.3,84.3,76.7,60.1,60.9,78.6,69.1,2,1,1,1,1,1,0,0,0,0,3,3,3,2,1,2,0,0,1,0,1,0,0,0,0,0,0,2,0,0,0,0,0,0,2,0,0,0,2,0,0
3493,Frontend Developer,7.48,61.9,66.9,83.5,58.7,93.1,71.9,76.8,2,3,1,1,0,1,0,0,2,0,2,1,2,1,2,2,0,0,1,0,0,1,0,0,0,0,0,0,0,2,0,1,0,0,2,1,0,0,2,0,0
3494,Frontend Developer,6.51,80.3,88.3,76.9,61.8,62.7,78.4,69.9,3,2,1,1,1,1,0,2,0,0,1,2,2,3,2,3,0,0,0,0,0,0,0,0,1,2,0,0,0,0,1,0,1,0,0,0,0,1,3,2,0
3495,Frontend Developer,8.62,83.9,89.8,68.1,68.6,69.5,75.3,70.4,4,2,0,0,1,0,0,0,0,0,2,2,1,2,1,0,0,0,0,0,0,0,0,0,0,0,0,1,1,0,0,0,0,0,0,1,0,0,2,0,0
3496,Frontend Developer,7.78,80.0,80.3,90.8,70.3,92.1,96.0,87.3,3,2,2,0,1,1,0,0,0,0,3,3,1,1,2,2,0,0,0,1,0,0,0,0,0,0,0,0,0,0,2,0,0,0,1,0,0,0,2,0,1
3497,Frontend Developer,9.43,88.1,70.3,100.0,82.2,65.3,92.1,85.3,3,2,2,1,1,0,0,0,0,0,2,0,3,3,2,3,0,0,2,0,0,0,0,0,0,0,0,0,0,0,0,0,0,0,0,1,0,0,3,0,0
3498,Frontend Developer,8.41,83.6,95.1,74.1,80.1,79.0,63.0,74.0,2,3,1,0,1,0,0,0,0,0,2,3,1,3,3,3,0,0,0,0,0,0,0,0,2,0,0,0,0,0,0,0,1,0,1,1,0,1,2,0,0
3499,Frontend Developer,7.83,69.3,66.1,65.1,67.8,65.5,78.2,69.1,2,1,2,1,0,0,0,0,0,2,3,1,1,3,3,1,0,0,1,0,0,0,0,0,0,0,0,0,0,1,0,0,0,0,0,0,0,0,2,0,0
3500,Frontend Developer,8.47,73.3,84.4,83.1,76.1,65.2,98.7,80.8,2,1,1,1,1,1,0,0,0,0,3,2,2,3,3,3,0,0,0,0,0,0,0,0,0,0,0,0,0,0,0,0,0,0,0,1,1,0,0,0,1
3501,Frontend Developer,8.59,88.4,88.0,86.1,80.3,68.2,92.9,81.9,2,3,3,1,0,1,0,0,0,0,3,3,3,3,2,1,0,0,1,0,1,0,0,1,0,0,0,0,0,0,0,0,0,0,0,0,0,0,3,0,0
3502,Frontend Developer,9.04,74.5,78.2,74.7,60.8,61.6,93.9,72.8,2,1,3,0,0,1,0,0,1,0,1,2,3,3,0,2,0,0,0,0,0,0,0,0,0,0,1,0,0,0,0,0,0,0,0,0,0,0,3,0,0
3503,Frontend Developer,7.81,83.5,62.1,66.7,85.5,38.5,58.6,62.3,3,2,1,1,1,1,2,0,0,1,3,2,1,3,3,2,0,0,0,0,2,1,1,2,2,0,1,0,0,0,0,0,0,0,0,0,0,0,2,0,0
3504,Frontend Developer,7.56,85.4,66.0,78.0,81.3,69.8,70.6,74.9,3,3,2,0,1,0,0,0,1,0,2,1,0,1,3,2,0,0,0,0,2,0,0,0,0,2,0,0,0,0,0,0,2,0,0,0,0,0,3,0,0
3505,Frontend Developer,7.15,81.2,76.8,82.1,53.6,61.3,83.0,70.0,2,2,1,1,1,1,0,1,0,0,1,1,1,2,2,2,0,0,0,0,0,0,0,2,0,0,0,2,0,0,0,0,1,0,1,0,1,0,3,0,0
3506,Frontend Developer,6.95,86.3,83.4,79.0,83.5,81.9,88.8,83.3,0,3,2,0,1,1,1,0,0,0,3,3,1,2,2,2,0,0,0,0,0,0,0,0,0,0,0,0,0,0,0,0,0,0,0,0,1,0,2,1,0
3507,Frontend Developer,5.99,75.5,82.3,74.8,77.8,73.7,72.0,74.6,2,2,2,0,1,1,0,2,1,0,2,3,3,1,1,2,0,0,2,1,1,0,0,0,0,0,0,2,0,0,0,0,1,0,0,0,0,2,3,0,0
3508,Frontend Developer,6.67,86.2,77.8,52.0,73.9,69.0,58.6,63.4,3,3,1,1,0,0,0,0,1,1,3,2,0,3,2,3,0,0,0,0,0,0,0,1,1,0,0,0,0,0,0,1,0,0,0,0,1,0,2,0,0
3509,Frontend Developer,7.59,78.5,72.8,99.3,84.7,65.3,69.9,79.8,2,3,2,0,1,1,1,0,0,0,1,1,1,2,3,1,0,0,0,0,0,0,1,0,0,0,0,0,0,0,2,0,0,0,2,0,0,0,3,0,0
3510,Frontend Developer,7.57,80.1,72.0,67.8,76.5,78.3,73.7,74.1,4,2,3,1,0,1,0,0,1,1,2,2,3,1,3,3,0,0,0,0,0,1,1,0,0,1,0,0,0,0,0,2,0,0,0,0,0,0,0,0,0
3511,Frontend Developer,7.07,78.8,68.3,70.4,84.0,33.1,85.8,68.3,3,3,1,1,1,1,0,0,2,0,2,2,2,1,2,2,0,0,0,0,0,0,0,0,0,0,0,2,1,0,0,0,0,0,1,0,0,0,2,0,0
3512,Frontend Developer,7.56,76.6,76.6,54.0,97.6,58.5,76.1,71.5,2,2,0,0,1,0,0,0,0,0,3,3,2,3,3,2,0,0,0,0,0,0,0,0,0,0,0,0,0,0,0,0,0,2,0,1,0,1,3,0,0
3513,Frontend Developer,7.65,61.4,84.9,82.6,81.0,57.1,90.2,77.7,2,3,0,0,1,1,0,1,0,0,1,0,1,2,0,3,0,1,0,0,0,0,0,0,0,0,0,2,0,1,0,1,0,0,0,0,0,0,3,0,0
3514,Frontend Developer,9.69,74.6,72.6,80.2,79.1,63.9,82.4,76.4,4,2,0,0,1,1,0,1,0,0,2,0,3,2,3,2,0,0,1,0,0,2,2,1,0,0,0,0,0,0,0,0,0,1,0,0,0,0,2,0,0
3515,Frontend Developer,9.1,97.4,85.8,63.5,65.2,93.4,60.9,70.8,2,2,1,1,1,1,0,0,0,1,3,2,0,1,0,3,0,0,0,0,0,0,0,0,2,0,0,0,0,0,2,0,1,0,0,0,0,0,2,0,2
3516,Frontend Developer,6.63,66.5,96.8,67.3,74.8,77.8,88.8,77.2,2,2,2,1,1,1,0,0,0,0,2,0,3,3,1,3,0,0,2,0,0,0,0,0,0,0,0,1,0,1,0,0,0,0,0,2,0,0,3,1,0
3517,Frontend Developer,7.32,67.0,70.9,70.1,78.3,66.7,76.7,72.9,0,2,2,1,1,1,0,0,1,0,3,2,1,2,3,2,3,0,0,0,0,0,0,0,0,0,0,0,0,0,0,0,0,0,0,0,1,1,1,0,0
3518,Frontend Developer,7.57,65.3,70.3,63.1,74.7,66.7,78.6,70.8,3,3,2,0,1,1,0,1,0,0,3,2,3,2,1,2,0,0,0,0,0,0,0,0,0,2,0,0,0,0,0,2,0,1,0,0,0,0,3,0,0
3519,Frontend Developer,7.63,95.9,63.7,79.4,64.2,72.7,74.1,72.6,2,3,2,1,0,1,0,0,0,0,2,3,3,2,3,3,0,0,2,0,0,1,0,1,0,0,0,0,1,0,0,1,1,0,0,0,0,0,0,0,0
3520,Frontend Developer,7.1,73.5,92.4,83.2,74.2,71.8,90.9,80.0,2,1,3,0,0,1,0,0,0,0,2,3,3,3,3,1,0,0,0,0,2,0,0,0,0,0,0,0,0,1,0,1,0,0,0,0,0,0,3,0,0
3521,Frontend Developer,7.83,74.1,77.0,67.7,65.6,70.1,68.4,68.0,2,2,3,0,1,1,0,0,0,0,3,2,3,2,3,3,0,0,0,0,0,2,1,0,0,0,0,0,0,0,0,0,0,0,0,1,0,0,3,0,0
3522,Frontend Developer,5.4,81.7,67.9,81.4,84.0,48.9,79.4,73.4,2,3,0,0,0,1,0,0,0,0,2,1,3,2,0,2,0,0,0,0,0,0,0,1,0,0,1,0,0,2,0,0,0,0,1,0,1,0,2,0,0
3523,Frontend Developer,8.88,82.3,80.3,65.4,75.6,63.3,64.1,67.1,4,2,2,1,1,1,0,0,0,0,2,3,1,2,3,3,0,0,0,0,0,0,1,0,0,0,0,0,2,0,0,0,0,0,1,1,1,0,0,0,0
3524,Frontend Developer,7.46,100.0,79.0,86.6,66.0,69.5,81.9,76.0,2,1,0,0,1,0,0,0,0,0,2,2,3,1,2,2,0,0,0,0,0,0,0,2,0,1,0,2,0,0,1,0,2,0,0,0,0,0,2,0,0
3525,Frontend Developer,6.71,85.4,71.6,69.1,64.8,51.4,80.6,66.5,2,2,1,0,1,1,0,0,0,1,2,3,3,1,2,3,0,0,1,0,1,0,0,1,0,0,0,2,0,0,0,0,0,1,0,0,0,0,1,0,0
3526,Frontend Developer,6.53,75.4,78.6,91.3,83.8,68.3,68.0,77.8,4,2,0,0,1,1,1,1,0,1,3,2,2,3,2,2,0,0,1,0,0,1,0,0,0,0,0,0,0,0,0,2,0,0,1,0,0,0,0,0,2
3527,Frontend Developer,8.57,90.0,80.4,63.0,69.6,56.8,70.2,64.9,3,3,1,0,1,0,0,0,0,0,1,1,3,2,2,0,0,0,0,2,0,0,0,0,2,0,0,1,0,0,0,0,0,0,0,2,1,0,3,0,0
3528,Frontend Developer,8.39,82.1,86.3,83.9,64.1,90.1,82.3,80.1,1,2,1,0,1,0,0,0,0,0,3,3,3,3,3,0,0,2,0,0,0,0,0,0,0,0,0,1,0,0,0,0,1,1,1,0,0,3,2,1,0
3529,Frontend Developer,7.62,81.4,95.3,100.0,73.4,55.9,85.9,78.8,2,2,1,0,0,1,0,0,0,0,2,2,2,2,3,0,0,0,2,0,2,0,0,0,0,0,0,2,1,0,0,0,0,0,1,0,0,0,0,0,0
3530,Frontend Developer,7.11,69.5,82.2,87.5,76.3,79.9,73.5,79.3,1,2,2,1,1,1,0,0,0,0,2,2,2,3,1,2,0,0,0,0,0,0,2,0,0,0,0,0,0,0,0,0,0,0,1,0,0,0,3,2,0
3531,Frontend Developer,8.25,69.4,66.3,51.1,64.7,70.9,85.6,68.1,0,2,2,1,1,1,0,0,0,0,2,3,2,3,3,2,1,0,0,0,0,0,0,0,0,0,0,0,0,0,0,0,0,2,0,2,0,0,2,0,0
3532,Frontend Developer,7.63,79.9,76.8,91.3,70.7,61.7,83.0,76.7,2,2,1,0,1,1,0,0,2,0,3,3,2,1,0,3,0,0,0,0,0,0,0,1,0,0,2,0,2,0,1,0,0,1,0,0,0,0,0,0,1
3533,Frontend Developer,6.8,75.3,84.3,87.0,73.5,64.6,69.6,73.7,1,1,2,1,1,0,1,0,0,0,2,3,2,3,2,0,0,2,0,0,0,0,1,0,2,1,0,1,0,0,0,0,0,3,2,0,0,1,2,0,0
3534,Frontend Developer,7.36,77.9,74.2,64.6,90.2,68.6,61.3,71.2,3,1,2,1,0,0,0,0,0,1,1,2,2,3,3,0,0,0,0,0,0,0,0,0,0,0,0,1,0,0,0,0,0,0,0,0,0,0,2,0,0
3535,Frontend Developer,9.11,79.0,59.5,79.1,77.1,74.1,86.9,79.3,2,2,1,0,1,1,0,0,0,0,2,2,3,3,2,3,0,0,0,0,0,0,0,0,0,0,1,0,0,0,0,0,0,0,2,0,0,0,0,0,0
3536,Frontend Developer,7.22,92.7,74.3,57.6,76.9,61.8,68.3,66.2,1,2,0,0,1,1,0,0,0,0,2,1,3,2,1,2,0,0,0,1,0,0,0,0,0,0,0,0,0,0,0,0,0,0,0,0,0,0,0,1,0
3537,Frontend Developer,7.12,67.5,73.0,60.6,61.4,63.5,70.3,64.0,3,2,1,1,1,1,0,0,0,0,2,0,2,3,2,2,0,0,0,0,0,0,1,0,0,0,0,0,0,2,0,2,0,0,0,2,0,0,1,0,0
3538,Frontend Developer,6.7,70.9,64.1,79.3,71.1,86.2,89.2,81.4,4,1,1,0,1,1,0,0,0,0,3,3,3,3,2,3,0,0,0,1,0,2,0,0,0,1,2,0,0,0,0,1,0,0,0,0,0,0,3,0,0
3539,Frontend Developer,6.69,75.6,82.7,50.9,75.7,62.1,74.8,65.9,4,1,1,1,1,0,0,0,0,0,2,3,2,2,2,0,0,0,0,1,0,0,0,0,0,0,0,0,0,2,0,0,1,0,0,0,0,0,3,0,0
3540,Frontend Developer,6.16,74.0,70.8,76.7,46.1,59.7,63.1,61.4,1,2,1,1,1,1,0,1,0,0,1,3,2,2,1,1,0,0,0,0,0,0,0,0,1,0,0,0,0,0,0,0,0,2,0,0,0,1,3,1,0
3541,Frontend Developer,8.59,86.0,86.2,56.2,54.9,65.8,83.1,65.0,3,2,2,1,1,1,0,1,0,0,2,2,2,3,2,0,0,0,0,0,0,0,1,0,0,1,0,0,0,1,0,0,0,0,2,1,0,0,3,0,1
3542,Frontend Developer,7.58,81.8,68.5,65.0,84.1,74.5,57.8,70.3,4,2,3,1,1,1,0,0,0,2,3,0,3,2,0,2,1,0,0,0,0,0,1,0,0,0,0,0,0,0,0,0,0,0,0,0,0,0,2,1,0
3543,Frontend Developer,6.28,86.2,66.9,81.1,74.1,53.0,60.5,67.2,0,2,0,0,1,0,0,0,0,0,1,3,1,2,3,3,0,0,0,0,0,0,0,0,0,0,0,0,0,0,0,0,1,0,0,1,0,0,2,0,0
3544,Frontend Developer,6.68,81.9,84.1,64.3,73.5,53.5,52.8,61.0,3,2,2,1,1,1,0,0,0,0,3,2,1,3,0,3,1,0,0,0,1,0,0,0,0,0,0,0,0,1,0,0,0,0,0,0,1,0,3,0,0
3545,Frontend Developer,8.46,85.4,78.0,89.3,56.1,58.9,80.1,71.1,1,2,1,1,1,0,1,0,0,0,1,1,3,3,2,3,0,0,0,0,0,0,0,0,0,0,0,0,0,0,0,0,1,0,0,0,2,0,1,0,0
3546,Frontend Developer,6.15,79.8,75.8,91.2,72.9,78.5,92.3,83.7,3,2,2,1,0,1,0,1,0,0,1,2,0,3,2,2,0,0,0,0,0,0,0,0,0,0,0,0,0,0,0,0,0,0,0,0,0,0,1,0,0
3547,Frontend Developer,7.94,84.3,78.8,91.4,63.6,71.1,99.2,81.3,2,2,1,1,1,1,0,0,1,0,2,0,2,0,1,2,0,0,0,0,0,0,0,1,0,0,2,2,0,0,2,0,0,0,0,0,0,0,3,1,0
3548,Frontend Developer,7.93,94.9,86.9,63.4,66.5,73.1,79.1,70.5,3,1,1,1,0,1,0,0,0,0,3,0,2,2,2,3,1,0,0,0,0,0,0,0,0,0,0,1,0,0,0,0,0,0,2,0,0,2,3,1,0
3549,Frontend Developer,7.6,71.3,73.6,72.3,74.3,79.4,80.5,76.6,2,2,2,1,1,0,2,0,0,0,1,3,3,3,3,0,0,0,0,0,0,0,0,0,0,0,0,0,0,0,0,0,0,2,0,0,0,0,0,0,0
3550,Frontend Developer,6.91,78.2,76.1,57.8,58.8,68.3,93.9,69.7,2,3,2,1,1,1,0,0,0,0,2,0,3,2,2,3,0,0,0,0,0,0,0,1,0,2,0,2,0,0,2,0,0,0,0,0,0,0,3,1,0
3551,Frontend Developer,7.84,77.4,76.4,100.0,98.7,80.2,58.5,86.3,2,3,1,1,0,0,0,0,1,0,2,2,3,2,3,2,1,0,1,0,0,0,0,0,0,0,0,0,1,0,0,1,2,0,2,0,2,0,3,0,0
3552,Frontend Developer,7.13,80.8,88.9,57.2,68.5,74.9,83.2,71.0,3,3,1,1,1,0,0,0,1,0,1,0,2,3,2,2,0,0,2,0,1,1,0,0,0,0,0,0,2,0,2,1,0,0,0,0,0,0,1,0,0
3553,Frontend Developer,7.05,92.6,74.8,81.0,76.4,71.7,61.9,72.8,2,3,0,0,1,1,1,0,0,0,2,3,3,1,3,2,0,0,0,1,0,0,0,2,0,1,1,0,1,1,0,0,1,0,1,0,0,0,0,0,0
3554,Frontend Developer,7.95,84.1,83.7,50.5,66.0,72.5,87.3,69.1,3,3,2,1,1,1,0,0,0,0,2,0,3,3,2,3,0,0,0,0,0,0,0,0,0,0,0,0,0,0,0,0,1,0,0,0,0,0,0,0,0
3555,Frontend Developer,7.13,61.2,79.1,97.7,83.8,84.7,64.8,82.8,2,3,3,0,1,0,0,0,0,0,3,3,3,2,3,2,0,0,0,0,0,0,0,0,0,0,0,0,0,0,0,0,0,0,1,0,0,0,1,0,0
3556,Frontend Developer,7.88,83.4,62.7,81.8,39.1,67.5,89.8,69.5,2,2,1,0,1,1,0,0,0,0,2,1,2,3,3,2,0,0,0,0,1,0,1,0,0,0,0,0,0,0,1,1,0,0,0,0,0,0,0,0,0
3557,Frontend Developer,7.18,82.9,80.7,83.2,58.7,86.2,76.8,76.2,3,2,1,1,1,1,0,0,0,0,2,2,1,2,3,2,0,0,1,0,0,0,0,0,0,0,0,0,1,0,0,0,0,0,0,0,0,0,1,0,2
3558,Frontend Developer,7.11,93.2,70.5,61.0,65.4,41.3,51.8,54.9,3,2,0,0,1,0,0,0,1,1,2,2,3,1,3,2,0,0,0,0,0,0,0,0,0,0,0,0,0,0,1,0,0,0,0,2,0,0,1,0,0
3559,Frontend Developer,7.42,75.0,80.4,61.2,76.2,51.0,64.4,63.2,3,2,1,1,1,1,0,0,0,0,3,3,2,1,3,0,0,0,0,0,0,0,0,1,2,0,0,0,0,0,2,2,0,1,0,0,0,1,1,0,0
3560,Frontend Developer,7.42,66.7,87.1,86.8,76.7,58.0,66.1,71.9,4,1,1,1,1,1,0,0,0,0,3,3,3,2,0,2,2,1,0,0,0,0,0,1,0,0,2,0,0,0,0,0,0,0,0,0,0,0,3,0,0
3561,Frontend Developer,8.39,98.0,71.6,90.0,100.0,63.6,83.8,85.7,3,2,1,1,1,1,1,1,0,0,3,3,3,3,1,2,0,0,0,0,0,0,0,0,0,0,0,0,2,0,0,0,0,0,0,0,1,0,2,0,1
3562,Frontend Developer,6.97,87.2,65.6,68.6,61.2,61.4,92.6,71.0,2,1,3,1,1,0,0,0,0,1,3,3,3,0,2,0,0,0,0,0,0,0,0,1,0,0,0,0,0,0,1,0,0,0,2,0,0,0,0,0,0
3563,Frontend Developer,6.66,63.9,81.5,53.0,75.7,58.1,100.0,72.1,2,2,2,1,1,1,0,0,0,0,3,3,1,3,2,1,1,0,0,0,0,1,0,1,0,0,0,0,0,0,0,1,0,0,0,1,1,0,1,2,0
3564,Frontend Developer,7.02,84.1,88.9,67.1,77.3,62.1,85.4,73.0,4,2,1,0,1,1,0,0,0,0,2,0,3,1,3,3,0,0,0,0,0,0,2,0,0,0,0,2,1,1,0,0,0,0,0,1,1,0,2,1,0
3565,Frontend Developer,7.25,71.7,84.1,71.8,80.2,76.0,71.8,75.0,3,3,1,0,1,1,0,1,2,0,1,3,1,3,1,2,0,1,0,0,0,0,0,0,0,0,1,1,0,0,0,0,1,0,2,0,0,0,1,0,0
3566,Frontend Developer,5.5,85.5,89.3,91.2,74.5,81.7,91.0,84.6,4,2,2,0,1,1,2,0,0,0,3,3,3,2,2,0,0,0,0,0,0,0,0,0,0,0,0,1,0,0,1,0,0,2,1,1,0,0,1,0,0
3567,Frontend Developer,5.4,82.0,85.0,77.5,70.0,63.6,73.0,71.0,1,2,0,0,1,1,0,0,0,0,2,2,3,2,3,2,0,0,0,0,0,0,0,0,0,1,1,0,0,0,3,0,0,2,0,0,0,0,0,0,0
3568,Frontend Developer,7.19,78.1,82.4,49.7,81.3,63.2,68.3,65.6,2,2,0,0,1,1,0,0,0,0,3,0,3,1,2,2,2,0,0,0,0,0,0,0,0,0,2,0,0,0,0,0,0,2,0,0,0,0,3,0,0
3569,Frontend Developer,8.37,80.0,82.4,62.8,59.6,60.7,83.1,66.6,2,1,1,1,1,1,0,0,0,0,3,0,0,0,3,2,0,0,0,0,0,0,0,0,0,0,1,0,0,0,0,0,0,0,1,1,0,0,3,0,0
3570,Frontend Developer,7.8,74.5,73.1,71.6,83.1,67.2,79.5,75.3,4,2,3,0,1,1,0,0,0,0,3,3,3,3,2,3,0,0,0,1,0,0,0,0,1,0,0,1,2,0,3,0,1,0,2,0,0,0,2,0,0
3571,Frontend Developer,8.04,73.9,64.5,77.1,78.4,60.4,75.0,72.7,1,2,1,0,1,1,0,0,0,0,1,3,2,2,2,3,0,0,0,0,0,0,0,1,0,0,0,0,0,1,1,0,0,0,0,1,0,0,3,0,0
3572,Frontend Developer,7.43,82.2,61.1,71.4,81.5,78.2,66.2,74.3,2,2,2,1,0,1,0,2,1,2,2,3,0,2,0,3,0,0,1,0,0,0,0,0,0,0,0,0,0,0,2,0,0,1,0,0,2,1,1,3,2
3573,Frontend Developer,7.61,94.7,87.2,76.9,65.6,75.4,83.8,75.4,3,1,0,0,1,1,1,0,0,0,2,2,2,1,2,3,0,0,0,0,1,0,0,0,0,0,1,0,0,0,0,0,0,0,0,0,0,0,2,2,0
3574,Frontend Developer,6.52,80.3,76.5,84.4,78.9,52.4,59.9,68.9,2,2,1,1,1,1,1,0,0,0,2,2,1,2,1,2,0,0,0,0,0,0,0,0,0,0,0,0,0,0,0,1,0,0,0,1,0,0,3,0,0
3575,Frontend Developer,7.22,84.7,75.2,74.3,87.2,75.2,67.6,76.1,1,2,2,1,1,1,0,0,0,0,1,2,1,3,2,2,0,2,0,0,0,0,0,0,0,0,0,0,0,0,0,0,1,1,0,0,0,0,0,0,0
3576,Frontend Developer,5.95,92.8,81.1,72.8,66.3,78.5,71.1,72.2,2,1,0,0,0,1,0,0,1,0,2,3,2,2,3,3,0,0,0,0,0,0,0,0,0,0,0,0,0,0,0,0,0,0,0,0,0,0,1,0,0
3577,Frontend Developer,5.32,80.2,70.2,81.7,60.5,62.1,77.2,70.4,3,2,1,1,1,0,0,0,0,0,1,3,3,3,3,1,0,0,0,0,0,0,0,0,0,0,0,2,0,0,0,0,0,0,0,0,0,0,2,0,1
3578,Frontend Developer,7.76,87.4,73.8,78.3,85.4,67.9,89.6,80.3,0,1,2,1,1,0,0,0,1,0,3,2,3,3,3,3,0,0,0,0,0,0,0,1,0,0,0,0,0,0,0,0,0,0,0,0,0,0,2,0,0
3579,Frontend Developer,8.68,79.7,93.8,73.6,75.9,73.6,100.0,82.0,3,2,1,1,0,0,0,0,0,0,3,3,2,0,0,2,0,0,1,2,0,0,0,0,0,0,0,1,0,0,0,0,0,0,0,0,0,0,1,0,0
3580,Frontend Developer,6.66,82.8,73.0,100.0,90.1,78.8,67.6,84.8,1,1,1,1,1,1,0,0,0,0,2,2,2,2,2,0,0,0,2,0,0,0,0,0,0,0,1,0,0,0,0,0,0,0,0,0,0,0,2,0,0
3581,Frontend Developer,6.99,89.2,100.0,72.3,79.8,66.6,91.8,77.6,1,1,3,0,1,1,2,0,1,0,2,0,3,2,3,3,0,0,0,0,0,0,0,0,0,0,0,2,2,2,0,0,0,0,1,0,0,0,3,0,0
3582,Frontend Developer,9.53,75.3,100.0,89.1,62.1,65.8,59.5,69.1,3,3,2,1,0,0,1,1,0,0,2,2,3,2,2,3,0,0,0,0,0,0,0,1,0,0,0,0,0,0,0,0,0,0,0,2,0,0,1,0,0
3583,Frontend Developer,7.98,81.6,71.0,66.8,68.1,100.0,84.2,81.4,4,3,1,1,0,0,0,0,0,0,3,1,3,3,3,0,1,0,0,0,0,0,0,1,0,2,0,0,1,0,0,0,0,0,0,1,0,0,3,1,0
3584,Frontend Developer,8.21,94.4,68.9,68.5,59.8,65.8,80.2,68.6,2,2,3,1,1,0,0,0,0,0,3,0,3,3,3,1,1,0,0,0,0,1,0,0,1,0,0,0,0,0,0,0,2,0,0,0,0,1,3,0,0
3585,Frontend Developer,6.46,82.4,84.5,66.3,71.2,69.5,79.1,71.5,3,2,1,0,0,1,0,0,0,0,1,2,1,2,0,0,0,0,0,0,0,0,0,0,0,1,0,0,2,0,0,0,0,0,0,0,0,0,0,0,1
3586,Frontend Developer,6.81,81.8,56.9,60.6,83.6,94.8,73.6,78.2,3,3,1,1,1,0,0,0,0,0,3,2,2,3,1,3,0,0,1,0,0,0,0,0,1,0,0,0,1,0,1,0,1,0,0,1,0,3,2,0,0
3587,Frontend Developer,6.08,78.6,85.2,67.1,81.0,70.0,61.7,70.0,2,2,2,1,1,1,0,0,1,0,2,0,2,3,3,0,0,0,0,0,2,1,0,0,0,1,0,0,0,0,0,0,0,0,0,0,0,0,2,0,0
3588,Frontend Developer,6.84,71.3,83.3,52.0,63.9,71.1,88.3,68.8,1,2,2,0,1,1,0,1,2,0,3,2,2,2,3,1,1,1,0,0,0,0,0,0,1,0,0,0,0,0,1,0,0,0,0,0,0,0,1,0,0
3589,Frontend Developer,5.92,80.4,79.9,92.2,79.1,75.1,81.2,81.9,0,3,2,1,1,1,0,1,0,0,3,2,1,3,1,3,0,0,0,0,0,2,0,0,0,0,0,0,0,1,2,0,0,0,0,0,2,0,3,1,1
3590,Frontend Developer,7.15,84.9,80.8,77.3,62.8,69.6,82.9,73.2,4,1,1,1,1,1,1,0,0,0,2,3,3,1,2,0,0,0,0,0,0,0,1,0,0,1,0,0,0,0,0,0,0,2,0,0,0,0,0,0,0
3591,Frontend Developer,7.62,80.9,65.3,76.1,74.9,83.1,57.6,72.9,1,2,2,1,1,1,0,0,0,0,2,3,3,2,2,3,0,0,0,0,1,0,0,0,1,0,1,0,0,0,0,0,0,1,0,0,2,0,3,1,1
3592,Frontend Developer,7.62,83.7,71.0,76.2,67.9,78.3,73.9,74.1,2,1,1,1,0,1,0,0,0,3,2,1,2,0,3,3,0,2,0,0,0,0,0,0,0,0,0,0,0,0,0,0,2,0,0,0,0,0,2,0,0
3593,Frontend Developer,6.87,67.0,87.3,49.9,80.4,63.1,62.1,63.9,3,2,0,0,1,1,1,0,0,0,1,1,2,2,3,0,0,1,0,0,0,1,0,0,0,2,0,0,1,0,0,0,0,0,0,0,0,0,3,0,0
3594,Frontend Developer,8.87,93.6,86.6,76.4,77.8,70.8,61.7,71.7,3,3,2,1,0,1,0,0,0,0,1,3,2,0,3,2,0,0,0,0,1,2,0,0,0,0,0,0,0,0,0,0,0,0,0,0,0,0,0,0,0
3595,Frontend Developer,7.72,66.2,86.2,90.2,97.4,44.2,81.5,78.3,0,2,1,1,1,0,0,0,0,0,3,3,3,3,3,1,0,0,0,0,0,0,0,0,0,0,1,0,0,0,0,0,0,0,0,2,0,0,1,0,0
3596,Frontend Developer,8.12,71.8,56.8,81.0,100.0,55.7,75.9,78.5,4,3,1,0,1,1,0,0,0,0,3,3,3,3,0,3,0,1,1,0,1,0,0,0,0,1,0,1,0,0,0,0,0,0,0,0,1,0,1,0,0
3597,Frontend Developer,8.15,79.7,79.8,70.7,84.9,44.9,68.5,67.2,1,3,3,1,0,1,0,0,2,0,2,0,0,2,2,3,0,0,0,0,0,0,3,0,0,0,0,0,0,0,2,0,0,0,0,0,1,0,1,0,0
3598,Frontend Developer,8.19,77.9,72.5,81.5,80.6,85.0,81.7,82.2,2,2,2,1,0,1,0,1,1,0,3,1,3,1,3,0,0,0,0,0,0,2,0,0,0,0,0,0,0,0,1,0,0,0,0,0,0,0,2,0,0
3599,Frontend Developer,7.29,71.3,88.3,60.9,70.0,70.1,89.5,72.6,1,2,1,1,1,1,0,0,0,0,2,2,2,3,1,1,0,0,0,2,0,0,0,0,0,0,0,0,0,0,0,1,0,0,0,0,0,0,3,0,0
3600,Frontend Developer,7.48,80.9,68.1,75.0,82.1,51.3,89.4,74.4,3,2,1,1,1,1,0,0,0,1,2,2,3,2,1,3,0,0,1,0,0,0,0,0,0,0,0,0,0,1,1,0,0,0,0,0,1,0,2,0,0
3601,Frontend Developer,7.63,72.1,77.3,50.7,88.1,77.5,71.0,71.8,4,3,1,1,1,1,0,0,0,0,3,3,1,3,2,1,2,1,0,0,0,0,0,0,0,0,0,0,0,0,0,0,0,0,0,0,0,0,1,0,0
3602,Frontend Developer,7.19,85.1,77.5,69.2,70.4,75.5,92.8,77.0,1,2,2,1,0,1,0,0,1,0,2,0,3,2,2,0,0,2,0,1,0,0,0,0,0,0,0,0,0,0,0,0,0,0,0,0,0,3,2,0,1
3603,Frontend Developer,7.76,85.7,83.6,77.2,68.1,81.9,60.1,71.8,2,3,1,0,0,1,0,0,1,0,2,3,2,0,3,2,0,0,0,0,0,0,0,0,0,0,0,0,0,2,0,0,0,2,0,0,0,0,2,0,0
3604,Frontend Developer,7.86,66.0,70.1,84.8,69.0,71.8,85.6,77.8,2,2,1,1,1,1,0,2,1,1,1,3,3,2,3,0,0,0,0,0,0,0,0,0,0,0,0,0,1,0,0,0,1,1,0,0,0,0,0,0,0
3605,Frontend Developer,6.61,82.2,57.7,79.7,59.4,60.3,81.5,70.2,2,1,0,0,1,0,0,0,0,0,3,2,3,3,2,0,0,0,1,0,0,0,1,0,0,0,0,0,0,0,0,1,0,0,0,0,1,1,0,0,0
3606,Frontend Developer,7.32,80.0,77.5,80.0,63.4,67.1,53.5,66.0,2,2,1,1,0,0,0,0,0,0,2,3,0,2,3,2,0,0,0,1,0,0,0,1,0,1,0,0,0,0,0,0,0,0,0,1,0,0,0,0,0
3607,Frontend Developer,7.74,83.4,75.7,81.6,64.6,65.5,89.4,75.3,1,1,2,1,0,1,0,0,0,0,3,3,3,2,3,2,0,0,0,0,0,1,0,1,0,0,2,0,0,1,1,0,2,0,0,0,0,0,3,0,1
3608,Frontend Developer,6.89,74.0,69.0,48.4,92.0,56.2,77.8,68.6,3,2,3,0,1,0,0,2,0,0,3,1,3,3,2,3,0,0,0,0,0,0,0,0,0,0,0,0,0,0,0,2,1,0,0,0,0,0,0,0,2
3609,Frontend Developer,7.79,64.0,66.5,95.1,74.2,53.2,62.2,71.2,2,2,0,0,1,0,0,0,0,0,2,3,2,3,3,3,0,0,0,0,0,0,0,0,0,0,0,0,0,0,0,0,0,0,0,0,0,0,3,0,0
3610,Frontend Developer,9.05,82.1,76.9,67.3,69.4,81.6,66.5,71.2,2,1,2,1,0,1,0,0,0,0,3,0,2,3,3,0,0,0,2,0,0,0,0,0,0,0,0,0,0,0,0,0,0,0,0,0,0,0,0,0,0
3611,Frontend Developer,7.43,81.3,68.0,55.3,62.8,53.7,71.9,60.9,2,3,0,0,0,1,0,0,0,0,2,1,3,3,2,3,0,0,0,0,0,0,0,1,0,0,0,0,0,0,2,0,1,0,0,0,0,0,0,0,0
3612,Frontend Developer,8.37,80.1,73.7,77.6,47.9,68.1,71.3,66.2,3,1,3,1,0,1,2,0,0,0,1,3,0,3,2,1,0,0,0,0,0,1,0,0,0,0,0,0,0,0,0,0,0,0,0,0,0,0,2,0,0
3613,Frontend Developer,6.89,93.3,78.8,78.1,73.8,76.8,74.8,75.9,2,2,2,1,1,1,0,0,0,0,2,3,1,2,3,2,0,0,0,0,0,0,0,0,2,2,0,0,0,0,0,0,2,0,0,0,0,0,2,1,0
3614,Frontend Developer,7.37,69.4,63.6,48.5,87.0,60.8,84.6,70.2,1,3,1,0,1,1,0,0,1,0,2,2,3,1,3,2,1,0,0,0,0,0,0,0,0,0,0,0,0,0,0,0,0,0,0,0,0,0,3,0,0
3615,Frontend Developer,7.48,76.0,92.3,57.3,80.4,67.2,79.5,71.1,3,3,0,0,1,1,2,2,0,0,3,2,2,3,3,0,0,1,0,0,0,1,0,2,0,0,0,0,0,0,0,0,0,0,0,0,0,0,1,0,0
3616,Frontend Developer,6.95,80.2,97.0,51.4,55.5,83.9,59.7,62.6,0,2,3,1,0,1,0,0,1,1,2,1,3,2,3,0,0,0,1,0,0,2,0,1,0,0,2,0,0,0,0,1,0,0,0,0,2,0,3,1,1
3617,Frontend Developer,7.71,76.0,75.8,64.7,61.9,58.5,73.9,64.8,1,3,0,0,1,1,0,0,2,0,1,3,1,3,2,2,0,2,0,0,1,0,0,0,0,0,0,0,0,0,0,0,0,0,0,0,0,0,3,0,0
3618,Frontend Developer,7.01,74.3,70.5,69.2,77.2,91.7,58.5,74.2,0,2,1,1,1,0,0,0,0,0,2,1,2,1,2,3,0,0,1,0,0,0,0,0,0,0,1,0,1,0,0,0,0,0,0,0,0,2,0,0,0
3619,Frontend Developer,6.33,67.4,68.3,62.7,67.8,81.9,84.3,74.2,3,1,1,1,1,1,0,0,1,0,2,0,2,2,3,3,1,0,0,0,0,0,0,0,0,0,0,0,0,0,0,1,0,0,0,0,2,2,1,0,0
3620,Frontend Developer,7.32,72.6,93.6,77.6,75.5,58.2,71.5,70.7,1,3,1,1,1,0,2,0,1,0,3,1,3,3,2,2,0,2,1,0,0,0,0,0,0,0,0,0,0,0,0,0,0,1,0,0,0,0,3,0,1
3621,Frontend Developer,7.76,99.7,58.2,93.7,65.0,62.1,87.4,77.0,2,1,3,1,0,1,0,0,0,0,2,2,2,3,3,0,2,1,0,0,1,0,0,0,0,0,1,0,0,0,0,0,0,0,1,0,0,0,3,0,0
3622,Frontend Developer,8.16,76.6,94.1,83.9,98.3,72.0,62.7,79.2,4,1,2,1,1,0,0,0,0,1,3,3,3,3,3,3,0,0,1,1,2,0,0,0,1,0,0,0,0,1,0,0,0,0,2,0,0,0,2,2,0
3623,Frontend Developer,8.14,66.7,82.5,96.5,99.1,60.1,71.4,81.8,3,2,2,1,0,1,0,0,0,0,3,1,2,1,3,2,0,0,0,0,0,0,0,0,1,1,1,0,0,0,0,0,0,2,0,0,0,0,3,0,0
3624,Frontend Developer,7.72,90.9,85.3,73.8,73.3,65.2,86.7,74.8,4,3,1,0,1,1,0,0,0,0,2,2,3,3,2,2,0,0,1,0,0,0,0,0,1,2,0,2,0,1,0,1,0,1,0,0,0,0,3,0,0
3625,Frontend Developer,6.62,91.2,78.4,96.4,82.7,70.1,75.7,81.2,2,2,2,1,1,1,2,0,0,2,3,0,2,2,2,2,2,0,0,0,0,0,0,2,0,0,0,0,0,0,0,0,0,1,0,0,0,0,1,0,0
3626,Frontend Developer,7.28,80.6,82.8,68.7,80.5,83.2,95.8,82.0,3,2,2,1,1,1,0,0,0,0,3,0,1,1,2,2,2,0,1,0,0,1,0,0,0,0,0,0,0,1,0,0,0,0,0,0,0,0,2,0,0
3627,Frontend Developer,9.07,83.1,63.8,67.0,81.6,55.3,82.6,71.6,4,3,0,0,0,1,0,0,0,0,1,2,2,3,3,2,1,1,0,0,0,0,0,0,0,0,0,0,0,0,1,2,0,0,1,0,0,1,0,0,0
3628,Frontend Developer,6.77,72.7,76.4,65.2,62.0,68.2,98.8,73.5,4,1,1,1,1,1,2,0,0,1,2,3,2,3,3,2,0,0,0,1,0,0,1,0,0,0,2,1,0,0,0,0,0,0,1,0,1,0,0,0,0
3629,Frontend Developer,7.87,74.6,62.5,73.7,73.5,70.5,83.0,75.2,2,2,0,0,1,1,0,0,0,0,3,2,3,1,0,1,0,0,0,0,1,0,0,0,0,0,0,0,0,0,0,0,0,0,1,0,0,0,1,0,0
3630,Frontend Developer,8.16,90.4,90.3,84.3,85.1,80.8,81.7,83.0,3,3,0,0,1,1,0,0,0,0,3,2,1,3,3,1,0,1,0,0,0,0,0,0,0,1,1,0,0,0,0,0,0,0,0,0,0,0,0,0,1
3631,Frontend Developer,6.63,67.5,89.2,70.5,72.0,66.9,84.4,73.5,2,2,0,0,1,1,0,0,1,0,2,0,2,3,3,2,0,0,0,2,0,0,1,0,0,0,0,0,0,0,0,0,0,0,0,1,0,1,3,0,0
3632,Frontend Developer,7.2,66.9,90.7,84.0,80.6,48.8,90.0,75.8,2,1,1,1,1,1,0,0,0,0,1,3,2,2,2,3,0,1,0,0,0,0,0,0,0,0,1,0,0,0,0,0,0,0,0,0,0,0,1,0,0
3633,Frontend Developer,7.89,62.0,84.5,65.0,70.5,69.6,87.7,73.2,1,3,2,1,1,1,0,0,0,2,2,1,2,3,2,3,0,0,0,0,0,0,0,3,0,0,0,0,1,0,1,0,0,0,0,0,0,0,1,0,0
3634,Frontend Developer,5.71,65.7,83.1,60.0,60.4,75.5,53.6,62.4,2,2,1,1,1,1,0,0,0,0,2,2,3,3,3,0,0,0,0,0,1,1,1,0,0,0,1,0,0,0,2,1,0,0,0,2,0,0,3,0,0
3635,Frontend Developer,7.99,85.3,84.1,66.9,86.4,80.2,69.8,75.8,3,3,1,1,1,1,0,0,0,1,3,2,3,2,2,3,0,0,0,0,0,0,0,0,0,0,0,0,0,0,0,1,0,0,0,0,0,0,2,1,0
3636,Frontend Developer,7.53,67.7,79.5,74.1,81.9,85.4,75.2,79.2,4,3,2,1,1,0,0,0,0,0,2,2,2,3,2,3,2,1,0,0,0,0,0,0,0,0,0,0,0,0,0,0,0,1,1,0,0,0,2,0,1
3637,Frontend Developer,6.93,81.4,85.1,57.1,86.9,80.1,76.0,75.0,2,1,1,1,1,1,0,0,0,0,3,2,1,2,3,0,0,1,1,0,0,0,0,2,0,2,0,0,0,0,2,0,2,0,0,1,0,0,2,0,0
3638,Frontend Developer,6.19,85.9,69.0,84.1,90.5,61.4,97.3,83.3,2,2,1,1,1,1,0,1,0,0,2,1,3,3,3,3,0,0,0,0,0,0,0,0,0,0,0,0,0,0,0,0,0,0,0,0,0,1,2,2,0
3639,Frontend Developer,8.46,100.0,82.5,60.1,70.6,69.6,84.2,71.1,1,2,3,1,1,1,1,0,0,0,2,3,3,2,2,3,0,0,0,0,0,0,0,0,0,0,0,0,0,2,0,0,0,0,0,0,0,0,2,0,0
3640,Frontend Developer,7.29,79.1,84.2,62.9,73.8,56.2,97.2,72.5,1,3,0,0,1,0,0,0,0,0,1,2,2,3,3,2,0,0,0,0,0,0,1,1,0,0,1,0,0,0,0,0,0,0,0,1,1,0,0,0,0
3641,Frontend Developer,8.31,83.0,83.0,65.0,68.4,55.4,79.7,67.1,0,1,1,1,1,1,0,0,0,0,0,2,3,1,2,0,0,0,0,2,0,0,2,0,0,0,0,0,0,1,0,0,0,0,0,0,0,0,3,0,0
3642,Frontend Developer,6.83,75.4,66.6,75.2,65.3,73.1,93.6,76.8,2,3,1,1,1,0,0,0,0,2,3,3,3,2,3,2,0,0,0,0,0,0,2,0,1,0,0,0,0,0,0,0,0,0,1,0,0,0,2,0,0
3643,Frontend Developer,5.43,75.7,80.1,52.3,82.0,91.0,80.5,76.5,2,2,1,1,1,1,0,0,0,0,3,3,2,2,0,3,2,1,2,2,1,2,0,0,0,0,0,0,0,0,1,0,0,0,0,0,0,0,3,0,0
3644,Frontend Developer,6.99,73.8,75.8,55.4,55.9,56.3,93.4,65.2,4,3,2,1,1,1,1,0,0,0,0,0,2,0,2,2,1,0,0,0,0,1,0,0,0,0,1,0,0,0,1,0,0,0,1,0,0,0,3,0,0
3645,Frontend Developer,6.83,73.7,62.9,65.8,73.2,61.0,51.9,63.0,2,3,1,1,1,1,0,0,0,0,1,0,3,3,3,2,0,0,0,0,0,2,0,0,0,1,0,0,0,0,0,0,0,0,0,0,0,1,2,0,0
3646,Frontend Developer,7.98,89.6,88.8,78.7,64.5,76.0,81.6,75.2,3,2,0,0,0,1,0,0,0,0,3,3,2,3,0,0,0,0,2,0,0,0,0,1,0,0,0,0,0,0,0,0,0,0,0,0,0,0,0,0,0
3647,Frontend Developer,8.97,81.0,78.3,84.9,91.1,62.9,83.8,80.7,2,3,2,1,1,1,0,0,0,0,2,3,2,1,3,0,0,2,0,0,0,0,0,0,0,0,0,0,0,0,0,0,0,0,0,0,0,1,2,0,2
3648,Frontend Developer,7.44,70.4,63.6,91.2,79.6,77.7,92.7,85.3,2,2,0,0,1,0,0,0,0,0,2,1,3,3,3,3,0,0,0,0,0,0,0,2,0,0,0,0,0,0,0,0,0,0,0,0,0,1,2,2,0
3649,Frontend Developer,6.28,60.2,84.3,63.3,89.7,50.2,79.0,70.5,2,3,2,0,1,1,0,0,0,0,3,3,3,2,2,2,0,0,0,2,0,0,2,0,1,0,0,0,1,0,0,1,0,0,0,0,0,0,2,0,0
3650,Frontend Developer,8.22,81.9,82.5,75.1,63.6,79.4,76.4,73.6,3,3,3,1,1,1,0,0,0,1,3,1,2,3,2,3,0,1,0,0,0,0,2,1,0,0,0,0,0,0,0,0,0,0,0,0,0,0,2,0,0
3651,Frontend Developer,7.85,92.5,79.5,77.8,70.8,49.5,93.7,73.0,2,2,0,0,0,1,0,0,0,0,3,0,2,2,2,3,1,0,0,1,0,0,0,0,0,0,0,0,0,0,0,0,0,0,0,1,0,0,2,0,0
3652,Frontend Developer,7.73,74.5,83.0,67.2,80.5,68.0,78.8,73.6,2,1,0,0,1,1,0,0,0,0,2,2,3,2,3,1,2,0,0,0,2,0,0,2,0,0,0,2,0,2,1,0,0,0,0,0,0,0,0,0,0
3653,Frontend Developer,9.3,91.6,93.3,80.5,63.5,66.6,63.2,68.5,1,3,2,1,0,1,0,0,0,0,2,3,3,1,1,3,0,0,0,0,0,0,0,0,0,1,1,0,0,0,1,2,2,0,0,1,0,0,2,0,0
3654,Frontend Developer,6.69,90.9,80.3,96.5,88.5,70.8,72.8,82.2,2,1,0,0,1,1,0,0,1,2,2,2,3,2,3,2,0,2,0,0,2,0,0,0,0,0,0,2,0,0,0,1,0,0,2,0,0,0,3,2,0
3655,Frontend Developer,6.95,81.0,85.3,83.2,75.2,64.1,70.8,73.3,0,1,1,1,1,1,2,1,0,0,3,3,2,3,3,0,0,0,0,0,2,0,0,0,0,0,0,1,0,0,0,0,0,0,0,1,0,0,1,0,0
3656,Frontend Developer,7.8,85.7,78.3,58.2,74.9,59.1,76.3,67.1,1,3,2,1,0,1,0,0,0,1,2,2,3,1,3,3,0,0,0,0,0,0,0,0,0,0,0,0,0,0,1,0,1,1,0,0,0,0,1,0,0
3657,Frontend Developer,7.68,87.2,66.6,78.4,70.4,79.1,96.7,81.2,4,2,0,0,1,1,0,0,0,0,0,1,2,3,2,2,0,2,1,0,0,0,0,0,1,0,0,0,0,0,0,0,0,0,0,0,1,0,3,0,0
3658,Frontend Developer,8.38,76.8,82.9,64.9,89.1,77.2,68.0,74.8,2,1,2,0,1,1,1,0,0,1,2,3,2,3,3,2,0,0,2,0,2,0,0,0,0,0,0,0,1,0,0,0,0,0,2,0,0,0,3,0,0
3659,Frontend Developer,7.42,86.5,82.5,65.1,69.4,63.8,75.6,68.5,2,2,2,1,1,1,0,0,0,0,3,1,3,3,2,3,0,0,0,0,0,0,0,0,0,0,0,0,3,0,0,0,1,0,0,2,0,1,0,0,0
3660,Frontend Developer,7.84,84.1,75.4,81.1,67.5,64.0,53.2,66.5,2,3,1,1,1,1,0,0,0,1,2,3,3,3,3,3,0,0,0,0,0,0,0,0,0,0,0,0,0,0,0,0,0,0,0,0,0,0,0,0,0
3661,Frontend Developer,8.25,72.5,74.3,53.8,86.7,66.7,81.7,72.2,2,2,2,0,1,1,0,0,0,0,3,2,3,2,2,1,0,0,0,0,0,0,0,0,0,0,0,0,0,2,0,0,0,0,0,0,0,0,2,1,0
3662,Frontend Developer,6.49,77.7,100.0,66.2,91.0,73.7,78.9,77.4,2,2,0,0,1,1,0,0,2,0,1,3,3,3,3,3,0,0,0,0,0,0,0,0,0,1,0,0,2,0,0,0,0,1,0,0,0,0,0,0,0
3663,Frontend Developer,8.81,94.9,68.4,66.9,48.8,52.1,70.9,59.7,4,1,1,0,1,1,0,1,0,0,2,2,1,3,3,1,0,0,0,2,0,0,0,0,0,0,0,0,0,0,0,0,0,0,0,0,0,0,0,0,0
3664,Frontend Developer,6.75,87.2,77.1,47.4,100.0,55.5,85.7,72.5,2,3,1,0,0,1,0,0,0,1,1,3,1,3,3,0,0,0,0,0,0,0,0,0,0,1,0,1,0,1,0,0,0,0,0,0,0,0,3,0,0
3665,Frontend Developer,7.01,80.9,83.3,74.4,79.0,85.6,54.7,73.4,2,2,1,0,1,1,0,0,1,0,1,1,1,2,2,2,0,0,1,0,2,0,0,0,0,0,0,0,0,0,2,0,0,0,0,0,0,0,1,0,0
3666,Frontend Developer,8.15,77.0,81.9,76.1,53.2,56.9,85.3,67.9,3,1,1,0,1,1,0,0,1,0,3,1,3,3,3,3,0,0,1,0,0,1,0,0,0,1,0,0,0,0,0,0,0,0,0,0,0,0,3,0,0
3667,Frontend Developer,8.54,81.7,68.0,66.6,81.4,60.7,80.8,72.4,2,1,2,0,0,1,0,0,0,1,2,2,2,2,3,0,0,0,0,2,1,0,0,0,0,0,0,0,1,0,0,0,1,0,0,0,0,0,2,0,0
3668,Frontend Developer,6.22,84.4,77.1,59.7,100.0,70.1,87.1,79.8,2,3,3,1,1,1,0,0,0,0,3,1,2,3,1,3,0,1,0,0,1,0,0,0,0,0,0,0,0,0,0,0,0,0,0,1,2,0,3,0,0
3669,Frontend Developer,8.29,83.4,72.6,44.7,83.2,74.4,67.0,67.3,3,2,1,1,1,1,0,0,1,0,3,3,1,0,1,3,0,0,0,0,0,0,0,0,0,0,0,0,0,0,0,0,1,0,0,0,1,0,3,0,0
3670,Frontend Developer,7.26,81.4,76.0,83.7,70.0,59.9,70.3,71.0,3,2,2,1,0,1,0,0,1,0,1,3,2,3,2,0,0,1,2,1,0,0,1,0,0,0,0,0,0,0,0,0,0,0,0,0,0,0,3,1,0
3671,Frontend Developer,8.18,73.8,84.6,93.6,81.6,91.3,87.8,88.6,2,3,0,0,0,1,1,0,0,0,1,0,2,2,2,2,0,0,0,0,0,1,0,0,0,0,0,1,0,0,0,0,0,2,0,0,0,2,1,0,0
3672,Frontend Developer,7.3,94.0,76.8,75.0,57.9,63.6,50.8,61.8,3,3,1,0,1,1,0,0,0,2,3,2,2,3,3,2,0,0,2,0,0,2,0,1,0,2,0,0,1,0,0,0,0,1,0,0,2,0,2,0,0
3673,Frontend Developer,6.55,68.6,77.4,66.0,100.0,53.9,75.0,74.0,1,2,2,1,1,1,0,0,1,0,3,1,1,2,3,3,0,0,0,0,0,0,0,1,0,0,0,1,0,0,1,0,0,0,1,1,0,0,2,0,0
3674,Frontend Developer,7.03,77.5,74.9,68.4,75.6,63.1,87.3,73.6,3,1,2,1,1,1,0,0,0,1,3,3,2,3,2,2,0,0,0,0,0,0,0,0,0,0,0,0,0,0,0,0,0,0,0,1,0,0,2,1,1
3675,Frontend Developer,7.64,78.9,78.5,64.1,88.3,68.1,71.3,72.9,3,1,0,0,1,0,0,0,0,0,2,2,3,2,1,2,0,1,0,0,0,0,0,0,0,0,0,0,0,0,0,0,0,0,1,0,0,0,2,0,0
3676,Frontend Developer,7.75,90.0,73.9,60.1,76.3,66.6,61.2,66.0,0,2,1,0,0,1,0,0,0,1,3,3,0,1,3,3,0,0,0,0,0,1,0,0,0,0,0,0,0,0,0,0,0,0,0,0,0,1,0,0,0
3677,Frontend Developer,6.49,80.1,83.1,71.6,71.7,71.4,78.2,73.2,4,3,1,0,1,1,0,0,0,0,2,2,2,3,2,0,0,0,0,0,0,0,0,0,0,2,1,0,0,0,0,0,0,0,0,0,0,0,2,1,0
3678,Frontend Developer,7.76,81.8,75.8,48.1,80.6,61.8,64.1,63.6,3,3,3,1,1,1,0,0,0,0,3,2,2,2,2,3,0,0,2,0,0,0,0,0,0,0,0,0,0,0,0,0,0,0,0,0,0,0,3,0,0
3679,Frontend Developer,5.39,80.2,76.5,68.2,76.2,87.7,80.9,78.2,3,2,1,1,1,1,2,0,0,0,1,0,2,2,0,2,0,0,2,0,0,0,1,0,0,0,0,0,0,0,0,0,0,0,1,0,0,0,1,0,0
3680,Frontend Developer,7.38,84.5,97.9,66.9,77.4,64.4,72.0,70.2,3,3,1,0,1,1,0,0,0,2,3,3,1,3,3,3,0,0,0,0,0,0,0,0,1,0,0,0,0,0,2,1,1,0,0,0,0,0,0,0,0
3681,Frontend Developer,8.12,83.7,77.2,58.4,76.3,63.0,56.7,63.6,2,3,1,0,0,0,0,0,0,0,1,1,3,3,3,2,0,0,0,0,1,0,0,0,0,2,0,0,2,0,1,1,0,1,0,0,0,0,1,0,0
3682,Frontend Developer,7.5,73.2,75.3,66.9,82.9,56.3,64.1,67.6,2,2,1,1,1,1,0,0,0,1,2,1,3,0,2,0,3,1,0,0,0,0,0,0,0,1,0,0,0,0,0,0,3,0,0,0,0,0,3,0,0
3683,Frontend Developer,7.4,87.3,77.6,60.8,93.9,67.0,68.7,72.6,2,3,0,0,1,1,0,0,0,0,0,1,2,2,2,1,0,0,0,0,0,1,0,0,0,0,0,0,0,0,0,0,0,0,0,0,0,0,2,0,0
3684,Frontend Developer,7.32,76.1,76.1,67.0,68.6,44.4,79.7,64.9,4,2,1,1,1,1,0,0,2,0,2,3,3,3,3,3,0,0,0,0,0,1,0,1,0,0,1,0,0,2,0,0,0,0,0,0,0,0,3,0,0
3685,Frontend Developer,7.71,76.5,89.3,93.5,53.0,57.6,78.3,70.6,3,2,0,0,0,1,0,1,0,0,2,1,2,3,3,3,0,0,0,0,0,0,0,0,0,0,0,0,0,1,0,0,0,0,0,0,0,0,0,0,0
3686,Frontend Developer,9.19,73.3,66.3,83.7,72.4,79.7,59.2,73.8,3,3,0,0,1,1,1,0,1,0,2,2,3,0,1,1,0,0,0,0,0,0,0,0,0,1,0,0,1,2,0,0,0,0,0,0,2,2,2,0,0
3687,Frontend Developer,7.16,71.1,92.6,54.9,74.4,72.0,79.7,70.2,2,2,1,1,1,1,0,0,2,0,2,2,2,2,2,2,1,0,0,0,0,0,0,0,0,1,0,0,0,1,0,0,0,0,0,0,0,0,3,0,0
3688,Frontend Developer,7.49,85.2,50.0,88.0,78.3,73.4,76.1,79.0,3,3,3,1,0,1,0,1,0,0,3,2,1,3,2,3,0,0,0,0,0,0,0,0,0,0,0,0,0,0,0,0,0,0,1,0,0,0,1,1,0
3689,Frontend Developer,7.89,79.2,76.2,68.5,77.7,81.8,82.4,77.6,1,2,0,0,1,0,0,0,0,0,1,0,3,2,1,2,0,0,0,0,2,0,0,0,0,0,0,0,2,0,0,0,0,0,0,0,0,0,2,1,0
3690,Frontend Developer,6.54,81.1,72.5,73.3,55.0,71.2,76.8,69.1,1,3,1,1,0,1,0,0,0,0,1,3,2,3,1,3,0,0,0,0,0,0,0,2,0,0,0,0,2,0,0,1,0,1,0,2,0,1,2,0,0
3691,Frontend Developer,7.75,77.2,76.8,66.9,83.4,72.3,64.6,71.8,2,2,0,0,0,1,1,0,2,0,2,3,2,2,2,3,1,0,0,0,0,2,0,0,0,0,0,0,0,0,0,0,2,0,2,1,1,0,3,1,0
3692,Frontend Developer,6.6,96.1,83.6,69.8,83.9,63.8,74.7,73.0,1,2,1,1,1,0,0,0,0,0,2,2,3,2,2,3,0,0,0,0,0,0,0,0,0,0,0,1,0,0,0,0,0,0,0,0,0,0,2,0,0
3693,Frontend Developer,6.95,79.1,85.6,73.9,61.1,78.1,78.5,72.9,1,2,3,1,1,1,0,0,2,0,2,1,2,2,2,2,0,0,0,0,0,0,0,0,0,0,1,0,0,0,1,0,0,0,1,0,0,0,0,0,2
3694,Frontend Developer,7.79,83.9,64.0,73.3,86.7,95.6,55.5,77.8,2,3,3,1,1,1,0,0,1,0,3,2,3,3,2,2,0,0,2,0,1,0,0,0,0,0,0,0,2,0,0,0,0,2,0,0,0,0,2,0,0
3695,Frontend Developer,7.57,82.7,68.3,65.9,72.5,62.0,86.4,71.7,1,3,2,1,1,1,0,0,0,0,2,2,3,1,0,2,1,0,0,0,1,0,0,0,1,0,0,0,0,0,0,0,0,0,0,0,0,0,0,0,0
3696,Frontend Developer,7.19,74.0,84.4,88.5,71.2,70.8,68.9,74.8,2,3,3,1,1,1,1,0,0,0,3,2,0,3,0,0,0,0,0,0,0,0,0,1,0,2,0,0,0,0,0,0,0,0,0,0,0,0,2,1,0
3697,Frontend Developer,7.01,90.9,75.6,64.1,55.8,50.1,52.3,55.6,2,3,1,0,1,0,1,0,2,0,3,1,3,2,2,2,0,1,0,1,1,0,0,0,0,1,0,0,1,1,0,0,0,0,0,0,0,0,1,1,0
3698,Frontend Developer,7.17,89.6,70.0,76.4,71.3,56.7,74.8,69.8,1,1,0,0,1,1,0,0,0,0,2,0,3,1,3,0,0,0,0,0,0,0,0,0,2,0,0,0,1,2,0,0,1,0,1,2,0,1,2,2,1
3699,Frontend Developer,6.42,87.7,78.0,65.6,63.4,80.4,61.3,67.7,1,2,0,0,0,0,0,0,0,0,2,2,3,3,2,2,0,0,0,0,0,0,1,0,0,0,0,1,0,0,0,0,0,0,0,0,1,0,1,1,0
3700,Frontend Developer,7.46,79.2,77.4,58.0,67.2,78.6,75.5,69.8,3,1,2,1,1,1,0,0,0,0,3,3,3,2,2,0,0,0,0,1,0,0,0,1,0,0,2,0,0,1,1,0,0,0,1,0,0,0,3,0,0
3701,Frontend Developer,7.73,82.6,85.2,35.0,82.4,68.3,75.2,65.2,2,2,1,1,1,1,0,0,0,0,2,2,3,2,3,3,0,0,0,0,0,0,0,0,0,0,0,0,0,0,0,0,0,0,0,0,0,0,3,0,1
3702,Frontend Developer,7.08,73.2,80.3,81.7,70.0,94.4,85.2,82.8,1,1,1,1,1,1,0,0,0,0,2,3,3,3,1,2,0,0,0,0,0,2,0,0,1,0,0,0,2,0,0,0,0,1,0,1,0,0,3,0,0
3703,Frontend Developer,7.35,82.6,76.9,86.5,80.5,72.8,72.4,78.1,2,2,2,1,1,1,1,0,0,0,2,2,3,1,1,1,0,0,0,0,0,0,0,0,0,0,2,0,0,1,0,0,0,0,0,0,0,0,1,0,0
3704,Frontend Developer,8.06,69.6,50.8,70.8,96.3,75.9,61.5,76.1,1,2,1,0,1,1,0,0,0,0,2,3,0,3,3,0,0,0,0,0,0,1,2,0,2,0,0,0,0,0,0,3,0,0,0,0,0,0,2,0,0
3705,Frontend Developer,7.23,67.6,78.1,67.6,67.6,70.8,79.9,71.5,2,1,1,1,1,1,0,2,0,0,3,2,1,3,3,2,1,0,0,1,0,0,0,0,2,0,0,1,0,0,0,0,0,1,0,2,0,1,3,2,1
3706,Frontend Developer,6.35,82.3,80.5,89.5,74.1,71.0,71.5,76.5,1,1,0,0,1,1,0,0,0,2,2,2,2,2,2,3,0,0,0,1,0,0,0,1,0,0,2,1,0,0,1,0,1,1,1,2,0,0,1,0,0
3707,Frontend Developer,8.12,79.8,80.5,69.8,57.5,73.8,72.8,68.5,3,3,1,1,1,0,0,0,0,0,2,2,3,3,1,1,0,2,0,1,0,0,0,0,0,0,0,0,0,0,0,0,2,0,0,0,0,0,3,0,0
3708,Frontend Developer,6.98,88.2,92.9,64.9,69.5,67.2,75.4,69.2,2,3,3,1,1,1,0,1,0,0,1,2,3,3,3,0,0,0,2,1,0,0,0,1,0,0,0,2,0,1,0,0,0,0,0,0,0,0,1,0,0
3709,Frontend Developer,7.81,73.3,91.9,72.0,63.3,52.3,70.1,64.4,2,1,0,0,0,1,0,1,0,0,3,3,2,2,2,2,0,0,0,0,0,0,2,0,1,1,0,0,1,0,0,0,0,0,0,0,0,0,2,0,0
3710,Frontend Developer,6.6,69.3,82.4,69.5,70.0,60.7,81.8,70.5,2,2,2,1,1,1,1,0,0,0,2,1,1,2,1,2,0,0,2,0,1,0,0,1,0,0,1,1,0,0,0,2,0,0,1,0,0,1,3,0,0
3711,Frontend Developer,7.69,80.0,94.2,68.7,88.7,38.2,82.8,69.6,1,3,2,0,1,1,0,0,0,0,3,2,0,1,2,3,0,0,2,2,0,0,0,0,0,0,0,0,0,0,0,0,0,0,0,1,0,1,3,0,0
3712,Frontend Developer,8.12,83.5,76.6,96.2,70.0,70.2,100.0,84.8,2,1,2,1,1,1,0,0,0,0,2,2,3,3,2,2,0,0,0,0,0,0,0,2,0,0,0,0,0,0,0,0,0,0,0,0,0,0,3,0,0
3713,Frontend Developer,7.84,81.0,87.2,82.4,78.3,66.1,62.9,72.4,1,2,0,0,1,1,1,0,0,0,3,2,3,1,2,2,0,0,0,1,2,0,0,0,0,0,0,1,0,0,0,0,0,0,0,0,2,0,2,0,0
3714,Frontend Developer,7.84,78.2,68.7,60.8,59.5,73.6,81.3,68.8,2,1,2,1,0,1,0,0,0,0,1,2,1,2,1,2,0,0,0,0,0,0,0,0,0,0,0,0,0,0,0,0,0,0,0,0,0,0,2,0,0
3715,Frontend Developer,9.25,92.4,74.7,59.2,96.7,75.7,80.6,78.1,2,3,0,0,1,1,1,0,0,1,2,2,3,2,3,2,0,0,0,0,0,0,0,0,0,0,0,0,0,0,0,0,1,1,0,1,1,0,3,0,0
3716,Frontend Developer,6.99,78.5,80.1,61.4,65.4,56.8,56.6,60.1,4,3,3,1,0,1,0,0,0,0,2,1,2,3,3,2,0,0,0,0,1,0,0,0,1,1,0,0,0,0,0,0,0,0,0,1,1,0,2,1,0
3717,Frontend Developer,6.96,82.0,82.4,64.9,62.4,95.0,92.1,78.6,0,2,1,0,1,1,0,0,0,1,3,3,2,0,2,1,0,0,0,1,2,0,0,0,0,0,0,0,0,0,0,0,0,2,1,1,0,0,3,0,0
3718,Frontend Developer,8.07,71.1,79.0,61.7,59.5,58.7,80.6,65.1,2,2,1,0,1,1,0,1,0,0,2,2,3,3,3,2,2,0,0,0,0,0,1,0,0,0,0,0,0,0,0,0,0,2,0,0,2,1,2,0,0
3719,Frontend Developer,8.24,93.1,77.2,53.1,85.8,59.9,87.3,71.5,1,1,3,1,1,1,0,0,0,0,2,2,3,3,2,3,0,0,1,1,0,0,0,0,0,0,0,0,0,0,1,1,0,2,0,0,0,2,0,0,0
3720,Frontend Developer,7.71,87.3,76.7,67.6,81.2,64.0,71.2,71.0,2,2,1,0,0,0,1,0,0,2,2,3,1,3,3,1,0,0,0,0,0,0,0,1,0,0,0,1,0,1,0,0,0,2,2,1,1,1,2,0,0
3721,Frontend Developer,6.25,74.0,83.3,95.6,45.5,60.9,60.3,65.6,2,1,1,1,1,1,0,0,0,0,0,3,2,3,2,0,0,0,0,0,0,0,0,3,0,0,0,0,0,0,0,0,3,0,0,0,0,2,2,0,2
3722,Frontend Developer,6.8,88.3,73.2,79.0,52.7,53.5,65.6,62.7,2,2,1,1,0,1,0,0,0,0,3,1,3,2,3,2,0,0,1,0,0,0,0,2,0,0,0,0,0,0,0,0,0,0,0,1,0,0,2,0,2
3723,Frontend Developer,7.24,94.4,76.4,58.2,76.8,89.1,77.5,75.4,3,2,2,1,1,1,0,0,0,0,3,1,2,2,3,1,1,0,0,0,0,0,0,0,0,0,0,0,0,0,0,0,1,0,0,0,0,0,3,0,0
3724,Frontend Developer,9.14,80.7,68.6,40.1,79.1,77.1,89.8,71.5,1,2,1,1,1,0,0,1,1,0,2,3,3,0,2,1,0,0,0,0,0,2,0,0,0,0,0,0,0,0,0,0,1,0,0,0,0,0,0,0,2
3725,Frontend Developer,6.36,74.8,77.8,77.5,73.2,90.2,72.5,78.3,2,3,2,0,1,1,0,0,0,0,2,0,3,1,2,3,0,0,0,0,0,0,0,1,0,0,0,0,0,1,0,0,2,0,0,0,0,1,3,0,0
3726,Frontend Developer,7.56,91.9,65.4,70.0,46.8,71.8,44.2,58.2,3,3,3,1,1,1,0,0,2,0,3,1,0,3,2,2,0,0,0,0,2,0,0,0,1,0,0,1,0,0,0,0,0,0,0,0,0,0,2,0,0
3727,Frontend Developer,7.66,82.2,80.0,49.9,82.7,66.0,85.7,71.1,3,3,2,0,1,1,0,0,0,0,2,1,0,1,0,1,0,0,0,0,0,0,0,0,0,0,0,0,0,0,0,0,0,0,1,1,0,1,3,0,0
3728,Frontend Developer,7.14,95.9,87.6,75.5,68.4,57.4,74.0,68.8,2,3,0,0,1,1,1,0,0,1,2,3,2,3,2,0,0,0,0,0,0,0,0,0,0,0,0,0,0,0,0,0,0,0,0,0,0,0,2,0,0
3729,Frontend Developer,7.44,87.1,78.6,80.1,100.0,51.1,72.0,78.8,3,2,1,0,1,1,0,0,0,0,1,2,3,3,1,3,0,0,0,0,0,0,0,0,0,0,0,0,1,2,0,0,0,0,0,2,0,0,0,0,0
3730,Frontend Developer,7.08,81.6,83.1,93.5,48.9,72.2,69.0,70.9,2,2,0,0,1,1,0,1,0,0,2,2,2,3,3,3,0,0,0,0,1,0,1,0,1,0,0,0,1,0,0,0,0,0,0,0,0,1,0,1,1
3731,Frontend Developer,7.5,78.4,80.3,68.6,67.5,80.2,95.6,78.0,4,2,2,1,1,1,0,0,0,0,3,3,0,2,2,0,1,0,0,0,0,0,0,2,0,1,0,0,0,0,0,0,0,0,0,0,3,0,3,1,0
3732,Frontend Developer,6.51,80.0,59.1,90.8,53.1,59.6,66.3,67.5,1,2,1,0,0,1,0,0,0,1,0,3,2,3,2,2,0,0,0,0,0,0,0,0,0,0,0,0,0,0,0,0,1,2,0,0,0,1,3,1,0
3733,Frontend Developer,7.3,76.2,65.2,60.5,54.7,73.8,73.2,65.5,2,2,1,1,1,1,0,0,0,0,3,1,3,3,3,2,0,0,0,0,0,0,0,0,0,0,2,0,0,0,0,0,0,0,1,0,0,0,2,0,0
3734,Frontend Developer,6.17,88.3,82.2,74.7,94.3,63.1,86.8,79.7,2,2,1,0,1,0,1,0,0,0,2,2,2,2,0,1,0,0,0,0,0,0,0,0,0,0,0,0,0,0,0,0,0,0,1,0,0,0,2,1,0
3735,Frontend Developer,7.51,80.2,63.1,49.7,72.3,59.4,96.0,69.3,1,2,2,1,1,1,0,0,0,0,3,3,2,1,3,3,0,0,0,0,0,0,0,0,0,0,0,0,0,0,0,0,0,0,0,1,1,0,3,0,0
3736,Frontend Developer,9.23,76.0,90.7,65.3,83.9,69.1,78.9,74.3,3,2,0,0,1,1,0,0,0,0,3,0,2,3,3,3,0,0,0,0,0,0,0,0,0,1,0,0,0,0,0,0,2,0,0,0,0,1,0,0,0
3737,Frontend Developer,6.87,79.1,78.0,72.9,86.7,79.0,82.1,80.2,3,3,0,0,1,0,0,0,0,0,3,2,1,1,3,3,0,0,0,0,0,0,0,0,0,0,0,0,0,0,0,0,1,0,0,0,2,0,2,0,0
3738,Frontend Developer,8.27,84.6,77.2,69.4,98.3,61.8,100.0,84.8,4,2,2,1,1,0,1,0,1,0,3,2,3,2,2,1,0,0,1,0,0,0,0,0,0,0,0,0,0,0,0,0,0,0,0,1,0,0,3,0,0
3739,Frontend Developer,7.98,89.4,85.4,53.2,57.1,74.7,74.5,64.9,0,2,0,0,0,1,0,0,1,0,3,3,2,3,3,1,0,0,0,1,0,1,1,0,0,0,0,0,0,0,0,0,2,0,0,2,0,0,1,0,0
3740,Frontend Developer,8.69,96.4,76.6,68.9,80.9,43.1,69.0,65.5,4,2,0,0,1,1,0,0,1,0,3,3,2,2,2,2,0,0,0,0,1,0,0,0,0,0,0,1,0,0,0,0,2,0,0,0,0,0,2,0,1
3741,Frontend Developer,7.72,75.3,66.4,67.1,69.1,69.8,74.1,70.0,2,3,2,1,1,1,0,0,0,0,3,3,2,3,3,3,2,0,0,0,0,0,0,0,0,0,0,0,0,0,0,0,0,2,0,0,0,0,3,1,1
3742,Frontend Developer,6.54,91.0,83.0,88.7,84.2,78.3,81.0,83.0,2,2,2,0,1,1,0,0,0,0,3,2,1,2,2,2,0,0,0,2,0,0,0,0,0,0,0,0,0,0,0,0,0,0,0,0,0,1,0,0,3
3743,Frontend Developer,8.32,75.0,74.8,57.8,68.7,52.4,81.3,65.0,3,2,1,1,1,1,0,0,0,1,0,2,2,1,3,0,0,0,0,0,0,0,0,0,0,0,0,0,0,2,0,0,0,0,0,0,0,0,3,0,0
3744,Frontend Developer,7.54,72.8,78.9,66.6,59.9,55.1,82.0,65.9,4,2,1,0,1,0,0,0,0,0,2,1,3,2,1,2,0,0,0,0,0,0,0,0,0,0,0,0,0,0,0,0,0,0,0,0,0,0,2,1,0
3745,Frontend Developer,7.01,73.5,64.7,71.4,82.5,67.5,78.3,74.9,1,1,1,1,1,1,0,1,1,0,3,1,3,2,0,3,0,0,0,0,0,0,0,3,0,0,1,0,0,1,0,2,1,0,0,0,0,0,2,0,0
3746,Frontend Developer,8.38,67.5,87.2,77.8,87.4,55.2,83.4,75.9,2,1,0,0,1,0,0,0,0,0,2,1,2,2,3,3,0,0,0,0,0,0,0,0,0,1,0,0,0,2,0,0,0,0,0,0,0,0,1,0,0
3747,Frontend Developer,7.75,70.8,84.5,93.0,83.1,71.8,79.7,81.9,2,2,1,1,1,1,0,0,0,0,1,3,3,1,3,3,1,0,0,0,0,0,0,0,0,0,1,1,0,1,0,0,0,0,1,0,0,2,2,0,0
3748,Frontend Developer,6.5,70.4,81.5,90.8,61.9,66.8,64.7,71.0,1,2,0,0,1,1,0,2,0,0,2,3,3,2,3,3,0,0,0,2,0,0,0,0,0,0,0,1,0,0,0,0,0,0,0,0,0,0,0,0,0
3749,Frontend Developer,6.64,79.5,71.7,80.4,79.4,67.9,71.0,74.7,1,2,2,0,1,0,0,0,0,0,0,1,3,2,2,2,2,0,0,0,0,0,0,0,0,0,0,0,0,0,0,0,0,0,0,0,0,0,3,0,0
3750,Frontend Developer,7.36,85.1,60.0,59.8,71.4,81.9,72.3,71.3,1,1,0,0,1,1,0,0,1,0,1,2,2,3,3,1,0,0,0,2,0,0,0,0,0,0,0,0,0,0,1,0,0,1,0,2,0,0,0,0,0
3751,Backend Developer,7.72,89.4,86.2,67.1,93.2,78.8,77.0,79.0,2,2,2,0,1,1,2,0,0,0,0,1,0,0,0,0,2,2,2,3,1,1,1,0,0,0,0,0,0,0,1,0,1,1,0,0,2,0,0,0,0
3752,Backend Developer,7.45,71.5,83.6,85.1,84.4,55.2,73.9,74.7,2,2,0,0,1,1,2,0,0,0,0,0,0,0,0,0,2,2,1,1,1,2,0,0,1,0,0,0,0,0,0,0,0,2,0,2,0,0,0,0,0
3753,Backend Developer,8.64,75.5,70.7,76.7,73.2,91.8,76.3,79.5,2,1,2,1,1,1,3,1,1,0,0,0,0,1,1,0,0,0,2,3,2,2,0,0,0,0,0,0,0,0,0,0,0,1,0,0,2,0,0,0,0
3754,Backend Developer,6.95,75.1,77.4,74.8,67.0,70.9,90.3,75.8,2,3,2,0,1,1,3,0,0,1,0,0,2,0,0,0,2,3,3,3,0,2,0,0,0,0,0,1,0,0,0,0,1,0,0,0,3,0,0,0,0
3755,Backend Developer,7.61,81.8,56.3,55.0,65.3,70.7,80.0,67.8,2,2,0,0,1,1,1,0,0,0,0,0,0,0,0,0,3,2,3,2,0,0,0,1,0,0,0,1,0,0,0,1,0,0,1,0,0,0,0,0,0
3756,Backend Developer,7.03,86.9,73.2,80.6,71.3,70.9,90.8,78.4,3,3,2,1,1,1,2,0,0,0,0,0,0,0,0,0,2,2,3,2,0,2,2,0,0,0,0,1,0,0,0,0,0,0,0,0,1,0,2,0,0
3757,Backend Developer,7.64,88.3,77.8,56.4,60.8,62.5,75.6,63.8,3,1,1,1,1,1,2,0,0,0,0,0,0,3,0,0,3,3,1,2,2,2,0,0,0,0,0,0,0,0,0,0,0,0,1,0,1,0,0,0,0
3758,Backend Developer,8.04,79.7,77.8,61.9,56.4,94.2,76.6,72.3,1,2,2,0,1,1,1,1,0,0,1,1,0,0,0,0,3,3,2,1,2,2,2,0,2,0,0,0,0,0,0,0,0,0,0,0,2,0,0,0,1
3759,Backend Developer,8.68,85.2,81.2,85.6,67.3,59.1,81.4,73.3,4,1,1,1,1,1,3,0,0,0,0,0,2,1,0,1,0,3,3,3,2,0,0,0,1,0,0,0,0,0,0,0,0,0,0,0,2,1,0,2,0
3760,Backend Developer,6.27,82.7,68.1,65.4,65.3,66.5,88.3,71.4,2,2,3,1,0,0,2,1,0,0,0,0,0,0,0,0,0,1,1,3,3,3,0,0,0,0,0,0,0,2,0,0,1,0,0,0,0,0,0,0,1
3761,Backend Developer,8.17,81.6,83.6,60.4,79.3,67.2,69.7,69.1,4,3,3,0,1,1,2,1,1,0,0,1,0,0,2,0,2,3,3,2,1,3,0,0,2,1,0,0,0,0,1,0,0,0,0,0,2,2,0,0,0
3762,Backend Developer,6.71,98.2,78.8,63.2,61.7,67.1,61.2,63.3,2,3,2,0,0,1,2,0,0,0,0,0,0,0,0,0,0,0,3,0,3,0,0,1,0,0,0,0,1,0,0,0,0,0,0,0,1,0,0,0,0
3763,Backend Developer,8.7,92.1,76.9,67.4,63.0,58.6,86.0,68.8,3,2,1,1,1,1,1,0,0,0,0,0,0,0,0,0,3,2,1,2,0,2,0,0,0,0,0,0,0,0,0,0,0,0,0,0,3,0,0,0,0
3764,Backend Developer,8.02,90.9,70.1,91.7,64.2,75.4,53.8,71.3,3,2,2,1,1,0,3,2,0,0,0,0,0,0,0,0,3,2,2,1,0,2,2,1,1,0,0,0,0,0,2,0,0,0,0,0,3,0,0,0,0
3765,Backend Developer,8.09,93.5,75.0,88.1,71.2,61.1,77.3,74.4,2,2,3,1,1,1,2,0,0,0,1,1,0,2,0,0,3,3,2,3,3,3,1,0,0,1,0,0,0,0,2,0,0,0,0,0,0,0,0,0,0
3766,Backend Developer,8.06,75.0,80.8,77.5,99.1,71.2,74.0,80.5,4,3,2,1,0,1,1,0,0,0,0,0,0,0,0,0,0,2,0,3,3,3,0,0,0,0,1,0,0,0,0,0,1,0,0,0,3,0,0,0,0
3767,Backend Developer,7.72,79.8,86.4,65.8,71.0,79.4,84.8,75.2,2,3,1,0,1,1,3,0,0,0,0,0,0,1,0,0,3,0,0,3,2,2,0,0,0,1,0,0,0,0,0,0,0,0,0,0,3,0,0,0,0
3768,Backend Developer,6.71,96.1,84.5,56.8,53.4,65.4,68.9,61.1,3,3,1,0,1,1,0,1,0,0,0,1,1,0,0,0,0,0,2,3,0,3,0,0,0,0,1,0,0,0,1,0,0,0,0,0,2,1,0,0,0
3769,Backend Developer,7.38,84.6,80.3,75.3,83.2,63.2,65.1,71.7,2,2,2,0,0,0,2,0,0,0,1,0,1,0,0,0,2,2,2,0,3,3,1,1,0,1,0,0,0,3,0,0,0,2,0,0,1,1,0,0,0
3770,Backend Developer,8.98,85.4,80.1,57.1,62.1,62.9,94.0,69.0,2,3,2,1,1,1,2,0,0,0,0,0,1,0,0,1,0,3,1,2,3,0,0,0,0,0,0,0,0,0,0,0,2,0,0,1,0,0,0,0,0
3771,Backend Developer,7.11,75.5,72.5,73.6,77.0,73.0,66.3,72.5,3,3,0,0,1,1,0,0,0,0,0,0,0,0,0,0,1,3,2,1,2,2,0,0,0,1,0,0,0,0,0,0,1,0,0,1,1,0,0,0,0
3772,Backend Developer,6.81,80.8,84.3,85.6,71.6,73.7,77.8,77.2,4,3,1,1,0,1,3,0,1,1,0,0,0,0,0,0,2,3,2,3,3,0,0,1,0,0,0,0,0,0,0,0,0,0,0,0,3,0,0,0,0
3773,Backend Developer,6.19,81.8,73.0,51.1,67.6,68.5,83.7,67.7,1,3,2,0,0,1,2,0,0,0,0,0,1,1,0,0,2,2,2,1,0,2,0,0,0,0,1,0,1,0,0,0,0,0,0,0,3,0,0,0,0
3774,Backend Developer,8.17,80.9,77.4,70.8,62.6,99.9,70.6,76.0,3,1,1,1,1,1,2,0,0,0,0,1,0,0,0,0,2,0,0,2,1,1,1,0,0,0,0,2,0,0,0,0,0,0,0,0,3,0,0,2,0
3775,Backend Developer,7.7,94.9,80.5,55.6,60.7,74.3,58.9,62.4,2,3,3,0,1,1,0,0,0,1,0,0,1,0,0,0,2,2,3,3,3,3,0,0,0,0,0,1,0,0,0,1,0,0,2,0,0,0,0,0,0
3776,Backend Developer,7.39,77.6,82.7,59.0,77.4,54.7,69.3,65.1,4,1,0,0,1,0,2,0,0,0,0,0,0,0,0,0,0,0,2,0,3,3,0,2,1,0,0,0,0,0,0,0,1,0,0,0,3,0,0,0,0
3777,Backend Developer,8.65,85.7,74.0,71.2,75.5,55.7,83.6,71.5,2,3,1,1,1,1,2,0,0,0,0,0,0,0,1,0,2,3,3,3,0,2,1,0,0,0,1,0,0,0,0,0,0,0,0,0,0,0,0,0,0
3778,Backend Developer,7.62,81.1,70.0,80.0,100.0,49.8,78.4,77.4,3,1,2,1,0,1,2,0,2,2,0,1,0,0,0,0,1,2,2,1,2,0,0,0,0,0,0,0,0,0,0,0,0,0,0,0,2,0,0,0,0
3779,Backend Developer,7.82,76.9,72.1,61.3,64.6,74.5,89.4,72.4,0,3,1,1,1,1,2,0,0,0,0,1,0,0,0,0,3,1,2,1,2,3,1,1,0,0,2,1,0,0,0,0,0,1,1,0,2,0,0,0,2
3780,Backend Developer,6.24,71.4,72.6,84.7,88.5,60.9,74.6,77.2,1,3,1,1,1,1,1,0,0,0,0,0,2,0,0,2,3,1,1,1,1,0,0,0,0,0,0,0,0,0,0,0,0,0,0,0,3,0,0,0,0
3781,Backend Developer,9.31,76.3,81.3,73.1,76.8,66.1,84.8,75.2,2,1,1,1,1,1,3,1,0,1,0,0,0,0,0,0,2,3,2,2,2,3,0,0,0,3,1,0,0,0,0,0,0,0,0,0,2,0,0,0,0
3782,Backend Developer,7.47,93.1,87.4,68.0,64.8,88.5,74.5,74.0,2,1,2,1,0,1,2,0,0,0,0,0,1,0,0,0,1,3,2,3,3,3,0,0,0,0,0,1,0,0,0,0,0,0,0,0,0,1,1,0,0
3783,Backend Developer,8.15,68.5,63.2,67.6,71.3,59.8,74.2,68.2,3,2,2,1,1,1,2,0,0,0,0,0,0,0,0,0,2,2,1,3,0,3,0,0,0,2,0,2,0,0,0,0,0,0,0,2,3,0,0,0,0
3784,Backend Developer,7.45,73.8,78.0,73.4,93.9,67.7,64.3,74.8,4,1,0,0,0,1,3,2,0,0,0,0,0,0,0,0,0,1,0,1,0,3,2,0,0,0,0,0,1,0,0,0,0,0,0,0,3,0,0,0,3
3785,Backend Developer,7.78,88.4,97.0,57.4,47.7,81.6,83.9,67.7,3,3,0,0,1,1,0,0,1,0,0,0,0,0,0,0,2,2,1,3,3,1,0,0,0,0,0,1,0,0,0,0,0,0,0,0,3,0,0,0,0
3786,Backend Developer,7.71,82.5,84.6,58.1,60.4,66.6,82.0,66.8,2,2,1,1,1,1,0,0,0,0,0,0,0,0,1,0,3,1,0,3,1,2,1,0,0,0,0,0,0,0,1,1,0,0,0,0,3,0,1,0,0
3787,Backend Developer,6.73,71.9,87.5,70.4,71.5,75.5,81.6,74.8,1,1,0,0,0,1,2,0,0,1,0,0,0,1,0,0,1,3,3,2,2,3,0,0,0,1,1,0,0,0,0,1,0,0,0,0,1,0,0,0,0
3788,Backend Developer,8.19,75.4,80.1,63.3,77.2,73.2,73.4,71.8,3,3,1,0,1,1,3,0,0,0,1,0,0,0,0,0,0,2,3,0,3,2,0,1,0,0,1,0,0,0,0,0,0,0,0,0,2,0,1,1,0
3789,Backend Developer,8.14,88.6,74.1,75.9,53.0,64.9,72.6,66.6,3,2,2,0,1,1,3,0,0,1,0,0,0,0,0,0,3,3,3,3,2,0,1,2,2,0,2,0,0,0,0,2,0,0,0,0,2,0,0,0,1
3790,Backend Developer,9.02,86.7,86.0,48.9,88.2,74.5,62.0,68.4,2,2,0,0,1,1,3,0,0,0,0,0,0,0,0,0,0,0,0,1,3,0,0,1,0,0,0,0,0,0,0,0,0,0,0,1,2,2,0,0,0
3791,Backend Developer,8.36,73.7,77.3,66.2,83.0,81.8,69.9,75.2,2,2,3,0,1,1,3,0,0,1,0,0,0,0,0,0,0,3,2,2,2,1,1,0,0,0,0,0,0,0,0,0,0,0,1,1,1,0,2,0,0
3792,Backend Developer,8.04,82.2,63.7,74.0,62.8,66.5,68.7,68.0,2,2,1,1,1,1,3,0,0,0,0,1,0,2,0,0,3,0,3,2,1,2,0,0,0,0,1,1,0,0,0,0,0,1,0,0,0,0,0,1,2
3793,Backend Developer,6.24,93.2,68.8,76.0,70.8,61.2,70.2,69.5,3,2,2,1,1,1,2,0,0,0,0,0,0,1,0,0,2,2,3,3,0,3,1,0,0,0,0,0,0,3,0,0,0,1,0,0,2,0,0,0,0
3794,Backend Developer,7.04,87.6,86.6,65.2,89.2,55.0,64.4,68.5,2,2,1,1,0,1,3,1,0,1,0,0,0,0,0,0,2,2,0,3,2,3,0,0,0,0,0,0,0,0,0,0,0,0,0,0,1,0,0,2,0
3795,Backend Developer,7.76,81.0,78.0,63.2,63.3,75.8,85.8,72.0,0,2,2,1,1,1,3,0,0,0,0,0,0,0,0,0,2,0,3,0,3,1,1,0,0,0,0,0,0,2,0,0,0,0,0,2,0,0,0,0,0
3796,Backend Developer,7.68,68.5,91.7,58.3,53.9,70.3,71.5,63.5,1,3,2,0,1,0,1,0,0,0,0,0,0,1,0,0,0,1,3,3,3,3,0,0,2,0,1,0,0,0,1,0,0,0,1,0,3,0,1,0,0
3797,Backend Developer,6.07,99.2,73.3,59.3,81.3,66.1,74.2,70.2,0,3,1,1,1,1,2,0,2,0,0,0,0,1,0,0,3,2,3,2,0,2,0,0,0,0,0,0,0,0,1,0,0,0,0,0,3,0,0,0,0
3798,Backend Developer,7.73,83.1,99.0,100.0,69.9,57.2,77.1,76.8,3,2,2,1,1,0,2,0,0,1,0,0,0,0,0,0,1,3,1,3,2,0,0,0,0,0,0,0,0,0,0,0,1,0,1,1,3,0,0,0,0
3799,Backend Developer,7.99,78.4,66.4,62.5,83.8,84.1,90.2,80.2,0,2,1,1,1,1,3,0,2,0,0,0,0,0,2,2,0,2,1,2,0,1,0,2,0,1,2,0,0,0,0,2,0,0,0,0,0,0,0,0,0
3800,Backend Developer,7.63,78.3,90.2,77.1,86.4,77.4,70.3,77.8,2,1,3,1,1,0,0,0,0,0,0,1,0,0,0,0,3,3,2,2,0,2,0,0,2,1,1,0,0,0,0,0,1,0,0,0,2,0,2,0,0
3801,Backend Developer,7.99,88.8,74.1,51.1,77.1,84.0,78.7,72.7,1,3,0,0,0,1,2,1,0,0,1,1,0,0,0,0,3,2,1,0,3,2,0,0,0,0,0,1,0,0,1,0,0,0,1,0,2,0,0,0,0
3802,Backend Developer,7.36,97.4,75.6,71.4,82.0,56.4,67.7,69.4,3,1,1,1,0,1,3,0,0,0,0,0,0,0,0,0,2,2,3,3,3,3,0,0,0,0,0,0,0,0,0,0,0,0,0,0,0,0,0,0,0
3803,Backend Developer,7.92,80.4,85.5,47.5,100.0,78.7,78.7,78.6,4,1,3,0,1,0,0,0,0,1,0,1,0,0,0,0,0,2,3,2,2,2,0,0,0,0,0,0,0,0,0,0,0,0,0,0,2,1,0,0,0
3804,Backend Developer,7.6,85.0,75.3,58.3,88.5,75.8,58.3,70.2,1,3,2,1,1,1,1,1,0,0,0,0,0,0,2,0,2,1,3,1,2,0,0,0,1,0,0,0,0,0,0,0,2,0,0,0,2,0,0,0,0
3805,Backend Developer,8.37,85.3,77.7,83.3,67.7,52.9,62.6,66.6,4,2,1,1,1,1,3,0,0,0,2,0,0,0,0,0,3,3,3,1,2,3,0,0,0,0,0,0,0,1,2,0,1,0,1,0,2,0,0,0,0
3806,Backend Developer,7.73,92.5,87.4,90.4,67.5,60.3,75.2,73.3,2,3,1,1,0,1,2,0,0,0,0,0,0,1,0,0,2,2,2,2,0,0,0,0,0,1,2,0,0,0,0,0,0,1,0,0,2,0,0,0,0
3807,Backend Developer,7.55,79.7,77.6,70.4,56.5,69.7,78.8,68.9,2,2,1,1,1,1,3,0,0,0,0,1,0,1,0,0,3,3,2,2,3,0,0,0,0,0,0,0,0,0,0,0,0,0,0,0,2,0,1,0,1
3808,Backend Developer,7.54,67.2,85.3,74.1,89.7,74.8,80.2,79.7,3,3,0,0,0,1,0,0,0,0,0,0,0,0,0,0,3,3,3,3,2,0,0,0,0,0,0,0,2,0,0,2,0,0,0,0,1,0,0,0,0
3809,Backend Developer,7.3,89.6,81.5,70.6,91.5,63.5,80.7,76.6,3,2,2,1,1,1,2,0,0,0,0,0,0,0,0,0,3,2,2,3,3,0,0,0,0,0,2,0,0,1,0,0,0,0,0,0,0,0,0,0,0
3810,Backend Developer,8.41,82.7,94.9,61.9,67.8,89.5,75.3,73.6,1,2,0,0,0,0,3,0,0,0,0,0,0,0,2,0,3,2,2,3,3,2,0,0,0,0,0,0,0,0,0,0,1,0,0,0,2,0,1,0,1
3811,Backend Developer,7.99,84.2,80.4,61.3,73.4,78.6,71.5,71.2,2,3,1,1,1,1,3,0,0,0,0,0,0,2,2,0,3,2,2,2,3,2,0,0,0,0,1,2,0,0,0,0,0,0,0,1,3,0,0,0,1
3812,Backend Developer,7.48,80.8,89.6,75.7,61.8,58.0,79.5,68.8,2,2,2,1,1,1,2,0,0,0,1,0,1,2,0,0,3,1,2,3,3,0,0,0,0,0,0,0,0,1,0,0,2,0,0,0,3,0,0,2,0
3813,Backend Developer,7.35,74.9,70.0,100.0,81.6,69.9,93.2,86.7,2,2,1,1,1,1,0,0,0,0,1,0,0,1,0,0,2,3,0,0,2,0,0,0,0,0,0,0,0,0,1,0,0,1,0,0,0,0,0,0,0
3814,Backend Developer,8.86,73.3,81.5,62.2,78.3,75.0,100.0,79.5,1,3,1,1,0,0,1,0,0,0,0,0,0,1,0,1,2,0,0,2,0,1,0,0,0,0,0,0,0,0,0,0,1,0,0,1,2,0,0,0,0
3815,Backend Developer,7.6,84.0,100.0,79.6,62.5,75.4,73.7,72.8,3,3,1,1,0,1,2,0,0,1,0,0,0,0,0,0,2,3,2,1,3,2,0,0,0,0,2,0,0,0,0,0,0,2,2,0,2,0,0,0,0
3816,Backend Developer,7.69,76.9,86.6,88.9,100.0,67.8,68.5,81.7,1,2,1,1,0,1,3,0,0,1,0,0,1,0,0,0,3,2,3,2,3,2,1,0,0,0,0,1,0,1,0,0,0,0,1,0,1,1,0,0,0
3817,Backend Developer,9.07,76.8,89.1,52.7,74.6,42.6,94.7,66.2,0,2,2,1,1,1,2,0,0,2,0,0,0,0,0,0,3,2,3,0,2,3,0,0,0,0,0,0,0,0,0,0,0,0,0,0,1,0,0,0,0
3818,Backend Developer,7.51,85.1,78.9,92.8,79.6,52.0,71.3,73.9,2,2,2,1,0,1,1,2,0,0,0,0,0,0,0,0,1,2,2,1,3,0,0,0,3,0,0,1,0,0,1,0,0,0,0,0,1,0,0,0,0
3819,Backend Developer,6.62,80.8,90.1,82.7,94.9,46.7,67.2,72.9,3,1,0,0,1,1,1,0,0,0,0,0,0,0,0,1,0,3,3,3,2,3,0,0,0,0,2,0,0,0,2,0,1,0,0,0,0,0,0,2,0
3820,Backend Developer,8.14,90.4,77.9,84.3,59.9,51.1,54.7,62.5,3,3,3,1,0,1,2,2,2,0,0,0,1,1,0,0,3,2,3,2,0,3,0,0,0,0,0,0,0,0,0,0,0,0,0,0,1,1,0,0,0
3821,Backend Developer,8.04,85.2,76.6,69.0,74.6,70.5,50.8,66.2,3,3,0,0,0,1,3,0,0,0,0,0,0,0,0,2,3,2,3,0,2,3,0,0,0,0,0,1,0,2,0,0,0,1,0,1,2,0,0,0,0
3822,Backend Developer,7.6,77.6,81.1,61.1,89.7,80.1,68.1,74.8,0,1,0,0,0,1,3,0,0,0,0,0,1,1,0,1,0,3,3,0,3,3,0,0,0,0,0,0,0,0,2,1,1,0,0,0,0,0,0,0,3
3823,Backend Developer,6.62,77.0,74.6,84.1,83.4,54.3,59.0,70.2,3,2,2,1,1,1,0,0,0,0,1,0,0,2,0,0,1,3,3,3,2,1,0,0,0,0,0,0,0,0,0,0,2,0,0,0,2,0,0,1,0
3824,Backend Developer,7.37,80.5,83.0,60.8,83.2,71.0,65.5,70.1,3,2,0,0,0,1,3,0,1,1,0,0,0,0,0,0,3,2,2,1,3,3,0,0,0,0,0,0,0,0,0,1,0,0,0,2,0,0,1,0,0
3825,Backend Developer,7.96,74.4,75.0,76.6,79.6,70.4,81.5,77.0,2,3,0,0,0,1,3,0,0,0,0,0,0,0,0,0,1,3,3,2,0,2,0,2,0,2,0,0,1,1,0,0,0,0,0,0,1,0,0,1,0
3826,Backend Developer,9.81,81.8,88.3,72.4,90.4,63.9,80.0,76.7,1,3,0,0,1,1,3,0,0,0,0,2,0,0,0,0,3,0,3,3,3,3,1,0,1,0,0,0,0,0,0,0,0,0,0,0,3,0,0,0,0
3827,Backend Developer,7.47,63.0,93.5,66.1,84.2,67.2,94.7,78.0,1,1,1,1,1,0,1,0,0,0,1,0,0,0,0,0,3,3,3,2,3,3,0,2,0,0,0,0,0,1,0,0,0,0,0,0,1,0,0,0,0
3828,Backend Developer,7.65,72.1,83.0,69.9,77.3,71.4,76.8,73.8,2,2,1,1,1,1,3,1,0,0,0,0,0,1,0,0,2,2,2,3,3,3,0,0,1,0,0,0,0,0,1,0,1,0,0,0,0,0,0,0,2
3829,Backend Developer,7.33,89.8,83.0,84.2,62.8,62.3,60.3,67.4,2,2,2,1,1,1,2,0,0,1,0,0,0,0,0,0,2,3,3,2,3,2,0,0,0,2,0,0,0,0,0,0,0,0,0,0,2,0,0,0,0
3830,Backend Developer,7.75,91.4,70.8,68.8,72.7,71.7,100.0,78.5,0,1,0,0,1,1,3,0,0,0,0,0,0,0,2,0,3,1,2,2,0,3,0,0,0,0,0,0,0,0,2,0,0,0,0,0,3,0,2,0,0
3831,Backend Developer,6.76,95.4,80.1,69.1,68.9,70.0,68.9,69.2,4,1,2,1,1,1,2,0,0,0,0,0,0,0,0,1,0,1,3,1,2,1,0,0,0,0,1,0,1,0,0,2,0,0,0,0,3,0,0,0,0
3832,Backend Developer,8.28,73.5,71.2,59.9,85.4,60.5,85.2,72.8,2,2,1,1,1,1,3,0,0,0,0,0,1,1,2,0,3,2,2,1,2,0,0,0,0,0,0,0,0,0,0,0,0,0,0,0,3,0,0,1,0
3833,Backend Developer,7.81,92.0,84.9,76.3,69.2,76.0,84.2,76.4,1,2,2,0,1,1,3,0,1,0,1,1,0,0,0,2,3,3,2,3,2,0,0,0,0,2,0,0,0,0,0,0,1,0,0,0,2,0,0,0,0
3834,Backend Developer,7.96,77.9,79.1,59.0,76.2,67.2,77.2,69.9,1,3,2,1,0,1,1,0,1,1,0,0,0,0,0,0,2,2,1,3,3,3,0,1,0,1,0,0,0,0,0,0,0,0,0,0,0,1,0,1,0
3835,Backend Developer,6.97,74.1,82.8,66.8,71.3,86.8,77.5,75.6,3,3,0,0,1,1,2,0,0,0,0,0,0,0,0,0,0,3,2,1,2,3,0,0,0,0,0,0,0,0,1,0,0,0,0,0,3,0,0,0,0
3836,Backend Developer,7.94,89.2,89.9,68.0,74.7,59.6,70.1,68.1,2,2,1,1,1,0,2,0,0,2,0,1,0,0,0,2,3,3,1,2,2,0,2,0,0,0,0,0,1,0,0,0,0,0,0,0,0,0,0,0,0
3837,Backend Developer,8.81,89.2,71.0,52.3,84.4,81.5,60.4,69.6,2,1,1,1,0,1,2,0,0,1,0,0,2,1,0,0,3,3,1,0,2,2,0,0,0,0,0,0,0,0,0,0,0,1,1,0,3,0,0,1,0
3838,Backend Developer,8.86,96.6,82.8,81.9,64.4,62.5,68.7,69.4,2,1,3,1,1,1,3,0,0,0,0,0,0,0,0,0,3,0,3,2,3,1,0,2,2,0,0,0,0,2,0,0,0,3,0,0,2,0,0,0,1
3839,Backend Developer,9.19,92.1,83.2,88.4,68.4,65.6,69.7,73.0,3,2,1,1,1,1,3,0,0,0,1,0,2,0,0,0,2,1,3,2,3,2,0,0,0,0,0,0,0,1,0,0,0,0,0,0,2,0,0,1,0
3840,Backend Developer,9.35,88.4,79.0,61.9,73.8,77.8,73.3,71.7,2,2,1,1,1,1,2,0,0,0,0,0,0,0,0,0,3,2,3,2,1,1,0,0,2,0,0,0,0,0,0,0,0,1,0,1,0,0,0,0,0
3841,Backend Developer,7.59,70.5,88.5,53.7,82.9,74.2,86.6,74.3,0,3,1,0,1,1,2,0,0,1,2,0,0,1,2,0,0,3,3,2,3,3,0,0,0,0,0,0,0,0,0,1,0,0,0,0,2,0,0,0,1
3842,Backend Developer,7.29,81.5,80.6,67.9,93.6,73.3,83.6,79.6,2,3,3,0,1,1,2,0,0,0,0,2,0,2,0,0,0,2,3,2,2,3,0,0,0,1,0,0,0,0,0,0,0,1,0,1,0,0,0,0,0
3843,Backend Developer,6.71,86.0,72.8,99.0,56.6,69.1,94.8,79.9,3,3,0,0,1,1,1,0,0,0,1,1,0,0,2,0,3,1,1,2,2,0,0,0,0,0,0,0,0,0,0,0,0,0,1,0,0,0,0,0,0
3844,Backend Developer,8.58,84.3,88.2,48.2,98.3,80.8,54.7,70.5,3,3,2,0,1,1,3,0,0,0,0,0,0,0,0,0,3,2,3,1,2,3,1,0,0,0,0,0,0,0,0,0,0,0,0,0,0,0,0,0,0
3845,Backend Developer,8.05,96.4,78.3,80.8,76.8,50.5,64.3,68.1,2,2,2,1,0,0,3,0,0,0,0,0,2,0,0,0,2,0,2,2,3,2,0,0,0,1,1,0,0,0,0,0,0,0,1,0,2,0,0,0,2
3846,Backend Developer,8.49,86.2,89.9,52.1,90.5,60.0,79.3,70.5,2,1,2,1,1,1,3,2,0,0,0,0,0,1,1,0,3,3,2,3,1,2,0,0,0,0,0,1,0,0,0,1,0,0,0,0,3,0,0,0,0
3847,Backend Developer,9.14,84.8,71.5,94.4,84.9,92.7,75.6,86.9,2,1,2,1,1,1,3,0,0,0,0,0,0,2,1,0,2,1,3,0,0,2,0,0,0,0,0,0,2,0,0,1,0,0,1,0,3,1,0,0,0
3848,Backend Developer,8.11,83.6,71.2,63.1,73.3,69.6,72.1,69.5,3,2,1,1,0,0,3,0,0,0,1,0,0,0,0,0,3,3,3,0,2,2,1,0,0,0,0,0,0,0,0,0,0,0,1,1,0,0,0,1,2
3849,Backend Developer,7.89,75.6,88.3,68.0,70.5,81.5,86.9,76.7,2,2,2,1,1,1,2,0,0,2,0,0,1,0,0,0,2,2,2,2,3,2,0,0,0,0,1,0,1,0,0,0,1,0,0,0,0,0,1,0,0
3850,Backend Developer,7.34,78.0,76.4,73.6,69.3,50.7,71.7,66.3,1,2,1,1,1,1,3,0,0,0,0,0,0,0,0,1,3,2,2,2,2,2,0,0,0,0,1,0,0,0,0,0,0,0,0,0,3,2,0,0,0
3851,Backend Developer,8.5,92.1,81.6,67.5,94.9,72.9,66.5,75.5,4,2,2,1,1,1,1,0,0,0,0,0,0,0,0,0,1,3,3,3,3,0,2,0,0,0,0,0,0,0,0,0,0,0,0,0,0,0,0,0,1
3852,Backend Developer,7.35,81.6,100.0,42.2,62.1,82.6,94.4,70.3,0,2,0,0,1,0,1,0,0,0,0,0,0,0,0,0,2,3,0,0,0,1,0,1,0,0,0,1,1,1,0,0,0,0,0,0,2,0,0,1,0
3853,Backend Developer,7.93,92.4,80.1,82.1,72.2,76.1,63.8,73.5,3,2,0,0,1,1,3,0,1,0,0,2,0,0,0,0,0,3,1,1,3,3,0,0,1,0,0,0,0,0,0,1,0,1,0,0,0,0,0,3,0
3854,Backend Developer,7.72,83.6,77.6,94.3,88.7,66.1,80.2,82.3,1,1,1,1,1,1,3,0,1,0,0,2,0,0,0,0,1,0,0,3,3,0,0,0,0,0,0,0,0,0,1,0,0,0,0,2,3,0,1,3,0
3855,Backend Developer,7.4,78.2,85.3,69.1,80.4,72.3,74.0,74.0,3,2,2,1,1,1,3,0,0,0,0,0,1,0,0,0,1,2,3,1,1,2,0,0,0,0,0,0,0,0,0,0,1,0,1,2,2,1,1,0,0
3856,Backend Developer,8.56,75.9,70.5,94.0,79.1,68.0,70.7,78.0,0,2,1,1,1,0,3,0,1,0,0,0,0,0,0,0,3,2,2,3,2,3,0,0,0,0,0,0,0,0,0,0,0,0,1,0,3,0,0,0,1
3857,Backend Developer,7.33,89.3,77.8,74.0,72.7,45.3,64.3,64.1,4,2,1,0,0,1,3,0,0,0,0,0,0,0,0,0,1,3,3,2,1,2,0,0,1,0,0,0,2,0,1,0,0,0,0,1,1,0,0,0,0
3858,Backend Developer,7.76,82.6,88.1,41.5,75.8,64.3,100.0,71.0,1,2,2,1,0,0,2,1,0,1,0,0,0,0,0,0,1,3,2,0,1,3,0,0,0,0,0,0,0,0,0,1,0,0,1,0,0,1,0,0,0
3859,Backend Developer,7.69,81.1,76.2,49.0,59.7,80.5,57.4,61.6,1,3,3,1,1,1,3,0,0,0,0,0,0,0,0,0,2,3,1,3,0,2,0,0,0,0,2,1,0,1,0,0,0,0,0,0,3,2,1,0,0
3860,Backend Developer,7.83,84.8,61.4,56.1,100.0,43.8,88.9,73.4,2,2,1,1,1,0,3,0,1,0,0,0,0,0,0,0,1,0,3,2,2,3,0,0,2,0,0,1,1,0,0,0,1,0,0,1,1,0,0,0,0
3861,Backend Developer,8.55,83.8,86.1,89.4,72.6,89.9,87.6,84.9,2,3,0,0,0,1,3,0,0,0,0,0,0,0,0,0,1,3,2,1,0,2,0,0,0,0,0,0,0,0,0,0,0,0,0,0,2,0,0,0,0
3862,Backend Developer,7.28,80.3,80.7,70.3,77.3,69.2,70.5,71.8,4,1,1,1,0,1,2,0,0,0,0,1,0,0,0,1,1,2,2,2,3,2,0,0,0,0,0,0,0,0,0,0,0,0,0,0,0,0,0,0,0
3863,Backend Developer,8.12,94.6,71.3,72.9,80.0,47.8,74.5,68.8,2,3,0,0,1,1,3,0,0,0,0,0,0,0,0,1,3,3,2,3,2,2,0,1,0,0,0,0,0,0,0,0,0,0,0,0,3,0,0,0,0
3864,Backend Developer,7.68,74.0,80.3,71.5,49.4,97.3,61.6,70.0,4,2,0,0,1,1,0,2,1,1,0,0,0,0,0,2,2,3,3,2,2,0,0,0,0,1,0,0,0,0,0,0,1,0,2,0,3,0,0,0,0
3865,Backend Developer,8.45,87.2,82.1,77.8,82.7,80.5,97.7,84.7,2,2,2,0,1,1,1,0,0,0,0,0,0,0,1,0,0,3,0,3,2,2,0,0,0,1,0,0,0,0,0,0,0,0,0,2,0,0,1,0,2
3866,Backend Developer,7.28,82.9,82.5,66.1,73.7,59.0,70.3,67.3,2,2,2,1,1,0,2,0,1,0,0,0,0,1,0,0,3,3,1,3,2,1,0,0,0,0,0,0,2,2,1,0,0,0,0,0,2,0,1,0,1
3867,Backend Developer,7.04,85.6,78.6,54.4,84.3,63.0,66.5,67.0,3,1,0,0,1,1,1,0,0,0,0,1,0,0,0,0,2,3,0,2,3,2,0,0,0,0,0,0,0,0,0,3,0,0,0,2,0,0,0,0,0
3868,Backend Developer,7.89,91.7,100.0,75.6,46.6,73.8,66.0,65.5,2,2,1,1,0,0,2,0,0,0,0,0,0,0,0,1,2,0,0,3,3,3,0,0,0,0,0,0,0,0,0,0,0,0,0,1,3,0,0,0,1
3869,Backend Developer,8.3,73.6,77.3,65.8,60.0,66.3,64.0,64.0,3,2,2,1,1,0,3,0,0,0,0,0,1,0,0,0,3,3,3,3,3,2,0,0,0,0,0,0,0,0,0,0,0,0,1,1,3,0,1,0,0
3870,Backend Developer,8.38,78.1,95.3,74.4,78.0,68.9,60.7,70.5,1,2,0,0,1,1,2,0,1,0,0,1,0,0,0,0,2,0,3,3,2,0,0,0,0,0,0,0,0,1,0,2,0,0,0,0,0,0,0,0,0
3871,Backend Developer,7.44,74.6,82.0,80.6,76.7,75.4,78.1,77.7,2,2,0,0,1,1,3,0,0,0,0,0,0,0,0,0,1,1,2,3,3,2,0,0,0,1,0,1,0,1,0,0,0,0,0,0,3,2,0,0,0
3872,Backend Developer,7.87,80.1,77.1,85.0,60.0,79.5,60.7,71.3,3,2,3,1,1,1,2,0,0,1,0,0,0,0,1,0,0,1,2,3,3,2,0,0,0,0,0,0,0,0,0,1,0,0,1,0,0,0,0,0,0
3873,Backend Developer,8.0,75.9,74.1,83.1,70.5,61.9,73.7,72.3,3,3,2,1,0,1,2,0,0,1,0,0,1,0,1,0,2,0,2,2,0,3,0,0,0,0,0,0,1,0,0,0,0,0,1,0,0,1,0,0,0
3874,Backend Developer,7.48,73.9,77.4,66.4,63.4,60.5,69.5,65.0,1,3,1,1,1,1,2,0,0,0,0,0,0,0,0,0,3,3,3,2,1,0,0,0,2,0,0,2,2,0,0,0,0,0,0,0,0,0,0,0,0
3875,Backend Developer,7.91,81.9,84.9,68.9,77.6,56.3,69.6,68.1,2,3,0,0,1,1,3,0,0,0,0,0,0,0,0,0,2,2,2,2,3,0,0,0,0,2,0,0,0,0,0,0,0,0,0,0,0,1,0,0,1
3876,Backend Developer,7.62,73.0,89.3,68.9,73.2,77.9,73.1,73.3,1,1,1,1,0,1,0,0,0,0,1,0,0,0,0,0,2,1,3,2,3,0,0,0,1,0,0,0,0,1,0,0,0,0,0,0,0,0,0,0,0
3877,Backend Developer,9.36,89.4,77.0,85.5,45.3,69.0,59.0,64.7,3,2,2,1,1,1,1,0,0,0,0,0,0,0,0,0,3,2,2,3,2,0,0,1,0,0,0,0,0,0,0,0,0,0,0,0,0,2,0,0,0
3878,Backend Developer,8.1,68.7,94.1,77.9,54.8,70.2,88.1,72.8,3,2,1,0,1,1,1,0,1,0,0,0,0,0,0,0,0,1,2,2,0,2,0,0,0,2,0,0,0,2,0,0,0,0,0,0,2,0,2,0,0
3879,Backend Developer,8.36,79.9,76.1,63.0,67.3,70.6,84.5,71.3,3,1,3,1,1,1,3,0,0,0,0,2,1,0,0,0,0,2,3,0,2,1,0,1,0,0,0,0,0,0,0,0,0,0,2,0,2,0,0,0,0
3880,Backend Developer,7.98,91.9,81.3,53.0,68.6,44.0,78.8,61.1,2,3,0,0,1,1,2,0,0,2,1,0,0,0,0,0,2,1,3,3,2,2,0,0,0,2,1,0,0,0,0,0,0,0,0,0,0,0,0,0,0
3881,Backend Developer,7.4,87.5,85.4,95.2,61.8,73.7,84.0,78.7,1,3,3,1,1,1,0,0,0,0,0,1,2,0,0,0,2,0,3,2,2,3,0,0,0,0,0,0,0,0,0,0,0,0,0,0,1,0,0,0,1
3882,Backend Developer,7.04,85.5,76.6,64.8,70.1,70.1,57.8,65.7,3,3,1,0,0,1,1,0,0,1,2,0,0,0,0,0,2,3,2,3,3,0,0,0,1,2,0,0,0,0,0,0,0,0,0,1,0,0,0,0,0
3883,Backend Developer,7.72,82.5,97.4,98.1,68.8,65.1,83.9,79.0,2,2,2,0,1,0,3,0,0,0,1,0,0,0,0,0,3,0,3,2,3,2,0,0,0,0,0,0,0,0,0,0,0,0,0,1,2,0,0,0,0
3884,Backend Developer,8.65,83.3,99.3,69.5,78.3,59.8,72.7,70.1,1,3,2,1,1,1,0,0,0,0,0,0,0,0,0,1,3,2,3,2,2,0,2,0,0,0,0,0,0,1,0,0,0,1,0,0,0,0,0,0,0
3885,Backend Developer,7.06,91.5,77.0,55.5,66.7,70.0,67.7,65.0,1,2,2,1,1,1,3,0,0,2,0,2,0,0,3,0,2,3,2,3,0,2,0,0,1,0,0,0,0,0,0,1,0,0,1,0,0,0,0,1,0
3886,Backend Developer,7.88,80.5,84.5,77.2,74.3,88.2,56.0,73.9,3,2,0,0,1,1,2,0,0,0,0,0,0,0,0,1,2,2,0,2,2,1,0,2,0,0,0,1,0,0,0,0,0,0,2,0,2,1,0,0,0
3887,Backend Developer,8.21,76.5,81.0,75.6,65.1,71.9,74.3,71.7,1,2,3,1,1,0,0,0,0,0,0,0,0,0,0,2,1,3,2,2,0,3,0,0,0,0,0,0,0,0,0,0,0,0,0,0,0,0,0,0,1
3888,Backend Developer,7.14,87.9,79.6,67.5,63.8,80.8,78.1,72.6,3,2,1,1,1,1,1,0,0,0,0,1,0,0,1,1,1,2,2,0,3,0,1,0,0,0,0,0,0,0,0,0,0,0,0,0,3,1,0,0,0
3889,Backend Developer,7.83,93.8,90.7,78.5,66.5,70.5,73.7,72.3,2,2,1,0,1,1,3,0,0,0,0,0,0,0,0,0,3,1,3,1,3,2,0,0,0,0,2,1,0,0,0,0,0,0,0,0,3,2,0,0,0
3890,Backend Developer,7.85,87.1,82.5,62.9,88.3,74.0,75.4,75.2,2,2,2,0,0,1,3,0,0,0,0,2,1,0,1,0,2,0,2,2,0,3,2,0,1,0,0,0,0,1,0,0,0,0,0,0,2,0,0,0,0
3891,Backend Developer,7.28,87.4,86.0,84.8,96.5,66.5,59.5,76.8,2,2,2,1,1,1,3,0,0,0,1,0,0,0,0,2,2,2,0,2,1,1,0,0,0,0,2,1,0,0,0,0,0,2,0,0,0,0,0,2,1
3892,Backend Developer,6.86,77.2,94.9,65.4,69.3,75.6,65.7,69.0,2,3,1,1,0,0,2,0,1,0,1,0,0,0,0,0,3,0,3,3,0,0,2,0,0,0,0,0,0,0,0,0,0,0,0,0,3,0,0,0,0
3893,Backend Developer,8.09,82.9,70.6,66.6,54.2,93.5,63.9,69.5,2,1,2,0,1,1,2,0,0,0,0,1,0,0,2,0,2,2,2,1,2,1,0,0,0,0,2,0,0,0,0,0,0,0,0,0,1,0,0,0,0
3894,Backend Developer,7.92,85.0,84.6,76.9,97.2,84.9,52.8,78.0,2,3,2,1,0,1,1,0,0,0,0,0,1,0,0,0,3,2,2,2,3,3,0,0,0,0,0,0,0,0,0,1,0,0,0,0,3,0,0,0,0
3895,Backend Developer,8.57,79.0,79.4,64.8,55.7,70.4,63.3,63.5,1,2,1,1,1,1,2,0,0,0,1,1,2,0,0,0,2,0,3,2,0,1,0,0,0,1,0,0,0,0,0,0,0,0,1,0,3,0,0,0,2
3896,Backend Developer,6.74,76.8,77.8,59.3,65.6,78.2,75.3,69.6,0,1,0,0,0,1,3,0,0,0,0,1,0,1,0,0,3,1,1,0,0,3,0,0,0,0,0,0,0,0,0,0,0,0,0,0,3,0,0,0,0
3897,Backend Developer,8.36,95.3,89.3,55.7,82.1,69.3,52.4,64.9,2,2,2,0,1,1,3,0,0,0,0,0,0,1,0,0,2,1,2,2,2,2,0,1,2,0,0,0,1,0,1,0,2,0,0,0,3,0,0,0,0
3898,Backend Developer,8.58,74.4,73.2,61.9,79.9,72.3,62.1,69.1,3,3,2,1,1,1,2,0,1,0,0,0,0,0,3,0,3,3,3,1,2,3,1,0,0,0,0,2,1,0,1,2,0,0,0,0,1,0,0,0,0
3899,Backend Developer,6.64,74.4,88.0,79.0,51.6,78.0,69.7,69.6,2,3,0,0,1,1,3,0,0,0,0,2,0,1,0,0,2,2,1,3,3,0,1,0,0,1,0,1,1,0,0,0,0,0,0,2,2,0,0,0,0
3900,Backend Developer,8.3,79.7,88.6,77.1,85.1,71.5,69.8,75.9,1,2,0,0,0,0,3,0,0,1,0,2,0,0,0,0,0,0,1,3,2,0,0,0,0,0,0,0,0,0,2,0,0,0,0,2,2,0,0,1,0
3901,Backend Developer,7.42,83.3,83.1,70.9,74.9,61.8,85.7,73.3,1,3,2,1,1,0,1,0,0,0,0,0,0,0,0,1,3,2,0,2,2,3,0,0,0,0,0,1,0,0,0,1,0,0,0,0,1,0,0,0,2
3902,Backend Developer,7.49,86.8,72.9,72.6,79.6,64.4,68.6,71.3,2,2,1,1,1,0,2,0,2,0,0,0,0,0,0,0,0,3,1,2,1,3,0,0,0,0,0,0,0,0,0,0,0,0,0,0,3,1,0,0,0
3903,Backend Developer,8.31,71.0,85.1,60.4,66.0,64.4,86.1,69.2,2,2,1,0,1,1,2,0,0,0,0,0,0,0,0,0,3,3,3,3,2,0,0,1,0,0,0,2,0,0,0,0,0,0,0,0,0,0,0,0,1
3904,Backend Developer,7.6,74.3,85.6,69.0,87.4,59.3,88.9,76.2,2,1,2,1,1,1,2,0,0,0,0,1,2,0,0,0,3,0,3,3,3,1,2,0,0,0,0,0,0,0,0,0,0,0,0,0,1,0,0,0,0
3905,Backend Developer,7.88,82.3,82.0,61.8,73.6,65.8,70.0,67.8,2,2,3,1,1,0,2,0,0,2,0,0,0,0,0,0,3,0,3,1,2,2,0,0,2,0,0,2,1,0,0,0,0,1,0,0,3,0,0,0,0
3906,Backend Developer,7.58,100.0,82.7,85.9,57.1,74.3,62.9,70.0,2,3,1,1,1,0,3,0,2,0,0,0,0,2,0,0,1,2,3,2,3,2,0,0,0,0,0,0,0,0,0,1,0,0,0,0,3,0,0,0,0
3907,Backend Developer,8.54,84.4,84.1,66.1,57.2,64.5,60.0,62.0,4,1,0,0,1,1,3,0,0,0,2,0,0,0,0,1,2,2,1,0,3,1,0,0,0,0,0,0,0,0,0,0,0,0,1,2,3,0,0,0,0
3908,Backend Developer,7.3,88.6,79.2,78.7,70.2,62.4,79.2,72.6,2,3,2,1,0,1,0,0,0,0,0,0,0,0,0,0,0,3,2,0,0,3,0,0,0,0,0,0,0,0,0,1,0,0,0,0,0,1,0,0,0
3909,Backend Developer,7.59,82.3,83.6,58.9,84.6,71.6,71.0,71.5,4,2,3,0,1,1,3,0,0,2,0,0,0,0,0,0,1,1,0,2,2,1,0,1,2,0,0,0,0,0,0,2,0,0,0,0,1,0,0,0,0
3910,Backend Developer,7.88,79.1,77.6,80.1,61.3,72.8,56.5,67.7,4,1,3,1,1,0,0,0,0,0,0,0,0,0,0,0,1,3,2,3,3,3,0,0,0,0,0,0,0,0,0,0,0,0,0,0,3,0,0,0,0
3911,Backend Developer,7.6,78.3,87.3,66.8,64.3,70.9,76.4,69.6,2,3,3,1,1,1,0,0,0,0,0,0,0,0,0,1,1,2,3,0,0,2,0,0,0,0,0,0,0,0,0,0,0,0,0,0,2,1,1,0,0
3912,Backend Developer,9.07,88.1,86.3,68.4,54.0,74.6,94.1,72.8,4,2,1,0,1,1,2,0,0,0,0,0,1,0,1,0,0,0,3,0,2,3,0,0,0,0,0,0,0,0,0,0,0,0,0,0,3,0,0,0,0
3913,Backend Developer,7.54,85.0,72.2,65.7,84.3,66.2,86.6,75.7,1,2,2,0,0,0,2,0,0,0,0,0,0,0,0,0,3,3,1,1,3,3,0,0,0,0,0,0,1,0,2,0,0,0,0,0,2,0,0,0,0
3914,Backend Developer,7.87,78.2,84.4,70.2,64.7,64.2,61.7,65.2,4,2,1,1,1,1,3,2,0,0,0,0,0,0,0,0,3,2,2,2,1,0,0,1,1,0,0,2,0,0,0,0,0,0,0,0,2,0,0,0,0
3915,Backend Developer,8.03,71.1,75.3,65.7,50.7,100.0,72.2,75.2,1,3,0,0,1,0,3,0,0,0,0,1,0,0,0,0,0,0,1,0,3,3,0,0,1,0,0,0,0,0,0,0,0,0,0,0,3,0,0,0,0
3916,Backend Developer,7.3,91.1,73.8,53.8,98.9,46.5,79.3,69.6,3,2,0,0,1,0,3,1,0,0,0,0,0,0,0,0,2,2,1,1,2,1,0,0,0,0,0,2,0,0,2,0,2,1,0,0,0,0,0,2,0
3917,Backend Developer,8.18,75.2,91.9,92.3,85.7,60.7,93.0,82.9,3,1,0,0,1,1,2,0,0,0,0,0,2,0,0,0,3,1,2,3,1,2,0,0,0,0,2,0,0,0,0,0,0,2,3,0,2,0,0,0,0
3918,Backend Developer,9.46,87.6,74.1,85.8,61.8,75.7,52.0,68.8,2,2,0,0,1,1,3,0,0,0,0,0,0,0,0,0,2,2,3,0,1,2,0,3,1,0,1,0,0,0,0,0,0,0,0,0,0,0,0,0,0
3919,Backend Developer,7.44,85.6,78.5,74.0,65.3,49.8,78.4,66.9,2,3,0,0,0,1,1,0,0,0,0,0,0,0,0,0,0,1,1,2,2,0,1,0,0,0,0,0,0,1,0,0,0,0,0,2,0,0,0,0,0
3920,Backend Developer,8.41,91.1,76.8,95.9,74.8,74.5,72.4,79.4,2,3,2,1,0,1,3,0,0,0,1,1,0,3,0,0,3,3,0,2,0,3,0,1,0,0,0,2,0,1,0,0,1,0,0,0,0,1,1,0,0
3921,Backend Developer,7.75,74.1,71.5,68.6,80.1,73.3,84.3,76.6,3,2,2,0,1,1,3,0,0,0,0,0,0,0,0,0,0,2,3,2,2,2,0,0,0,0,1,0,0,0,0,0,0,0,0,0,2,0,0,0,0
3922,Backend Developer,8.12,87.0,87.0,67.7,100.0,54.4,76.6,74.8,0,3,2,0,1,0,2,0,0,0,0,0,1,0,0,0,2,3,2,0,0,1,0,2,0,0,1,1,0,0,0,0,0,0,0,1,0,0,1,0,0
3923,Backend Developer,7.75,84.2,92.2,83.1,59.4,64.5,82.5,72.4,2,3,1,1,1,0,2,0,1,0,0,0,1,0,0,0,1,2,3,3,3,0,0,0,0,0,0,0,0,0,0,0,0,1,0,0,0,1,0,0,0
3924,Backend Developer,7.26,86.9,73.5,73.3,63.6,39.4,73.0,62.3,1,3,1,1,1,1,2,0,0,0,0,0,0,1,0,0,3,2,2,3,1,0,0,0,0,1,0,0,0,0,0,0,0,1,0,0,0,0,0,0,0
3925,Backend Developer,7.55,88.6,83.7,58.3,79.2,50.4,72.3,65.0,2,2,2,1,1,0,3,0,0,1,0,0,0,0,0,0,2,0,0,3,1,1,0,1,0,0,0,0,0,0,0,1,0,1,0,0,3,0,0,0,0
3926,Backend Developer,7.68,72.3,87.2,72.3,91.5,52.6,71.7,72.0,3,1,1,0,0,1,2,0,0,0,0,0,2,1,0,0,0,3,3,1,3,2,0,0,0,0,0,0,0,0,0,0,0,0,0,0,3,0,0,0,0
3927,Backend Developer,7.75,77.9,70.8,85.5,69.4,77.9,81.3,78.5,4,2,0,0,0,1,2,0,0,0,0,0,0,1,1,0,2,0,1,3,0,3,0,0,0,0,0,1,0,0,2,0,0,0,0,1,3,0,0,0,0
3928,Backend Developer,8.42,91.2,70.3,90.2,78.9,42.8,71.6,70.9,4,3,2,0,1,1,3,0,0,0,0,0,0,0,0,0,1,3,3,0,3,2,0,0,0,0,0,0,0,0,0,1,0,1,2,0,3,0,0,0,0
3929,Backend Developer,7.63,85.8,76.1,64.7,82.0,58.8,86.6,73.0,3,3,1,0,1,0,3,0,0,0,0,0,0,0,0,1,0,0,2,3,3,2,0,0,0,0,0,1,0,0,0,0,0,0,0,0,1,0,1,0,0
3930,Backend Developer,8.41,85.6,75.4,70.3,68.7,47.1,69.0,63.8,1,3,2,0,1,0,1,1,0,0,0,0,0,0,1,0,3,3,1,3,3,1,0,0,0,0,0,0,0,0,2,0,0,0,0,0,2,0,0,0,0
3931,Backend Developer,6.2,88.0,89.1,91.9,68.1,59.5,72.8,73.1,2,2,0,0,0,1,3,1,0,2,0,2,0,0,0,0,2,3,3,2,3,3,0,0,1,0,0,0,0,0,0,0,0,0,0,0,0,0,0,0,0
3932,Backend Developer,7.77,68.2,75.7,67.6,82.8,73.2,90.0,78.4,2,3,1,1,1,1,3,0,0,1,0,0,0,1,0,0,2,2,2,2,1,0,0,0,0,0,0,0,0,1,0,0,0,1,0,1,0,0,0,0,0
3933,Backend Developer,7.91,83.7,77.0,70.1,63.7,67.6,69.0,67.6,1,2,2,0,1,1,1,0,0,0,0,0,2,0,2,0,0,3,1,0,1,2,0,0,0,0,0,0,0,0,0,0,1,0,0,0,3,0,0,0,0
3934,Backend Developer,7.46,93.6,67.5,77.6,54.5,61.0,69.0,65.5,1,2,1,1,1,1,3,0,0,2,0,0,0,0,0,0,1,1,3,2,0,3,0,0,0,0,0,1,0,0,0,0,0,0,0,0,2,0,0,1,0
3935,Backend Developer,8.14,81.2,86.5,89.7,71.9,66.0,66.7,73.6,3,3,1,0,1,1,2,0,0,0,0,1,0,0,0,0,0,1,3,3,3,3,0,0,1,2,0,2,0,0,0,0,0,0,0,1,2,0,0,0,0
3936,Backend Developer,7.33,93.5,74.9,70.3,80.4,64.9,85.7,75.3,2,3,3,1,0,1,0,0,0,0,0,0,0,0,1,0,3,2,2,3,0,2,1,0,0,0,0,0,0,0,2,0,0,1,0,0,0,2,0,0,0
3937,Backend Developer,7.37,83.4,82.5,70.2,100.0,65.0,62.3,74.5,3,3,1,0,0,1,3,0,2,0,0,0,0,0,0,0,2,0,3,3,0,3,2,0,0,0,0,0,0,0,0,0,0,0,1,0,2,0,0,0,0
3938,Backend Developer,7.13,91.3,71.1,71.9,85.3,72.7,72.8,75.7,3,2,3,1,0,0,1,0,0,2,0,0,0,0,0,0,2,0,3,3,3,0,0,0,0,1,0,0,0,0,0,2,0,2,0,0,0,2,0,0,1
3939,Backend Developer,8.16,74.1,64.0,72.3,65.7,51.7,61.0,62.7,2,2,0,0,1,0,2,0,0,0,0,0,0,0,0,0,2,0,3,3,3,2,0,0,0,0,0,0,0,0,0,0,0,1,0,0,3,0,0,2,0
3940,Backend Developer,8.77,88.1,84.2,91.2,75.9,39.2,100.0,76.9,3,3,1,1,0,1,2,1,0,0,0,0,0,0,0,0,3,2,2,0,2,3,0,1,0,0,0,0,0,0,0,0,0,1,0,0,2,1,0,0,0
3941,Backend Developer,8.14,78.6,83.0,75.0,88.9,47.1,60.2,67.8,3,3,1,1,0,0,1,0,0,0,1,0,0,0,0,0,0,2,3,2,3,1,0,0,1,0,0,1,0,0,0,1,2,0,0,0,0,1,0,0,0
3942,Backend Developer,6.73,86.3,97.0,53.4,83.8,65.3,99.8,75.6,4,3,0,0,0,1,3,0,0,1,0,0,2,0,0,0,3,2,1,2,0,2,0,0,0,1,2,0,0,0,0,0,0,0,0,1,3,1,1,0,0
3943,Backend Developer,7.17,73.3,77.5,92.1,60.0,65.2,68.5,71.5,2,3,1,1,1,1,3,0,0,0,0,0,0,0,0,2,3,3,3,1,1,3,0,0,0,0,2,0,0,0,1,0,2,0,0,0,2,0,0,0,0
3944,Backend Developer,8.27,86.0,73.7,58.6,56.5,62.5,82.6,65.0,3,2,1,1,1,0,2,0,0,0,0,0,1,0,0,2,1,2,3,1,2,3,0,0,0,0,0,0,0,0,0,0,0,0,0,0,3,1,0,1,0
3945,Backend Developer,8.69,80.6,75.9,89.1,79.2,58.5,60.4,71.8,2,2,0,0,0,0,0,0,0,0,0,0,0,0,0,0,3,2,3,0,3,2,0,0,0,0,0,0,0,0,0,0,0,0,0,0,0,0,0,0,0
3946,Backend Developer,7.38,87.7,95.0,72.3,71.3,64.6,89.6,74.4,1,2,1,0,0,0,2,1,0,0,0,0,0,0,0,0,0,2,0,2,1,3,0,0,0,0,1,0,0,1,0,0,0,0,0,0,3,0,0,0,0
3947,Backend Developer,8.61,83.0,69.8,92.4,72.1,67.1,73.6,76.3,2,1,2,0,1,1,3,0,0,0,0,0,0,0,0,0,2,3,3,2,3,3,0,0,0,0,0,0,2,0,0,0,0,0,0,0,1,1,0,0,0
3948,Backend Developer,6.56,85.2,79.3,60.0,98.2,73.4,60.3,73.0,3,3,1,1,1,1,2,0,0,1,0,0,0,0,0,0,3,3,1,3,3,2,1,0,0,0,0,0,0,0,0,0,0,0,0,0,0,0,0,0,0
3949,Backend Developer,6.25,90.2,72.0,68.5,64.6,65.3,73.4,67.9,4,2,1,1,0,1,3,0,2,1,0,0,0,0,0,1,3,3,3,2,3,1,0,0,0,0,0,2,0,1,0,0,0,0,0,0,0,0,0,0,0
3950,Backend Developer,6.87,82.0,78.2,81.0,59.5,69.7,69.3,69.9,4,2,3,0,1,1,2,0,0,0,0,0,0,0,1,0,2,1,3,3,2,0,1,1,2,0,0,0,0,0,0,0,0,0,0,0,2,0,0,0,0
3951,Backend Developer,9.11,82.1,86.8,63.3,51.5,67.4,78.8,65.2,1,3,1,1,0,1,2,0,0,0,1,0,0,0,1,0,2,0,2,3,2,1,0,0,0,2,0,0,0,0,1,0,0,0,0,0,1,0,1,1,0
3952,Backend Developer,7.64,72.1,79.6,69.4,74.2,47.2,79.7,67.6,1,2,1,1,1,1,3,0,0,0,0,1,0,0,0,0,1,2,3,2,0,2,0,0,0,1,0,0,0,0,0,0,0,0,0,0,0,0,0,0,0
3953,Backend Developer,6.85,86.4,85.2,79.6,78.2,60.8,44.6,65.8,1,3,2,1,0,1,0,0,0,0,0,2,0,0,1,0,1,2,3,3,2,2,0,0,0,0,0,0,0,1,0,0,0,0,2,0,3,0,0,1,0
3954,Backend Developer,7.54,90.5,81.5,73.0,67.4,63.7,77.0,70.3,2,2,2,0,1,1,2,0,0,1,0,0,0,0,0,1,0,1,2,3,1,3,1,0,0,0,0,0,1,0,1,2,0,0,0,0,1,0,0,0,2
3955,Backend Developer,8.84,74.9,69.9,69.9,72.1,49.2,75.4,66.7,3,1,0,0,1,1,3,0,0,1,1,0,0,0,2,1,0,2,3,0,3,3,0,0,0,0,1,0,0,0,0,0,1,0,0,0,3,0,0,0,0
3956,Backend Developer,7.64,76.9,84.3,41.4,60.9,56.8,91.8,62.7,3,2,1,0,1,1,2,0,0,0,0,0,0,0,0,0,0,0,3,3,2,2,0,0,0,0,0,0,0,0,0,0,0,1,0,0,0,2,0,0,0
3957,Backend Developer,8.07,66.9,61.9,62.6,69.0,70.1,68.2,67.5,3,2,0,0,1,1,3,0,0,0,0,0,2,0,0,0,2,3,3,2,3,3,0,0,0,0,0,2,0,0,0,0,0,0,0,0,3,0,0,0,0
3958,Backend Developer,8.9,80.3,82.2,78.9,63.3,78.9,100.0,81.2,3,2,2,1,0,1,3,0,0,2,0,2,2,0,0,0,1,3,3,3,1,2,1,0,0,0,0,1,0,1,0,1,0,0,0,0,2,0,1,0,0
3959,Backend Developer,7.36,90.2,76.9,87.9,94.8,79.1,71.5,83.3,4,2,0,0,1,1,2,0,0,1,0,1,0,0,0,0,2,3,3,2,3,0,0,0,0,0,0,0,0,1,0,0,0,0,0,0,0,0,2,0,0
3960,Backend Developer,7.84,81.1,87.1,50.5,64.6,71.0,84.2,67.6,1,2,0,0,1,0,3,0,0,0,0,0,0,0,0,0,2,2,1,3,3,2,0,0,0,0,0,0,0,0,2,0,0,1,0,0,2,0,0,0,0
3961,Backend Developer,6.63,84.3,82.9,66.6,57.0,69.0,80.2,68.2,3,1,1,1,1,1,2,0,0,0,0,1,0,0,0,0,1,3,0,3,3,0,0,0,0,0,0,0,0,0,0,0,0,0,0,0,3,2,0,0,1
3962,Backend Developer,7.33,87.3,65.7,73.3,64.8,80.1,81.7,75.0,3,3,0,0,1,1,1,0,0,0,0,0,0,0,0,0,2,2,3,0,2,0,2,1,0,1,0,0,0,0,0,0,0,0,0,0,0,0,0,0,2
3963,Backend Developer,8.76,91.4,71.9,78.6,83.4,79.0,60.8,75.5,1,2,1,1,1,1,2,0,0,0,0,0,0,0,0,0,3,3,2,2,2,0,0,0,1,1,0,0,0,0,0,2,0,0,0,0,0,0,0,1,1
3964,Backend Developer,7.93,80.8,72.1,54.0,58.5,66.5,78.6,64.4,0,3,2,0,1,0,2,0,0,0,0,0,3,0,0,0,0,1,3,2,2,1,0,0,0,0,0,0,2,0,2,0,1,2,0,0,3,0,0,2,0
3965,Backend Developer,8.76,99.5,87.3,69.8,84.2,68.9,58.7,70.4,2,3,1,1,1,1,2,0,0,0,0,0,1,0,0,0,3,1,0,1,0,0,0,0,0,0,0,0,0,0,0,0,0,0,0,0,2,0,0,0,0
3966,Backend Developer,6.56,92.6,74.7,68.2,80.4,53.4,75.7,69.4,1,3,0,0,1,1,3,0,0,0,0,0,0,0,2,1,3,3,2,2,2,3,0,0,0,0,0,0,0,1,0,0,2,0,0,0,0,0,3,0,0
3967,Backend Developer,7.83,75.6,75.2,80.8,70.5,69.2,67.2,71.9,1,1,3,0,1,1,2,0,0,0,1,0,0,1,0,0,0,3,3,3,3,2,0,0,0,0,1,0,0,0,0,0,0,0,0,0,0,0,0,1,0
3968,Backend Developer,6.52,87.8,77.7,52.9,56.5,51.1,84.3,61.2,2,1,1,1,0,1,2,0,0,0,0,0,0,0,0,0,3,3,2,0,1,1,0,0,0,0,0,1,0,0,0,0,0,0,0,0,0,0,2,0,0
3969,Backend Developer,8.16,82.2,82.3,61.9,85.8,84.5,58.1,72.6,1,1,2,1,0,1,2,0,0,1,1,1,0,0,0,0,2,3,2,2,2,3,0,0,0,0,0,0,1,1,0,2,0,0,0,0,1,0,0,0,0
3970,Backend Developer,8.57,83.0,87.4,59.8,63.0,70.8,73.4,66.8,1,1,0,0,0,1,2,0,0,0,0,0,0,0,0,0,1,0,3,1,0,2,1,0,0,0,0,0,0,0,0,0,0,0,1,0,1,0,0,1,2
3971,Backend Developer,7.67,89.1,88.3,79.6,88.7,51.5,88.5,77.1,3,1,1,0,1,0,3,3,0,0,0,0,0,0,0,2,2,2,0,1,2,2,1,2,0,1,0,1,1,0,0,0,0,1,2,1,2,0,0,0,0
3972,Backend Developer,8.22,82.6,81.8,65.0,58.4,68.2,75.1,66.7,3,2,0,0,0,1,2,0,0,0,1,1,0,0,0,0,1,0,1,2,3,2,1,0,0,0,0,0,0,0,0,0,0,1,1,0,0,0,0,0,0
3973,Backend Developer,8.39,72.1,78.1,68.7,69.4,55.9,59.7,63.4,3,1,1,0,0,1,1,0,1,0,1,0,1,1,0,0,3,1,1,3,3,3,0,0,0,0,2,0,0,0,0,0,0,0,0,0,0,0,0,0,0
3974,Backend Developer,7.63,84.2,88.6,85.3,86.9,72.0,100.0,86.6,3,3,2,1,1,1,3,1,1,0,0,0,0,2,0,0,3,0,1,0,2,2,0,0,0,0,0,0,0,0,0,2,0,0,0,2,3,0,0,1,1
3975,Backend Developer,8.34,73.6,82.6,65.0,38.9,76.2,66.9,61.8,4,3,1,1,1,1,3,0,0,0,0,1,0,0,0,0,3,0,3,2,2,3,0,0,0,0,0,0,0,0,0,1,0,0,0,0,0,0,0,2,2
3976,Backend Developer,7.44,87.1,75.8,52.2,87.8,52.7,96.3,72.2,4,3,1,1,0,0,2,0,0,0,0,2,0,1,0,2,3,2,1,2,3,2,1,0,0,0,0,0,0,0,1,0,2,0,0,2,2,0,0,0,0
3977,Backend Developer,7.07,81.4,90.6,88.7,74.8,79.0,53.6,74.0,3,1,1,0,1,1,1,1,0,0,0,2,0,0,0,0,3,3,2,3,2,2,1,0,0,0,0,0,0,2,1,0,0,0,0,3,2,0,0,0,0
3978,Backend Developer,8.17,79.9,70.6,75.5,55.1,69.7,75.3,68.9,3,3,1,1,0,1,0,0,1,0,0,0,0,0,0,0,2,0,2,3,2,2,0,0,0,0,0,0,2,0,0,0,0,2,0,0,2,1,2,0,0
3979,Backend Developer,6.97,87.9,75.1,100.0,87.6,72.3,88.5,87.6,1,2,1,1,0,1,2,1,0,0,0,0,0,1,0,0,2,3,3,3,0,3,0,0,1,0,0,0,1,2,0,0,0,0,0,0,0,0,0,0,0
3980,Backend Developer,8.12,86.4,81.0,50.3,85.3,63.5,82.7,70.5,3,3,1,0,1,1,0,2,0,0,0,0,2,0,1,0,3,3,3,2,0,2,0,0,0,0,1,0,0,0,0,0,0,1,0,0,3,0,0,0,0
3981,Backend Developer,8.92,82.9,79.2,73.0,77.3,91.8,71.2,78.3,0,2,3,1,1,0,3,0,0,1,0,2,0,0,1,0,2,3,0,3,3,2,0,0,0,0,0,0,0,1,0,0,0,0,0,0,0,0,2,1,0
3982,Backend Developer,8.55,70.6,79.5,81.6,86.2,75.0,77.3,80.0,2,1,1,0,0,0,2,0,0,0,0,0,0,0,0,2,3,3,1,3,3,2,0,0,0,0,0,1,0,0,0,1,0,0,0,0,0,0,1,0,0
3983,Backend Developer,8.31,77.7,78.3,89.5,81.1,49.3,93.5,78.3,4,1,0,0,0,1,3,0,1,1,0,0,0,0,0,0,2,0,3,3,2,3,0,0,0,0,0,0,0,0,0,0,0,0,0,0,1,1,0,0,0
3984,Backend Developer,8.52,77.9,80.8,78.8,77.4,72.8,65.3,73.6,1,3,1,0,0,1,3,0,3,0,0,0,0,0,0,0,0,1,0,3,1,2,0,0,0,2,0,2,0,2,0,0,0,0,0,0,0,0,0,0,1
3985,Backend Developer,8.51,75.8,69.0,74.2,71.6,43.9,87.2,69.2,2,3,3,1,0,1,1,0,0,2,1,0,0,0,0,0,1,3,0,2,3,1,0,0,0,0,0,0,0,0,0,0,1,0,0,0,2,0,1,0,0
3986,Backend Developer,8.74,82.6,66.9,70.0,66.1,25.7,74.7,59.1,2,2,2,1,1,1,3,0,0,0,0,0,0,0,0,0,0,3,2,2,2,0,0,0,0,0,0,0,0,1,0,2,1,0,0,0,2,0,2,1,0
3987,Backend Developer,8.66,70.3,72.7,63.6,66.9,58.7,90.8,70.0,2,1,1,0,1,1,2,0,0,0,2,0,0,0,0,0,0,2,3,0,0,3,0,3,0,0,0,0,2,0,1,1,0,0,0,0,2,0,0,2,0
3988,Backend Developer,9.36,91.1,72.8,60.1,61.9,67.4,85.5,68.7,4,2,0,0,0,1,1,0,0,0,0,0,0,0,0,0,2,0,3,2,3,3,1,0,1,0,0,0,0,0,0,3,0,0,0,0,0,0,0,0,0
3989,Backend Developer,7.0,75.1,71.1,73.2,83.1,69.6,60.7,71.7,3,2,0,0,1,1,2,0,0,0,0,0,0,0,0,0,3,1,3,2,2,2,0,0,0,0,0,0,0,1,0,0,1,0,0,0,1,0,0,0,0
3990,Backend Developer,7.38,93.0,94.3,60.5,49.1,97.8,68.5,69.0,2,1,3,1,1,1,3,0,1,0,0,0,0,0,1,0,0,3,3,3,3,2,0,0,0,0,1,0,0,0,0,0,1,2,0,0,0,0,0,0,2
3991,Backend Developer,7.96,90.4,73.6,84.0,64.9,74.5,75.4,74.7,2,2,1,1,1,1,2,0,0,0,0,0,0,0,1,0,3,3,2,2,2,3,0,0,0,0,1,0,0,0,0,0,0,0,0,0,1,0,0,0,0
3992,Backend Developer,6.46,75.4,66.8,85.8,61.2,60.9,58.4,66.6,2,1,2,0,0,1,3,0,0,0,0,0,0,0,0,0,3,3,0,2,3,2,0,0,0,0,0,0,0,2,0,0,1,0,0,0,0,0,0,1,0
3993,Backend Developer,8.74,86.7,76.4,71.7,44.9,64.7,86.0,66.8,3,1,1,0,0,1,2,0,0,0,0,0,0,0,0,0,2,3,1,3,3,0,0,0,0,0,0,0,0,0,0,0,0,0,0,0,3,0,0,0,1
3994,Backend Developer,7.7,76.0,60.5,67.5,76.3,56.5,70.2,67.6,3,1,0,0,1,1,3,0,0,0,0,0,0,0,0,0,3,3,2,3,3,2,0,0,1,0,0,0,0,0,0,0,0,0,0,0,2,0,2,0,1
3995,Backend Developer,7.01,81.0,91.4,64.0,69.8,78.3,85.0,74.3,1,2,1,1,1,1,3,0,1,0,0,0,0,0,0,0,3,1,3,0,3,1,0,0,0,0,1,0,0,1,0,1,0,0,0,0,0,0,0,0,0
3996,Backend Developer,8.86,76.7,75.8,38.0,83.7,81.1,100.0,77.1,2,3,1,1,0,1,3,0,0,0,0,0,0,0,0,0,0,1,2,3,2,0,0,1,0,0,2,0,0,2,0,0,0,0,0,0,3,0,0,0,0
3997,Backend Developer,8.27,77.2,82.2,71.7,77.9,87.1,71.4,77.0,2,2,2,1,1,1,1,0,0,0,0,0,0,0,0,0,3,3,3,0,3,0,2,2,0,0,0,0,0,0,0,0,0,0,0,0,2,0,0,0,0
3998,Backend Developer,7.84,86.3,84.3,96.3,60.7,46.4,66.3,67.4,3,2,3,1,0,1,3,0,0,0,1,0,0,0,0,0,0,0,0,2,2,2,0,0,0,0,0,0,0,0,0,0,0,0,0,0,0,0,0,0,2
3999,Backend Developer,7.32,80.3,80.6,93.2,76.9,74.0,66.7,77.7,2,2,1,0,1,1,3,0,2,0,1,0,0,0,0,0,2,2,1,3,3,2,0,0,0,0,1,0,2,0,0,0,0,0,0,0,2,0,0,0,0
4000,Backend Developer,8.11,83.2,70.4,57.2,79.6,63.8,77.7,69.6,2,2,1,1,1,0,2,0,0,0,2,0,0,0,1,0,1,2,2,2,0,3,1,0,0,0,0,1,0,0,0,0,1,0,0,0,3,0,0,0,0
4001,Backend Developer,7.62,75.3,74.2,92.6,76.9,71.7,62.2,75.8,2,2,0,0,1,1,0,0,0,0,0,0,0,0,0,0,1,3,1,2,3,1,0,1,0,0,0,0,0,0,2,1,2,0,1,0,2,0,0,0,0
4002,Backend Developer,7.78,93.9,89.5,68.2,63.0,57.5,66.7,63.8,4,1,3,1,1,1,0,0,0,0,0,0,0,1,1,0,0,2,2,2,1,2,0,0,0,0,0,0,0,0,0,0,1,0,0,0,0,2,0,0,2
4003,Backend Developer,8.09,96.0,78.5,60.9,100.0,64.6,78.1,76.2,2,2,1,0,0,1,2,1,1,0,0,0,0,0,0,0,0,3,3,3,2,0,0,1,0,0,1,0,0,0,0,0,0,0,0,0,2,0,0,0,0
4004,Backend Developer,5.66,73.6,64.4,63.8,87.8,82.3,77.7,77.9,2,2,2,1,1,0,2,0,0,0,0,0,1,0,0,0,2,2,2,1,2,2,0,2,0,0,0,0,0,1,0,0,0,0,1,0,2,0,1,0,0
4005,Backend Developer,8.87,86.1,96.0,71.9,80.3,49.4,77.8,69.8,2,1,1,0,1,1,3,0,0,0,0,0,0,1,0,0,2,2,3,2,0,3,0,0,0,0,0,1,0,0,0,0,0,0,0,0,2,0,0,0,1
4006,Backend Developer,6.52,73.8,74.4,93.5,75.4,65.0,56.1,72.5,1,2,3,1,1,1,3,0,0,0,0,0,0,0,0,0,2,2,0,1,3,0,2,0,0,1,0,1,0,0,0,0,0,0,0,1,0,1,0,0,1
4007,Backend Developer,7.52,75.4,81.0,96.4,65.7,49.6,68.9,70.2,3,2,1,1,1,1,3,1,0,1,0,1,0,0,1,1,3,3,1,3,3,2,0,0,0,0,1,0,1,0,0,1,0,0,1,0,0,0,0,0,0
4008,Backend Developer,8.45,79.7,81.3,62.5,74.4,55.7,84.5,69.3,1,1,1,1,1,0,0,0,0,2,2,0,0,0,0,0,0,2,2,3,2,3,2,0,0,0,0,0,0,0,0,0,0,0,0,0,2,0,0,1,0
4009,Backend Developer,7.82,94.3,71.9,54.5,73.2,65.6,76.3,67.4,3,2,3,0,1,1,3,0,0,0,1,0,0,0,0,0,2,3,3,3,2,2,0,0,0,0,0,0,0,0,0,0,0,1,0,0,1,0,0,1,0
4010,Backend Developer,7.6,86.3,79.9,80.2,96.0,66.5,80.2,80.7,0,2,1,1,0,0,3,0,0,0,0,0,0,0,0,0,1,3,2,2,3,3,0,0,0,2,0,1,0,0,0,0,0,0,0,0,3,0,0,0,0
4011,Backend Developer,6.71,85.8,89.0,78.5,100.0,56.1,73.8,78.4,3,3,3,1,1,1,0,0,0,1,1,0,0,3,0,0,0,3,2,2,3,3,0,0,0,0,0,0,0,0,0,0,0,0,0,0,1,2,0,0,0
4012,Backend Developer,8.11,85.1,79.8,96.0,80.8,60.8,94.7,83.1,1,2,2,1,1,1,0,0,0,0,0,0,0,0,3,0,1,3,3,2,2,3,0,2,0,0,0,0,1,1,0,0,0,1,0,0,2,1,0,0,0
4013,Backend Developer,8.48,90.6,80.5,73.4,64.5,71.9,65.1,68.7,1,3,2,1,1,1,3,0,0,0,0,0,0,0,0,0,1,1,3,2,1,3,0,0,1,0,0,0,1,0,1,0,0,0,0,0,3,0,0,0,1
4014,Backend Developer,7.4,85.0,74.6,67.5,77.1,65.8,98.4,77.2,3,2,1,1,0,0,2,1,0,0,1,0,0,0,0,0,3,1,3,3,2,2,0,2,0,0,0,0,0,0,0,0,0,0,1,0,1,0,0,0,0
4015,Backend Developer,8.49,82.8,78.0,73.5,65.8,60.6,70.1,67.5,0,3,1,1,0,1,2,1,0,0,0,2,1,0,0,0,2,3,2,2,2,1,0,0,0,0,0,0,0,0,0,0,0,0,0,1,0,0,0,0,0
4016,Backend Developer,7.89,78.4,85.1,89.8,75.0,70.3,90.9,81.5,2,2,2,0,1,0,3,0,0,0,0,0,0,0,0,0,3,2,3,3,3,3,0,0,0,0,0,1,0,0,0,0,0,0,0,0,2,0,0,2,0
4017,Backend Developer,6.47,74.9,73.5,66.2,64.4,60.9,77.9,67.4,1,2,0,0,1,1,2,0,1,0,0,0,0,0,0,0,3,2,3,2,2,1,0,0,0,0,0,0,0,0,0,0,0,0,0,2,3,0,0,0,0
4018,Backend Developer,6.97,85.3,78.4,59.3,68.8,66.4,86.5,70.2,0,3,3,0,1,0,3,0,0,0,0,1,0,0,0,0,1,3,2,2,0,2,0,0,0,0,0,0,0,0,0,0,0,1,0,0,0,0,0,0,0
4019,Backend Developer,7.21,84.1,80.3,81.2,84.2,60.4,83.7,77.4,2,2,1,1,1,1,3,0,0,0,0,0,0,2,0,0,2,3,1,1,1,1,0,0,0,2,0,2,0,0,0,0,3,0,0,0,2,0,0,1,0
4020,Backend Developer,8.56,71.6,75.8,60.6,83.5,56.3,80.2,70.1,2,3,1,1,0,0,3,0,0,0,0,0,0,0,0,0,3,3,3,3,2,2,0,0,0,0,0,0,1,0,0,0,1,1,1,0,0,0,0,1,0
4021,Backend Developer,7.57,79.2,76.2,68.2,90.0,68.8,70.5,74.4,4,3,2,1,1,1,3,0,0,2,0,2,0,0,0,1,3,0,2,1,2,0,0,0,0,1,0,0,0,0,0,0,0,1,0,0,0,0,0,0,0
4022,Backend Developer,6.67,83.5,73.9,66.1,64.7,55.5,68.1,63.6,1,1,2,1,1,1,0,1,0,0,0,0,0,2,0,1,3,3,0,2,0,0,0,0,1,0,0,0,0,0,0,1,0,0,0,0,3,0,0,0,0
4023,Backend Developer,6.73,84.0,73.6,94.0,74.1,58.5,67.3,73.5,2,1,2,1,1,1,2,2,0,0,0,0,0,0,0,0,1,0,3,2,3,2,1,0,0,0,0,0,0,0,0,0,0,0,0,2,2,0,0,0,0
4024,Backend Developer,8.48,78.8,81.7,88.5,82.0,95.2,77.9,85.9,2,1,1,1,0,1,1,2,0,0,0,0,0,0,0,0,3,1,3,2,2,1,2,0,0,2,0,0,0,0,0,0,0,0,0,0,1,0,0,2,0
4025,Backend Developer,8.54,92.0,86.6,69.8,68.5,63.3,67.3,67.2,1,3,0,0,0,1,3,0,0,0,0,0,0,1,0,0,0,2,2,3,3,3,0,0,0,0,2,0,1,0,0,0,0,1,0,1,0,0,0,1,1
4026,Backend Developer,8.19,80.6,83.0,74.9,91.1,67.1,72.0,76.3,1,1,2,1,1,0,3,0,0,1,2,0,1,0,0,0,2,3,2,1,0,0,0,0,0,0,0,2,0,0,0,0,0,0,0,0,3,1,1,0,0
4027,Backend Developer,7.99,75.2,68.5,90.6,56.6,59.7,73.3,70.0,2,1,1,1,1,1,0,0,1,1,2,0,0,1,0,0,0,3,2,3,1,0,0,0,0,0,0,1,0,0,0,2,0,0,2,3,3,0,0,0,1
4028,Backend Developer,7.03,89.7,80.6,68.3,84.5,90.2,90.3,83.3,2,2,2,1,1,1,3,1,0,0,0,0,1,0,0,0,3,2,3,3,1,1,0,0,0,0,0,0,0,0,0,0,0,0,1,0,3,0,0,0,0
4029,Backend Developer,8.06,79.6,76.7,71.9,70.7,64.8,79.9,71.8,4,3,3,1,1,1,2,0,0,0,0,1,0,0,0,1,2,2,3,3,3,3,0,0,0,0,0,0,0,0,0,0,0,0,0,2,2,0,0,0,0
4030,Backend Developer,8.06,92.4,71.4,55.1,81.1,65.0,81.4,70.7,2,2,1,0,1,0,2,0,0,0,0,0,0,1,0,0,2,3,2,3,0,0,0,0,1,0,0,0,0,0,0,0,0,0,0,0,2,0,0,0,0
4031,Backend Developer,6.38,76.9,68.5,76.2,77.2,69.8,83.6,76.7,2,2,1,0,0,1,3,0,0,0,0,2,0,1,0,0,3,2,1,3,3,2,0,0,1,0,0,2,0,0,0,1,0,0,0,0,0,1,1,0,0
4032,Backend Developer,7.39,85.3,100.0,55.7,75.6,67.6,71.1,67.5,3,3,1,1,1,1,2,0,0,0,1,0,0,0,0,2,3,3,3,1,0,0,0,0,0,0,2,2,0,0,2,1,1,0,0,0,2,0,0,0,0
4033,Backend Developer,8.7,77.2,80.9,87.3,68.4,80.5,74.0,77.5,2,3,1,1,1,1,3,0,0,1,0,0,0,0,0,0,1,3,3,2,0,3,0,0,0,0,0,0,0,0,0,0,1,0,0,0,0,0,0,0,1
4034,Backend Developer,7.95,80.8,84.7,65.3,87.5,76.5,91.9,80.3,3,3,3,1,1,1,1,0,0,0,0,0,1,0,0,3,2,1,2,3,0,0,0,0,2,0,0,0,0,0,2,0,0,0,0,0,3,0,0,0,0
4035,Backend Developer,7.76,84.2,79.4,75.8,83.7,66.5,82.0,77.0,3,2,2,1,1,1,2,0,0,2,0,0,0,0,0,0,3,2,3,1,3,2,0,0,0,0,0,0,0,0,0,0,0,0,0,0,2,0,0,0,1
4036,Backend Developer,6.93,85.1,83.9,75.7,63.7,74.0,100.0,79.5,2,3,0,0,1,1,3,1,0,0,0,2,0,0,1,0,2,3,2,1,1,0,0,0,0,0,0,0,1,0,0,0,0,0,0,0,3,0,0,0,0
4037,Backend Developer,7.28,74.2,71.6,71.7,62.1,74.7,67.9,69.1,1,2,0,0,1,1,2,0,0,0,0,0,0,0,1,0,3,2,3,1,1,1,2,0,0,0,0,0,0,0,0,0,0,0,0,0,3,0,0,2,0
4038,Backend Developer,7.99,83.7,86.8,58.3,61.8,80.2,64.4,66.2,3,1,2,1,0,1,3,0,0,0,0,1,0,0,0,0,2,1,2,3,3,3,0,0,0,0,0,0,0,1,0,2,0,0,1,0,3,0,0,1,0
4039,Backend Developer,7.72,75.8,86.8,78.9,65.0,68.5,66.3,69.7,3,2,2,1,0,1,3,0,0,0,1,0,1,0,0,0,0,3,0,3,3,2,1,0,1,0,1,0,0,0,1,0,0,0,0,0,2,0,0,0,1
4040,Backend Developer,8.08,77.3,70.0,74.1,79.2,66.7,70.0,72.5,3,2,1,1,0,1,1,2,0,0,0,0,0,1,1,0,0,1,0,2,3,1,0,0,0,0,0,2,0,0,0,0,0,0,0,0,0,0,0,0,0
4041,Backend Developer,7.43,81.4,66.3,83.0,75.6,51.7,85.8,74.0,2,2,0,0,1,1,1,0,0,0,0,0,1,0,0,0,2,2,0,3,1,3,1,0,0,0,0,0,0,1,0,1,0,0,0,2,2,1,0,1,0
4042,Backend Developer,6.92,96.9,87.5,77.2,64.5,66.3,73.6,70.4,2,1,2,1,1,1,2,0,1,0,0,0,0,0,0,2,0,2,1,1,3,3,0,0,0,0,0,0,0,0,1,0,0,0,0,0,2,0,0,1,0
4043,Backend Developer,8.13,70.9,78.6,64.1,87.7,72.2,68.0,73.0,1,3,2,1,0,0,2,0,0,0,0,0,0,0,0,0,3,3,1,1,0,1,0,0,0,0,0,0,0,0,0,0,0,0,0,0,0,0,2,0,0
4044,Backend Developer,7.68,83.2,96.9,86.2,84.1,69.9,68.9,77.3,4,2,3,1,1,1,3,0,0,0,0,0,0,0,0,0,3,3,2,3,3,3,1,0,0,1,0,0,0,2,0,0,0,0,0,0,3,0,0,0,0
4045,Backend Developer,8.61,97.8,77.2,57.0,38.3,72.9,68.9,59.3,2,2,1,1,1,1,2,1,0,0,1,0,0,0,0,2,1,2,3,2,2,0,0,0,0,0,0,0,0,0,0,1,1,0,0,0,0,0,1,0,0
4046,Backend Developer,8.63,84.5,83.2,69.7,62.0,60.1,75.7,66.9,1,3,2,1,0,1,2,0,0,0,0,0,0,2,0,0,2,2,3,3,3,0,0,0,0,0,0,0,0,1,0,1,0,1,1,0,0,0,0,2,0
4047,Backend Developer,7.35,84.8,75.8,55.5,86.2,62.7,88.7,73.3,2,3,0,0,1,1,3,1,1,1,0,0,0,0,0,0,0,2,3,3,0,3,0,0,2,0,0,0,0,1,2,0,1,0,0,0,2,0,0,0,0
4048,Backend Developer,8.32,80.2,73.6,67.1,90.3,75.2,78.5,77.8,4,3,2,1,1,1,2,0,0,0,0,0,0,0,0,0,3,2,3,0,2,2,1,0,0,0,1,0,0,0,0,0,0,0,0,0,3,0,0,0,1
4049,Backend Developer,7.27,90.8,81.3,73.2,74.2,60.1,75.0,70.6,1,1,2,0,1,1,0,0,1,0,0,0,0,0,2,0,3,3,3,2,2,2,0,0,0,0,0,0,0,0,1,0,0,0,2,0,0,0,0,1,0
4050,Backend Developer,7.06,75.0,76.5,100.0,67.1,58.9,86.1,79.0,1,2,0,0,0,1,0,1,0,0,0,0,0,0,1,0,0,2,3,3,1,1,0,0,0,0,0,0,0,2,0,1,0,0,1,0,3,0,0,0,0
4051,Backend Developer,6.61,79.1,73.2,64.4,58.8,66.7,69.4,64.8,2,1,3,0,1,0,1,0,0,0,0,0,0,0,1,1,3,1,3,2,2,1,0,1,0,0,0,0,0,0,0,0,0,0,0,1,2,0,2,0,0
4052,Backend Developer,8.15,77.9,81.8,56.5,78.9,83.5,53.5,68.1,3,2,0,0,0,1,3,2,0,0,0,1,0,1,0,0,2,2,3,3,3,2,0,0,2,0,0,0,0,0,0,0,0,0,0,0,2,0,0,0,0
4053,Backend Developer,8.54,77.0,89.6,59.8,96.7,77.2,58.8,73.1,2,1,1,0,1,1,3,1,0,0,0,0,0,0,0,0,3,0,3,2,2,1,0,0,0,0,0,0,0,0,0,0,0,0,0,2,0,1,0,0,0
4054,Backend Developer,7.01,88.2,86.7,77.9,68.9,66.0,75.0,72.0,0,2,0,0,1,0,2,0,0,1,0,0,0,0,0,0,0,3,3,2,2,3,0,0,0,1,0,0,0,0,0,0,0,0,0,0,3,0,0,1,0
4055,Backend Developer,8.05,86.1,85.0,68.9,58.3,54.2,86.1,66.9,2,2,1,0,1,0,2,1,0,0,1,0,0,0,1,0,1,2,0,3,1,3,0,1,0,0,0,0,0,0,0,0,2,0,0,0,3,0,0,0,1
4056,Backend Developer,6.99,91.5,83.4,67.5,71.7,27.0,95.8,65.5,2,3,2,1,1,1,3,0,0,0,0,0,0,0,2,0,0,0,3,3,2,2,0,1,0,0,0,0,1,2,0,0,0,0,1,0,2,1,0,0,0
4057,Backend Developer,7.93,75.5,75.7,46.2,62.4,67.3,83.0,64.7,2,2,1,1,1,1,2,0,0,0,0,0,0,0,0,0,2,2,2,3,0,3,0,0,0,1,0,0,0,0,0,1,0,0,0,0,2,0,0,0,0
4058,Backend Developer,7.17,79.7,82.6,74.4,73.1,89.2,74.7,77.8,2,3,1,1,1,0,3,0,0,0,0,2,0,0,0,0,2,2,0,3,3,1,1,0,0,0,0,1,1,0,0,0,0,0,0,0,2,0,0,1,0
4059,Backend Developer,8.2,74.3,73.8,73.1,49.9,70.0,83.6,69.2,2,1,2,1,1,1,0,0,0,0,0,0,1,0,0,3,2,2,3,3,0,2,0,0,0,0,0,0,0,0,0,1,0,0,1,0,3,0,1,0,0
4060,Backend Developer,9.26,77.4,69.7,58.5,65.6,74.3,84.8,70.8,3,1,2,1,1,0,3,0,0,1,2,0,0,0,0,0,0,3,2,3,3,0,0,0,0,0,0,0,0,0,0,1,1,0,0,0,3,0,0,0,0
4061,Backend Developer,8.31,93.1,83.3,92.5,65.8,58.0,71.0,71.8,2,3,1,1,1,1,2,0,0,0,1,0,0,0,0,0,3,2,0,2,3,2,0,2,0,0,1,0,0,1,0,1,1,0,0,0,3,0,1,0,0
4062,Backend Developer,7.63,76.2,65.8,54.9,85.1,67.2,73.7,70.2,2,3,3,0,0,1,3,0,0,0,0,0,0,0,0,2,3,0,3,3,2,2,0,0,1,0,0,0,0,0,0,0,0,0,0,0,0,0,0,0,0
4063,Backend Developer,7.82,68.5,82.9,77.6,77.5,54.4,69.0,69.6,2,1,2,1,1,0,2,0,0,0,2,0,0,0,0,0,3,1,3,3,3,2,0,0,0,0,0,0,0,0,0,2,0,1,0,0,1,0,0,0,0
4064,Backend Developer,8.44,75.6,87.5,49.6,100.0,81.4,66.5,74.6,4,2,2,1,1,0,2,0,0,0,0,0,0,0,0,0,2,2,2,2,0,2,0,0,0,0,0,0,0,0,1,0,0,0,1,0,1,0,0,0,1
4065,Backend Developer,8.33,77.6,65.0,83.7,76.6,63.2,68.1,72.9,2,2,3,1,1,1,3,0,0,0,0,2,0,0,1,0,2,2,3,2,3,2,0,0,0,0,0,2,0,0,0,0,0,0,2,2,3,0,1,0,0
4066,Backend Developer,6.86,83.3,71.4,72.7,73.0,81.5,79.3,76.6,2,2,2,1,0,1,3,0,0,0,2,0,1,0,0,0,3,3,1,0,2,3,0,0,0,0,1,0,0,0,0,0,0,1,0,0,3,0,0,0,0
4067,Backend Developer,7.47,92.6,78.9,58.4,65.8,66.3,71.3,65.5,2,2,0,0,1,1,2,0,0,0,0,2,0,0,0,0,3,3,3,2,2,1,0,0,0,0,2,0,0,2,0,0,0,1,0,0,0,0,0,0,1
4068,Backend Developer,7.85,75.1,77.6,75.1,78.2,72.6,76.4,75.6,2,1,1,1,1,0,3,0,0,1,0,0,0,0,0,0,2,2,2,3,1,0,2,0,0,0,2,0,0,2,0,0,0,0,0,0,0,2,0,0,0
4069,Backend Developer,7.26,70.0,75.3,70.4,91.3,54.9,91.9,77.1,1,2,1,0,1,1,3,0,0,0,0,0,0,0,0,2,3,1,2,2,2,3,0,0,0,0,0,0,0,0,0,1,0,0,2,0,3,1,1,0,0
4070,Backend Developer,8.5,80.0,76.5,76.6,79.6,71.1,89.7,79.2,2,2,2,0,1,1,2,0,0,0,0,0,2,0,0,0,3,0,3,3,1,2,0,0,0,0,0,0,0,2,0,0,0,0,0,0,0,0,0,0,2
4071,Backend Developer,8.64,89.3,75.9,73.6,73.4,57.8,71.9,69.2,4,3,1,1,1,1,1,0,2,1,0,0,0,0,0,0,3,2,2,2,1,1,0,0,0,1,0,2,0,0,0,0,1,1,0,0,1,0,0,0,0
4072,Backend Developer,8.44,75.2,78.0,71.6,95.0,45.7,65.6,69.5,2,2,2,0,1,1,1,0,0,2,0,0,0,0,0,0,0,3,3,3,3,0,0,0,0,0,0,0,0,0,0,0,2,1,0,1,2,1,0,0,0
4073,Backend Developer,6.43,89.6,78.1,49.4,56.6,76.0,73.4,63.9,3,2,2,0,1,0,2,0,0,0,0,0,1,1,0,0,2,2,3,2,3,2,1,0,0,0,0,0,0,0,0,0,0,0,0,1,1,1,0,0,1
4074,Backend Developer,7.78,93.7,63.3,47.2,76.7,66.6,84.9,68.8,3,2,0,0,1,1,2,0,0,2,0,0,0,0,0,1,3,3,2,0,3,3,0,2,0,0,0,0,0,0,0,0,0,0,0,2,2,0,0,0,0
4075,Backend Developer,7.35,92.4,87.3,71.5,82.7,56.3,82.6,73.3,4,3,1,0,0,1,3,1,0,3,0,0,0,0,0,0,1,0,3,0,3,2,0,0,0,0,0,0,2,0,1,0,0,0,1,1,2,0,0,2,0
4076,Backend Developer,6.94,78.6,80.4,77.0,64.7,75.9,78.1,73.9,1,2,1,0,1,1,2,0,0,0,0,0,0,0,0,0,0,2,0,3,3,3,0,0,0,0,1,0,0,2,0,0,0,0,0,0,3,0,0,2,0
4077,Backend Developer,7.22,83.0,75.7,49.7,100.0,81.9,69.4,77.5,3,1,1,1,1,1,3,0,0,0,0,2,0,0,0,0,2,3,0,3,3,0,0,1,0,0,0,0,1,0,0,1,0,0,0,0,2,1,0,0,0
4078,Backend Developer,7.98,86.3,88.9,80.1,87.0,61.7,66.4,73.8,2,2,0,0,1,1,0,2,0,0,0,0,0,0,0,0,0,2,1,1,2,1,2,0,0,0,0,0,0,1,1,0,0,0,0,0,0,0,0,0,0
4079,Backend Developer,8.58,92.8,77.8,75.3,100.0,62.6,82.7,80.6,1,2,0,0,1,1,2,0,0,0,0,0,0,0,0,0,3,0,3,3,2,2,0,0,0,0,0,0,0,0,0,0,0,0,0,0,3,0,0,0,1
4080,Backend Developer,6.98,91.0,74.9,84.1,75.7,51.6,87.0,74.6,2,2,1,1,1,1,1,0,0,0,0,0,0,0,0,0,3,3,3,3,3,3,2,2,0,0,0,2,0,2,0,0,0,0,0,0,3,2,0,2,0
4081,Backend Developer,9.11,85.0,78.8,69.0,56.4,80.4,87.2,73.2,2,2,1,1,1,0,2,2,0,0,0,0,1,0,0,0,2,2,1,3,3,1,0,0,0,0,0,0,0,1,0,0,0,0,0,0,2,0,0,0,0
4082,Backend Developer,8.62,80.4,73.2,81.3,80.9,81.8,75.1,79.8,3,3,1,1,1,0,3,0,0,0,0,0,0,0,0,2,3,0,2,2,0,3,0,0,0,0,0,2,0,0,0,0,0,2,2,0,2,0,1,0,0
4083,Backend Developer,7.83,89.9,76.4,77.1,97.0,72.5,55.7,75.6,2,1,1,1,1,1,3,0,0,0,0,0,0,0,1,0,0,0,3,1,3,2,1,0,0,0,0,0,2,0,0,0,0,0,0,0,3,0,0,0,0
4084,Backend Developer,7.81,92.4,82.3,79.0,80.0,76.0,83.7,79.7,3,2,3,1,1,1,3,0,0,1,0,0,1,0,0,0,1,2,0,3,2,1,2,2,1,0,0,0,0,1,0,0,0,1,0,0,3,0,0,0,0
4085,Backend Developer,6.95,80.5,87.3,85.6,54.9,64.5,86.7,72.9,1,2,1,1,1,1,3,0,0,0,2,0,0,0,0,0,0,0,3,2,3,2,0,0,0,0,0,0,0,0,0,2,0,0,0,0,2,0,0,2,0
4086,Backend Developer,8.37,78.1,88.5,69.4,62.1,72.1,92.1,73.9,2,1,1,0,0,1,0,0,0,0,1,0,0,0,0,0,3,3,1,3,3,3,0,0,0,1,0,2,0,0,0,0,0,1,0,0,3,0,1,1,0
4087,Backend Developer,7.35,90.4,73.6,51.9,44.2,62.1,78.5,59.2,2,1,3,1,0,0,2,0,0,0,0,0,0,0,1,0,3,1,3,3,3,1,0,0,0,2,0,2,0,0,0,0,1,0,0,0,0,0,0,0,1
4088,Backend Developer,8.16,80.5,91.9,76.4,62.0,90.5,78.3,76.8,2,2,0,0,1,0,2,0,0,0,0,2,0,0,2,0,2,2,2,3,3,0,0,2,0,0,0,0,1,0,0,0,0,0,0,0,2,0,1,0,0
4089,Backend Developer,8.4,77.9,83.0,86.0,51.7,54.8,60.1,63.1,2,3,1,1,1,1,3,0,0,0,0,0,0,0,0,0,3,1,2,2,2,3,0,0,0,0,1,0,0,0,0,0,0,0,0,0,2,0,0,0,0
4090,Backend Developer,7.23,88.3,82.9,58.2,53.8,81.3,71.4,66.2,2,1,1,1,1,0,2,0,0,0,0,2,0,0,0,0,3,3,3,1,3,1,0,0,0,0,0,0,0,0,0,2,2,0,0,0,0,0,0,0,0
4091,Backend Developer,8.77,70.5,69.1,58.0,81.3,70.0,85.6,73.7,2,1,1,0,1,1,2,0,0,0,1,0,0,1,0,0,2,0,3,3,2,0,0,0,1,0,0,0,1,0,0,0,0,0,0,0,0,0,0,0,0
4092,Backend Developer,6.67,88.9,85.8,68.5,64.2,55.1,72.4,65.0,1,2,2,1,1,1,3,0,1,0,1,1,0,0,0,0,2,2,2,0,1,3,0,0,0,0,0,0,0,1,0,0,0,0,0,0,1,0,0,1,0
4093,Backend Developer,8.66,80.7,84.7,84.9,80.2,64.0,59.8,72.2,2,1,1,1,1,1,2,0,0,1,2,0,0,0,0,3,3,2,3,3,1,2,0,1,0,0,0,2,0,0,0,0,1,0,0,2,1,1,1,0,0
4094,Backend Developer,7.07,90.3,68.3,64.3,67.5,61.5,76.6,67.5,3,2,3,1,1,1,3,0,0,0,0,1,0,0,0,0,0,2,2,2,0,2,0,0,0,1,0,0,0,0,0,0,0,0,0,0,2,3,0,0,0
4095,Backend Developer,7.65,73.1,85.6,55.4,74.5,61.1,59.7,62.7,4,1,2,1,1,1,3,0,0,0,0,1,0,0,0,0,2,3,3,1,3,3,0,0,0,0,0,0,0,0,0,2,0,0,0,0,0,0,0,0,0
4096,Backend Developer,7.02,79.2,82.5,66.5,65.4,81.8,74.8,72.1,1,2,2,0,1,1,3,0,1,0,0,0,0,0,1,0,2,3,2,3,3,2,1,0,0,0,2,0,1,1,0,0,1,0,1,0,0,0,0,1,2
4097,Backend Developer,7.78,61.8,72.4,68.2,65.8,68.0,72.1,68.5,2,1,3,1,1,1,3,0,0,0,0,0,0,0,0,0,1,1,2,1,2,3,0,0,0,0,1,0,0,0,0,1,0,0,0,0,1,0,0,0,0
4098,Backend Developer,8.68,88.9,64.6,79.5,97.2,74.9,75.2,81.7,2,1,3,1,1,1,2,0,0,0,0,0,0,0,0,0,0,3,0,1,3,2,0,2,0,0,0,0,0,0,0,1,0,1,0,0,3,0,0,0,0
4099,Backend Developer,8.58,88.7,88.3,41.2,84.8,49.3,71.7,61.8,2,2,1,1,0,0,2,2,0,0,0,0,0,0,0,0,0,2,3,3,0,3,0,0,0,0,1,0,0,0,1,0,0,0,0,0,2,0,0,0,1
4100,Backend Developer,8.37,83.6,70.6,73.4,44.7,62.8,61.8,60.7,2,2,0,0,0,1,2,0,0,0,0,0,0,0,1,0,2,2,3,2,3,3,0,0,0,1,0,0,0,1,0,0,0,1,0,0,2,1,0,0,0
4101,Backend Developer,7.17,87.3,79.1,77.1,65.0,97.8,72.7,78.1,2,2,0,0,1,1,3,0,0,0,0,1,0,0,0,1,2,2,0,3,1,0,0,0,0,1,2,1,0,0,0,1,0,0,0,0,0,1,1,0,0
4102,Backend Developer,7.48,82.0,83.1,71.5,61.3,74.6,83.3,72.7,0,2,2,1,0,1,2,0,3,0,0,0,0,0,0,0,2,3,3,2,0,2,0,0,1,0,0,1,2,0,0,0,0,0,0,1,3,0,0,0,0
4103,Backend Developer,8.45,76.1,87.6,84.1,72.1,61.7,78.1,74.0,2,2,0,0,1,1,1,0,0,0,0,0,0,2,0,0,0,0,2,1,2,3,1,0,2,0,0,0,0,0,0,2,0,0,0,1,3,0,0,0,3
4104,Backend Developer,7.84,85.2,78.6,70.5,62.8,74.9,70.6,69.7,2,3,1,1,1,1,2,0,0,0,0,0,0,0,0,0,2,0,2,2,3,2,0,0,0,1,0,0,0,0,2,0,0,0,0,0,1,0,0,0,0
4105,Backend Developer,6.42,96.1,87.7,88.6,80.5,54.4,71.7,73.8,4,2,0,0,1,1,2,0,0,0,0,0,0,0,2,0,3,3,1,2,3,0,0,0,0,0,0,0,0,1,0,0,0,0,0,0,1,0,2,0,0
4106,Backend Developer,7.42,95.9,77.8,69.5,73.3,64.6,76.6,71.0,2,2,1,1,1,1,3,0,0,0,0,0,0,0,2,1,3,2,3,2,3,1,0,1,0,1,0,0,0,2,0,0,0,1,1,2,3,0,0,0,0
4107,Backend Developer,7.5,92.5,79.4,61.4,66.6,73.8,73.5,68.8,2,2,2,1,0,1,3,0,1,0,0,0,0,0,0,0,3,2,3,2,3,1,0,0,0,1,2,0,0,0,0,0,0,0,0,0,0,0,0,0,0
4108,Backend Developer,7.82,68.5,81.3,78.7,91.5,67.8,61.5,74.9,1,3,2,0,0,1,2,0,0,0,0,0,0,0,0,0,2,3,2,0,0,3,1,0,0,0,0,0,0,0,0,0,0,0,2,0,2,0,2,0,1
4109,Backend Developer,6.5,76.7,93.8,100.0,61.1,79.3,87.6,82.9,1,3,1,1,0,1,2,0,0,1,0,0,0,0,2,0,0,3,0,2,1,2,0,0,0,2,0,0,0,0,0,0,0,0,1,0,0,0,1,0,1
4110,Backend Developer,8.25,81.9,81.4,63.8,74.5,77.2,73.1,72.2,2,1,2,0,1,1,2,0,0,0,0,1,0,0,0,0,2,3,3,2,2,3,0,0,0,0,0,2,0,0,0,1,0,0,0,0,2,1,0,0,0
4111,Backend Developer,7.31,86.7,65.2,66.5,71.0,90.6,65.1,73.3,2,1,2,1,1,1,1,0,0,1,0,0,1,0,0,0,3,3,2,2,2,2,0,0,0,0,1,0,0,0,0,0,0,0,0,2,0,0,0,0,0
4112,Backend Developer,8.58,72.2,88.3,67.8,79.9,70.5,75.1,73.3,3,2,1,1,1,1,2,0,0,0,0,0,0,0,0,0,3,3,2,1,0,0,0,0,0,0,0,1,0,1,0,0,1,0,0,0,0,0,0,0,1
4113,Backend Developer,6.97,78.8,83.0,62.6,69.1,72.7,60.5,66.2,2,2,1,1,1,1,3,0,2,0,0,0,0,0,0,0,2,1,0,2,2,3,0,0,0,0,2,0,0,0,1,0,0,0,0,0,0,0,2,0,0
4114,Backend Developer,7.7,88.7,86.0,62.2,100.0,94.1,69.2,81.9,4,2,2,0,1,0,3,0,0,0,0,0,0,0,0,1,3,1,3,1,0,2,0,0,0,0,0,0,0,0,0,0,0,0,0,0,0,0,0,2,0
4115,Backend Developer,7.89,90.3,76.2,74.1,68.0,84.3,68.0,73.6,4,3,0,0,0,1,0,0,0,0,0,0,0,0,0,0,1,1,3,0,3,0,2,0,0,0,0,1,0,0,0,2,0,0,0,0,2,0,0,0,0
4116,Backend Developer,6.85,86.1,84.7,78.2,80.4,68.4,70.1,74.3,2,3,3,1,1,0,3,0,0,1,0,0,0,0,0,0,0,2,1,2,2,0,0,1,2,1,0,0,1,0,0,0,1,0,0,0,2,0,0,0,1
4117,Backend Developer,7.45,82.4,79.8,48.0,69.1,79.4,78.9,68.8,1,3,1,0,1,1,3,0,0,0,0,0,0,0,2,2,3,3,3,1,3,2,0,0,0,0,0,0,0,0,0,1,1,0,1,0,3,0,0,0,0
4118,Backend Developer,7.26,77.8,75.1,79.2,81.8,59.8,79.9,75.2,2,2,2,1,1,1,3,0,0,0,1,0,0,0,0,0,2,3,0,0,2,1,1,0,1,0,0,0,0,1,0,0,0,0,0,0,3,1,0,0,0
4119,Backend Developer,6.73,88.1,82.5,77.0,88.3,59.0,54.7,69.8,1,1,1,1,1,1,3,1,0,0,1,0,0,0,0,0,3,1,1,3,3,0,0,0,0,0,0,0,0,2,0,0,0,0,0,0,3,0,0,0,0
4120,Backend Developer,7.17,71.0,84.4,84.4,81.6,64.3,77.1,76.8,2,2,0,0,1,1,2,0,1,0,0,0,0,0,0,0,3,2,0,2,2,0,0,0,0,0,0,0,0,0,0,0,0,0,2,1,0,0,0,0,0
4121,Backend Developer,7.56,81.7,76.5,65.2,85.3,90.9,93.2,83.7,3,2,1,0,1,1,3,1,0,0,0,0,0,0,0,0,3,3,0,3,1,2,0,0,0,2,0,0,1,0,0,0,0,2,0,0,2,0,1,0,0
4122,Backend Developer,7.24,83.4,81.1,82.7,73.9,57.8,57.3,67.9,2,2,2,1,1,1,1,0,0,0,0,0,0,0,2,0,3,0,2,3,3,2,0,0,0,0,0,2,0,2,1,0,0,0,0,0,3,2,0,0,0
4123,Backend Developer,6.92,77.0,73.1,83.4,72.2,62.3,62.7,70.2,2,1,1,1,1,1,2,0,0,3,0,0,0,0,0,0,1,0,2,3,1,1,0,0,2,1,0,2,0,0,0,0,1,0,0,2,0,0,0,1,0
4124,Backend Developer,9.05,88.1,74.8,58.5,37.1,67.7,81.3,61.2,1,2,1,0,1,1,2,0,2,0,0,0,0,0,0,0,1,3,2,1,3,1,0,0,0,0,0,1,0,0,0,1,2,0,0,0,1,0,0,0,0
4125,Backend Developer,7.31,76.1,82.7,54.2,76.6,69.9,75.9,69.2,4,2,2,1,1,1,1,0,0,1,0,0,1,0,1,0,0,2,3,0,3,3,0,1,0,1,0,0,0,1,0,0,0,0,0,0,3,0,0,0,0
4126,Backend Developer,6.75,85.0,86.1,85.1,76.3,46.5,77.6,71.4,2,1,0,0,1,0,3,0,0,0,0,0,1,1,0,0,2,1,0,2,2,3,0,0,2,0,0,0,0,0,0,0,0,0,0,0,1,0,0,0,0
4127,Backend Developer,8.36,90.8,76.9,93.1,72.8,61.3,72.1,74.8,1,2,2,1,1,1,3,0,0,0,0,0,0,1,0,0,1,3,1,1,2,0,0,0,0,0,0,0,0,0,2,0,0,0,1,0,1,1,0,0,1
4128,Backend Developer,7.85,86.2,82.9,88.1,49.5,89.6,73.3,75.1,1,2,2,1,1,1,1,0,0,0,1,0,0,0,0,2,0,3,0,3,2,3,0,0,0,2,0,0,0,0,0,0,0,1,0,0,1,0,0,0,0
4129,Backend Developer,6.49,81.9,80.9,79.0,94.4,69.5,71.0,78.5,2,3,2,0,1,1,3,0,1,0,0,0,0,0,0,0,3,2,3,2,2,0,0,0,0,0,0,3,0,0,0,0,0,0,0,0,0,0,0,0,1
4130,Backend Developer,7.41,90.5,79.9,86.9,68.6,71.3,91.5,79.6,2,2,1,0,1,1,2,1,0,2,0,0,0,1,0,1,2,1,2,1,3,2,2,0,0,0,0,1,1,0,0,0,0,0,0,0,2,0,0,0,0
4131,Backend Developer,6.26,90.4,73.5,62.9,70.5,56.2,64.4,63.5,2,1,1,1,0,1,2,0,0,0,0,2,0,0,0,0,3,0,1,2,3,3,1,0,0,0,0,0,0,0,0,0,0,1,0,2,0,0,0,1,0
4132,Backend Developer,7.91,71.2,72.2,57.2,75.6,61.7,74.2,67.2,4,2,3,0,1,1,2,2,0,0,0,0,0,0,0,0,1,1,3,0,3,2,2,0,1,0,0,0,0,0,0,0,0,0,0,0,2,0,0,0,0
4133,Backend Developer,7.53,82.2,73.0,76.7,70.6,54.2,88.5,72.5,3,2,1,1,0,1,2,0,0,0,1,0,0,0,0,2,2,0,1,3,1,0,0,0,0,1,2,0,0,0,0,0,0,0,0,0,0,0,0,0,0
4134,Backend Developer,7.74,82.3,85.2,65.9,67.7,85.2,66.9,71.4,2,2,2,1,1,1,2,0,0,0,0,0,0,0,0,1,2,1,3,1,0,0,0,1,0,0,0,0,0,0,0,0,0,0,0,0,2,0,0,0,0
4135,Backend Developer,7.21,80.4,77.5,51.6,81.8,91.5,89.3,78.5,2,2,1,1,1,1,3,0,0,2,0,0,0,0,0,0,2,1,2,0,1,3,0,1,0,0,0,0,1,0,0,0,1,0,0,1,3,0,2,1,0
4136,Backend Developer,8.09,65.4,76.3,93.5,84.5,67.2,86.3,82.9,4,2,1,1,1,0,3,0,0,0,0,1,0,2,0,0,2,0,3,1,3,3,0,0,2,0,0,0,2,0,0,1,2,0,0,0,0,2,0,0,0
4137,Backend Developer,7.71,90.5,71.3,71.0,75.7,49.6,55.2,62.9,4,2,2,1,1,1,2,0,0,1,0,0,1,0,0,0,3,1,0,3,1,3,0,0,0,0,0,0,0,2,0,0,0,0,0,0,2,0,0,0,0
4138,Backend Developer,7.96,85.5,69.9,73.1,75.5,58.8,67.2,68.6,4,2,1,1,1,1,3,1,0,0,0,2,2,0,0,0,0,0,0,3,2,2,0,0,0,0,0,1,2,0,0,0,0,0,0,0,2,0,0,0,0
4139,Backend Developer,7.09,76.5,78.9,85.4,80.7,58.3,62.9,71.8,1,3,2,1,0,1,2,1,0,0,2,0,1,1,1,0,2,3,3,2,1,3,0,0,0,1,0,0,0,0,0,0,0,0,0,0,2,0,0,0,0
4140,Backend Developer,6.3,81.3,86.3,72.4,90.9,49.2,57.5,67.5,1,3,1,1,1,1,2,1,0,1,0,0,0,0,1,1,1,3,3,0,1,2,0,0,0,1,2,0,0,0,0,0,0,3,0,0,0,0,0,0,0
4141,Backend Developer,8.12,79.8,85.9,86.8,83.3,76.3,83.7,82.5,1,1,3,0,0,0,3,0,0,0,0,0,1,0,2,0,3,2,3,2,3,3,0,1,0,0,0,0,1,0,0,0,2,1,0,0,2,0,0,0,0
4142,Backend Developer,7.71,92.2,75.7,83.3,62.8,100.0,90.7,85.3,1,3,1,0,1,0,3,0,0,0,0,0,0,0,2,0,1,3,3,2,1,1,0,0,1,0,0,0,0,1,0,0,0,0,0,0,1,2,0,2,0
4143,Backend Developer,7.36,70.2,81.8,82.3,61.7,50.2,82.9,69.3,3,3,2,1,0,1,3,0,0,0,1,1,2,0,0,0,3,3,3,1,1,3,0,0,0,0,0,0,0,0,0,0,0,0,1,0,1,0,0,0,0
4144,Backend Developer,5.83,84.3,90.2,58.7,58.3,50.1,76.5,60.9,1,1,0,0,1,0,2,0,0,0,0,0,0,0,0,2,0,2,0,2,2,0,0,0,0,0,0,0,0,0,0,0,0,0,0,0,3,0,0,0,0
4145,Backend Developer,6.83,84.3,59.9,87.2,50.4,63.9,81.5,70.8,1,2,2,1,1,1,3,0,0,0,0,0,1,0,0,0,0,3,2,2,0,2,0,0,0,0,2,1,1,0,0,0,0,0,1,0,2,0,1,0,0
4146,Backend Developer,7.97,70.0,91.6,69.8,76.8,73.2,84.6,76.1,3,2,2,1,1,1,2,0,0,0,0,0,0,0,0,0,0,2,0,1,3,0,0,0,0,1,0,0,0,0,0,0,0,0,0,0,2,0,0,0,0
4147,Backend Developer,7.24,86.2,88.8,69.9,53.3,75.4,78.6,69.3,4,2,2,0,1,1,3,0,0,0,2,0,0,0,0,0,0,3,3,3,3,3,2,0,0,0,1,0,0,0,1,0,0,0,0,1,3,1,0,0,2
4148,Backend Developer,7.75,74.8,85.9,64.1,74.4,55.0,90.2,70.9,1,2,1,1,0,1,1,0,0,1,0,0,0,1,0,0,0,3,3,3,1,0,0,0,0,2,0,1,0,0,0,2,2,0,0,0,3,0,0,0,2
4149,Backend Developer,6.88,78.2,84.1,74.0,71.0,73.3,83.9,75.6,1,2,2,1,1,1,3,0,0,0,0,0,1,0,0,0,1,3,0,3,3,0,0,0,0,0,0,0,0,0,0,0,0,1,0,0,2,0,0,1,0
4150,Backend Developer,9.18,94.5,73.0,78.7,69.3,71.4,67.3,71.7,1,2,2,0,1,1,2,1,0,0,0,0,0,0,0,0,0,0,3,2,0,3,2,0,0,1,0,0,0,1,0,0,0,0,0,0,0,0,2,0,0
4151,Backend Developer,7.61,82.5,75.5,98.3,83.6,69.5,85.0,84.1,3,2,0,0,1,1,2,0,0,0,0,0,0,0,0,1,0,1,3,2,2,3,0,0,0,0,0,0,0,0,0,0,0,0,0,2,1,0,0,0,0
4152,Backend Developer,7.55,92.9,87.0,68.7,82.7,73.5,75.4,75.1,4,2,1,0,1,1,3,0,0,1,0,1,0,0,1,1,2,3,3,0,3,2,0,0,0,0,0,1,0,0,2,0,0,0,0,0,2,0,0,0,0
4153,Backend Developer,7.46,92.1,86.8,59.4,73.2,89.8,81.8,76.0,1,3,2,0,0,1,2,0,0,0,0,0,0,0,1,0,3,2,0,2,0,3,0,0,0,0,0,0,0,0,1,0,0,1,0,1,2,0,0,0,1
4154,Backend Developer,5.5,78.2,81.0,85.0,69.5,80.8,47.2,70.6,2,2,1,0,0,0,2,0,0,0,0,0,0,0,0,0,3,0,1,1,3,3,0,0,0,0,0,0,0,0,0,0,0,2,0,0,0,0,0,1,0
4155,Backend Developer,8.96,77.4,76.5,74.3,49.5,74.9,62.2,65.2,2,2,1,1,1,1,3,0,0,0,0,0,0,0,0,1,2,2,1,3,0,2,0,0,0,0,0,0,0,2,0,0,0,0,2,0,3,1,0,0,0
4156,Backend Developer,7.63,66.0,76.2,77.4,70.9,74.7,75.4,74.6,3,3,0,0,1,1,3,0,0,2,1,0,1,2,0,1,0,3,3,3,2,3,0,2,1,1,0,0,0,1,0,0,0,0,0,0,0,1,0,0,0
4157,Backend Developer,7.13,73.9,79.5,59.8,63.9,74.7,60.2,64.6,3,2,0,0,0,0,0,0,0,0,0,0,0,0,0,0,2,3,3,0,2,2,1,0,0,0,0,0,0,0,0,0,0,0,0,0,2,0,0,0,2
4158,Backend Developer,8.09,86.0,74.1,63.2,49.3,74.5,73.0,65.0,0,2,1,1,1,0,2,0,0,1,0,0,0,0,0,1,2,1,3,3,2,2,0,0,0,0,0,0,1,0,1,0,0,0,0,0,3,0,0,0,0
4159,Backend Developer,7.66,82.0,88.3,74.0,60.0,67.5,94.3,74.0,2,2,1,0,1,1,0,0,0,0,0,0,0,0,0,0,3,2,1,2,0,3,2,0,0,1,0,0,0,0,0,0,0,0,0,0,1,0,1,0,0
4160,Backend Developer,7.92,84.8,82.4,66.4,79.3,82.6,54.5,70.7,2,2,1,1,1,1,0,0,0,0,0,0,0,0,0,0,1,3,2,2,2,0,0,0,1,2,0,0,2,0,0,0,0,0,0,0,2,0,0,1,0
4161,Backend Developer,6.37,82.3,82.8,67.5,69.3,70.7,63.8,67.8,2,2,2,0,1,0,1,0,1,0,0,0,0,0,0,0,0,3,2,2,0,2,0,0,0,0,1,0,0,0,0,1,0,0,0,0,2,0,0,1,2
4162,Backend Developer,8.28,86.4,84.0,64.8,64.3,59.1,94.2,70.6,2,3,2,0,1,1,3,0,0,0,0,1,0,0,0,0,2,0,3,3,0,3,0,0,0,0,0,0,0,0,0,0,0,0,0,0,3,1,0,0,0
4163,Backend Developer,7.26,89.7,78.4,81.9,65.7,61.3,62.8,67.9,2,2,2,1,1,1,3,0,0,0,0,0,1,1,0,0,3,2,2,1,3,2,0,2,1,0,0,0,0,0,0,0,0,0,0,0,2,0,0,0,1
4164,Backend Developer,8.39,87.7,88.1,72.9,100.0,80.3,63.9,80.4,3,2,0,0,1,1,3,0,1,0,0,0,0,0,0,1,2,2,3,0,2,0,0,0,0,0,0,0,0,0,0,0,0,0,0,0,2,0,0,0,0
4165,Backend Developer,8.13,90.1,90.9,81.0,64.5,66.8,67.7,70.0,3,1,0,0,1,1,0,0,0,0,2,0,0,0,0,0,0,2,1,3,2,3,0,0,0,1,0,0,0,0,0,0,0,0,0,0,3,0,0,0,0
4166,Backend Developer,8.0,80.0,92.0,94.5,99.1,61.0,69.7,81.1,1,2,1,0,1,1,1,0,0,1,0,2,0,0,0,2,2,2,3,3,3,2,0,0,0,1,0,1,0,0,0,0,0,1,0,0,0,0,0,0,0
4167,Backend Developer,6.75,75.8,65.5,64.2,78.6,59.0,95.9,74.4,2,2,2,1,1,1,3,0,0,0,0,0,0,0,0,0,3,0,3,3,1,2,0,0,1,0,0,0,1,0,0,0,0,0,0,0,1,0,0,0,0
4168,Backend Developer,7.89,90.7,88.5,77.7,66.1,74.8,74.5,73.3,2,3,1,1,1,1,3,0,0,0,1,1,0,0,0,0,1,2,2,2,2,2,1,0,2,2,0,0,1,0,0,1,0,1,0,0,3,0,0,0,0
4169,Backend Developer,7.86,86.7,85.7,68.4,67.3,64.3,86.1,71.5,3,3,1,1,0,0,2,0,0,0,0,0,0,0,0,0,3,2,2,3,2,3,0,0,0,0,0,1,0,0,0,0,0,0,0,0,3,0,0,0,0
4170,Backend Developer,7.63,85.1,84.3,87.8,82.0,71.0,71.1,78.0,4,3,0,0,0,0,2,2,0,0,0,0,2,0,0,0,2,2,3,0,2,1,0,0,0,0,0,1,0,1,0,0,0,0,0,0,1,0,0,0,0
4171,Backend Developer,7.85,88.0,80.5,72.2,82.0,68.0,46.3,67.1,1,1,1,1,1,1,0,0,1,0,0,0,0,0,2,0,0,1,3,1,3,1,0,0,0,0,2,0,0,0,0,0,0,0,0,0,0,0,0,1,0
4172,Backend Developer,8.65,85.8,83.2,77.6,65.2,74.0,60.8,69.4,3,1,3,1,0,0,0,0,0,0,0,0,0,0,0,1,2,3,1,3,0,2,0,0,0,0,2,0,0,0,0,0,0,0,0,0,2,0,0,0,0
4173,Backend Developer,7.24,85.3,76.6,85.2,63.3,66.9,78.7,73.5,2,2,0,0,1,1,3,0,2,1,0,0,0,0,0,0,2,2,0,2,1,2,0,1,0,1,0,0,0,0,0,0,0,0,0,0,3,1,0,0,0
4174,Backend Developer,8.7,91.6,81.3,70.1,43.6,56.5,60.3,57.6,3,3,2,1,1,0,3,0,0,0,0,1,0,0,0,1,1,2,2,1,3,2,0,1,0,0,0,0,0,0,0,0,1,0,0,1,3,0,1,0,0
4175,Backend Developer,8.66,78.9,86.2,87.8,67.1,41.9,71.9,67.2,3,1,2,1,1,1,3,0,0,0,0,0,2,0,0,0,0,3,0,2,0,1,0,0,0,0,0,0,0,0,0,0,1,0,0,0,3,0,0,0,0
4176,Backend Developer,8.62,84.7,77.7,63.6,70.5,56.6,68.6,64.8,1,2,3,1,1,1,2,0,0,0,0,0,1,0,0,0,2,2,3,2,3,3,0,0,0,0,0,0,1,0,0,0,0,0,0,0,3,0,0,0,0
4177,Backend Developer,8.46,68.2,85.0,70.1,58.6,81.1,69.5,69.8,0,2,0,0,0,0,2,0,0,0,0,2,0,0,0,2,3,3,2,2,2,3,0,0,0,0,0,0,0,0,0,0,0,0,0,0,3,0,0,0,0
4178,Backend Developer,8.58,87.5,87.3,87.3,82.6,80.7,73.0,80.9,4,2,0,0,0,1,0,0,0,0,0,0,2,1,0,0,2,3,2,2,3,0,0,0,0,0,2,0,0,0,0,0,0,0,0,0,2,0,0,0,0
4179,Backend Developer,7.76,85.9,83.4,69.4,84.5,59.0,60.4,68.3,3,3,2,1,1,0,3,0,0,0,0,0,2,0,0,0,2,1,2,2,2,0,0,0,0,0,0,1,0,2,0,0,1,0,0,0,0,0,0,0,1
4180,Backend Developer,7.03,93.7,69.8,51.8,61.6,66.9,91.0,67.8,3,3,3,1,1,1,3,0,0,0,2,0,0,2,0,0,3,2,1,3,1,1,0,1,0,0,0,0,0,0,0,0,0,0,0,0,1,1,0,0,0
4181,Backend Developer,8.2,88.7,92.4,89.5,71.0,62.9,68.2,72.9,1,3,1,1,1,1,2,0,0,0,0,0,0,0,0,0,0,3,3,2,3,2,0,0,1,1,0,1,0,0,0,0,0,2,1,0,0,0,0,0,0
4182,Backend Developer,7.69,78.0,78.8,71.3,41.1,53.5,66.1,58.0,3,3,3,1,1,1,1,0,0,1,0,0,0,1,0,0,2,2,2,3,2,3,0,0,0,0,0,3,2,0,0,2,0,0,0,0,3,0,0,0,0
4183,Backend Developer,7.34,84.8,82.9,60.7,57.5,75.3,86.2,69.9,1,2,2,1,0,1,3,0,0,1,1,0,0,0,1,0,0,2,3,2,1,3,0,1,2,1,0,0,0,0,0,0,0,0,0,0,1,0,0,0,0
4184,Backend Developer,8.69,82.9,76.2,82.2,60.3,67.3,100.0,78.6,4,2,1,0,0,1,3,0,0,1,0,0,0,0,0,0,2,3,0,3,2,2,0,0,0,0,0,0,0,0,0,0,0,0,1,0,3,0,0,0,0
4185,Backend Developer,8.91,83.9,87.9,91.8,74.7,75.5,77.1,79.8,3,3,2,1,1,1,1,0,0,0,0,0,0,0,0,0,2,2,0,0,1,3,1,0,0,1,2,0,0,0,0,0,0,0,0,0,0,2,0,0,0
4186,Backend Developer,7.95,76.9,87.3,83.4,53.3,79.3,77.9,73.5,4,2,0,0,0,1,1,0,1,1,0,0,0,0,0,0,2,3,3,1,3,2,0,0,0,0,1,0,0,1,0,0,0,0,1,0,1,1,0,0,0
4187,Backend Developer,7.76,86.7,80.3,83.1,75.5,58.6,72.5,72.4,2,1,1,1,1,0,2,1,2,0,0,0,0,0,0,0,3,2,2,3,2,3,0,0,0,1,0,0,0,2,0,0,0,0,0,2,0,0,0,0,0
4188,Backend Developer,7.55,86.4,82.6,63.5,79.6,60.6,61.8,66.4,2,1,1,1,0,0,2,0,0,0,0,1,0,0,0,0,0,3,2,2,0,1,0,0,0,0,0,0,1,0,0,0,2,0,0,0,0,0,0,1,0
4189,Backend Developer,7.19,95.4,71.7,64.8,80.7,74.2,78.3,74.5,1,1,1,1,1,1,1,0,1,0,0,2,0,0,0,0,0,3,2,3,2,0,1,0,0,0,0,0,1,0,0,0,0,0,0,0,3,0,0,1,0
4190,Backend Developer,7.39,94.9,82.0,74.0,69.5,76.5,80.5,75.1,2,2,1,1,0,1,3,0,0,0,0,0,0,0,0,0,0,2,2,2,0,3,0,0,0,0,0,0,0,0,0,0,0,0,0,1,2,0,0,0,0
4191,Backend Developer,7.95,96.8,77.8,67.3,72.6,74.7,76.9,72.9,2,2,1,1,1,1,2,0,0,0,0,0,1,0,0,0,2,0,3,2,3,3,0,0,0,1,1,2,0,0,0,0,1,0,0,0,2,0,0,0,0
4192,Backend Developer,8.07,84.0,86.7,80.8,74.7,55.4,77.3,72.0,2,2,1,1,1,0,1,0,0,0,0,0,0,0,1,0,3,2,2,2,2,0,0,1,0,0,0,0,1,0,0,0,0,1,0,0,0,0,0,0,0
4193,Backend Developer,6.96,96.7,83.7,80.6,62.8,72.6,72.8,72.2,0,1,3,0,0,1,2,0,1,0,0,0,0,0,0,0,3,2,2,3,3,0,0,0,0,0,0,0,0,1,0,1,0,0,0,0,0,1,1,0,0
4194,Backend Developer,8.03,86.0,72.6,71.9,74.3,70.1,69.9,71.5,1,3,2,0,1,0,2,0,1,0,1,0,0,0,0,0,1,3,0,1,0,3,0,0,1,0,0,0,0,0,1,1,1,0,1,0,1,2,0,0,0
4195,Backend Developer,6.84,85.5,84.9,76.7,67.3,42.4,65.7,63.0,2,2,2,1,1,1,1,0,0,0,1,0,0,0,0,0,0,2,3,3,2,0,0,0,0,0,0,1,0,0,3,0,0,0,0,0,1,2,2,0,0
4196,Backend Developer,8.9,83.1,77.8,58.7,64.8,72.5,81.6,69.4,2,2,2,1,1,1,1,0,0,0,1,0,0,0,1,0,3,1,2,3,2,2,0,0,0,0,1,1,0,0,1,1,0,1,2,0,2,0,2,0,0
4197,Backend Developer,7.26,77.9,93.5,97.2,66.0,58.3,89.7,77.8,3,3,1,1,1,1,3,0,0,0,0,0,0,1,0,0,2,1,3,1,1,0,0,1,0,0,1,0,0,0,0,0,0,0,0,0,1,0,0,0,2
4198,Backend Developer,8.03,75.6,84.2,52.3,68.9,83.7,63.6,67.1,2,3,1,1,1,1,2,0,0,0,1,0,0,0,0,0,3,3,2,1,2,0,0,0,2,1,0,0,0,0,0,0,0,0,0,0,0,0,0,0,0
4199,Backend Developer,7.92,87.0,81.9,42.0,61.4,57.6,64.0,56.2,2,2,1,1,1,1,2,1,0,1,0,0,1,0,0,1,3,2,1,3,0,0,1,0,0,0,0,2,0,1,2,1,0,0,0,1,0,0,1,0,0
4200,Backend Developer,7.6,86.1,81.9,71.7,91.5,85.3,69.0,79.4,2,3,1,1,1,1,2,1,0,0,0,0,0,1,0,0,2,3,3,0,1,3,1,0,1,0,2,0,0,0,0,0,1,0,0,1,0,0,0,0,0
4201,Backend Developer,8.49,76.9,86.8,63.7,82.7,82.5,92.0,80.2,1,3,1,1,0,1,3,1,0,0,0,0,0,0,0,0,1,3,0,0,1,2,1,0,1,2,0,2,0,2,0,0,0,0,0,0,2,0,0,0,0
4202,Backend Developer,8.65,84.3,73.5,80.6,74.2,43.6,68.1,66.6,4,3,1,1,1,1,0,0,0,0,0,0,0,1,1,0,3,0,2,3,1,0,1,0,0,0,0,0,0,0,0,0,0,1,0,0,1,0,1,0,0
4203,Backend Developer,8.13,74.5,79.6,79.8,99.8,70.9,86.3,84.2,2,3,0,0,0,1,0,1,2,0,0,2,0,0,1,0,3,0,2,3,3,2,0,0,0,0,0,0,0,0,0,0,0,0,0,0,1,0,0,0,0
4204,Backend Developer,7.46,74.7,67.4,60.1,62.9,58.4,68.2,62.4,2,2,2,0,0,1,0,1,0,2,0,0,1,0,3,0,3,3,1,1,2,1,0,2,0,0,0,0,2,0,0,0,0,0,0,0,1,0,0,2,0
4205,Backend Developer,7.93,80.7,83.5,49.2,77.7,70.9,62.7,65.1,2,3,0,0,1,1,3,0,0,0,0,0,0,0,0,0,2,2,3,1,3,3,0,1,0,0,0,0,0,0,0,0,0,0,0,0,2,0,0,1,0
4206,Backend Developer,8.52,78.4,95.5,72.1,81.0,63.8,79.4,74.1,4,2,3,1,1,1,0,0,0,0,0,0,0,2,0,0,2,1,3,0,2,1,2,0,0,0,0,1,0,1,0,1,0,0,0,0,3,0,0,0,0
4207,Backend Developer,7.35,90.3,87.5,59.2,76.1,70.2,61.0,66.6,2,2,1,1,0,1,1,0,0,0,0,0,0,0,0,0,3,3,0,2,3,0,0,0,1,0,0,0,0,0,0,2,2,0,2,0,3,0,0,0,0
4208,Backend Developer,6.79,76.6,77.6,98.9,68.2,72.8,70.6,77.6,3,3,2,1,1,0,2,0,0,0,0,0,0,1,0,0,2,3,3,0,3,1,0,1,0,2,0,0,0,0,0,0,0,0,0,0,2,0,0,2,0
4209,Backend Developer,7.66,86.1,90.6,79.6,72.9,51.7,80.6,71.2,1,2,0,0,1,1,3,0,1,0,0,0,0,0,0,0,3,3,2,3,0,1,0,0,0,0,0,0,0,1,0,0,1,0,0,0,0,0,0,0,0
4210,Backend Developer,8.58,90.0,70.1,85.2,78.9,77.0,63.5,76.2,3,2,1,1,1,0,3,0,0,0,0,0,0,0,2,0,0,3,1,2,1,3,0,0,0,0,0,0,1,0,2,0,0,0,0,1,0,0,0,0,0
4211,Backend Developer,7.33,78.6,83.5,94.6,71.1,75.0,80.3,80.2,4,3,2,1,1,1,0,1,0,0,0,0,1,0,2,0,2,0,2,2,2,2,1,0,0,0,0,0,0,2,0,0,0,0,2,0,0,1,0,0,0
4212,Backend Developer,8.03,72.0,95.3,46.2,82.9,77.3,82.9,72.3,4,2,0,0,0,0,2,0,0,0,0,2,0,0,0,0,1,3,3,3,0,0,0,0,0,0,0,0,2,0,0,0,0,0,0,0,2,0,0,0,0
4213,Backend Developer,7.98,85.5,83.3,69.3,86.7,65.0,74.0,73.8,1,2,2,0,1,1,3,0,0,0,0,0,0,0,0,0,3,3,0,2,3,0,0,0,0,0,1,0,0,1,0,0,0,1,0,1,0,0,2,0,0
4214,Backend Developer,8.5,83.8,90.9,83.2,53.2,57.8,83.4,69.4,2,3,2,1,0,1,2,1,0,1,0,0,0,0,0,0,1,0,1,2,3,0,0,0,0,0,0,0,0,0,1,0,0,0,0,0,0,0,2,0,0
4215,Backend Developer,7.8,79.5,75.8,91.8,97.0,73.5,82.0,86.1,3,3,1,0,1,1,3,0,0,0,0,0,0,0,0,0,2,2,3,2,3,2,0,0,0,0,0,0,2,0,0,0,0,0,0,0,2,0,0,0,0
4216,Backend Developer,8.29,76.5,93.1,64.1,67.7,56.5,65.8,63.5,1,1,3,1,0,1,3,0,0,0,0,2,0,0,0,1,0,2,3,0,2,2,0,2,0,0,0,0,0,0,0,0,2,0,0,0,3,0,0,0,0
4217,Backend Developer,7.83,89.5,88.0,82.0,87.3,74.1,83.2,81.7,1,1,1,1,1,1,2,0,0,0,0,0,0,0,0,0,3,2,0,3,1,3,1,0,1,0,0,0,0,0,0,0,0,0,0,0,1,0,0,0,0
4218,Backend Developer,8.51,76.1,69.5,63.5,87.0,64.7,81.3,74.1,4,3,2,0,1,1,2,0,0,0,1,0,0,0,0,0,1,3,3,3,0,0,0,0,0,0,2,0,1,1,0,0,0,0,0,0,1,2,0,2,0
4219,Backend Developer,7.77,85.2,78.9,52.4,87.6,59.6,67.5,66.8,3,2,1,1,1,0,3,0,0,0,0,0,0,0,1,0,3,0,3,3,0,3,0,0,0,0,0,0,0,0,0,0,0,0,0,0,0,0,0,0,0
4220,Backend Developer,7.01,77.6,72.0,68.9,77.9,76.7,82.8,76.6,2,2,1,1,1,1,2,0,0,1,0,0,0,0,0,0,2,3,2,1,3,2,0,0,0,1,0,0,0,0,0,0,0,1,1,0,2,0,0,0,0
4221,Backend Developer,8.08,77.8,82.4,78.0,69.7,75.4,61.2,71.1,2,3,1,1,1,1,1,1,1,0,0,0,0,0,0,0,0,3,3,3,0,3,0,0,0,2,1,0,0,0,0,0,0,0,2,2,2,0,0,2,1
4222,Backend Developer,7.92,78.1,64.4,82.1,67.6,77.9,78.2,76.5,1,3,0,0,0,1,3,0,0,2,0,0,2,0,0,2,3,3,2,1,3,1,0,0,0,0,0,0,1,0,0,0,1,0,0,0,0,0,2,0,0
4223,Backend Developer,7.72,69.8,81.7,60.3,87.2,78.0,65.7,72.8,1,2,0,0,1,0,3,0,0,0,0,0,0,0,0,0,2,2,3,2,2,3,0,1,0,0,0,0,1,0,1,0,1,0,1,0,0,0,0,0,2
4224,Backend Developer,7.35,81.1,76.6,78.1,66.4,83.3,91.6,79.8,2,2,0,0,0,0,2,0,2,0,0,0,0,0,2,0,2,1,2,1,3,3,0,0,0,0,0,1,0,0,1,0,0,0,0,0,3,0,2,0,0
4225,Backend Developer,6.68,92.2,80.2,77.0,62.3,78.4,75.0,73.2,4,1,0,0,1,1,3,0,2,0,0,0,0,0,1,0,0,3,2,2,2,2,1,0,0,0,0,0,0,0,0,0,0,0,0,0,2,0,0,0,0
4226,Backend Developer,7.5,89.1,92.1,48.2,73.6,81.2,81.0,71.0,0,3,1,0,1,1,3,0,0,0,1,0,0,0,0,0,2,1,2,3,2,2,0,0,0,0,0,0,0,0,0,0,0,0,0,0,2,0,0,0,1
4227,Backend Developer,7.85,82.8,69.4,68.0,73.2,73.9,96.3,77.8,2,3,2,0,1,1,0,0,0,0,0,1,0,0,0,0,2,3,1,0,3,1,1,0,0,2,0,0,0,0,0,0,2,0,0,0,3,0,0,0,0
4228,Backend Developer,9.11,83.6,91.7,70.0,70.3,90.3,96.0,81.7,1,1,2,1,0,1,0,0,0,0,0,0,0,0,0,0,3,3,3,0,2,2,0,0,0,0,0,0,0,0,0,0,0,0,0,0,2,0,0,0,1
4229,Backend Developer,8.03,78.9,81.5,62.1,66.3,79.1,70.7,69.5,4,1,0,0,1,1,2,0,0,2,0,0,0,0,0,0,3,2,2,3,0,0,2,0,0,0,1,0,0,0,0,0,1,0,0,0,0,0,0,0,0
4230,Backend Developer,8.82,77.0,84.9,62.2,73.6,81.1,79.4,74.1,2,3,3,1,1,1,3,0,0,0,0,0,0,0,0,1,3,0,2,2,3,1,0,0,0,0,0,0,0,0,1,1,0,0,0,0,1,0,0,0,0
4231,Backend Developer,7.46,83.5,85.5,75.7,95.2,89.5,65.3,81.4,2,1,1,0,1,1,1,0,0,0,0,0,0,1,0,0,3,3,3,2,1,3,0,0,0,0,0,0,0,0,2,0,0,0,0,1,0,0,0,1,0
4232,Backend Developer,6.84,87.4,75.8,69.0,87.9,70.0,90.7,79.4,2,3,1,1,1,1,3,0,0,0,0,0,0,0,0,0,2,3,3,1,3,0,0,0,0,0,0,0,0,0,0,0,0,0,0,0,1,0,1,0,0
4233,Backend Developer,8.2,86.8,85.7,47.7,80.6,76.0,84.5,72.2,4,2,1,1,1,1,3,2,0,0,0,2,1,0,0,0,0,3,3,3,1,2,0,1,1,0,0,0,0,0,0,0,0,0,0,0,2,0,0,0,0
4234,Backend Developer,8.43,89.1,65.7,78.9,87.0,82.6,83.1,82.9,2,1,2,1,1,1,1,0,0,0,1,0,0,0,0,0,3,2,2,2,3,2,0,0,0,0,0,0,0,1,0,0,0,0,0,0,0,0,0,0,0
4235,Backend Developer,7.79,77.6,80.5,73.9,80.0,60.2,93.1,76.8,0,2,3,1,0,1,3,0,0,0,0,0,1,0,0,0,3,2,2,3,3,2,1,0,0,0,1,1,0,0,0,0,0,0,1,1,3,0,0,0,0
4236,Backend Developer,7.42,74.4,73.8,65.7,83.1,79.0,91.2,79.8,1,1,0,0,1,1,3,0,0,0,0,0,0,1,0,0,0,0,1,3,0,2,0,0,0,0,0,0,0,2,0,0,0,0,0,0,0,0,0,0,0
4237,Backend Developer,8.69,88.4,83.1,50.5,87.1,62.6,58.4,64.6,4,2,2,0,1,0,2,0,0,0,0,0,0,0,0,0,2,2,1,3,2,0,2,0,0,2,1,0,0,1,0,0,0,2,2,0,0,0,0,0,1
4238,Backend Developer,8.36,90.2,69.7,66.9,93.6,79.6,96.9,84.2,2,2,2,0,1,0,2,0,1,0,0,2,2,0,0,0,2,3,2,2,1,3,0,0,0,0,0,0,0,0,0,1,0,0,0,0,2,0,1,2,0
4239,Backend Developer,8.74,75.5,79.1,53.1,78.7,72.6,81.6,71.5,2,2,0,0,1,1,1,0,0,0,0,0,2,1,0,0,1,2,1,1,1,2,0,0,0,0,0,0,0,0,0,0,0,0,0,0,0,0,1,1,0
4240,Backend Developer,8.17,81.5,76.2,62.4,64.1,61.2,83.4,67.8,1,2,2,1,1,0,3,0,1,0,2,0,0,0,0,0,1,1,3,0,2,1,0,0,0,1,0,1,0,0,0,0,0,0,0,0,2,0,1,1,0
4241,Backend Developer,8.87,69.1,70.3,62.7,68.5,63.2,54.6,62.2,3,2,1,0,1,1,2,0,0,2,1,2,0,0,0,0,2,2,2,0,3,0,0,0,0,1,1,0,1,0,0,0,0,0,0,0,1,0,0,0,0
4242,Backend Developer,8.66,88.1,72.0,54.5,67.5,57.6,77.0,64.2,2,3,2,1,1,1,1,0,0,1,0,0,0,0,0,0,2,0,3,3,3,2,2,0,0,0,0,0,0,2,0,0,0,0,0,0,3,0,0,0,0
4243,Backend Developer,7.02,86.5,82.0,75.7,81.4,51.7,92.3,75.3,4,2,0,0,1,1,3,0,1,1,0,0,0,0,0,0,2,3,1,2,2,1,0,0,0,0,0,0,0,0,0,0,0,0,0,0,2,0,0,0,0
4244,Backend Developer,7.73,79.6,89.4,99.7,75.0,45.9,52.4,68.2,2,3,1,0,1,1,0,0,0,0,0,0,0,0,0,1,0,2,2,2,2,2,0,0,0,0,2,0,2,0,0,0,0,0,0,1,3,0,0,0,0
4245,Backend Developer,8.28,76.7,77.0,85.0,84.9,75.9,70.7,79.1,2,3,2,1,1,1,1,0,0,0,0,2,0,0,0,0,3,2,1,2,3,2,0,0,1,0,0,0,2,0,0,0,0,0,0,0,3,2,0,0,0
4246,Backend Developer,7.55,81.3,78.3,92.9,73.5,68.0,57.7,73.0,3,3,3,0,1,0,3,0,0,0,0,0,0,0,0,0,2,3,2,3,0,0,0,0,0,0,0,0,0,0,2,0,0,0,0,0,3,0,0,0,2
4247,Backend Developer,8.14,89.3,85.5,70.0,86.3,73.3,71.5,75.3,0,2,3,1,0,1,2,1,0,0,0,0,0,0,0,1,3,3,3,1,3,0,0,0,1,0,0,0,0,0,0,0,0,0,0,1,2,0,0,0,0
4248,Backend Developer,7.83,72.9,78.6,74.3,84.0,62.9,88.1,77.3,2,2,2,1,1,1,3,0,0,0,0,0,0,0,0,1,3,3,3,1,0,2,0,0,0,2,1,0,0,0,1,0,0,1,0,0,0,1,0,0,0
4249,Backend Developer,7.29,77.7,77.3,78.9,80.8,66.4,65.8,73.0,2,2,2,1,1,1,1,0,0,0,0,0,0,1,0,0,3,3,0,3,2,3,0,1,0,0,1,0,1,0,0,0,0,1,0,2,0,0,0,0,0
4250,Backend Developer,8.79,94.9,86.1,71.7,83.1,60.2,51.7,66.7,2,3,0,0,1,1,2,0,0,0,0,0,0,0,0,0,2,2,2,2,3,3,1,0,0,0,0,1,0,0,0,0,0,0,0,0,3,0,0,0,1
4251,Backend Developer,8.79,77.8,87.4,61.4,65.4,54.3,69.9,62.8,2,2,1,1,1,0,1,0,0,0,0,0,0,0,0,0,1,3,0,3,3,2,0,0,0,0,0,0,0,0,1,0,0,0,0,1,2,1,0,0,0
4252,Backend Developer,8.08,82.9,79.4,59.7,70.4,64.5,56.4,62.8,0,3,0,0,1,0,1,0,1,0,0,0,0,0,0,0,2,3,0,3,3,2,1,0,0,0,0,0,0,0,0,1,0,0,0,0,3,0,0,1,0
4253,Backend Developer,7.82,81.0,83.3,66.4,95.4,80.7,64.5,76.8,3,3,2,1,1,1,2,2,0,0,1,0,0,1,0,0,2,2,1,3,1,2,2,0,0,0,0,0,1,0,0,0,0,0,0,0,1,0,0,0,0
4254,Backend Developer,7.48,85.1,96.0,72.3,61.2,69.2,79.0,70.4,3,3,1,1,1,1,0,0,0,0,0,1,1,0,0,0,2,0,3,1,0,1,0,1,0,0,0,1,1,1,0,0,0,0,0,0,2,0,0,1,0
4255,Backend Developer,7.45,81.5,69.8,77.6,78.0,62.8,83.6,75.5,1,2,3,1,0,1,1,0,0,0,0,0,0,0,1,0,2,0,0,0,1,0,0,0,1,0,2,0,0,0,1,0,0,0,1,0,2,0,0,2,0
4256,Backend Developer,9.71,83.5,77.1,65.8,73.7,57.5,51.3,62.1,3,2,1,0,0,1,2,1,0,0,0,0,0,1,1,0,3,2,1,2,2,0,0,0,0,0,1,1,0,0,1,0,1,0,0,0,3,0,0,0,0
4257,Backend Developer,8.13,87.2,95.4,64.6,71.6,60.8,68.2,66.3,2,2,2,1,1,0,3,0,0,0,0,0,0,0,0,0,1,3,3,1,3,0,0,0,0,0,1,0,0,0,1,0,0,0,0,0,0,1,0,0,0
4258,Backend Developer,7.69,74.3,91.5,53.0,50.1,79.5,71.5,63.5,1,3,2,0,1,1,2,0,0,0,0,0,0,1,1,0,2,2,1,2,2,3,0,0,0,0,1,0,0,0,2,0,0,1,0,0,2,0,0,0,0
4259,Backend Developer,6.97,89.8,69.9,67.4,85.7,91.3,49.2,73.4,3,1,0,0,0,1,2,1,1,0,0,0,1,0,0,0,3,2,1,3,3,2,0,1,0,0,0,0,0,1,2,0,0,0,1,0,3,0,0,0,1
4260,Backend Developer,6.63,88.6,100.0,78.6,74.5,72.4,73.3,74.7,2,2,0,0,0,0,3,0,0,0,1,0,0,0,0,0,3,1,3,2,0,2,0,0,2,0,0,1,0,0,0,0,0,0,1,2,2,3,2,0,0
4261,Backend Developer,7.69,83.7,77.0,58.8,64.0,79.2,82.5,71.1,2,2,0,0,1,1,2,0,0,1,0,0,0,0,0,0,3,0,1,3,2,3,0,0,0,0,0,0,0,0,0,1,0,0,0,0,0,0,0,0,0
4262,Backend Developer,8.79,81.7,80.0,77.1,65.6,68.7,85.6,74.2,1,3,1,1,1,1,3,1,0,0,0,1,0,0,2,1,2,3,3,0,3,3,0,0,0,0,0,0,0,0,2,0,0,0,0,0,0,0,0,0,1
4263,Backend Developer,7.76,85.4,83.5,70.7,69.6,68.3,79.2,72.0,1,2,1,0,1,1,0,0,0,0,0,0,0,0,0,0,2,3,1,3,3,0,0,0,0,0,0,0,0,0,0,0,0,0,0,0,1,0,0,0,0
4264,Backend Developer,9.52,87.9,80.7,79.4,57.3,68.4,85.9,72.8,3,3,2,1,1,1,3,0,0,0,0,0,0,0,1,0,3,0,3,2,0,1,0,1,0,0,0,0,1,0,0,0,0,0,0,0,2,0,0,0,0
4265,Backend Developer,8.47,82.1,75.5,84.3,54.6,54.8,90.2,71.0,2,1,2,0,0,0,3,1,1,0,0,0,0,1,0,0,0,3,3,3,3,2,0,0,0,0,0,0,0,1,0,0,0,0,0,0,2,0,0,1,0
4266,Backend Developer,6.96,96.5,75.1,54.7,86.5,69.7,71.7,70.6,2,2,1,1,1,0,2,0,0,0,0,0,0,0,0,0,2,2,3,0,3,0,0,0,0,1,0,0,0,0,0,0,0,0,0,0,2,1,0,0,0
4267,Backend Developer,7.7,90.3,74.4,73.7,48.0,79.6,77.9,69.8,3,2,1,1,1,0,2,2,0,0,0,2,0,0,1,0,3,2,2,3,2,3,1,0,3,0,0,0,2,0,2,0,0,0,0,0,0,2,0,0,2
4268,Backend Developer,8.26,79.3,83.8,81.1,67.6,71.3,69.1,72.3,2,2,1,0,1,1,2,0,0,1,0,0,0,0,0,1,0,3,3,2,3,2,0,0,1,1,1,0,0,0,0,1,0,0,0,0,0,1,0,1,1
4269,Backend Developer,6.2,83.9,76.3,61.9,64.6,57.4,67.9,63.0,2,2,0,0,0,0,1,0,0,1,0,0,0,0,1,2,2,3,2,2,0,2,2,0,0,0,0,0,1,0,0,2,0,0,0,0,1,0,0,0,0
4270,Backend Developer,9.0,82.8,87.6,82.6,85.1,78.1,72.4,79.5,3,2,0,0,0,1,2,0,0,0,0,1,0,0,0,0,2,1,1,2,0,3,2,0,0,1,1,0,0,2,0,0,0,0,0,0,0,0,0,0,0
4271,Backend Developer,7.93,77.1,79.0,78.1,87.0,66.7,66.5,74.6,2,2,1,1,1,1,1,0,0,0,0,0,2,2,0,0,2,2,2,2,3,2,0,0,0,0,0,0,0,0,0,0,1,0,0,0,2,0,0,0,0
4272,Backend Developer,7.19,91.0,91.2,78.2,91.7,68.3,61.6,75.0,3,1,0,0,1,1,2,0,0,0,0,0,0,0,0,0,3,3,1,2,3,2,0,0,2,0,0,0,0,0,0,0,0,0,1,2,2,0,0,0,0
4273,Backend Developer,7.02,75.3,82.2,79.9,78.7,60.1,82.9,75.4,2,2,0,0,1,1,2,0,0,0,0,0,3,0,0,2,0,2,1,3,0,1,0,0,0,0,0,0,0,0,0,0,0,0,0,0,3,2,0,0,0
4274,Backend Developer,7.24,90.8,82.7,64.8,77.6,65.0,72.8,70.0,2,3,1,1,1,1,3,0,0,0,0,2,1,0,0,0,2,3,0,3,3,1,0,0,0,0,1,0,0,0,0,0,0,0,1,0,0,0,0,0,0
4275,Backend Developer,7.94,92.2,82.2,58.6,96.4,74.2,87.6,79.2,4,1,3,1,0,0,1,0,0,1,0,0,0,0,0,0,0,0,3,3,3,2,0,0,0,0,2,0,0,0,0,3,2,0,0,0,3,0,0,0,0
4276,Backend Developer,8.54,75.2,67.0,67.4,80.4,67.6,76.9,73.1,2,2,0,0,1,1,3,0,0,0,0,0,3,0,0,0,2,3,0,2,0,1,0,1,0,0,0,0,0,0,0,0,0,0,0,1,0,0,2,1,1
4277,Backend Developer,7.94,81.9,73.2,68.8,58.6,71.1,91.7,72.5,2,3,1,0,1,1,3,0,0,0,0,0,0,0,0,0,0,2,2,3,1,3,0,0,0,1,0,1,0,0,0,0,0,0,0,0,0,1,0,1,0
4278,Backend Developer,8.48,80.3,81.6,94.1,78.7,90.2,99.6,90.7,3,1,1,1,1,1,1,0,0,0,2,0,0,0,0,0,1,3,2,0,2,3,0,0,0,0,0,0,0,0,0,1,0,1,0,1,1,0,0,1,0
4279,Backend Developer,7.19,90.5,72.8,57.1,77.4,62.0,73.0,67.4,2,3,1,1,1,0,1,0,0,0,0,0,1,0,0,1,2,2,2,3,3,3,0,0,0,0,0,1,2,0,0,0,0,0,0,1,2,2,0,0,0
4280,Backend Developer,7.84,85.8,86.9,64.3,78.4,65.7,77.1,71.4,2,2,0,0,0,1,2,0,2,1,1,0,0,1,0,0,0,3,2,2,1,1,0,0,0,0,0,0,0,0,0,0,0,0,0,0,1,0,2,0,0
4281,Backend Developer,6.79,88.3,76.5,83.4,92.6,69.4,93.4,84.7,2,3,0,0,0,0,2,0,0,0,0,0,0,1,0,2,2,2,3,2,3,3,0,0,0,0,0,0,0,0,0,0,0,0,0,1,3,0,0,0,0
4282,Backend Developer,9.05,77.2,70.1,79.2,68.9,60.6,79.9,72.2,1,2,2,0,1,1,3,0,0,0,0,0,0,0,1,0,3,3,2,1,3,2,0,0,0,0,2,0,0,0,0,0,1,1,0,0,1,0,0,0,0
4283,Backend Developer,7.8,100.0,81.4,57.3,44.3,56.3,64.3,55.5,1,2,1,0,1,0,1,0,0,0,0,0,0,0,0,0,2,2,1,2,2,2,0,0,0,0,0,0,0,1,0,0,1,0,0,2,3,0,0,0,0
4284,Backend Developer,7.66,73.6,81.4,80.0,86.7,75.1,70.3,78.0,1,1,3,1,1,0,3,0,0,0,0,2,0,0,0,0,2,0,2,2,3,2,0,0,0,0,0,0,0,0,0,1,0,0,0,0,2,0,0,0,0
4285,Backend Developer,10.0,75.0,84.7,61.9,61.7,64.3,59.9,61.9,2,2,0,0,0,1,3,0,0,0,1,1,1,0,0,0,3,2,3,2,3,2,1,0,0,0,0,0,0,0,0,0,1,1,0,0,2,0,0,0,0
4286,Backend Developer,7.82,83.4,78.0,59.5,65.6,50.5,75.7,62.8,3,1,2,1,1,1,2,0,2,0,0,0,0,0,0,0,1,0,3,3,3,2,1,0,0,0,0,0,0,0,0,0,0,0,0,0,3,0,0,1,0
4287,Backend Developer,7.23,80.8,86.3,84.0,70.6,57.9,72.3,71.2,3,3,1,0,0,1,3,0,0,0,0,0,0,0,0,0,3,3,3,2,3,3,0,0,0,1,0,1,0,0,1,0,0,0,0,1,2,1,0,1,0
4288,Backend Developer,8.33,68.1,79.5,99.8,89.3,75.5,86.7,87.8,3,3,1,1,1,1,3,0,0,0,0,0,0,0,0,0,3,2,2,3,2,0,0,1,0,0,0,0,0,0,0,0,2,2,0,0,2,0,0,0,0
4289,Backend Developer,7.31,78.5,80.1,87.7,100.0,71.2,75.9,85.0,1,2,2,1,1,1,2,0,0,0,0,0,2,0,0,0,3,3,1,0,1,0,2,0,1,0,0,0,1,0,0,2,0,0,0,0,3,0,0,2,0
4290,Backend Developer,7.78,100.0,72.6,81.0,67.3,53.3,75.9,69.4,3,3,0,0,0,1,3,0,1,0,0,0,0,0,0,1,3,3,3,0,2,0,0,0,0,1,0,0,0,0,0,0,0,0,1,0,1,0,2,2,0
4291,Backend Developer,8.37,79.9,87.7,51.1,100.0,43.7,71.3,67.0,3,2,0,0,1,1,3,2,2,2,0,0,0,0,0,0,3,1,2,1,3,1,0,0,0,0,0,0,0,0,0,0,0,0,0,0,0,0,0,0,0
4292,Backend Developer,6.34,86.3,87.7,70.1,96.1,78.6,80.9,81.4,0,2,0,0,1,0,0,0,0,0,0,0,0,0,1,0,2,0,3,3,2,2,0,0,0,0,0,0,0,0,0,0,1,0,0,0,2,0,0,0,0
4293,Backend Developer,8.19,76.5,97.0,80.2,63.6,59.0,66.6,67.3,2,1,0,0,1,1,2,0,0,0,0,0,0,0,1,1,2,2,3,3,0,0,1,0,0,2,0,0,0,0,1,0,0,0,0,0,2,0,0,0,0
4294,Backend Developer,7.71,79.8,72.1,59.4,77.0,63.7,66.1,66.6,3,2,1,1,1,1,1,0,0,0,0,0,0,0,0,0,2,2,0,1,3,2,0,1,0,0,0,0,1,0,2,0,0,0,0,1,2,0,0,0,0
4295,Backend Developer,7.3,81.8,79.4,54.5,76.9,76.3,55.6,65.8,3,1,1,1,1,1,2,0,0,0,0,2,1,0,0,0,3,3,3,2,2,0,0,0,0,0,0,0,0,0,0,0,0,0,0,0,3,0,1,0,1
4296,Backend Developer,6.97,88.6,94.3,79.3,79.1,60.4,78.4,74.3,1,2,1,1,0,1,2,1,0,2,0,1,0,0,0,0,2,2,3,1,2,0,0,0,0,1,1,0,0,2,0,0,0,0,0,0,3,0,0,0,2
4297,Backend Developer,8.55,80.9,79.6,67.4,71.3,64.4,62.6,66.4,3,3,1,1,1,1,2,0,0,2,0,1,0,0,2,1,1,2,3,3,3,3,0,0,1,0,1,0,1,0,0,0,2,0,0,1,3,0,0,1,0
4298,Backend Developer,8.02,88.4,84.1,87.6,92.7,89.4,85.1,88.7,1,3,3,0,0,0,3,0,0,0,0,0,0,1,0,0,3,3,0,2,2,2,0,0,0,0,0,2,0,0,0,0,1,2,0,0,0,0,1,0,0
4299,Backend Developer,6.84,74.9,87.8,59.5,57.1,88.8,76.4,70.4,2,2,0,0,1,1,3,0,0,2,0,0,0,0,0,1,2,3,2,3,1,3,0,2,0,0,0,1,0,0,0,2,2,0,0,0,3,0,0,0,0
4300,Backend Developer,8.06,90.3,85.3,91.7,73.3,59.7,81.9,76.7,3,1,2,1,0,0,1,1,0,0,0,0,0,0,0,0,2,3,2,1,3,2,0,0,0,0,2,2,0,1,0,0,0,0,0,0,0,0,0,0,0
4301,Backend Developer,8.23,88.3,83.6,58.9,81.0,72.1,69.5,70.4,4,2,1,1,1,1,2,0,0,0,0,0,0,0,0,0,0,2,3,3,1,2,0,0,0,0,0,0,0,0,0,0,0,0,0,0,0,0,0,0,0
4302,Backend Developer,7.01,91.8,70.2,84.7,61.1,50.4,76.7,68.2,3,3,2,1,1,0,1,0,2,0,1,0,0,0,0,0,3,2,2,3,2,0,0,1,0,0,0,0,0,0,0,2,0,0,0,0,0,0,0,0,0
4303,Backend Developer,7.01,82.8,90.8,91.7,64.9,66.4,92.8,79.0,1,3,2,0,1,1,2,0,0,2,0,1,0,0,0,0,2,3,2,2,2,1,0,0,1,0,1,1,0,0,0,0,0,0,0,2,3,0,0,0,0
4304,Backend Developer,8.02,79.8,88.1,51.6,74.5,70.0,91.3,71.8,3,3,2,1,1,0,0,0,0,0,1,0,0,0,0,0,0,1,3,3,2,1,1,0,0,0,1,0,0,0,0,0,0,0,0,0,2,0,0,0,0
4305,Backend Developer,7.73,72.8,65.8,84.8,80.9,54.9,81.5,75.5,4,3,3,0,1,1,2,0,0,0,0,0,2,0,0,0,2,3,3,1,3,0,2,0,0,0,0,0,0,0,1,1,0,0,0,0,3,1,0,0,0
4306,Backend Developer,7.49,92.6,77.4,51.3,85.6,46.0,62.5,61.3,3,2,3,1,1,1,2,0,1,0,0,0,0,0,0,0,2,2,2,0,0,1,0,0,0,0,0,0,0,0,0,1,0,0,0,0,3,1,0,0,0
4307,Backend Developer,8.61,65.4,70.5,86.5,50.7,86.3,65.3,72.2,2,3,3,1,1,1,3,0,0,0,0,0,0,0,0,0,1,2,2,2,2,2,0,0,0,0,0,0,0,0,0,0,0,0,1,0,0,0,2,0,0
4308,Backend Developer,8.23,81.3,88.5,76.1,82.9,79.9,52.6,72.9,2,2,1,1,0,1,3,0,0,0,0,0,0,0,0,0,2,2,3,3,3,0,0,0,0,1,1,0,0,0,0,0,0,0,0,1,3,0,1,0,0
4309,Backend Developer,8.41,85.8,95.3,80.8,73.0,64.7,59.6,69.5,2,1,2,1,1,1,2,0,0,0,0,2,0,0,0,1,3,2,0,2,1,1,1,0,1,0,0,0,0,0,0,2,0,0,2,0,0,0,0,0,0
4310,Backend Developer,8.45,79.2,75.4,54.8,94.4,52.5,66.7,67.1,3,3,3,1,0,1,2,0,0,0,0,0,0,1,0,0,3,3,2,1,1,0,1,2,0,0,0,0,0,0,0,0,0,0,0,0,0,1,1,0,0
4311,Backend Developer,8.47,90.8,82.9,87.7,73.2,62.1,68.6,72.9,2,1,0,0,1,1,3,0,0,0,0,0,0,1,0,0,2,3,2,3,3,3,2,0,0,1,0,0,3,0,0,0,0,0,0,0,2,0,0,0,2
4312,Backend Developer,7.03,85.8,80.7,62.5,100.0,85.0,81.1,84.0,2,3,2,1,0,1,3,0,0,1,0,0,0,0,0,0,0,2,2,2,0,3,0,0,0,0,0,0,0,0,1,0,0,0,0,1,0,0,0,0,0
4313,Backend Developer,8.24,82.4,72.6,67.9,74.8,64.9,80.5,72.0,3,2,2,0,1,1,3,0,0,0,0,0,1,2,0,0,2,2,3,1,1,2,0,0,1,0,0,0,0,0,0,0,0,0,0,0,2,0,0,0,1
4314,Backend Developer,7.83,83.6,74.0,75.2,68.6,67.2,63.6,68.7,2,3,2,1,1,1,2,0,0,0,0,0,0,0,0,0,3,0,3,3,0,2,2,0,0,2,1,0,0,0,0,0,0,0,0,0,0,0,0,0,0
4315,Backend Developer,7.35,87.0,79.6,68.7,77.6,67.2,79.6,73.3,2,2,1,1,1,1,2,1,0,0,0,2,0,0,0,0,2,0,3,3,0,2,2,0,0,0,2,0,1,0,0,0,0,0,0,0,2,0,0,0,0
4316,Backend Developer,7.94,96.4,74.5,100.0,67.6,44.6,79.8,76.6,4,3,0,0,0,1,2,0,0,0,0,0,0,0,1,0,3,2,3,0,3,3,0,0,1,0,0,0,2,0,0,0,0,0,0,1,2,2,1,2,0
4317,Backend Developer,6.42,80.4,65.9,74.9,73.6,62.7,78.5,72.4,3,2,2,1,0,1,2,0,1,0,0,0,0,0,0,0,3,0,2,2,2,1,0,0,0,0,0,0,0,0,0,0,1,0,0,0,1,0,0,0,0
4318,Backend Developer,7.47,75.5,76.2,63.1,88.0,63.3,76.0,72.6,4,2,2,0,1,1,3,0,0,0,0,0,0,0,0,0,3,1,3,2,2,2,0,0,1,0,1,0,0,0,0,3,0,0,0,0,1,2,0,0,0
4319,Backend Developer,7.59,83.8,93.3,74.5,68.2,61.3,73.8,69.5,0,2,3,1,0,0,2,0,0,0,0,1,1,2,0,0,0,2,3,2,2,3,2,0,0,0,0,0,0,0,0,0,0,0,0,0,2,0,0,0,1
4320,Backend Developer,7.33,87.9,84.3,63.8,68.5,54.1,60.9,61.8,2,2,2,0,1,0,2,0,0,0,0,0,0,0,0,0,0,1,2,3,2,2,0,2,0,1,0,0,0,0,0,0,0,0,0,0,0,0,0,0,0
4321,Backend Developer,7.34,88.8,78.2,52.9,77.5,69.8,85.7,71.5,2,2,1,1,1,1,3,0,1,0,0,2,0,0,0,0,2,3,2,1,3,2,0,0,0,0,0,0,0,0,0,0,0,0,0,0,1,0,0,0,0
4322,Backend Developer,7.42,87.6,74.3,66.6,73.1,51.1,80.1,67.7,2,2,0,0,1,1,2,0,0,1,0,0,0,0,0,1,3,0,2,2,2,2,0,0,0,0,0,0,0,0,0,0,0,0,0,0,0,0,0,0,0
4323,Backend Developer,7.13,79.0,82.2,90.9,67.9,68.3,75.4,75.6,1,3,0,0,0,1,1,0,0,1,0,0,0,0,0,0,0,0,3,2,0,1,0,0,0,1,0,0,0,0,0,0,0,1,0,0,0,0,1,0,1
4324,Backend Developer,7.34,80.5,82.7,83.2,80.5,70.6,70.2,76.1,2,3,1,1,0,1,2,0,0,0,0,0,1,2,0,0,3,3,1,3,2,0,0,0,0,0,0,0,0,0,0,0,0,0,1,1,1,1,0,0,0
4325,Backend Developer,8.24,73.8,81.3,50.5,92.0,64.1,56.6,65.8,2,2,2,1,0,0,1,0,0,0,0,1,0,0,0,1,3,0,3,3,0,2,0,0,0,2,0,0,0,2,0,0,0,0,1,1,1,0,0,0,0
4326,Backend Developer,8.64,100.0,91.6,76.1,63.9,83.2,87.8,77.8,4,2,1,1,1,0,0,0,0,0,0,0,2,0,0,1,0,1,3,3,2,0,2,0,0,0,0,1,1,0,0,0,0,0,1,1,0,0,0,0,2
4327,Backend Developer,8.53,83.1,51.3,70.2,64.6,65.6,72.0,68.1,4,2,0,0,1,1,1,0,0,0,0,0,0,0,1,0,3,3,2,2,2,3,0,0,0,0,1,0,0,0,0,0,0,0,0,1,1,0,0,0,0
4328,Backend Developer,8.16,82.7,83.4,84.7,54.8,70.7,72.0,70.5,4,2,2,1,0,1,2,0,0,0,0,0,0,0,0,0,2,1,3,2,1,3,0,0,0,0,0,0,0,1,0,1,0,2,0,0,2,0,2,0,0
4329,Backend Developer,8.38,78.7,81.7,70.5,89.6,68.2,75.8,76.0,3,1,1,1,1,0,1,0,0,0,0,1,0,1,1,0,0,2,2,0,1,2,0,0,0,1,0,1,0,0,0,0,0,0,0,0,0,0,1,0,1
4330,Backend Developer,7.51,76.4,89.3,57.3,65.6,62.5,64.6,62.5,1,2,2,1,1,0,3,0,0,0,0,0,0,1,0,0,3,3,3,3,3,2,0,0,1,0,0,0,1,0,0,0,0,0,0,1,0,0,0,1,0
4331,Backend Developer,7.95,84.0,70.7,66.8,75.5,75.4,87.1,76.2,1,1,1,1,1,1,3,0,0,1,0,2,0,0,0,0,3,2,3,3,2,0,0,0,0,0,0,0,0,0,0,0,0,0,0,1,3,0,0,0,0
4332,Backend Developer,8.39,65.1,79.1,82.3,85.8,50.9,77.4,74.1,2,3,1,0,0,1,2,0,0,2,0,0,1,0,0,0,2,2,1,2,3,3,1,0,0,0,0,0,0,0,0,0,0,0,2,0,0,0,0,0,0
4333,Backend Developer,6.57,74.2,86.7,60.2,68.1,76.5,80.7,71.4,3,2,1,1,1,1,3,0,0,0,0,0,0,0,0,0,2,1,1,1,3,0,1,0,0,0,0,0,1,0,0,0,0,0,0,0,0,2,0,0,1
4334,Backend Developer,6.64,72.1,80.7,76.3,87.3,69.7,65.4,74.7,1,1,1,1,0,1,3,0,0,2,1,0,0,1,0,1,3,2,3,1,3,1,0,0,0,0,0,0,0,0,0,0,0,0,1,0,3,0,0,0,0
4335,Backend Developer,7.6,91.5,84.3,97.5,78.4,74.4,77.6,82.0,2,2,0,0,0,1,3,0,1,0,0,1,0,0,0,0,0,2,2,3,3,2,0,0,0,0,0,0,1,0,0,0,0,0,0,0,2,0,1,0,1
4336,Backend Developer,7.92,93.0,93.9,56.1,83.7,62.3,66.2,67.1,1,2,1,0,1,1,2,0,1,0,0,0,0,0,0,0,0,2,2,3,2,0,0,0,0,2,1,0,0,0,0,0,0,0,1,0,0,1,0,0,0
4337,Backend Developer,8.28,88.3,66.3,87.2,58.2,68.7,40.0,63.5,3,1,1,0,0,1,1,0,1,0,0,0,1,0,0,0,1,3,2,3,3,1,0,0,0,0,0,0,0,0,0,0,0,1,0,0,0,0,2,0,0
4338,Backend Developer,6.9,74.6,71.3,67.9,66.3,100.0,91.8,82.0,4,1,3,1,0,1,3,0,0,0,0,2,0,0,0,0,3,2,3,2,3,0,0,0,1,0,0,0,0,1,1,0,0,0,0,0,0,2,0,1,1
4339,Backend Developer,6.34,81.7,77.1,64.8,75.7,80.9,58.4,70.0,4,2,1,1,1,1,3,0,0,2,0,0,2,0,1,0,1,3,2,3,2,2,0,0,0,0,1,0,1,1,0,0,0,0,0,1,2,0,0,0,0
4340,Backend Developer,7.72,94.2,93.0,78.9,55.3,79.1,67.3,70.1,2,1,2,0,1,1,3,0,0,0,0,0,2,1,0,0,0,2,2,3,0,3,0,0,0,1,0,0,0,1,2,0,0,0,0,1,1,0,0,0,0
4341,Backend Developer,7.71,84.7,82.2,70.0,54.7,66.2,51.9,60.7,4,1,0,0,1,1,1,2,0,0,1,0,0,0,0,0,3,2,3,3,3,2,0,0,0,0,0,0,0,2,0,0,0,0,1,0,2,0,0,0,0
4342,Backend Developer,7.68,89.1,86.9,73.6,63.7,56.4,75.4,67.3,2,2,1,1,0,1,3,2,0,0,0,0,0,1,0,0,3,3,0,0,0,0,0,0,0,0,0,0,0,1,0,2,1,0,0,0,3,0,0,0,0
4343,Backend Developer,8.23,85.9,81.2,71.1,69.3,79.0,66.6,71.5,2,2,0,0,1,1,1,0,0,0,0,0,0,2,0,0,2,3,2,3,2,3,0,0,0,0,0,0,2,1,0,2,0,0,0,0,3,0,0,0,0
4344,Backend Developer,8.12,74.3,78.7,82.3,90.8,66.4,84.3,81.0,3,1,1,1,0,0,3,0,0,0,0,0,0,0,0,0,0,1,2,2,2,0,0,1,0,0,2,0,0,0,0,0,0,0,0,0,2,0,0,0,0
4345,Backend Developer,8.5,77.1,78.8,77.8,68.4,58.1,67.1,67.8,2,1,2,1,1,1,2,0,0,0,0,0,0,0,0,0,0,1,3,2,2,1,0,1,0,0,0,0,0,0,0,0,0,0,0,0,2,0,0,0,0
4346,Backend Developer,7.06,82.5,84.8,56.6,85.4,71.0,80.7,73.4,2,2,1,1,1,1,3,0,0,0,0,0,0,0,0,0,0,3,1,3,2,3,0,1,2,0,0,0,2,0,0,1,0,0,0,0,0,0,1,0,0
4347,Backend Developer,7.56,84.8,80.3,88.0,73.9,42.6,55.0,64.9,2,3,2,0,1,1,3,0,0,0,0,0,0,0,0,0,3,2,3,2,2,0,0,0,0,0,0,0,0,0,1,0,0,0,0,0,0,0,0,0,0
4348,Backend Developer,7.4,93.4,91.5,77.6,70.4,67.0,77.9,73.2,2,2,2,1,0,1,2,0,0,0,0,1,0,0,0,0,3,0,3,3,3,2,0,0,0,0,0,1,0,1,0,0,0,0,0,0,3,0,0,0,1
4349,Backend Developer,8.03,80.4,87.0,76.9,94.4,51.1,74.4,74.2,3,2,1,1,1,1,1,0,0,0,0,2,0,0,0,0,0,1,2,2,0,2,0,0,0,0,0,2,0,0,0,0,0,0,0,0,2,1,0,0,0
4350,Backend Developer,6.55,85.1,92.6,67.1,91.8,67.2,66.7,73.2,2,1,0,0,0,1,1,0,0,0,0,0,0,1,0,0,3,0,3,2,3,3,0,1,0,1,0,0,0,0,0,1,0,0,0,0,0,0,0,0,0
4351,Backend Developer,7.46,75.6,71.0,56.2,93.8,84.6,64.7,74.8,3,1,1,1,1,1,3,0,0,0,0,0,3,0,0,0,0,3,3,2,3,2,0,0,0,0,0,0,0,0,0,0,1,0,0,1,2,3,0,0,0
4352,Backend Developer,6.65,75.0,75.0,88.6,86.5,71.6,98.7,86.3,3,2,2,1,1,0,2,0,0,0,0,1,0,0,0,0,0,2,2,3,3,1,1,0,0,0,1,0,0,0,0,1,0,0,0,0,0,0,0,0,0
4353,Backend Developer,7.77,76.1,77.0,60.9,46.0,80.8,87.9,68.9,3,3,3,0,1,1,2,0,0,0,0,1,0,0,0,2,3,3,3,2,2,3,0,2,0,0,0,0,1,0,0,0,1,0,0,1,2,0,0,0,0
4354,Backend Developer,8.66,88.5,76.2,71.1,66.1,61.9,76.0,68.8,3,3,1,1,1,1,3,1,0,0,0,0,0,0,0,0,1,2,3,3,3,1,0,0,0,0,1,0,0,0,2,1,0,0,0,2,2,0,0,1,1
4355,Backend Developer,7.37,80.7,78.5,62.9,85.2,46.1,73.6,66.9,2,2,3,1,1,1,1,0,1,1,0,0,0,0,0,0,1,3,3,3,2,2,0,0,0,2,0,0,0,0,0,0,0,0,0,0,3,0,0,0,0
4356,Backend Developer,8.27,87.9,80.6,64.6,92.8,46.1,92.4,74.0,2,3,0,0,1,0,3,0,0,0,0,0,0,0,0,0,3,2,3,3,0,3,0,0,0,0,0,0,0,0,0,0,0,2,0,0,1,1,0,0,0
4357,Backend Developer,7.81,72.3,74.3,61.9,70.0,66.7,55.0,63.4,2,3,1,1,0,1,2,0,0,0,0,0,0,0,0,0,2,3,3,1,3,1,0,0,0,0,0,0,0,0,0,0,1,2,0,0,3,0,0,0,0
4358,Backend Developer,8.33,91.5,81.4,67.0,82.4,62.3,81.2,73.2,2,2,2,0,1,1,3,0,1,0,0,0,0,0,1,0,0,2,2,0,0,2,0,0,0,0,1,1,0,0,0,0,0,1,0,0,2,0,0,0,0
4359,Backend Developer,8.34,84.5,79.4,86.0,84.0,73.5,72.4,79.0,3,2,0,0,0,1,2,0,0,0,0,0,0,0,0,0,2,2,0,2,2,2,0,0,0,0,0,0,0,0,0,2,0,0,0,0,2,0,0,1,0
4360,Backend Developer,7.63,96.7,74.2,87.0,81.9,84.8,70.4,81.0,2,2,1,1,1,1,2,0,0,0,0,0,0,0,0,0,2,3,3,3,3,3,0,1,1,0,0,0,0,0,0,0,0,0,2,0,1,0,0,0,1
4361,Backend Developer,7.62,87.2,69.8,72.0,52.5,85.8,61.4,67.9,3,1,1,1,1,1,0,0,0,0,0,0,0,0,0,0,1,1,3,2,0,1,0,0,0,0,0,1,0,0,0,0,0,0,1,0,2,0,0,0,0
4362,Backend Developer,7.09,74.7,86.4,81.0,81.4,70.6,59.9,73.2,3,3,1,1,1,0,3,0,0,0,0,0,0,0,0,0,3,3,3,0,2,3,0,0,0,0,0,2,0,1,0,0,1,0,0,2,1,0,1,0,0
4363,Backend Developer,8.46,83.3,74.4,78.5,64.1,87.8,65.2,73.9,2,1,2,1,1,1,3,0,0,0,0,0,0,0,0,0,2,0,3,3,2,0,0,0,0,1,0,0,0,0,0,2,0,0,0,0,3,0,0,0,0
4364,Backend Developer,7.58,76.3,81.8,53.6,80.7,64.3,84.8,70.9,1,2,2,0,0,1,2,0,0,1,0,1,0,0,0,0,0,3,2,2,2,2,0,0,1,0,0,0,0,0,0,0,0,0,1,0,3,0,1,0,0
4365,Backend Developer,7.72,85.5,84.3,66.6,87.4,81.9,86.6,80.6,1,3,2,1,1,1,0,0,0,0,0,0,1,1,0,1,2,2,2,2,3,2,0,1,0,1,0,2,0,0,1,0,0,0,0,0,1,0,0,0,1
4366,Backend Developer,9.57,92.2,85.3,65.3,57.3,48.1,88.4,64.8,2,2,3,0,1,1,3,0,0,0,0,0,0,0,0,0,3,2,0,3,3,0,0,0,0,0,0,0,0,0,0,0,0,0,0,0,2,0,0,0,0
4367,Backend Developer,8.82,88.8,95.0,60.0,86.8,54.7,81.9,70.8,1,1,0,0,1,0,3,0,0,0,0,0,0,0,0,0,1,0,3,3,2,2,0,0,0,0,0,0,0,0,1,0,0,0,1,0,2,0,0,1,0
4368,Backend Developer,7.92,80.0,82.1,87.1,78.6,73.2,63.7,75.6,3,2,3,1,1,1,3,0,0,1,0,1,0,1,0,0,0,0,2,0,3,2,0,0,1,0,0,0,2,0,0,0,0,0,0,1,2,0,0,2,1
4369,Backend Developer,7.1,87.8,79.8,62.5,70.6,82.0,66.5,70.4,2,2,2,1,0,1,3,0,0,0,0,0,0,0,1,0,3,1,3,3,1,3,0,0,0,0,0,0,0,0,0,1,0,0,1,0,3,0,0,0,0
4370,Backend Developer,8.12,77.6,87.4,74.3,73.1,44.9,52.0,61.1,2,1,1,1,0,1,1,0,0,0,0,0,0,0,2,1,3,2,2,1,2,1,1,0,0,0,0,1,0,0,0,0,0,0,0,0,3,0,0,1,0
4371,Backend Developer,5.51,82.1,73.0,70.2,86.9,74.5,80.7,78.1,3,2,3,0,1,1,3,0,0,0,0,0,0,1,1,0,0,0,3,2,3,2,0,0,0,0,0,0,1,0,1,0,0,0,0,0,2,0,0,2,0
4372,Backend Developer,7.72,84.0,90.8,73.3,59.8,77.9,84.4,73.8,3,1,1,1,1,0,2,0,0,0,0,0,0,0,1,0,1,3,2,1,3,3,0,3,0,1,0,0,0,0,0,0,0,0,0,0,3,1,0,0,0
4373,Backend Developer,8.27,80.1,69.6,79.6,69.5,72.7,66.4,72.1,2,3,2,1,1,1,1,0,0,0,0,0,1,0,1,0,3,1,2,3,3,1,0,0,0,0,0,0,0,0,0,0,0,0,0,2,1,0,2,0,2
4374,Backend Developer,7.02,86.6,74.9,56.1,64.4,67.5,76.2,66.0,2,2,2,1,0,1,2,0,0,2,1,0,0,0,0,0,2,2,2,2,3,1,0,0,1,0,0,0,0,0,0,0,0,0,1,0,3,0,1,0,2
4375,Backend Developer,8.69,91.9,80.3,70.8,90.5,68.8,62.1,73.1,2,3,2,1,1,1,2,0,0,0,0,2,0,0,0,0,3,3,2,3,3,1,1,2,0,1,0,0,0,1,0,0,0,0,0,0,3,0,1,0,0
4376,Backend Developer,8.92,92.0,92.2,58.1,65.7,52.7,72.9,62.4,1,2,1,1,1,1,0,0,0,0,0,0,1,0,0,0,3,1,3,3,0,3,0,0,0,0,2,0,0,1,1,0,1,0,0,0,0,0,0,0,0
4377,Backend Developer,7.47,76.0,89.7,68.0,57.0,89.0,71.2,71.3,4,2,0,0,1,0,2,0,0,0,2,0,0,1,0,0,3,0,2,1,3,2,1,0,0,1,1,0,1,0,0,0,0,0,0,0,2,1,0,1,0
4378,Backend Developer,7.44,79.3,82.1,65.1,99.8,60.8,74.8,75.1,3,2,3,1,0,1,3,0,0,0,0,0,0,0,1,0,0,2,0,2,2,0,3,1,0,0,0,0,0,0,0,0,0,0,0,1,0,0,0,0,0
4379,Backend Developer,8.41,90.1,77.0,53.8,100.0,62.1,59.8,69.7,2,1,1,1,0,1,0,0,0,2,0,0,0,0,0,0,3,1,3,2,2,3,2,0,2,0,0,0,2,0,0,0,0,0,0,0,0,0,0,0,0
4380,Backend Developer,7.86,83.3,62.9,60.5,61.0,81.7,68.0,67.8,3,1,2,1,1,1,2,0,0,0,0,0,0,0,0,0,3,3,2,1,3,3,0,1,0,0,0,0,0,0,1,0,0,0,0,0,1,0,0,0,0
4381,Backend Developer,7.6,66.9,76.9,91.7,46.3,45.7,79.8,65.9,2,2,1,0,1,0,3,0,0,0,0,0,1,0,0,0,1,3,3,0,3,1,0,0,0,0,0,0,0,0,2,0,0,0,0,0,1,0,0,0,0
4382,Backend Developer,7.65,72.5,91.3,81.6,61.6,84.2,60.1,71.9,3,2,2,0,1,1,2,0,0,0,0,0,0,0,0,0,2,2,3,2,0,2,0,0,1,0,0,1,0,0,0,0,0,0,1,0,0,0,0,0,0
4383,Backend Developer,8.68,84.9,77.6,67.3,62.0,87.8,76.9,73.5,2,2,1,1,1,1,0,0,0,0,0,0,0,0,0,0,3,3,2,3,3,1,0,0,0,0,0,0,0,0,0,0,0,0,0,0,3,0,0,0,0
4384,Backend Developer,7.74,71.8,68.5,67.3,64.6,62.2,82.2,69.1,3,2,2,1,1,1,3,0,0,0,0,0,0,0,2,0,3,3,0,3,3,1,0,0,0,0,0,0,0,0,1,0,0,0,0,0,2,1,2,0,0
4385,Backend Developer,7.54,87.8,84.5,86.8,69.8,80.5,70.5,76.9,1,3,2,1,1,1,3,0,0,0,1,0,0,0,0,0,3,3,1,1,0,0,0,0,2,0,0,0,0,0,0,0,0,0,0,0,3,0,0,0,2
4386,Backend Developer,8.65,68.5,81.2,73.1,68.0,82.0,69.4,73.1,2,3,3,1,1,1,3,0,0,1,0,0,0,1,1,0,1,2,2,2,3,0,0,0,0,0,0,0,0,0,0,0,0,0,0,0,3,1,0,0,0
4387,Backend Developer,7.64,82.4,79.8,78.3,84.9,55.3,71.6,72.5,2,3,2,0,1,1,1,0,0,0,0,0,0,0,0,0,0,1,3,2,3,2,0,0,2,0,0,0,0,0,0,0,0,0,0,0,3,0,0,0,0
4388,Backend Developer,7.61,93.2,79.2,83.9,70.2,52.4,69.6,69.0,3,2,1,1,1,0,3,0,0,0,1,1,0,0,2,0,0,3,2,3,3,3,0,0,0,1,0,0,0,0,0,0,0,1,0,0,1,0,0,0,0
4389,Backend Developer,8.04,96.8,73.6,59.3,71.3,75.1,81.0,71.7,2,2,2,0,0,0,2,0,0,0,0,0,2,0,0,0,1,2,1,2,0,0,1,0,0,0,0,0,0,0,1,0,0,0,0,0,0,0,0,0,0
4390,Backend Developer,7.81,85.1,77.6,67.2,69.9,77.7,63.0,69.5,3,2,2,1,0,1,0,0,0,0,0,0,2,0,3,0,3,2,3,2,0,1,0,1,0,0,0,0,0,0,0,0,0,0,0,0,0,1,0,0,0
4391,Backend Developer,8.09,69.8,84.9,73.2,71.8,61.2,63.4,67.4,2,2,1,1,1,1,3,0,0,0,0,1,0,0,0,0,3,3,3,0,0,0,0,0,0,0,0,0,0,0,1,0,0,0,0,0,0,0,0,0,0
4392,Backend Developer,8.28,82.6,65.6,83.2,75.8,76.6,77.3,78.2,3,1,3,0,1,1,2,0,0,0,0,0,0,0,0,0,0,0,2,2,2,3,1,1,0,0,0,0,0,0,0,0,1,0,0,0,3,0,0,0,0
4393,Backend Developer,8.84,80.9,77.0,87.9,74.7,85.7,65.3,78.4,1,3,2,1,0,1,3,0,0,0,0,0,0,0,2,0,2,3,3,3,1,0,0,0,0,0,0,0,0,0,0,0,0,0,2,0,3,0,0,1,0
4394,Backend Developer,6.28,81.4,82.7,65.1,55.3,71.7,80.4,68.1,2,1,1,0,1,1,3,0,0,0,1,2,0,2,0,1,2,3,2,2,3,2,0,0,0,0,0,0,1,0,1,0,0,0,0,0,3,0,0,0,0
4395,Backend Developer,7.79,80.6,69.6,56.1,65.4,74.0,82.5,69.5,3,2,1,1,1,1,3,0,0,2,0,0,0,0,0,0,3,1,2,0,0,0,0,1,0,1,0,2,0,0,0,0,0,0,0,0,0,0,0,0,0
4396,Backend Developer,7.22,83.0,81.3,51.5,74.3,61.1,71.0,64.5,2,2,1,1,1,1,3,0,0,2,2,0,0,1,0,0,3,3,1,2,3,3,1,1,0,1,0,2,0,0,0,0,0,0,1,0,2,1,0,0,0
4397,Backend Developer,5.28,88.2,73.8,66.2,60.7,81.9,93.2,75.5,1,1,1,1,1,1,3,0,0,0,0,0,0,0,0,0,3,2,0,2,2,2,2,0,0,0,0,0,0,0,0,0,0,0,0,0,2,0,0,0,0
4398,Backend Developer,7.66,91.7,84.5,61.4,80.9,75.2,86.7,76.0,4,1,1,1,1,1,3,0,2,0,2,0,0,0,0,2,2,2,3,1,0,0,0,2,0,0,0,0,0,0,0,0,0,0,0,0,3,0,0,0,0
4399,Backend Developer,8.59,75.6,80.6,63.4,68.8,67.5,84.4,71.0,1,2,0,0,1,1,0,1,0,0,0,0,0,0,0,0,3,2,3,1,2,2,0,0,0,0,0,0,0,0,0,0,0,0,0,1,1,0,0,1,0
4400,Backend Developer,7.48,76.4,88.0,79.5,87.3,60.8,88.4,79.0,2,2,1,0,1,0,3,0,0,2,0,2,0,0,0,0,2,3,2,2,2,3,0,1,2,0,0,0,0,0,0,1,0,0,1,0,1,0,0,0,0
4401,Backend Developer,7.75,77.1,83.2,66.7,81.8,65.7,77.2,72.8,2,2,2,1,0,1,0,0,0,0,0,0,0,0,0,1,2,2,0,3,3,2,1,0,0,0,1,1,0,0,0,0,0,0,0,0,1,0,2,0,0
4402,Backend Developer,6.88,88.2,72.1,60.4,71.2,70.5,59.2,65.3,3,1,1,1,0,1,2,1,0,0,0,0,0,0,1,0,3,2,2,2,2,3,0,0,2,0,0,1,0,0,0,1,0,0,0,0,2,0,0,0,0
4403,Backend Developer,7.74,88.9,76.1,55.0,71.3,62.8,93.6,70.7,1,2,2,0,1,1,2,0,0,0,0,0,0,0,0,0,2,3,3,3,3,3,1,0,0,0,0,0,0,0,0,0,0,2,0,0,3,0,1,0,0
4404,Backend Developer,6.73,86.8,74.0,52.8,46.9,85.3,70.7,63.9,1,1,1,1,1,1,2,0,0,0,0,0,1,1,0,0,3,3,2,3,1,2,0,2,0,0,0,1,0,0,2,0,0,0,0,0,2,1,0,0,0
4405,Backend Developer,9.48,89.7,82.1,78.4,48.2,63.2,91.3,70.3,2,3,1,0,0,1,2,0,0,0,0,0,0,0,0,0,3,2,3,0,2,1,0,0,0,0,0,0,0,0,1,0,0,0,1,0,0,0,0,1,0
4406,Backend Developer,7.65,90.3,72.6,74.8,52.5,57.6,80.4,66.3,3,3,1,1,1,1,1,0,2,2,2,0,0,0,2,0,2,2,1,3,3,3,0,2,0,0,2,0,0,0,0,0,0,0,0,0,2,0,0,1,0
4407,Backend Developer,7.98,76.9,86.4,55.7,100.0,61.9,64.0,72.4,1,2,2,1,0,0,3,0,0,0,0,2,0,1,0,0,3,0,0,1,3,3,1,0,0,0,0,0,0,0,0,0,0,0,0,0,2,0,0,2,0
4408,Backend Developer,8.1,93.5,78.3,63.1,93.3,66.4,70.7,73.4,3,2,1,1,1,1,2,0,0,0,2,0,0,0,0,1,1,0,1,3,3,3,1,0,0,0,0,0,1,0,1,0,0,0,0,0,1,0,1,0,0
4409,Backend Developer,8.96,81.1,89.6,72.4,66.5,52.5,82.8,68.5,1,2,2,1,1,1,2,0,0,0,0,0,0,0,0,0,0,3,1,2,3,2,0,1,0,0,0,0,0,2,0,0,0,0,2,0,2,0,1,0,0
4410,Backend Developer,6.9,77.6,70.4,97.7,80.1,49.4,80.6,77.0,1,3,2,1,1,1,3,0,0,0,1,0,0,0,1,0,1,3,0,0,3,0,0,0,0,0,1,0,0,1,0,0,0,0,0,2,0,0,0,0,0
4411,Backend Developer,8.24,75.1,80.8,85.0,89.1,52.9,68.2,73.8,2,3,2,0,1,1,2,1,1,0,0,3,0,0,0,2,0,2,3,2,2,0,0,0,0,0,0,0,1,0,0,0,0,0,0,0,1,2,0,1,0
4412,Backend Developer,9.32,80.8,83.1,45.5,63.8,61.8,59.0,57.5,1,2,1,0,1,1,2,0,0,1,0,1,1,0,0,1,2,0,1,2,2,3,0,0,0,0,0,0,0,0,0,0,0,0,0,0,2,0,0,0,1
4413,Backend Developer,7.45,97.0,79.0,72.8,65.8,73.1,64.2,69.0,1,3,0,0,1,1,2,0,0,0,0,0,0,0,0,1,2,0,1,1,2,2,0,0,1,1,0,0,0,0,0,0,0,0,0,1,2,0,0,0,0
4414,Backend Developer,7.61,85.4,78.7,95.1,77.9,80.3,78.6,83.0,4,2,1,0,1,0,1,0,0,0,0,0,0,0,0,0,1,3,3,2,2,2,0,0,0,0,0,0,1,0,0,2,0,0,0,0,0,0,0,0,0
4415,Backend Developer,8.37,85.2,76.3,55.9,92.8,69.1,69.2,71.8,2,3,2,0,0,1,3,0,0,0,0,0,0,0,0,0,2,0,2,3,3,2,1,0,2,0,0,0,0,0,0,0,0,1,1,0,3,0,0,0,0
4416,Backend Developer,6.86,82.1,82.4,78.5,70.5,58.5,80.6,72.0,2,2,2,1,1,1,2,0,0,1,0,0,2,2,0,0,1,3,2,2,3,2,0,0,2,0,0,0,1,0,0,2,0,0,0,0,1,0,1,0,0
4417,Backend Developer,7.84,80.0,83.3,81.9,65.5,78.0,86.4,78.0,2,2,3,1,1,1,2,0,0,1,0,2,0,0,1,2,1,0,3,2,3,3,0,0,0,0,0,0,0,0,2,0,0,0,1,0,2,0,2,1,1
4418,Backend Developer,7.84,76.6,69.3,76.2,71.6,57.5,85.1,72.6,3,3,1,1,1,1,1,2,1,0,1,0,0,0,0,0,0,2,3,1,1,0,0,0,1,0,0,0,0,0,0,0,1,0,0,0,1,0,0,0,0
4419,Backend Developer,8.71,82.1,80.7,72.3,90.3,77.0,59.1,74.7,2,2,1,1,1,1,2,0,0,0,0,0,0,0,0,0,2,1,1,2,2,0,0,0,1,0,0,0,0,0,0,0,1,0,0,0,3,0,0,0,0
4420,Backend Developer,7.98,93.9,86.7,80.0,84.4,47.1,79.9,72.8,0,3,0,0,1,1,1,0,0,0,0,0,0,0,0,0,3,2,2,3,2,1,0,0,1,0,0,0,0,0,0,0,0,0,2,0,2,1,0,0,0
4421,Backend Developer,7.49,83.4,81.3,75.1,62.1,79.5,63.2,70.0,3,2,2,1,1,1,1,1,0,0,0,0,0,0,1,0,3,3,1,0,3,0,0,0,1,0,0,0,0,0,0,0,0,0,0,0,2,0,0,0,1
4422,Backend Developer,8.08,80.1,65.6,66.4,76.7,71.9,75.6,72.7,1,3,3,0,1,1,3,0,0,0,0,0,0,0,0,0,3,3,3,2,0,2,0,0,2,0,0,0,0,0,0,0,0,0,0,0,2,0,0,0,2
4423,Backend Developer,5.43,78.4,78.6,85.2,58.8,69.1,78.9,73.0,2,2,1,0,1,0,2,0,0,0,0,0,0,0,0,0,3,3,1,0,0,0,0,0,0,1,0,0,1,0,0,0,0,1,0,0,0,1,0,0,1
4424,Backend Developer,8.37,76.7,75.2,75.8,73.2,72.2,81.8,75.8,2,2,1,1,1,1,2,0,0,0,0,0,0,0,0,1,3,1,3,3,2,2,1,0,0,1,0,0,0,0,0,0,0,0,2,0,3,0,1,2,0
4425,Backend Developer,7.81,81.6,79.9,99.9,69.5,52.2,74.9,74.1,4,3,2,1,1,1,0,0,0,0,0,0,0,0,0,0,3,1,1,2,2,0,0,0,0,0,0,0,0,0,0,0,0,0,0,0,2,0,0,0,0
4426,Backend Developer,7.09,81.3,78.1,55.3,77.9,46.9,73.5,63.4,2,2,2,0,1,1,3,0,0,0,0,0,0,0,0,0,1,2,2,3,3,3,0,0,0,0,0,0,0,0,0,0,0,0,0,0,0,0,0,0,0
4427,Backend Developer,7.94,95.2,72.2,40.3,87.6,77.5,68.1,68.4,3,3,1,1,1,1,2,0,0,0,0,0,0,2,0,0,2,3,2,2,2,2,0,0,1,0,0,0,0,0,0,0,2,0,0,2,2,0,0,1,1
4428,Backend Developer,6.9,77.8,70.6,70.9,88.9,75.9,69.0,76.2,3,2,0,0,1,1,3,0,0,0,0,2,1,0,0,0,2,2,2,3,3,2,0,0,0,0,0,0,0,0,0,0,0,0,0,0,0,0,0,0,0
4429,Backend Developer,7.96,90.4,80.8,78.2,89.1,67.3,66.5,75.3,2,3,0,0,1,1,3,0,2,0,0,0,0,0,1,0,3,1,3,3,1,3,0,0,0,0,0,0,0,0,0,0,0,0,0,0,0,0,0,0,0
4430,Backend Developer,7.46,75.3,89.9,79.0,55.0,41.3,96.9,68.1,1,2,2,1,1,0,0,0,0,0,0,0,0,0,0,0,2,3,0,2,3,2,0,0,1,0,1,0,0,0,1,0,0,2,0,0,2,0,0,0,0
4431,Backend Developer,7.46,82.0,69.1,94.9,83.8,60.2,91.9,82.7,2,3,2,1,1,1,3,0,1,0,0,1,0,0,0,1,3,0,1,3,3,1,0,1,1,1,0,0,0,0,0,0,0,0,0,1,2,0,0,0,0
4432,Backend Developer,7.63,82.5,77.9,72.1,83.6,70.3,87.7,78.4,4,2,0,0,1,1,3,0,0,0,0,0,0,0,0,0,1,0,2,2,3,1,0,0,1,0,0,1,0,0,0,0,0,0,0,0,2,0,0,0,0
4433,Backend Developer,7.6,71.4,84.9,72.5,67.8,79.3,63.9,70.9,2,3,1,1,1,0,3,0,0,0,0,0,0,0,0,0,2,3,3,3,3,3,0,0,0,0,0,0,0,0,0,0,0,0,0,0,2,0,2,0,0
4434,Backend Developer,8.15,73.3,89.9,82.5,66.6,81.4,80.5,77.8,1,3,0,0,1,1,3,0,2,0,0,0,0,0,0,0,2,3,2,3,2,2,0,0,0,0,0,0,0,0,0,0,0,0,0,0,2,0,0,1,1
4435,Backend Developer,9.39,63.0,72.2,60.6,65.6,68.9,59.8,63.7,1,1,3,1,1,1,3,0,0,0,1,0,0,0,0,0,2,2,3,2,2,3,0,1,0,0,0,0,0,0,0,0,0,1,0,0,1,0,0,0,0
4436,Backend Developer,7.52,83.6,83.6,57.8,68.1,63.6,66.3,64.0,2,2,1,1,1,1,2,0,0,0,0,1,0,0,0,0,2,2,3,3,3,2,0,0,0,0,0,0,0,0,0,0,0,1,2,0,1,0,0,0,2
4437,Backend Developer,6.93,81.7,66.3,79.7,58.6,59.1,75.1,68.1,2,2,1,1,1,0,3,0,0,0,2,0,1,0,0,0,3,2,2,2,2,3,0,0,1,0,0,0,0,0,2,0,1,1,0,0,2,1,0,2,0
4438,Backend Developer,6.95,78.4,76.1,52.8,68.1,57.7,81.1,64.9,2,2,3,0,1,1,1,0,0,2,0,0,0,0,0,2,1,3,3,0,0,3,0,0,2,0,0,0,0,0,0,0,0,0,1,0,1,0,0,2,0
4439,Backend Developer,7.75,81.5,86.1,84.8,66.6,75.1,79.6,76.5,2,3,1,1,1,1,2,0,1,1,0,0,0,0,0,1,3,3,2,1,2,2,0,0,0,0,0,0,0,0,0,0,0,0,0,0,0,0,0,0,0
4440,Backend Developer,8.65,95.4,69.7,72.0,73.0,75.2,73.9,73.5,2,2,0,0,1,1,3,3,0,1,0,0,2,0,2,0,2,2,1,1,3,2,0,0,0,3,0,0,0,0,0,0,0,0,1,2,3,0,0,0,1
4441,Backend Developer,6.96,90.9,86.8,74.0,78.9,82.6,78.4,78.5,3,2,1,0,0,1,0,0,2,0,0,0,2,0,0,0,3,3,3,3,3,1,0,0,0,0,1,0,0,0,0,0,0,0,0,0,3,0,0,1,0
4442,Backend Developer,8.57,76.3,85.1,73.2,70.8,71.2,81.8,74.2,2,2,1,1,1,0,3,0,0,0,0,0,0,2,1,0,0,2,2,1,3,3,0,1,0,0,1,2,0,2,0,0,0,0,0,0,2,0,0,0,1
4443,Backend Developer,8.24,78.9,66.6,73.0,73.3,60.0,70.4,69.2,3,1,0,0,1,1,3,0,0,0,0,0,0,0,0,0,2,1,2,3,2,1,0,0,0,0,0,0,0,1,0,0,0,0,0,0,0,1,0,1,0
4444,Backend Developer,7.95,80.9,78.4,68.1,80.8,42.7,65.7,64.3,1,1,1,1,1,1,2,0,1,0,1,0,0,0,0,2,2,0,3,2,3,0,0,0,0,0,0,0,0,0,0,0,1,0,0,0,2,0,1,0,0
4445,Backend Developer,8.8,80.8,75.8,60.7,88.1,60.6,64.0,68.3,3,3,1,0,1,1,2,0,0,1,0,0,0,0,0,0,2,3,1,2,3,2,0,0,0,1,1,0,0,0,0,0,0,0,0,0,1,0,0,0,0
4446,Backend Developer,8.58,85.6,73.4,80.9,59.2,68.2,91.8,75.0,2,2,3,1,1,1,3,0,0,0,0,0,1,0,0,2,0,0,2,2,2,2,0,0,0,1,0,0,0,0,0,0,0,0,0,0,0,0,0,0,0
4447,Backend Developer,7.28,80.0,84.0,59.7,64.7,44.2,75.8,61.1,3,2,2,0,0,1,2,0,0,0,0,0,0,0,0,0,2,3,1,3,2,2,0,0,0,0,0,0,0,0,0,0,0,0,0,0,3,0,0,0,2
4448,Backend Developer,8.41,86.9,79.4,57.0,66.0,57.5,76.8,64.3,2,2,2,1,1,1,2,0,0,1,0,0,0,0,0,0,0,3,1,2,2,0,0,1,1,0,0,1,1,0,0,1,1,0,0,0,2,1,0,0,0
4449,Backend Developer,7.28,75.3,73.7,81.5,76.9,85.2,84.7,82.1,2,2,1,0,1,0,2,0,0,0,0,0,2,1,0,0,2,3,2,3,3,1,2,1,0,0,0,0,0,2,0,0,0,0,1,0,2,0,0,0,0
4450,Backend Developer,7.73,86.1,77.0,70.4,66.9,92.5,82.2,78.0,1,3,1,1,1,1,3,0,0,0,0,0,0,0,1,0,3,2,3,2,3,2,0,0,0,0,0,0,0,0,2,0,1,2,0,0,0,0,0,0,0
4451,Backend Developer,7.63,96.7,85.3,76.8,89.3,78.3,61.4,76.4,4,1,2,0,1,1,2,2,0,0,0,2,0,0,0,0,1,2,2,0,1,2,0,0,0,1,1,0,0,0,1,0,0,0,0,0,2,0,1,0,0
4452,Backend Developer,7.56,72.8,83.7,85.7,82.9,78.6,64.6,78.0,2,1,1,1,0,0,1,1,0,0,0,0,0,0,0,0,0,2,2,3,2,2,0,0,0,0,0,0,0,0,0,0,0,0,0,0,3,2,0,0,0
4453,Backend Developer,7.09,84.7,74.3,74.8,41.8,69.0,79.2,66.2,4,3,0,0,1,1,2,0,0,0,1,1,0,0,0,1,0,2,2,3,2,2,1,2,2,0,0,0,0,0,0,0,0,0,0,0,2,2,0,0,0
4454,Backend Developer,8.06,83.2,77.1,84.7,80.1,52.0,59.2,69.0,4,3,3,1,0,1,0,0,0,1,0,0,0,0,0,0,0,0,1,1,0,1,0,0,0,1,0,1,0,0,1,0,0,0,0,1,2,0,2,0,0
4455,Backend Developer,7.3,79.2,82.8,73.0,70.0,45.0,61.2,62.3,3,2,0,0,0,1,3,0,0,0,0,1,0,2,1,2,0,3,3,2,0,0,0,0,0,3,0,0,0,0,0,0,0,0,0,2,0,0,0,0,0
4456,Backend Developer,6.63,87.8,74.2,63.8,74.5,66.6,82.9,72.0,2,2,1,1,1,1,2,0,1,0,1,0,0,0,0,0,3,2,2,0,2,0,0,0,0,0,0,0,0,0,0,1,0,0,0,0,2,2,0,1,0
4457,Backend Developer,7.6,90.6,74.5,100.0,69.5,50.1,65.4,72.3,1,1,2,1,0,1,3,0,0,0,0,0,0,0,2,0,2,3,1,3,3,0,0,0,0,0,0,0,0,0,0,0,2,0,0,0,2,0,0,0,0
4458,Backend Developer,7.02,86.8,69.2,77.6,71.9,76.2,87.7,78.3,1,2,0,0,1,1,3,0,1,0,1,0,0,0,0,0,3,2,1,3,3,0,0,0,0,0,0,1,0,1,0,0,0,0,0,0,2,0,0,0,0
4459,Backend Developer,8.45,98.5,81.6,67.3,58.8,77.7,97.7,75.4,1,1,1,1,0,1,0,0,0,0,0,0,0,0,0,0,3,3,0,1,3,2,0,0,0,1,0,0,0,0,0,0,1,0,0,0,1,0,0,0,0
4460,Backend Developer,9.35,88.4,77.3,71.6,61.6,52.5,96.6,70.6,2,2,0,0,1,0,3,2,0,0,0,0,0,0,1,0,1,3,3,3,0,1,0,0,0,0,0,0,1,0,0,0,0,0,0,0,1,0,0,0,2
4461,Backend Developer,8.4,80.6,71.2,97.0,91.5,80.9,73.6,85.8,3,1,1,0,1,1,3,2,1,0,0,0,0,1,0,0,3,2,2,2,3,0,0,1,0,0,0,0,0,0,0,1,0,0,0,0,0,0,0,0,0
4462,Backend Developer,8.65,89.1,82.9,70.6,80.5,76.5,66.4,73.5,2,2,2,1,1,1,3,0,1,0,0,0,1,0,0,0,2,2,3,2,0,2,0,0,0,0,0,0,0,0,0,1,0,0,0,0,1,0,0,0,0
4463,Backend Developer,8.06,73.0,88.0,50.1,80.5,61.3,65.8,64.4,4,1,2,1,1,0,2,0,0,0,0,0,0,0,0,1,3,2,3,0,2,2,0,1,0,0,1,0,1,0,0,0,0,0,0,1,0,0,0,0,0
4464,Backend Developer,7.98,66.4,79.0,48.7,74.1,54.8,81.5,64.8,2,1,2,1,1,1,2,0,0,1,0,0,0,0,0,0,1,3,0,1,2,3,0,0,0,0,0,0,0,0,1,0,0,0,0,0,0,0,0,0,0
4465,Backend Developer,7.55,86.9,81.3,77.4,94.7,53.5,62.7,72.1,2,2,2,1,1,1,3,1,0,1,0,0,1,0,1,0,2,3,2,3,3,3,0,0,2,0,0,0,0,1,0,0,0,0,0,0,2,0,0,0,0
4466,Backend Developer,7.61,93.9,76.5,79.7,63.8,69.2,89.4,75.5,4,2,2,0,1,0,3,1,0,0,0,2,0,0,2,0,0,2,0,3,2,3,0,0,0,2,0,0,0,0,0,0,0,2,0,0,0,0,1,0,0
4467,Backend Developer,8.39,86.3,75.4,76.8,83.2,83.9,83.8,81.9,3,2,1,1,0,1,2,0,0,0,0,0,0,0,0,0,0,0,2,2,3,1,0,0,0,0,0,0,0,0,1,0,0,0,0,0,0,0,0,0,0
4468,Backend Developer,7.6,85.3,78.1,44.7,81.0,56.0,82.8,66.1,2,2,0,0,0,1,3,0,0,0,0,0,0,1,0,0,1,1,3,3,2,0,0,0,0,0,2,1,0,0,0,1,0,0,0,0,3,0,0,0,0
4469,Backend Developer,7.44,84.8,70.2,81.0,59.8,55.6,96.8,73.3,4,2,1,1,1,1,3,0,0,0,0,0,1,0,1,0,2,3,2,3,1,3,0,0,0,0,0,0,1,0,0,1,0,0,0,0,2,0,0,0,0
4470,Backend Developer,7.22,82.1,76.3,41.9,84.3,49.0,80.3,63.9,3,1,1,0,1,1,0,2,1,0,0,2,0,0,0,0,0,2,2,2,2,2,0,0,0,0,0,0,0,0,0,0,0,0,0,2,2,0,0,0,0
4471,Backend Developer,7.33,81.3,63.4,63.2,83.0,59.4,77.1,70.7,0,3,1,1,1,1,2,0,2,0,0,1,0,1,0,0,3,1,1,2,2,2,0,0,0,0,0,0,0,0,1,0,0,0,0,0,0,0,0,0,0
4472,Backend Developer,6.94,71.2,73.0,76.0,69.5,57.2,77.7,70.1,2,3,1,1,1,1,2,0,0,2,0,0,0,0,0,0,3,3,2,1,3,2,0,0,0,0,0,0,0,0,0,0,0,2,0,1,2,2,0,1,0
4473,Backend Developer,7.58,83.0,82.3,68.9,60.3,69.9,65.5,66.2,2,3,0,0,0,1,3,0,0,1,0,0,0,0,0,0,3,3,2,2,2,1,0,0,0,0,0,0,0,0,0,0,0,0,0,0,3,0,0,0,0
4474,Backend Developer,8.49,76.5,62.2,84.8,72.5,67.7,89.5,78.6,3,3,1,0,1,1,2,0,0,2,0,0,2,0,0,0,0,1,2,2,1,2,0,0,2,0,0,0,0,0,1,0,0,0,0,0,1,0,1,0,2
4475,Backend Developer,7.76,78.1,88.0,69.8,69.9,66.8,90.3,74.2,2,2,1,0,1,1,3,0,0,0,0,0,0,0,0,0,2,2,3,3,2,3,1,0,0,0,0,0,0,1,0,0,0,0,0,0,2,0,0,0,0
4476,Backend Developer,8.37,75.6,82.1,69.7,62.6,87.6,82.7,75.7,0,3,2,0,1,0,0,0,0,1,0,1,0,0,1,0,2,2,1,3,3,2,0,0,0,1,0,1,0,0,0,0,0,0,0,0,0,0,2,2,0
4477,Backend Developer,8.24,75.2,86.1,79.1,77.3,62.8,77.6,74.2,2,2,3,1,1,0,0,1,0,0,0,0,0,0,1,0,2,2,3,3,1,1,0,0,1,0,0,1,0,0,0,0,2,1,1,2,0,0,1,0,0
4478,Backend Developer,8.21,78.1,70.4,75.6,54.5,65.6,55.7,62.8,2,3,2,0,1,1,3,2,0,0,0,0,0,0,0,0,3,3,2,3,2,0,0,0,0,0,1,0,0,0,0,0,0,0,0,0,0,0,0,0,0
4479,Backend Developer,7.88,81.3,77.7,29.4,92.6,58.9,98.3,69.8,2,2,2,0,0,1,2,2,1,0,2,0,0,0,1,0,0,2,1,2,3,3,0,0,0,0,0,0,0,1,1,0,1,1,0,0,1,0,0,0,0
4480,Backend Developer,8.17,89.1,75.9,91.3,82.3,77.9,89.1,85.2,2,2,2,0,1,0,2,0,0,0,0,0,0,0,0,0,2,1,2,2,3,0,2,2,0,0,0,1,0,0,0,0,0,0,1,0,2,0,0,1,0
4481,Backend Developer,8.34,68.6,66.3,53.8,76.8,80.7,63.4,68.7,1,3,1,1,1,1,3,0,0,0,0,0,0,0,0,0,0,0,2,2,2,2,0,0,0,0,0,0,1,0,0,0,1,1,0,1,0,0,1,0,0
4482,Backend Developer,7.61,87.1,75.1,86.8,70.4,69.3,76.3,75.7,3,3,1,0,1,1,2,0,0,1,0,0,1,2,0,0,1,3,3,1,0,2,0,2,0,0,0,0,0,0,0,0,0,0,0,0,0,1,2,0,0
4483,Backend Developer,6.73,88.7,87.8,47.9,80.1,57.5,76.6,65.5,1,1,1,1,0,1,2,0,0,0,0,0,0,1,0,0,2,2,3,3,0,3,0,1,0,0,0,0,2,0,1,0,0,2,0,0,2,0,0,0,2
4484,Backend Developer,8.1,94.6,87.3,46.1,64.0,60.8,73.8,61.2,4,2,2,1,1,1,1,0,0,0,0,0,0,0,0,0,2,2,2,2,3,2,0,1,0,1,0,0,0,0,0,0,0,0,0,0,0,0,0,0,1
4485,Backend Developer,7.83,92.5,80.8,75.1,84.0,62.6,80.7,75.6,2,2,2,1,1,1,3,1,0,0,0,0,0,0,0,1,3,3,0,3,3,3,0,2,0,0,0,0,0,0,0,0,0,0,0,0,1,0,0,2,0
4486,Backend Developer,9.03,85.8,94.5,72.2,60.0,53.8,73.9,65.0,0,1,1,0,1,1,2,1,1,0,0,0,0,0,0,0,2,2,2,0,2,2,0,0,1,0,0,1,0,0,2,1,0,0,1,0,0,0,0,0,0
4487,Backend Developer,5.64,82.9,91.5,76.2,55.9,59.1,88.2,69.8,3,1,1,0,1,1,2,0,0,0,0,0,0,0,0,0,3,3,0,1,2,3,0,0,0,0,0,0,0,0,0,0,0,0,0,0,2,0,0,0,0
4488,Backend Developer,7.54,92.8,68.9,66.9,58.6,84.8,61.7,68.0,1,3,2,0,1,0,0,0,0,1,0,1,1,0,0,0,2,2,2,3,0,3,2,0,0,0,0,2,1,0,0,0,2,0,0,0,2,0,0,0,0
4489,Backend Developer,7.98,95.6,81.1,70.6,72.5,35.0,58.3,59.1,3,2,3,1,1,1,2,0,2,0,1,0,0,0,0,0,1,2,2,2,3,2,0,0,0,0,0,0,1,1,0,0,0,0,0,0,2,0,0,0,0
4490,Backend Developer,7.59,89.9,87.7,100.0,60.2,85.9,80.3,83.2,3,1,2,0,0,0,2,1,0,0,0,0,0,1,0,0,2,2,3,3,2,3,0,0,0,0,0,0,0,0,0,2,0,0,0,0,3,0,0,0,0
4491,Backend Developer,6.87,81.1,83.7,65.1,82.5,63.7,67.3,69.7,2,1,2,1,1,1,1,0,0,0,1,0,0,0,0,0,3,0,2,2,3,2,0,0,0,0,0,0,0,0,0,0,0,0,0,0,3,0,0,1,0
4492,Backend Developer,7.88,75.8,79.8,63.5,77.8,73.6,54.6,67.4,4,3,1,0,0,0,2,0,0,1,0,0,3,2,0,0,3,0,2,2,3,1,0,0,0,0,0,1,2,0,0,0,0,0,0,1,3,1,0,0,0
4493,Backend Developer,7.43,89.8,70.5,75.9,75.6,82.5,83.6,79.4,4,2,1,1,0,1,2,0,0,0,0,0,0,0,0,1,2,2,3,0,3,0,0,0,0,0,0,0,0,0,0,0,0,0,0,0,0,0,0,2,0
4494,Backend Developer,8.18,86.9,81.9,76.4,79.4,52.1,84.5,73.1,2,3,1,0,1,0,2,0,0,0,0,0,0,0,0,0,2,3,2,0,3,3,0,0,0,0,0,0,0,0,0,2,0,0,1,0,0,0,0,0,0
4495,Backend Developer,7.27,86.4,68.0,85.1,62.5,69.1,66.4,70.8,2,3,2,1,1,1,1,0,0,0,0,2,0,0,0,0,2,3,3,0,2,3,0,2,0,0,0,0,0,0,0,0,1,0,0,0,2,0,0,0,0
4496,Backend Developer,8.58,75.6,85.4,85.6,87.4,85.4,85.9,86.1,0,2,1,1,1,1,1,0,0,0,0,0,0,0,0,0,2,3,2,1,0,2,0,1,0,0,0,0,1,0,0,1,0,2,1,0,3,0,0,0,0
4497,Backend Developer,8.16,72.5,81.9,66.8,74.6,65.4,80.2,71.8,1,3,0,0,1,1,3,0,0,0,0,0,0,0,0,0,3,3,2,0,3,2,2,0,1,0,0,0,0,0,0,0,0,2,0,0,0,0,0,0,0
4498,Backend Developer,7.27,87.9,71.6,67.0,60.2,71.1,48.7,61.8,2,3,1,0,0,0,3,0,0,0,1,0,0,0,0,0,3,1,2,1,2,3,0,0,0,0,0,0,0,0,0,2,0,0,2,0,3,2,2,2,0
4499,Backend Developer,9.22,90.2,71.4,78.4,71.2,74.9,66.3,72.7,3,2,3,1,1,1,2,0,0,0,0,1,0,0,0,0,2,2,2,3,2,2,2,0,0,2,0,0,0,0,0,0,0,0,0,0,2,0,1,0,1
4500,Backend Developer,8.99,92.5,72.8,78.4,74.2,74.6,95.2,80.6,4,3,1,1,0,1,2,0,0,0,0,0,0,0,0,0,1,0,1,3,2,2,0,0,0,0,1,0,0,1,0,0,0,0,0,0,2,0,2,0,0
4501,Cloud Engineer,7.53,74.6,72.8,89.7,72.7,44.4,57.8,66.2,2,1,0,0,1,0,0,0,1,0,0,0,0,0,0,0,0,0,0,0,0,0,0,0,0,0,0,0,0,0,0,0,0,3,3,3,2,0,0,1,0
4502,Cloud Engineer,8.32,69.6,87.1,54.4,72.6,62.3,77.5,66.7,1,3,0,0,1,1,0,1,1,2,0,0,0,0,0,0,0,1,0,0,2,0,0,0,0,0,0,0,0,0,1,0,0,2,3,3,2,2,3,2,0
4503,Cloud Engineer,7.11,75.4,63.8,71.1,47.9,47.7,68.4,58.8,2,2,2,0,1,1,0,0,0,0,0,1,0,0,0,0,0,0,1,1,0,0,0,2,0,0,0,0,0,0,0,2,0,2,0,2,2,2,2,2,1
4504,Cloud Engineer,6.49,80.0,90.7,63.6,85.8,64.5,74.8,72.2,1,3,1,1,0,1,0,0,0,0,0,2,0,0,0,0,0,0,0,1,0,0,0,0,0,0,0,1,1,0,0,0,1,2,3,2,2,3,1,2,0
4505,Cloud Engineer,7.22,78.9,87.1,51.5,79.4,70.1,76.4,69.3,3,2,1,1,1,1,0,0,0,0,0,0,0,2,0,1,0,0,0,0,0,0,2,0,0,0,0,0,1,0,1,0,0,2,3,3,1,3,3,2,0
4506,Cloud Engineer,7.86,75.0,70.9,71.5,79.7,70.1,79.0,75.1,4,3,2,0,1,1,0,0,0,0,2,0,0,0,0,0,0,0,0,0,0,0,0,0,0,2,0,0,0,0,0,0,2,0,1,2,2,3,2,2,0
4507,Cloud Engineer,8.81,86.9,75.6,80.7,74.5,66.0,75.2,74.1,3,2,0,0,1,1,0,0,0,1,0,0,1,0,0,0,0,0,0,0,0,2,0,0,0,0,0,0,0,0,0,1,3,2,0,2,3,0,2,3,0
4508,Cloud Engineer,6.4,71.0,82.0,76.2,67.0,74.2,72.8,72.5,3,1,2,1,1,0,0,1,2,1,0,1,1,0,0,2,1,0,0,0,0,0,1,0,0,1,0,0,1,1,1,0,0,3,0,3,0,3,2,2,0
4509,Cloud Engineer,8.74,77.8,77.9,100.0,81.9,70.3,69.7,81.0,2,2,2,1,1,1,0,0,0,0,0,0,0,0,0,0,2,0,0,0,0,0,0,1,0,1,1,0,0,0,0,2,0,2,2,3,3,1,1,3,0
4510,Cloud Engineer,8.3,90.0,79.8,72.8,72.2,81.6,75.6,75.5,2,3,2,1,1,0,1,0,0,0,0,0,0,0,0,0,0,0,0,0,0,0,0,0,0,1,0,0,0,0,0,2,0,2,0,2,1,0,2,2,0
4511,Cloud Engineer,6.23,81.5,68.1,55.0,80.1,81.3,72.2,72.1,2,2,1,1,1,1,0,0,0,0,0,1,0,0,1,0,0,0,0,0,0,0,0,0,0,0,0,0,0,0,0,2,0,3,3,1,2,3,3,0,0
4512,Cloud Engineer,7.79,74.9,84.5,64.7,58.8,74.5,64.7,65.7,0,3,3,1,1,1,0,0,0,0,0,0,1,0,0,2,0,0,1,0,0,2,0,0,0,0,0,0,2,1,0,0,0,3,3,2,2,2,1,2,0
4513,Cloud Engineer,8.19,93.4,84.3,87.3,67.0,74.8,79.3,77.1,2,3,2,0,0,0,0,2,1,0,0,0,0,1,0,0,2,0,0,0,0,0,0,0,0,0,0,0,0,1,0,0,0,3,3,3,3,3,2,2,0
4514,Cloud Engineer,8.7,84.2,66.0,79.3,68.5,46.1,50.7,61.2,1,2,2,0,1,1,0,2,1,0,0,0,0,0,0,0,2,0,1,0,0,0,0,0,0,0,0,0,0,2,0,0,0,3,0,2,2,0,3,3,0
4515,Cloud Engineer,6.47,79.2,89.0,69.2,75.6,68.7,74.2,71.9,1,1,2,1,1,1,0,0,0,0,0,0,0,0,0,0,0,0,0,0,0,0,0,1,0,0,0,0,0,0,0,0,0,2,0,3,3,3,1,1,0
4516,Cloud Engineer,8.57,80.2,79.9,86.2,56.2,68.8,77.3,72.1,2,2,2,1,1,1,0,0,0,0,0,0,0,0,0,0,0,0,0,0,0,0,0,0,1,2,0,0,1,0,0,0,2,1,0,2,1,3,3,3,0
4517,Cloud Engineer,7.17,87.6,91.6,88.8,83.3,73.3,83.8,82.3,3,2,2,0,1,1,0,0,0,0,0,0,0,0,0,0,0,0,0,0,0,0,0,0,0,1,1,0,0,0,0,0,2,2,2,2,3,3,1,3,1
4518,Cloud Engineer,8.57,77.6,81.5,67.4,79.1,57.2,59.1,65.7,2,2,1,1,1,1,0,0,0,0,0,0,2,0,1,0,0,0,0,0,0,0,2,0,0,0,0,0,0,1,0,0,0,1,3,0,2,2,3,3,0
4519,Cloud Engineer,9.07,83.9,75.9,77.7,56.0,81.7,87.5,75.7,1,2,0,0,1,1,0,0,0,0,0,0,0,0,0,0,0,0,0,0,0,0,1,2,0,0,0,0,1,1,0,0,0,2,3,3,0,3,2,3,0
4520,Cloud Engineer,7.8,82.2,81.2,61.6,64.8,90.7,79.8,74.2,1,2,3,1,0,1,0,0,0,0,0,0,0,0,0,0,2,1,0,2,2,0,0,0,2,0,0,0,1,0,0,0,0,2,2,0,2,3,3,0,0
4521,Cloud Engineer,8.12,78.2,71.5,61.6,69.8,63.6,76.0,67.8,1,3,2,1,1,1,0,0,0,0,0,0,1,0,0,0,0,0,0,0,0,0,0,0,0,0,0,2,0,0,0,1,0,3,2,0,2,2,2,2,0
4522,Cloud Engineer,8.31,78.5,86.7,66.8,74.0,91.4,63.7,74.0,3,2,2,0,1,1,0,0,1,0,1,0,0,0,0,0,0,0,0,0,0,0,1,0,0,0,1,0,0,0,0,0,0,1,3,0,2,2,3,3,0
4523,Cloud Engineer,8.15,79.3,77.2,71.0,73.3,51.5,79.1,68.7,1,2,2,1,1,1,0,0,1,0,0,0,0,0,0,0,0,0,0,0,0,1,0,0,2,0,0,0,0,0,2,0,0,3,0,2,0,3,2,3,0
4524,Cloud Engineer,7.27,85.5,86.0,70.0,90.3,100.0,85.1,87.0,3,1,1,1,0,1,0,0,0,0,0,0,0,0,0,0,0,0,1,0,0,0,0,0,0,0,2,0,0,2,0,0,0,3,0,3,0,3,3,2,0
4525,Cloud Engineer,7.77,84.5,88.7,51.3,64.8,77.4,78.8,68.1,1,2,2,1,1,1,0,0,0,0,0,0,0,0,0,1,0,1,0,0,2,0,0,0,0,0,0,1,0,0,1,0,0,2,2,2,3,0,3,2,2
4526,Cloud Engineer,7.2,84.8,70.0,65.4,57.6,51.2,76.4,62.6,3,2,0,0,0,1,2,0,0,0,0,0,0,0,1,0,0,0,0,0,0,0,0,0,0,0,0,0,0,0,0,0,1,1,0,0,2,3,3,0,0
4527,Cloud Engineer,7.63,78.2,76.3,57.5,74.0,67.1,68.0,66.7,3,3,1,1,1,1,0,0,0,0,0,2,1,0,1,1,0,0,0,0,0,0,0,0,0,0,0,1,0,0,0,0,0,3,2,2,0,3,1,2,0
4528,Cloud Engineer,8.11,86.8,82.4,77.2,83.4,73.3,66.9,75.2,2,2,0,0,1,0,0,0,0,0,0,0,0,0,0,0,0,0,0,0,0,0,0,0,1,2,0,0,0,0,0,0,0,3,3,2,2,3,2,3,0
4529,Cloud Engineer,8.25,81.5,72.6,57.5,64.5,88.5,42.4,63.2,2,2,3,1,1,0,0,0,0,0,1,0,0,1,0,0,0,0,0,0,1,2,0,1,0,0,0,0,0,0,0,2,0,0,2,3,3,2,3,3,1
4530,Cloud Engineer,8.53,71.7,83.1,63.5,96.9,51.0,90.7,75.5,2,3,2,1,1,0,0,0,0,0,0,0,0,0,0,0,1,0,0,0,0,0,1,0,0,2,0,0,2,0,0,0,0,2,3,3,3,3,3,0,0
4531,Cloud Engineer,7.97,83.5,60.4,62.9,100.0,57.3,66.1,71.8,1,3,1,0,1,1,0,2,0,0,0,2,0,0,0,0,0,0,0,0,0,0,0,0,0,0,0,1,0,0,2,0,0,3,0,0,3,2,2,2,0
4532,Cloud Engineer,8.05,75.0,79.7,70.6,91.5,57.0,67.2,71.6,2,2,3,1,1,1,0,0,0,0,0,0,0,0,2,0,1,0,0,0,0,0,0,0,0,0,0,0,2,0,0,0,2,3,0,1,1,2,2,2,0
4533,Cloud Engineer,8.14,76.2,87.9,64.2,68.4,81.9,69.0,70.9,3,2,2,1,1,1,0,0,2,0,0,0,0,0,1,0,0,0,0,0,0,0,0,0,0,0,0,1,2,0,0,0,0,2,1,2,0,0,0,2,0
4534,Cloud Engineer,7.25,90.7,80.7,73.5,80.7,61.2,89.6,76.2,3,2,1,0,1,1,0,0,0,0,0,0,0,0,0,0,0,2,0,0,0,0,0,0,0,0,0,0,1,0,0,0,1,3,2,3,2,3,1,3,0
4535,Cloud Engineer,7.86,71.2,74.0,64.0,68.6,65.3,62.1,65.0,3,2,1,1,1,1,0,0,0,0,0,0,0,1,1,0,2,0,0,0,0,0,0,0,0,0,0,0,0,0,0,0,0,2,3,3,0,2,0,3,0
4536,Cloud Engineer,6.37,89.7,83.1,62.3,70.3,82.7,77.1,73.1,1,3,1,1,1,1,0,0,0,1,0,0,0,0,0,0,0,0,0,0,0,0,0,0,0,2,0,0,0,0,0,0,0,2,3,3,3,1,0,1,0
4537,Cloud Engineer,7.98,81.2,80.9,79.1,74.1,62.7,82.2,74.5,4,3,1,1,1,1,2,0,2,0,0,0,0,0,0,0,0,0,0,0,1,0,0,0,0,0,0,0,0,0,1,0,0,3,0,0,2,3,1,3,1
4538,Cloud Engineer,7.55,76.2,72.0,75.5,76.2,61.7,93.2,76.6,3,2,2,0,1,1,1,0,0,0,0,0,0,1,0,0,0,0,2,1,0,0,1,0,0,0,1,0,1,0,0,0,0,3,2,3,3,1,3,2,1
4539,Cloud Engineer,8.02,81.6,90.7,75.5,84.9,62.7,79.0,75.5,3,2,1,1,1,1,0,1,1,0,0,0,0,0,2,1,0,0,2,0,0,0,0,0,0,0,0,0,0,0,0,0,0,2,2,2,1,3,3,0,0
4540,Cloud Engineer,7.7,86.7,76.3,87.1,82.7,55.7,73.3,74.7,0,1,3,1,1,1,0,0,1,0,0,2,0,0,0,0,0,0,0,0,0,0,1,2,0,0,0,0,0,0,0,1,0,3,0,3,2,0,1,3,0
4541,Cloud Engineer,7.61,86.8,83.6,63.6,90.5,78.1,91.2,80.8,4,3,1,1,1,1,0,0,0,0,0,0,1,0,0,0,0,0,0,0,0,0,0,0,0,2,0,0,2,2,0,0,0,0,2,3,3,3,2,2,0
4542,Cloud Engineer,8.07,85.8,76.3,78.8,95.2,71.1,80.0,81.3,1,3,2,0,1,1,0,1,0,0,2,0,0,0,1,1,1,0,0,0,0,1,0,0,0,1,0,0,0,2,0,0,0,1,3,3,2,2,2,3,0
4543,Cloud Engineer,7.0,75.3,83.8,66.4,73.4,62.0,73.8,68.9,3,2,2,1,0,0,0,0,0,0,0,0,0,0,1,0,0,2,0,0,1,0,0,2,0,2,2,0,0,0,0,0,0,1,2,2,1,3,1,3,0
4544,Cloud Engineer,8.32,80.2,81.4,71.7,63.8,59.7,72.4,66.9,0,2,1,1,1,1,1,0,0,0,0,0,0,0,0,0,1,0,1,0,0,0,0,0,0,0,0,0,1,1,1,0,0,3,3,2,0,1,3,3,0
4545,Cloud Engineer,7.52,89.6,67.8,69.5,57.2,54.2,73.6,63.6,1,3,2,1,0,1,0,0,1,0,0,0,0,0,0,0,0,0,0,0,0,2,0,1,0,0,0,0,1,0,0,0,1,3,3,0,0,3,1,3,0
4546,Cloud Engineer,7.51,86.1,73.2,68.9,82.1,77.7,74.8,75.9,1,2,2,1,1,1,0,0,0,0,1,0,0,0,0,0,0,0,0,1,1,0,1,0,0,0,0,1,0,0,0,0,0,3,1,2,0,2,2,1,0
4547,Cloud Engineer,8.11,76.3,88.6,60.0,84.1,75.7,78.4,74.6,2,3,1,1,1,1,1,2,0,0,0,0,0,0,0,0,0,0,0,0,0,0,2,0,0,0,1,0,0,0,1,0,1,3,2,3,1,2,1,3,0
4548,Cloud Engineer,7.35,83.7,78.5,79.8,51.7,71.5,83.2,71.5,2,1,1,1,1,0,2,2,0,0,0,0,2,0,1,0,0,0,0,1,0,2,0,1,0,0,0,0,0,0,0,1,0,1,3,2,1,2,3,2,0
4549,Cloud Engineer,6.68,72.6,67.6,80.3,63.8,69.3,90.9,76.1,4,2,1,1,1,1,0,0,0,1,0,2,1,1,3,2,0,0,0,0,0,0,0,0,0,0,0,0,0,0,0,0,0,2,0,0,1,3,0,2,0
4550,Cloud Engineer,7.26,83.8,81.8,60.4,84.9,100.0,60.8,81.3,3,3,3,1,1,1,0,0,0,0,0,0,0,0,0,0,0,0,1,0,0,0,0,0,0,0,0,0,0,0,0,0,1,2,2,1,2,3,3,0,0
4551,Cloud Engineer,8.71,86.1,64.4,75.0,78.2,30.6,71.7,63.9,3,3,0,0,1,1,0,2,0,0,0,0,0,0,0,1,2,0,0,0,0,0,0,0,2,0,2,0,1,0,0,0,0,3,0,2,1,2,1,3,1
4552,Cloud Engineer,7.77,87.3,85.1,58.6,71.7,68.5,71.1,67.5,3,2,1,1,0,1,0,0,1,0,2,0,2,0,0,0,0,0,1,1,0,0,0,0,0,0,0,1,1,0,1,0,0,2,3,2,3,2,0,1,0
4553,Cloud Engineer,8.38,80.7,72.1,65.4,93.3,56.9,70.3,71.5,2,2,0,0,0,1,0,0,0,1,0,0,0,2,0,0,0,1,0,0,0,0,0,2,0,2,0,0,0,0,0,0,2,3,3,2,2,3,3,3,0
4554,Cloud Engineer,9.75,82.3,88.0,64.6,57.9,69.2,76.0,66.9,2,3,3,0,1,1,0,0,0,0,0,0,0,0,0,0,0,0,0,0,0,0,0,0,0,0,0,0,0,0,0,0,0,0,0,1,3,2,0,0,0
4555,Cloud Engineer,8.13,81.9,81.5,57.3,74.6,72.1,71.6,68.9,2,2,1,1,1,0,1,0,2,0,0,0,0,0,0,2,2,0,0,1,1,0,0,0,0,0,0,0,0,0,0,0,1,1,3,1,2,3,3,3,0
4556,Cloud Engineer,7.76,91.5,83.6,72.0,60.8,83.8,50.6,66.8,2,1,3,1,1,1,0,0,0,0,0,0,0,0,0,0,1,0,0,0,0,0,0,0,0,0,0,0,0,0,1,1,1,2,2,3,3,0,2,3,0
4557,Cloud Engineer,7.05,81.8,74.0,81.7,77.4,67.4,79.6,76.5,2,3,2,1,1,1,0,0,0,0,0,0,0,0,0,0,0,0,0,1,0,0,0,0,0,0,0,0,1,0,0,0,0,3,3,1,3,1,2,3,0
4558,Cloud Engineer,8.18,89.4,89.1,67.6,77.8,82.7,46.0,68.5,1,1,1,1,1,1,1,0,0,0,0,0,2,0,0,0,0,0,0,0,0,1,0,0,0,0,1,0,0,0,1,1,0,2,2,3,2,0,3,3,0
4559,Cloud Engineer,8.59,83.7,93.8,57.7,94.7,64.5,60.0,69.2,2,2,3,1,1,1,0,0,0,0,0,0,0,0,0,0,2,0,0,0,0,2,0,0,0,0,0,0,0,0,0,0,0,3,3,0,2,2,0,3,0
4560,Cloud Engineer,6.99,66.9,77.7,77.9,56.5,67.8,83.1,71.3,2,3,1,1,1,1,0,0,0,0,0,0,0,0,0,0,1,0,0,1,0,0,0,1,0,0,0,0,0,0,0,2,0,2,2,2,3,2,3,0,0
4561,Cloud Engineer,8.11,83.6,90.7,60.6,73.8,63.3,63.8,65.4,2,3,0,0,1,1,0,0,0,0,0,0,1,0,0,0,0,0,0,0,1,0,0,0,0,0,0,3,0,0,0,0,0,3,3,2,1,2,2,3,1
4562,Cloud Engineer,6.8,76.6,85.2,79.4,82.1,62.8,65.2,72.4,2,3,3,1,1,1,0,0,0,1,0,0,0,1,0,0,1,0,0,0,0,1,0,0,0,2,0,0,0,0,0,0,0,2,0,3,0,1,0,3,0
4563,Cloud Engineer,8.63,77.1,75.1,87.7,80.3,59.0,67.2,73.5,2,2,2,1,1,1,0,0,0,0,1,0,0,0,0,0,2,0,0,1,1,0,0,0,0,0,0,0,0,0,0,0,0,3,3,3,0,2,2,1,2
4564,Cloud Engineer,7.41,94.6,85.9,68.3,60.4,80.1,75.3,71.0,4,2,0,0,1,1,0,0,0,0,0,0,2,0,0,0,0,0,0,0,0,0,0,0,0,0,0,0,1,0,0,0,0,2,0,1,0,3,0,0,0
4565,Cloud Engineer,9.14,82.1,74.6,77.0,70.3,60.9,87.8,74.0,3,3,1,1,1,0,0,0,0,0,0,0,0,0,0,2,0,0,0,0,0,1,2,0,0,0,0,0,0,0,0,0,1,2,2,3,3,2,3,3,0
4566,Cloud Engineer,6.79,86.6,81.4,71.1,87.9,75.4,68.4,75.7,2,3,1,0,1,1,0,0,0,0,0,0,1,0,0,0,0,0,0,1,0,0,0,0,0,0,0,0,0,0,0,0,0,2,2,0,1,2,0,2,0
4567,Cloud Engineer,6.36,84.1,89.6,56.8,83.6,50.7,81.5,68.1,2,1,0,0,1,0,0,2,1,1,0,0,0,0,0,0,0,0,0,0,0,1,0,0,0,0,2,0,0,0,2,0,0,2,0,0,3,0,0,2,0
4568,Cloud Engineer,7.58,83.8,83.2,82.8,69.8,77.2,76.8,76.7,3,2,2,1,1,1,0,0,0,0,0,0,0,0,0,0,0,0,0,0,1,1,1,0,2,0,0,0,1,0,0,0,1,3,3,3,3,3,2,2,0
4569,Cloud Engineer,7.06,87.4,93.3,69.4,75.8,79.6,66.0,72.7,2,2,2,0,1,1,1,0,0,0,0,0,0,0,0,0,0,0,0,2,0,0,1,0,0,0,0,2,0,2,0,0,0,3,2,1,2,2,3,2,2
4570,Cloud Engineer,8.53,80.0,78.8,59.0,64.6,50.7,68.9,60.8,1,2,0,0,1,0,0,0,1,1,1,2,0,0,0,0,0,0,0,0,0,0,0,0,1,0,0,2,0,0,0,1,0,2,2,3,2,3,3,2,0
4571,Cloud Engineer,7.69,82.3,86.8,66.4,85.5,62.1,85.0,74.8,1,2,1,0,0,1,0,0,0,0,0,0,0,0,0,0,0,1,0,0,0,0,0,0,0,0,0,1,1,2,1,0,1,2,2,2,2,3,2,2,1
4572,Cloud Engineer,8.31,94.2,74.8,82.6,93.1,66.8,54.7,74.3,4,2,2,1,1,1,0,0,0,0,0,0,0,0,0,0,0,1,0,0,0,1,1,0,0,0,0,0,0,0,0,0,0,3,1,2,2,2,2,3,2
4573,Cloud Engineer,6.96,68.2,92.1,100.0,66.3,59.0,66.1,74.8,0,2,1,1,1,1,0,0,0,0,0,0,0,0,0,0,0,0,0,0,0,0,0,1,0,0,0,0,0,0,0,0,0,3,1,2,0,3,2,2,0
4574,Cloud Engineer,7.61,87.5,82.8,76.3,58.8,81.0,74.1,72.5,3,3,1,1,1,1,0,1,0,0,0,0,0,2,0,0,0,0,1,0,0,0,0,0,0,0,0,0,1,0,0,0,1,2,2,3,2,3,2,1,0
4575,Cloud Engineer,8.24,81.3,79.5,50.3,73.7,66.4,76.7,66.8,2,2,1,1,1,0,0,1,0,0,0,0,1,0,0,1,0,2,0,0,0,0,0,0,0,0,1,0,0,0,0,2,0,0,0,2,3,0,0,2,0
4576,Cloud Engineer,8.71,85.9,81.5,84.5,70.3,55.1,74.0,71.0,1,3,0,0,1,1,0,0,1,0,0,0,1,0,0,2,0,0,0,0,0,0,0,0,0,0,0,0,0,0,2,0,0,2,0,3,2,2,3,0,0
4577,Cloud Engineer,7.32,73.9,76.3,64.9,87.2,59.8,78.4,72.6,1,3,1,0,0,1,0,0,1,0,0,0,0,0,0,0,0,0,0,0,0,3,0,0,0,1,0,0,0,0,0,0,0,3,3,0,3,3,2,3,0
4578,Cloud Engineer,9.73,90.4,75.5,62.3,57.0,70.4,63.7,63.3,3,3,2,0,1,1,0,0,0,1,0,0,0,0,0,0,0,0,2,0,0,0,0,0,0,2,0,1,0,2,0,0,0,2,2,2,2,2,3,3,0
4579,Cloud Engineer,8.68,78.6,83.5,88.6,82.8,78.9,78.0,82.1,2,2,1,1,1,0,0,0,0,0,3,0,0,0,0,0,0,0,2,0,0,1,0,0,0,0,0,2,0,0,0,1,0,0,3,3,1,3,2,3,1
4580,Cloud Engineer,7.2,79.6,92.7,63.4,89.1,94.8,69.8,79.3,3,1,1,1,1,1,0,0,0,0,0,1,0,0,0,0,0,0,0,0,0,0,0,0,0,0,0,0,2,0,0,0,0,2,3,0,1,0,3,2,0
4581,Cloud Engineer,6.83,83.3,74.5,75.2,68.2,58.1,52.8,63.6,0,3,1,1,1,1,2,2,0,0,0,1,0,0,2,0,0,0,0,0,0,0,2,0,1,0,0,0,1,0,0,1,0,2,1,2,3,3,1,2,0
4582,Cloud Engineer,7.84,75.7,83.1,71.4,51.8,67.8,59.0,62.5,1,2,2,1,1,1,0,0,0,0,1,0,0,0,0,0,0,0,0,0,0,1,0,0,0,0,0,0,1,0,0,0,0,0,0,1,3,2,3,3,0
4583,Cloud Engineer,7.04,75.4,78.5,81.1,66.6,57.5,74.0,69.8,2,3,3,0,1,0,0,0,0,0,0,0,0,0,0,2,0,0,0,0,0,0,0,2,2,0,3,1,0,0,0,0,0,3,1,3,2,3,2,2,0
4584,Cloud Engineer,8.7,86.3,76.2,78.4,60.9,58.6,77.7,68.9,2,2,2,1,0,1,0,0,0,0,0,0,1,0,1,0,1,0,0,0,1,2,2,0,0,0,2,0,0,3,0,0,1,3,0,3,0,2,3,2,1
4585,Cloud Engineer,8.83,84.7,78.2,51.4,74.3,77.1,58.1,65.2,2,2,0,0,1,1,0,0,0,0,1,0,0,1,2,0,0,1,0,0,0,0,0,0,0,0,2,0,0,0,0,0,1,3,2,0,3,2,1,3,0
4586,Cloud Engineer,7.82,72.4,80.8,76.2,88.2,63.9,75.8,76.0,2,3,2,0,1,1,0,0,0,0,0,0,0,0,0,0,0,0,0,0,1,0,0,0,0,0,0,0,0,0,0,0,0,3,3,2,2,3,2,3,0
4587,Cloud Engineer,6.98,80.9,83.7,84.8,93.3,67.8,92.2,84.5,2,3,0,0,0,1,0,0,0,0,0,0,2,2,0,0,0,0,0,0,0,0,0,0,0,0,0,1,0,0,0,0,0,2,0,2,2,2,3,3,0
4588,Cloud Engineer,7.58,83.5,90.8,50.9,83.1,70.9,86.6,72.9,2,2,1,1,1,1,1,0,0,0,2,0,0,1,0,0,0,0,2,0,0,0,0,0,0,0,0,0,0,0,0,0,0,3,0,3,2,3,0,2,0
4589,Cloud Engineer,7.59,86.1,83.7,68.1,76.0,80.4,73.0,74.4,2,2,2,0,1,0,0,0,1,0,1,0,0,0,0,1,0,1,0,1,1,1,1,0,0,0,0,0,0,0,0,0,0,3,2,1,2,2,0,2,0
4590,Cloud Engineer,8.11,84.1,89.9,41.1,46.7,38.5,69.0,48.8,4,1,0,0,1,0,0,0,0,0,0,0,0,0,0,1,0,1,0,0,0,0,0,0,1,0,0,0,0,0,0,0,0,3,3,3,3,2,3,2,0
4591,Cloud Engineer,8.01,76.5,74.3,71.2,91.9,57.6,88.2,77.2,4,1,1,1,1,1,0,0,2,0,0,0,0,0,2,0,0,0,1,2,0,0,1,1,0,0,0,0,0,1,0,1,0,2,2,2,3,2,3,2,0
4592,Cloud Engineer,6.85,80.5,80.6,52.7,99.5,59.5,85.3,74.2,2,3,2,0,0,1,0,0,0,0,0,0,0,0,0,0,0,0,0,0,0,0,0,0,0,0,0,1,0,0,0,1,0,3,2,3,2,2,1,2,2
4593,Cloud Engineer,7.63,98.0,86.5,53.4,71.7,56.4,89.9,67.8,2,3,2,0,1,0,0,0,0,0,0,0,0,0,2,1,1,0,0,0,0,2,0,0,0,2,1,0,2,0,1,0,0,3,3,3,3,2,3,3,0
4594,Cloud Engineer,7.76,93.4,90.2,65.1,73.5,62.1,60.2,65.2,2,2,0,0,0,1,1,0,1,0,0,0,1,0,0,0,0,0,0,0,2,0,0,0,0,0,0,0,0,0,1,0,2,3,3,3,2,3,0,3,0
4595,Cloud Engineer,7.01,79.5,84.9,67.4,78.3,50.4,76.8,68.2,3,2,0,0,1,1,1,2,0,0,0,0,0,0,0,0,0,0,0,0,0,0,0,0,0,1,1,0,0,0,0,1,0,2,3,3,3,2,3,0,1
4596,Cloud Engineer,7.05,88.7,79.0,86.1,55.0,41.7,81.6,66.1,1,3,1,1,1,0,0,0,0,0,1,0,0,0,0,0,0,0,0,0,0,0,0,0,0,0,0,0,0,0,2,0,0,1,3,0,1,3,2,2,0
4597,Cloud Engineer,8.68,78.6,96.8,72.1,81.5,79.6,91.0,81.0,2,2,1,1,0,1,0,0,0,0,0,0,1,0,1,0,2,1,0,0,0,1,0,0,0,0,0,0,0,0,0,0,0,3,3,3,2,0,0,3,0
4598,Cloud Engineer,7.03,80.0,81.0,77.8,100.0,71.0,85.9,83.8,2,3,1,1,1,1,1,0,0,0,0,0,1,0,0,0,0,0,1,0,0,1,0,0,0,0,0,0,0,1,0,0,0,2,2,3,3,1,2,3,0
4599,Cloud Engineer,9.19,75.2,81.2,100.0,77.6,77.5,74.0,82.5,3,1,1,1,1,1,0,0,0,0,0,0,1,0,1,0,0,1,1,0,1,0,0,0,0,0,0,0,0,0,0,0,0,3,1,3,1,2,2,2,2
4600,Cloud Engineer,7.79,93.3,72.1,76.9,66.4,66.9,74.6,71.2,1,2,0,0,0,0,0,0,0,2,0,0,0,0,0,0,1,0,0,0,0,0,1,0,0,0,0,0,0,0,2,0,0,3,2,3,3,3,3,2,0
4601,Cloud Engineer,8.73,82.5,73.5,51.0,88.7,72.0,67.2,69.7,2,3,2,1,1,1,0,1,0,0,2,0,0,0,0,1,0,1,0,0,0,0,0,0,0,1,0,1,0,0,0,2,0,1,3,1,3,0,0,1,0
4602,Cloud Engineer,7.57,79.6,74.2,61.5,74.2,52.8,63.8,63.1,3,3,2,1,1,1,1,0,0,0,0,2,0,0,0,0,1,0,0,0,0,0,0,0,0,0,0,0,0,0,0,0,1,3,3,1,2,0,3,2,0
4603,Cloud Engineer,6.37,84.0,86.1,53.1,92.8,74.0,74.3,73.5,0,2,1,1,1,1,0,1,0,0,2,0,0,1,0,0,0,0,1,0,0,0,0,0,0,0,0,0,0,1,0,0,0,2,2,3,3,2,1,3,0
4604,Cloud Engineer,7.88,84.7,76.8,76.9,67.6,72.7,70.4,71.9,2,2,1,1,1,1,0,0,0,0,0,0,0,0,0,0,0,0,0,0,0,2,0,0,0,0,0,0,0,0,0,0,0,2,0,3,3,1,0,1,0
4605,Cloud Engineer,7.88,85.0,83.6,93.3,78.2,60.8,99.0,82.8,2,2,2,1,0,1,0,0,0,0,1,0,0,0,0,0,0,0,1,1,0,0,0,0,0,0,0,0,0,0,1,0,0,3,3,2,2,2,3,3,0
4606,Cloud Engineer,6.46,100.0,96.1,74.6,82.8,54.3,72.2,71.0,2,3,1,1,1,1,0,0,0,0,0,0,0,0,1,1,0,0,2,0,0,0,0,0,0,0,0,0,2,0,0,1,0,1,2,1,2,0,0,0,0
4607,Cloud Engineer,6.65,82.8,91.0,82.6,94.7,79.3,61.5,79.5,4,2,0,0,1,1,0,0,0,0,0,2,0,0,0,0,0,0,0,0,0,0,0,0,0,0,0,0,0,0,0,1,0,2,2,0,3,3,1,1,0
4608,Cloud Engineer,7.7,75.9,83.2,80.3,94.0,73.8,86.9,83.8,4,2,0,0,1,1,1,0,0,0,0,0,0,0,0,0,0,0,0,0,0,1,0,0,0,0,0,0,0,0,0,0,0,2,3,1,2,1,3,1,0
4609,Cloud Engineer,8.46,91.4,87.5,88.6,96.3,57.0,57.2,74.8,1,3,1,1,0,1,0,0,0,0,0,0,0,0,1,0,0,0,2,0,0,0,0,0,0,0,0,0,0,0,0,1,0,3,2,0,3,3,3,3,0
4610,Cloud Engineer,8.54,75.8,71.4,65.0,91.1,73.6,67.3,74.2,1,2,1,1,1,1,0,0,0,0,0,0,0,0,0,0,2,0,0,0,2,0,1,0,0,0,0,0,1,0,0,0,0,3,3,0,2,1,2,2,0
4611,Cloud Engineer,7.72,94.1,83.4,75.0,88.1,58.8,82.2,76.0,3,2,0,0,1,1,0,0,0,0,0,0,0,0,0,0,0,0,0,0,1,0,0,0,0,0,0,0,0,0,0,0,2,2,2,0,2,2,0,3,0
4612,Cloud Engineer,7.3,97.9,78.7,43.8,67.8,70.3,75.2,64.3,2,2,2,1,1,1,0,0,0,0,1,0,0,0,1,0,0,0,1,0,1,0,0,0,0,0,0,0,0,0,1,0,0,1,3,2,1,2,3,3,2
4613,Cloud Engineer,7.99,79.7,87.2,62.1,58.0,61.6,67.7,62.3,2,2,1,1,1,1,0,0,1,0,0,0,0,0,0,0,0,0,0,0,0,0,0,0,0,0,0,0,0,0,0,0,0,3,2,1,2,3,2,1,0
4614,Cloud Engineer,7.74,92.9,83.5,78.3,75.2,77.4,48.7,69.9,3,2,0,0,1,1,0,0,0,0,0,0,0,0,0,0,0,0,0,0,0,0,0,0,0,0,1,0,0,0,0,0,0,3,0,0,0,2,3,2,0
4615,Cloud Engineer,7.69,80.2,79.4,69.6,79.1,81.3,69.4,74.8,1,2,1,1,1,1,0,0,0,2,0,0,0,0,0,1,0,0,0,1,0,0,2,0,0,0,0,0,0,1,0,0,0,3,2,2,3,3,3,2,0
4616,Cloud Engineer,7.44,86.0,76.1,83.5,79.6,65.1,79.0,76.8,4,3,2,0,0,1,2,0,0,0,0,0,0,0,1,0,0,0,0,0,0,0,0,0,0,0,0,0,0,0,0,1,0,3,3,0,3,2,1,3,0
4617,Cloud Engineer,5.85,79.0,80.8,55.5,82.9,77.8,71.4,71.9,2,2,1,1,1,1,0,0,0,0,0,0,0,0,0,2,0,0,0,0,0,0,0,0,0,0,0,0,0,0,0,0,0,3,3,2,2,2,1,2,0
4618,Cloud Engineer,8.65,80.4,79.3,72.3,81.3,56.2,95.8,76.4,2,2,0,0,1,0,0,0,0,1,0,0,0,0,2,0,0,0,0,0,1,0,0,1,0,0,0,0,0,2,0,2,0,0,1,1,0,3,3,3,0
4619,Cloud Engineer,7.31,75.7,75.8,60.5,86.6,79.0,66.2,73.1,1,1,1,0,1,1,2,0,2,0,0,0,0,0,0,3,0,0,0,0,0,0,0,0,0,0,1,0,0,0,1,1,0,2,1,2,2,1,0,1,0
4620,Cloud Engineer,8.36,83.3,97.8,82.6,65.9,70.1,85.6,76.0,3,2,0,0,0,1,0,0,0,1,0,0,0,0,0,0,1,0,0,0,0,1,0,0,0,0,0,0,0,0,0,1,0,1,3,3,2,3,3,0,0
4621,Cloud Engineer,6.86,91.6,67.8,80.4,83.7,53.3,92.2,77.4,1,2,0,0,1,1,0,0,0,0,0,0,0,0,0,0,0,1,0,0,0,0,0,0,0,2,1,0,0,2,0,0,0,3,1,0,3,2,2,2,0
4622,Cloud Engineer,7.14,82.1,85.8,73.2,66.7,63.3,82.7,71.5,1,2,1,1,1,0,0,0,0,0,0,0,0,0,0,2,0,1,0,0,0,1,0,0,0,0,0,0,0,2,0,1,0,3,2,3,2,3,3,0,2
4623,Cloud Engineer,8.28,74.0,68.5,79.4,86.9,81.7,64.7,78.2,2,2,1,1,0,1,0,0,0,0,0,0,0,0,0,0,0,0,0,0,0,0,0,0,0,0,0,0,0,0,0,2,0,3,2,3,0,1,2,3,0
4624,Cloud Engineer,7.24,79.8,89.8,76.7,74.4,73.8,85.9,77.7,4,2,2,1,0,1,0,0,0,0,0,0,0,0,0,0,0,0,0,1,0,0,0,0,0,0,1,0,1,1,0,0,0,2,0,3,3,0,2,3,0
4625,Cloud Engineer,8.74,89.4,87.7,54.7,77.1,76.8,78.1,71.7,1,3,0,0,1,1,0,0,1,0,0,0,0,0,0,0,0,0,0,0,0,0,0,1,0,0,0,1,0,0,0,0,0,1,3,0,2,2,3,3,0
4626,Cloud Engineer,8.61,90.4,81.0,92.5,65.4,54.5,87.1,74.9,2,3,1,1,1,1,0,0,0,0,0,0,0,0,0,0,0,0,0,0,0,2,0,0,0,0,0,1,2,0,0,0,0,2,3,1,1,3,3,3,0
4627,Cloud Engineer,7.47,96.7,73.5,77.4,86.4,58.3,92.0,78.5,3,1,2,1,1,0,0,1,0,0,0,0,0,0,0,0,0,1,0,2,0,1,1,0,3,0,1,0,0,0,0,0,0,3,1,2,2,2,3,3,0
4628,Cloud Engineer,7.24,89.5,79.8,60.6,87.2,80.5,74.7,75.8,3,2,2,1,1,1,1,0,0,0,1,0,0,0,0,0,0,1,0,0,0,0,0,0,0,0,0,0,0,0,0,0,1,0,1,3,2,3,3,1,0
4629,Cloud Engineer,7.94,95.6,77.9,74.2,71.2,71.1,80.0,74.1,3,3,3,0,1,0,0,0,0,0,1,0,0,0,2,1,2,0,0,0,0,0,0,0,1,0,0,0,0,0,0,0,0,2,1,2,2,3,2,0,0
4630,Cloud Engineer,7.19,83.4,86.8,67.2,92.0,67.1,76.8,75.8,3,2,2,1,1,1,0,0,0,0,0,1,0,1,0,1,0,0,0,0,0,0,0,0,0,0,0,0,0,0,0,0,0,2,2,2,2,3,3,2,1
4631,Cloud Engineer,6.98,84.9,68.7,70.9,86.2,50.0,78.2,71.3,2,2,0,0,1,1,0,0,0,0,0,0,0,0,1,0,0,0,0,0,0,0,0,0,0,0,0,0,0,0,0,0,0,2,2,3,2,2,3,3,0
4632,Cloud Engineer,6.6,84.6,67.0,79.1,70.8,57.6,67.1,68.6,2,2,1,0,1,1,0,0,0,0,2,0,0,0,0,0,0,0,1,0,0,1,0,0,0,0,1,0,0,0,2,0,0,2,3,3,3,1,0,1,0
4633,Cloud Engineer,8.28,85.4,86.3,68.7,82.3,74.0,68.7,73.4,2,2,1,0,1,1,0,0,0,0,0,0,0,0,0,0,0,2,0,0,0,0,0,0,0,0,1,0,2,0,0,0,0,2,0,3,3,0,0,3,0
4634,Cloud Engineer,6.73,70.9,72.1,74.2,76.5,68.7,68.8,72.0,4,2,0,0,0,1,0,0,1,0,0,0,0,1,0,0,0,0,0,0,0,0,1,0,0,0,0,1,0,1,0,0,1,2,0,3,3,1,3,2,0
4635,Cloud Engineer,7.58,100.0,72.6,84.6,68.3,87.1,58.0,74.5,3,2,0,0,1,1,0,0,0,0,0,0,0,0,0,0,0,0,0,0,0,0,0,0,0,0,1,0,0,0,2,0,1,2,3,3,1,0,1,2,0
4636,Cloud Engineer,7.83,89.1,68.2,82.5,67.5,100.0,97.8,87.5,1,2,2,0,0,1,0,0,0,0,0,0,0,0,0,0,0,0,2,0,0,0,0,0,0,0,0,0,0,0,0,0,0,0,0,2,2,2,0,1,0
4637,Cloud Engineer,7.64,81.4,80.5,58.1,68.0,60.9,88.0,68.8,1,2,1,1,1,1,0,0,0,0,0,0,0,0,0,0,0,1,0,0,0,0,0,0,0,0,1,1,0,0,0,0,1,1,1,0,3,3,2,3,0
4638,Cloud Engineer,8.42,96.5,86.4,79.5,73.3,80.8,57.2,72.7,2,1,0,0,1,1,0,0,1,0,0,0,0,0,0,0,0,0,0,0,0,0,1,0,0,0,0,0,1,0,1,0,0,1,3,3,3,3,3,3,0
4639,Cloud Engineer,7.9,80.5,79.5,62.0,71.2,44.9,59.9,59.5,2,3,3,1,1,1,2,0,0,0,0,0,0,0,0,0,0,0,0,0,0,0,0,0,3,0,0,0,0,0,0,0,2,3,1,1,0,0,3,2,0
4640,Cloud Engineer,8.51,77.0,83.8,62.1,58.8,60.3,85.6,66.7,3,2,1,0,0,1,2,0,0,0,0,0,1,0,0,0,0,1,0,0,0,0,0,0,0,0,1,0,0,0,2,0,0,1,3,2,3,3,2,3,0
4641,Cloud Engineer,7.33,73.8,75.8,79.5,62.9,69.1,65.6,69.3,2,2,1,1,1,1,0,0,0,0,0,0,0,0,0,0,0,0,0,0,0,0,0,0,0,0,0,0,1,0,0,0,1,2,3,3,2,3,0,0,2
4642,Cloud Engineer,7.17,81.6,75.2,74.4,80.7,77.3,53.3,71.4,1,2,2,1,1,0,0,0,0,0,0,0,0,0,0,0,2,0,0,0,0,0,0,0,0,0,0,0,0,0,2,0,1,3,3,0,3,3,3,3,1
4643,Cloud Engineer,7.96,100.0,78.6,63.7,82.6,77.9,75.0,74.8,2,1,2,1,1,0,0,1,0,0,0,0,0,0,0,1,0,0,0,0,0,0,0,0,0,0,0,0,0,1,0,0,0,3,3,1,2,2,1,2,0
4644,Cloud Engineer,8.18,85.1,76.5,74.8,58.9,74.0,76.8,71.1,2,2,1,1,1,1,0,0,1,0,0,0,2,2,0,2,0,0,0,0,0,0,0,1,0,1,0,0,0,0,0,0,0,3,1,3,0,2,2,2,0
4645,Cloud Engineer,8.8,83.8,86.0,75.1,82.3,77.0,71.2,76.4,1,2,2,1,1,0,0,0,0,0,0,0,0,0,0,0,0,0,0,0,0,0,0,0,1,0,0,0,0,0,0,0,1,3,3,3,2,3,3,3,1
4646,Cloud Engineer,8.51,84.9,78.0,72.5,81.3,72.9,75.6,75.6,2,1,1,1,0,0,0,2,1,0,0,0,0,0,0,0,0,0,1,0,0,0,0,0,1,0,1,0,0,0,0,0,0,3,3,1,2,2,1,3,0
4647,Cloud Engineer,8.1,91.2,72.4,72.9,100.0,49.8,67.3,73.3,1,2,1,1,1,1,0,0,0,0,0,0,0,0,0,1,0,0,0,0,0,0,0,0,0,0,0,0,0,0,0,0,0,3,0,0,2,2,2,0,0
4648,Cloud Engineer,7.18,72.3,84.5,73.5,84.1,66.6,89.4,78.4,1,3,0,0,1,1,0,0,0,0,0,2,0,0,0,0,0,0,2,0,0,0,0,0,0,0,0,2,0,1,0,0,0,3,3,1,0,2,3,3,0
4649,Cloud Engineer,7.72,86.5,79.8,75.5,78.3,55.4,65.5,68.7,3,3,1,1,1,1,2,0,1,0,0,1,0,0,0,2,0,0,0,0,0,0,0,0,0,2,0,0,2,0,1,2,0,3,3,1,2,0,0,1,1
4650,Cloud Engineer,7.76,78.8,90.8,54.0,77.5,67.6,80.2,69.8,3,3,1,1,0,1,0,0,0,0,0,0,0,0,1,0,2,0,0,1,0,0,0,0,3,0,0,0,0,0,2,0,0,1,1,1,2,2,2,3,0
4651,Cloud Engineer,8.73,77.7,82.5,67.9,62.2,72.8,72.0,68.7,2,2,2,1,1,1,0,0,1,0,0,0,0,0,0,0,1,0,0,0,0,0,0,0,0,0,2,3,0,0,0,0,0,3,2,3,2,3,2,2,1
4652,Cloud Engineer,7.37,82.4,81.1,75.4,73.7,100.0,72.2,80.4,2,1,1,1,1,1,0,0,0,0,0,0,0,0,0,0,0,0,2,0,0,0,0,0,0,0,1,0,0,1,1,0,0,3,3,3,0,3,0,1,0
4653,Cloud Engineer,8.05,83.0,75.2,81.9,70.0,51.3,85.2,72.1,2,2,1,1,0,0,0,0,0,1,0,1,0,0,0,0,0,1,0,0,0,0,1,2,0,0,0,0,0,0,0,0,0,2,3,3,3,3,3,1,0
4654,Cloud Engineer,8.05,85.6,96.1,88.7,57.8,64.1,62.9,68.4,2,3,3,0,1,1,0,0,0,0,0,0,0,0,1,0,0,2,0,0,0,0,0,0,0,0,1,0,0,1,0,0,0,0,3,3,2,3,2,3,0
4655,Cloud Engineer,7.41,78.6,81.4,83.7,77.8,61.2,75.4,74.5,3,3,2,1,0,1,0,0,0,0,0,0,0,0,0,0,0,0,0,1,0,0,0,0,0,0,0,0,0,0,2,0,0,0,3,0,3,2,2,2,2
4656,Cloud Engineer,7.72,90.0,79.0,78.1,65.1,68.1,55.0,66.6,2,2,2,1,1,1,0,0,0,0,0,0,0,0,0,2,0,0,0,1,0,0,0,0,0,2,0,0,0,0,0,0,0,3,3,3,0,0,2,0,0
4657,Cloud Engineer,7.13,74.4,95.0,72.0,71.1,85.3,66.4,73.7,2,1,1,1,1,1,0,0,0,0,0,2,0,0,0,0,0,0,0,0,0,0,0,1,0,0,0,0,0,0,0,2,0,3,0,3,3,2,0,0,0
4658,Cloud Engineer,6.21,75.2,86.2,62.2,59.2,53.5,64.8,59.9,0,2,2,0,1,1,1,0,0,0,0,1,0,0,2,0,0,0,0,0,0,0,0,0,0,0,0,1,0,0,1,0,0,3,3,0,1,2,2,0,1
4659,Cloud Engineer,7.51,84.8,67.7,59.9,69.6,60.5,62.8,63.2,4,3,1,1,1,1,0,0,0,0,0,1,1,0,0,0,0,0,0,0,1,0,0,0,2,0,1,0,2,0,0,0,0,3,0,0,3,2,2,2,0
4660,Cloud Engineer,8.51,91.6,79.6,60.5,80.9,75.5,77.9,73.7,3,2,0,0,1,1,2,0,0,0,0,0,1,0,0,2,0,0,0,0,1,0,0,0,1,0,0,0,0,0,0,0,0,3,1,2,3,3,2,3,0
4661,Cloud Engineer,7.13,81.4,79.4,56.7,85.5,72.5,89.2,76.0,1,2,2,1,1,1,0,1,0,0,0,1,0,0,0,0,0,0,0,0,0,0,0,0,2,0,0,0,0,1,0,0,0,3,3,2,3,0,0,3,0
4662,Cloud Engineer,7.68,91.3,93.3,63.1,95.8,54.0,69.0,70.5,2,2,1,0,1,1,0,0,0,0,0,0,0,0,0,0,0,0,0,1,2,0,0,0,0,0,0,0,0,0,1,0,0,2,3,1,3,0,3,1,0
4663,Cloud Engineer,8.2,81.9,98.1,82.1,67.6,62.9,63.4,69.0,3,2,0,0,1,1,0,0,0,0,1,0,0,1,0,0,0,0,0,0,1,0,0,0,0,0,0,0,0,1,0,0,0,0,1,1,0,2,2,2,0
4664,Cloud Engineer,7.67,96.8,87.6,92.1,44.6,85.5,80.7,75.7,4,3,1,1,1,1,0,1,0,0,0,0,0,0,2,0,0,0,0,0,0,0,0,0,0,0,0,0,0,0,1,0,0,3,0,2,2,2,1,3,0
4665,Cloud Engineer,8.08,82.8,72.4,82.2,76.7,54.2,94.4,76.9,2,3,0,0,0,1,0,0,0,0,1,0,0,0,0,0,0,0,0,0,0,0,0,0,0,0,0,0,0,0,0,0,0,3,0,2,2,2,3,3,0
4666,Cloud Engineer,7.48,95.2,74.5,56.4,73.7,66.2,85.1,70.3,2,3,3,1,1,1,0,0,0,0,1,0,0,0,0,1,0,0,0,2,1,0,0,0,0,0,0,1,0,0,0,0,0,1,3,2,0,3,2,1,0
4667,Cloud Engineer,9.37,85.0,79.3,65.5,93.5,75.9,81.7,79.2,2,2,2,1,0,1,0,0,0,0,0,0,0,0,1,0,0,0,0,0,0,0,0,0,1,2,0,0,0,0,0,0,0,3,3,2,3,2,0,2,0
4668,Cloud Engineer,8.31,87.3,74.3,51.4,65.7,71.0,62.9,62.8,1,3,1,1,0,0,0,0,0,0,1,0,0,0,0,2,0,0,0,0,0,1,0,0,0,2,0,0,0,1,0,0,0,1,3,3,3,1,1,0,1
4669,Cloud Engineer,7.35,93.1,57.9,78.9,67.5,52.7,78.5,69.4,2,3,2,1,1,1,1,0,1,0,0,0,0,0,0,1,0,0,0,0,0,0,0,0,0,0,0,0,0,0,1,0,2,2,3,2,2,0,3,0,0
4670,Cloud Engineer,7.08,77.6,60.3,80.9,86.0,58.1,84.3,77.3,3,2,1,1,1,1,0,0,0,0,0,0,0,0,0,0,0,0,1,0,0,0,0,0,0,0,0,0,0,0,0,0,0,3,0,3,2,3,3,3,2
4671,Cloud Engineer,9.02,84.1,88.5,86.3,95.1,53.7,72.0,76.8,3,1,1,1,1,1,0,0,0,2,0,0,1,0,0,0,0,0,0,0,0,0,0,0,0,0,0,0,0,1,0,1,0,0,2,1,2,1,2,3,0
4672,Cloud Engineer,8.06,86.9,83.6,80.7,52.8,46.7,69.2,62.3,3,2,0,0,1,1,0,0,0,0,0,0,2,0,2,0,0,0,0,2,0,0,0,1,0,0,0,0,0,0,0,0,0,2,1,0,2,3,3,3,0
4673,Cloud Engineer,8.62,85.7,83.2,84.2,55.4,77.5,98.6,78.9,1,1,1,1,0,1,1,0,1,1,2,0,0,1,0,0,0,0,0,0,0,0,2,0,0,1,0,0,0,0,0,0,0,3,2,2,3,3,2,2,2
4674,Cloud Engineer,7.88,84.2,74.9,45.7,65.7,63.3,81.7,64.1,3,3,1,1,1,0,0,0,0,0,0,0,0,2,0,1,0,1,1,0,0,0,2,0,2,0,0,0,1,0,2,0,1,3,3,2,3,2,3,1,0
4675,Cloud Engineer,7.64,88.2,82.6,86.6,74.8,72.8,55.4,72.4,2,3,2,0,1,1,0,0,0,1,0,0,0,0,1,0,1,1,0,0,0,1,0,0,0,0,0,0,0,0,2,1,0,2,2,3,2,3,3,2,0
4676,Cloud Engineer,7.11,88.1,77.3,74.5,61.2,39.0,91.2,66.5,4,2,0,0,0,1,0,1,1,1,2,0,0,1,0,0,0,1,0,0,0,0,2,0,1,0,0,0,0,0,0,0,1,2,2,3,3,2,3,2,0
4677,Cloud Engineer,8.72,85.3,83.3,60.9,78.6,49.4,74.1,65.8,0,2,1,1,0,1,0,0,1,0,0,0,0,0,0,0,0,0,0,1,0,0,0,0,0,0,0,0,0,0,2,0,1,3,1,2,2,3,2,3,0
4678,Cloud Engineer,8.88,90.8,60.9,74.4,61.3,42.1,85.3,65.8,2,2,3,0,1,1,0,2,0,0,1,0,1,0,0,0,1,0,0,0,0,1,0,0,0,0,0,0,0,0,0,0,0,2,2,3,2,0,3,2,0
4679,Cloud Engineer,7.94,81.3,100.0,83.7,97.9,83.9,90.3,89.0,1,1,1,1,1,0,0,0,0,0,0,0,0,0,0,0,0,0,0,0,1,0,0,0,0,0,0,0,1,0,0,0,0,1,3,3,2,1,3,0,0
4680,Cloud Engineer,8.33,89.3,75.4,66.9,100.0,58.0,68.9,74.1,2,3,3,1,1,1,0,1,0,3,0,1,0,0,0,0,0,0,0,0,0,0,0,0,0,0,0,0,2,0,0,0,0,2,2,1,3,3,2,3,0
4681,Cloud Engineer,8.73,79.4,66.7,60.8,99.3,59.1,85.8,76.2,3,2,1,0,1,1,1,0,1,0,0,0,2,0,0,0,0,0,0,0,0,1,0,0,2,0,0,0,0,0,0,0,0,3,2,2,3,2,3,1,0
4682,Cloud Engineer,8.06,84.1,78.6,62.0,75.6,72.9,78.0,72.1,2,2,2,1,1,1,0,0,0,0,0,0,0,0,0,0,0,0,0,0,0,0,0,0,0,0,1,0,0,1,0,0,0,3,2,3,3,2,3,3,0
4683,Cloud Engineer,8.38,83.1,74.4,75.6,73.1,66.2,65.9,70.2,2,2,3,1,1,1,1,0,0,0,0,0,0,0,1,0,0,0,1,0,0,2,0,0,0,0,0,0,0,0,0,0,1,3,1,2,3,1,2,3,0
4684,Cloud Engineer,6.77,75.4,74.8,82.3,79.2,54.7,66.7,70.7,3,3,0,0,0,1,0,0,0,0,0,0,0,0,0,0,0,0,0,0,0,0,0,0,0,0,0,0,0,0,0,1,0,3,3,0,3,1,3,2,0
4685,Cloud Engineer,7.03,89.8,80.0,68.6,61.4,64.6,80.3,68.7,1,2,3,0,1,0,0,0,2,0,0,0,0,0,0,0,2,0,0,0,0,0,0,0,0,0,1,0,0,0,1,0,0,3,3,2,1,3,3,0,0
4686,Cloud Engineer,6.59,78.1,67.7,86.5,100.0,69.2,69.9,81.4,1,3,3,1,1,0,0,0,1,1,0,0,0,0,0,0,0,0,0,1,0,0,0,1,0,0,0,0,0,0,0,0,0,3,3,3,3,3,3,3,0
4687,Cloud Engineer,7.92,81.3,100.0,66.0,69.0,59.3,81.1,68.8,0,3,1,1,1,1,0,0,0,2,0,0,0,0,0,0,0,0,0,0,1,0,2,0,0,0,0,0,0,0,0,0,0,3,0,3,3,3,2,3,0
4688,Cloud Engineer,7.96,79.6,77.2,81.0,68.0,69.2,88.9,76.8,2,3,2,1,0,1,1,3,0,0,1,0,0,0,0,0,0,0,0,0,2,1,0,0,1,0,2,0,0,2,1,1,0,3,2,3,1,3,0,2,0
4689,Cloud Engineer,7.29,84.9,64.3,65.7,67.9,63.4,83.6,70.2,3,2,2,1,1,1,0,0,0,2,0,0,0,0,0,0,0,2,0,1,3,0,0,0,2,0,0,0,0,0,0,1,0,3,1,3,3,2,1,2,0
4690,Cloud Engineer,7.63,84.8,98.3,61.0,76.6,70.2,73.9,70.4,1,3,1,0,0,1,0,1,0,1,1,0,0,0,0,0,0,0,0,0,0,0,0,0,0,0,0,0,0,0,0,0,0,1,3,3,2,0,0,3,2
4691,Cloud Engineer,7.69,90.1,66.9,68.0,89.3,62.8,90.8,77.7,3,2,1,1,1,0,0,0,0,2,0,0,0,0,0,0,0,0,0,0,0,0,0,1,0,2,0,0,0,0,0,1,0,1,0,3,3,3,3,2,1
4692,Cloud Engineer,8.73,89.5,87.3,54.3,91.6,84.5,58.4,72.2,1,1,3,0,1,1,0,0,0,1,0,1,0,0,2,0,0,0,0,0,2,0,0,0,0,0,0,0,0,2,0,1,0,3,1,1,3,3,3,0,0
4693,Cloud Engineer,7.18,81.3,68.5,59.0,71.0,72.5,67.0,67.4,3,1,1,1,1,1,0,0,0,1,0,0,0,0,0,0,1,0,1,0,0,0,0,0,0,0,2,0,1,1,0,0,0,2,0,1,3,0,2,3,0
4694,Cloud Engineer,7.46,81.2,72.5,68.7,50.0,65.7,87.4,68.0,1,1,1,0,0,0,1,0,0,0,0,0,2,0,0,0,1,0,0,0,0,0,0,0,0,0,0,0,0,0,0,0,1,2,2,2,2,0,2,3,0
4695,Cloud Engineer,6.98,71.5,87.7,51.0,55.2,64.2,91.2,65.4,3,3,2,1,1,1,0,0,0,0,0,1,0,1,0,1,2,0,0,1,1,0,0,0,0,0,1,0,0,0,0,0,0,3,1,2,3,2,2,3,0
4696,Cloud Engineer,7.52,86.9,76.0,52.9,61.2,65.9,75.6,63.9,2,2,3,1,1,0,0,0,1,0,1,0,0,0,2,1,0,2,0,0,0,0,0,0,0,0,0,0,0,0,1,0,0,2,1,3,3,3,2,2,0
4697,Cloud Engineer,7.88,81.7,80.5,47.0,82.5,38.7,89.0,64.3,2,2,1,1,1,0,0,1,0,0,0,0,0,0,0,0,1,0,0,0,0,0,0,0,0,0,0,0,2,0,0,0,0,2,1,3,3,2,3,0,0
4698,Cloud Engineer,7.46,82.3,83.2,78.2,82.8,74.9,58.5,73.6,1,2,2,0,0,1,0,1,0,0,0,0,0,0,0,0,0,0,0,0,0,0,0,0,0,0,1,0,0,0,0,0,0,3,0,2,0,3,2,0,0
4699,Cloud Engineer,7.47,74.5,84.2,67.0,88.7,94.2,66.5,79.1,3,3,1,0,1,1,0,0,0,2,0,1,0,0,1,0,0,0,0,0,0,0,0,0,1,0,0,0,0,2,0,0,0,2,0,3,2,2,0,2,2
4700,Cloud Engineer,6.55,82.2,91.9,51.0,73.2,79.8,64.1,67.0,3,3,2,1,1,1,0,0,0,0,0,0,0,0,0,1,0,2,0,1,0,0,2,0,0,0,0,0,0,0,0,0,1,3,2,3,3,3,2,0,0
4701,Cloud Engineer,7.28,78.1,69.5,73.1,74.7,63.2,75.1,71.5,2,2,1,1,0,1,0,0,0,0,0,0,0,0,0,0,0,0,1,2,0,0,0,0,0,0,0,0,1,0,0,0,0,3,3,1,3,1,2,2,1
4702,Cloud Engineer,8.37,88.1,77.5,72.1,63.2,77.5,87.2,75.0,2,2,1,0,1,1,0,0,0,0,0,0,2,0,0,0,0,0,0,0,0,0,2,0,0,0,0,0,1,0,0,0,0,3,3,3,2,3,2,1,0
4703,Cloud Engineer,7.16,77.8,70.8,68.6,73.8,58.4,61.2,65.5,3,3,0,0,0,1,0,0,0,0,0,0,0,0,0,0,2,0,1,0,0,0,0,0,0,1,0,0,0,0,1,0,0,1,2,3,2,2,3,2,0
4704,Cloud Engineer,7.7,94.1,88.9,69.9,87.3,83.3,79.5,80.0,2,1,0,0,1,1,0,0,0,0,0,0,0,0,0,0,0,0,0,0,0,0,0,0,1,0,0,0,0,0,2,0,0,1,3,2,0,1,3,1,1
4705,Cloud Engineer,8.37,73.9,80.6,70.7,82.3,61.7,89.0,75.9,2,1,0,0,1,1,0,0,0,0,0,0,0,0,0,0,0,0,0,0,0,0,0,0,2,2,0,0,0,0,0,1,0,3,0,1,2,3,0,2,0
4706,Cloud Engineer,8.14,86.6,85.9,66.5,63.2,62.3,74.4,66.6,3,3,1,1,1,1,1,0,0,0,2,0,0,0,0,0,2,0,0,0,0,0,0,0,0,0,0,0,0,0,0,0,0,2,3,2,0,1,1,1,0
4707,Cloud Engineer,7.04,89.6,83.4,59.2,73.7,75.5,71.6,70.0,1,2,1,1,1,0,1,0,0,0,0,0,0,0,0,1,0,0,0,0,0,0,0,0,0,0,0,0,0,0,0,0,0,0,0,0,1,3,2,2,0
4708,Cloud Engineer,6.77,85.5,80.3,85.6,87.7,53.2,73.0,74.9,3,2,1,1,1,1,2,0,0,0,1,0,0,0,0,0,0,0,2,0,0,0,0,0,0,0,0,0,0,0,1,0,1,3,2,3,2,3,3,3,0
4709,Cloud Engineer,7.84,76.5,79.2,66.7,64.2,68.5,86.6,71.5,2,2,1,0,1,1,0,0,1,0,0,0,1,0,3,0,0,0,0,0,0,0,1,0,0,0,0,0,0,0,1,0,0,3,2,3,2,0,2,3,0
4710,Cloud Engineer,8.15,81.6,69.7,61.3,92.1,71.8,70.9,74.0,1,1,2,1,0,1,0,0,0,0,0,0,0,0,0,0,0,2,0,0,0,0,0,0,0,0,0,2,0,0,1,1,0,1,0,3,0,2,0,3,0
4711,Cloud Engineer,6.75,82.8,81.6,60.6,62.9,73.2,88.8,71.4,2,3,3,0,0,1,0,0,0,0,0,1,0,0,0,0,0,0,0,2,0,0,2,0,2,0,0,0,1,0,0,0,0,2,2,1,2,3,0,2,2
4712,Cloud Engineer,8.11,81.9,82.9,73.3,74.3,66.7,72.6,71.7,1,3,2,1,1,1,0,0,0,0,0,0,2,0,0,0,0,0,2,0,0,0,0,0,0,0,0,0,0,0,0,0,2,3,3,2,2,3,3,1,0
4713,Cloud Engineer,8.99,88.3,76.7,85.6,65.4,58.2,84.4,73.4,2,3,1,0,0,0,0,0,0,0,0,0,0,0,0,0,0,0,0,0,0,0,0,0,0,0,0,0,0,0,0,0,1,3,2,0,3,3,3,2,0
4714,Cloud Engineer,7.02,74.3,100.0,85.7,80.3,60.5,81.4,77.0,4,3,2,1,1,1,1,0,0,0,0,0,0,1,0,0,0,0,0,0,0,0,0,0,0,0,0,0,0,0,0,0,0,3,2,0,0,2,2,0,0
4715,Cloud Engineer,8.06,79.4,86.7,73.5,79.2,72.2,90.2,78.8,2,2,3,1,0,1,1,0,2,1,0,0,1,0,0,0,0,0,0,0,1,0,0,0,0,0,0,0,2,0,0,0,0,2,0,2,1,0,2,2,0
4716,Cloud Engineer,7.78,90.4,90.6,57.1,59.2,69.9,78.0,66.1,4,3,0,0,0,1,2,0,0,0,0,0,0,0,0,0,0,0,0,0,0,2,0,0,0,1,1,0,0,2,1,0,0,2,0,3,3,3,2,2,0
4717,Cloud Engineer,7.23,90.5,74.3,77.7,73.8,83.4,53.9,72.2,3,2,3,0,1,1,0,0,0,2,0,0,0,1,0,0,0,0,0,0,0,0,0,0,0,0,2,0,0,1,0,0,0,3,3,0,2,2,0,2,0
4718,Cloud Engineer,7.64,75.5,92.1,76.6,66.3,77.5,97.8,79.5,3,2,1,0,1,0,0,0,0,0,2,0,0,0,1,0,0,1,0,0,0,0,0,0,0,1,0,0,0,0,0,0,0,2,2,2,2,3,3,2,0
4719,Cloud Engineer,8.38,86.3,67.4,63.9,51.5,62.8,80.1,64.6,2,2,2,1,0,0,1,0,2,0,0,0,0,0,0,0,0,1,0,0,0,0,0,0,0,0,0,1,0,1,0,0,0,3,0,2,2,2,0,0,0
4720,Cloud Engineer,6.77,75.9,78.3,71.1,61.2,57.8,69.6,64.9,2,3,0,0,1,1,0,0,0,0,0,0,0,0,0,0,0,0,3,0,0,0,0,1,0,3,1,0,0,0,0,0,0,3,1,2,2,1,2,3,0
4721,Cloud Engineer,7.22,82.4,73.3,82.3,55.6,90.1,66.6,73.7,2,3,2,1,1,1,0,1,0,0,0,1,0,0,0,1,0,1,0,0,0,0,0,0,0,0,0,0,0,2,0,0,0,1,3,0,2,3,3,2,0
4722,Cloud Engineer,8.51,73.5,79.9,72.6,79.1,71.9,73.0,74.2,2,3,2,1,1,1,0,0,0,0,0,1,0,0,0,0,0,0,0,0,0,0,0,0,0,0,1,0,0,0,0,0,0,1,2,0,3,2,2,3,0
4723,Cloud Engineer,7.85,80.1,81.8,73.0,77.8,66.8,88.7,76.6,0,2,2,1,1,1,0,0,0,0,0,0,0,0,0,0,1,0,0,0,0,0,0,1,1,0,0,0,0,0,2,0,0,3,2,3,3,1,0,2,0
4724,Cloud Engineer,8.23,74.3,76.1,87.7,65.8,74.5,65.3,73.3,0,1,1,0,1,1,0,2,1,0,0,0,0,0,0,1,1,0,1,0,0,0,0,0,0,0,0,0,0,0,0,0,0,3,2,2,3,3,0,3,0
4725,Cloud Engineer,8.65,86.9,74.5,90.7,47.5,74.2,78.2,72.6,1,2,0,0,1,1,0,0,0,0,0,0,0,1,1,0,0,0,0,0,1,0,1,1,0,1,0,0,0,0,0,1,0,2,2,3,2,3,0,2,0
4726,Cloud Engineer,6.99,84.5,91.4,64.3,57.1,39.3,70.9,57.9,3,2,1,1,0,0,0,0,1,0,0,0,0,3,0,0,0,0,0,0,0,0,0,0,0,0,0,0,0,0,0,0,1,3,3,1,2,1,2,1,0
4727,Cloud Engineer,7.01,72.1,87.7,59.8,57.9,66.6,72.7,64.2,2,2,1,1,1,1,0,0,0,2,0,1,1,0,0,1,0,0,0,0,0,0,0,1,0,0,0,0,0,0,0,0,0,3,3,2,2,3,2,3,0
4728,Cloud Engineer,7.29,81.8,86.7,58.3,87.1,80.4,75.3,75.3,3,2,2,0,1,1,0,1,0,2,0,0,0,0,0,0,0,0,0,2,0,0,0,0,0,0,0,0,0,0,0,0,0,2,3,1,2,2,3,1,0
4729,Cloud Engineer,8.15,79.5,82.0,68.9,67.0,71.7,84.4,73.0,2,3,3,1,1,0,0,2,0,0,0,0,0,2,0,0,0,0,0,0,0,0,0,0,1,0,2,0,0,1,0,0,0,1,2,0,2,2,0,3,0
4730,Cloud Engineer,8.74,79.1,80.1,66.9,77.0,43.9,77.3,66.3,2,1,1,1,1,1,0,0,0,0,1,0,0,0,0,1,0,1,1,1,0,0,0,0,0,0,0,0,0,0,0,1,0,1,2,2,3,2,3,3,1
4731,Cloud Engineer,8.71,71.5,74.8,83.0,77.7,68.0,98.7,81.8,3,1,1,1,1,1,0,0,0,0,0,0,0,2,0,0,0,0,0,0,0,0,0,0,0,0,0,1,0,0,0,0,0,0,3,1,2,2,1,2,0
4732,Cloud Engineer,7.53,85.1,91.9,69.0,87.0,84.3,76.5,79.2,3,3,0,0,1,0,0,0,0,0,0,0,0,0,0,0,1,0,0,0,1,0,0,0,0,2,0,1,0,0,0,0,0,2,2,2,2,1,3,2,1
4733,Cloud Engineer,7.59,87.3,86.9,70.7,77.1,67.6,68.5,71.0,3,2,1,0,1,1,0,1,0,1,1,0,0,0,0,1,0,0,0,0,0,0,0,0,0,0,0,1,0,0,0,0,2,1,1,1,3,2,3,0,0
4734,Cloud Engineer,7.96,92.5,96.6,53.4,81.7,76.5,64.0,68.9,1,1,1,0,0,1,0,0,1,0,0,0,0,2,0,0,1,0,0,0,2,0,0,0,0,0,0,0,1,0,0,0,0,3,2,0,3,2,2,2,0
4735,Cloud Engineer,7.59,85.7,82.7,73.7,73.8,80.4,69.9,74.5,3,2,3,0,1,1,1,0,0,0,0,0,0,0,0,0,1,1,0,0,0,0,0,0,0,0,0,0,0,0,0,0,0,3,3,0,2,2,2,1,0
4736,Cloud Engineer,7.44,74.1,76.5,82.0,63.4,64.6,81.2,72.8,2,3,1,0,1,1,0,0,1,0,0,0,0,0,0,0,0,0,0,0,0,0,0,0,0,0,0,0,0,0,0,0,0,3,2,2,1,3,3,1,0
4737,Cloud Engineer,7.36,82.1,96.6,86.5,74.0,55.9,58.4,68.7,2,2,0,0,0,1,0,0,0,0,0,0,0,0,0,0,0,0,0,0,0,0,1,0,0,0,0,0,0,2,0,0,1,1,2,3,2,2,3,2,0
4738,Cloud Engineer,6.61,77.4,76.5,68.7,84.5,57.4,81.0,72.9,2,3,0,0,0,1,0,0,0,0,2,0,0,0,0,0,0,1,0,0,0,0,0,0,0,0,0,0,0,0,0,0,0,3,1,2,0,1,2,2,0
4739,Cloud Engineer,7.67,82.4,72.4,65.4,83.5,70.3,64.6,70.9,1,1,0,0,1,1,0,0,2,1,0,0,0,0,0,0,0,0,0,2,0,0,0,0,1,0,0,0,1,0,0,0,0,2,3,3,2,3,3,1,0
4740,Cloud Engineer,7.98,83.1,82.9,92.7,89.8,46.2,87.4,79.0,2,3,2,1,0,1,0,0,0,0,0,0,1,0,0,0,0,0,0,0,0,0,0,0,0,0,0,1,0,0,0,0,0,1,2,3,3,3,3,1,0
4741,Cloud Engineer,7.26,71.1,84.5,71.0,74.4,56.8,54.0,64.0,1,2,0,0,1,1,0,0,0,0,0,0,0,2,0,0,0,0,0,0,0,0,0,0,0,0,0,0,2,0,0,0,0,0,0,2,0,1,0,1,0
4742,Cloud Engineer,7.17,78.6,76.6,77.1,84.8,83.5,69.2,78.6,2,2,1,1,1,1,0,0,0,0,0,0,0,0,0,0,0,0,2,0,0,1,0,0,0,0,0,0,2,0,0,0,1,2,0,3,3,3,2,3,0
4743,Cloud Engineer,8.44,80.7,69.2,75.6,71.8,81.3,77.5,76.5,2,2,2,1,1,1,0,0,0,0,0,0,0,0,0,0,0,0,0,0,0,0,0,1,2,1,2,0,0,0,0,0,0,0,1,3,3,0,1,1,0
4744,Cloud Engineer,7.63,82.3,84.0,67.7,88.2,48.8,60.8,66.4,2,2,1,1,0,1,0,0,0,0,0,0,1,0,1,0,0,0,1,0,2,0,0,0,0,0,1,0,0,0,0,1,0,3,3,3,3,2,2,0,0
4745,Cloud Engineer,7.12,88.7,82.2,95.3,59.4,62.9,76.7,73.6,2,2,3,0,1,1,0,0,3,0,0,1,0,3,0,0,1,0,0,0,0,0,0,0,0,1,2,0,0,0,0,0,0,1,2,0,2,3,0,2,0
4746,Cloud Engineer,7.9,83.4,75.8,71.0,58.2,71.5,86.0,71.7,3,3,3,1,0,1,0,0,0,0,0,1,0,0,0,0,0,0,0,0,0,1,1,0,0,1,0,0,2,0,2,0,0,2,0,3,1,2,3,2,0
4747,Cloud Engineer,8.07,72.5,93.4,68.8,82.2,70.5,66.9,72.1,1,1,3,1,1,0,0,1,1,0,0,0,0,0,2,0,0,0,2,0,0,0,0,1,0,0,0,0,0,0,0,0,0,2,2,3,0,2,0,2,0
4748,Cloud Engineer,8.82,96.3,79.9,68.3,87.0,66.2,60.2,70.4,2,2,2,1,1,0,0,0,0,0,0,0,0,0,0,0,0,0,0,0,0,0,0,0,0,0,1,2,0,0,0,0,0,1,3,2,1,3,1,3,0
4749,Cloud Engineer,7.93,83.5,78.5,78.1,84.3,63.3,69.1,73.7,2,3,1,1,1,1,0,0,0,1,0,0,0,0,0,0,1,0,0,0,0,0,0,0,1,0,0,0,0,1,0,1,0,3,3,2,3,2,2,2,0
4750,Cloud Engineer,8.12,81.0,85.2,72.4,52.8,77.4,76.9,69.9,3,2,1,1,0,1,0,0,0,0,0,0,0,0,3,1,0,0,0,0,0,0,3,0,0,0,0,0,1,0,0,0,0,2,0,2,1,3,1,3,2
4751,Cloud Engineer,6.55,89.9,84.7,53.7,79.4,48.0,89.1,67.6,1,3,2,1,0,0,0,0,1,0,0,0,0,0,0,0,1,0,0,1,0,0,0,0,0,0,0,0,0,0,0,1,0,3,0,0,3,2,3,0,0
4752,Cloud Engineer,6.9,83.7,74.3,64.8,82.5,77.3,77.7,75.6,3,3,1,1,0,1,0,1,0,0,0,0,0,0,0,0,1,0,0,0,0,0,0,1,0,0,0,1,0,0,2,0,0,3,3,2,3,2,2,3,0
4753,Cloud Engineer,8.94,82.5,79.4,57.9,73.3,41.9,79.4,63.1,3,2,1,0,1,1,0,0,1,0,0,0,0,0,0,0,0,0,0,0,0,0,0,0,0,0,0,0,0,0,0,0,2,2,2,3,1,2,3,3,0
4754,Cloud Engineer,8.59,81.5,92.1,56.5,79.1,68.4,79.4,70.8,2,2,1,0,1,1,0,0,0,0,0,1,2,0,0,0,0,0,0,0,0,0,0,0,0,0,0,0,0,2,0,0,0,1,3,2,1,0,2,2,0
4755,Cloud Engineer,7.78,86.2,68.6,63.3,98.4,34.7,80.4,69.2,3,2,3,0,1,0,0,0,0,0,0,0,0,0,0,0,0,0,0,2,0,0,0,0,0,0,0,1,0,0,0,0,0,2,3,1,3,3,0,0,0
4756,Cloud Engineer,6.92,84.1,100.0,64.3,84.5,69.7,80.2,74.7,2,3,1,1,0,1,2,0,0,0,0,2,0,0,0,0,0,3,1,0,0,0,1,0,0,0,1,1,0,0,0,0,0,1,1,1,3,2,1,3,1
4757,Cloud Engineer,7.08,79.1,80.1,83.2,64.5,60.7,66.0,68.6,3,3,2,1,1,0,0,0,0,0,0,0,0,0,0,0,0,0,0,1,1,1,0,0,0,0,0,0,0,0,0,0,0,2,3,3,3,0,1,3,0
4758,Cloud Engineer,8.16,86.8,70.6,67.2,49.0,55.9,64.2,59.1,2,2,1,1,1,1,0,0,2,0,0,0,0,0,0,1,0,0,0,0,1,0,0,0,0,0,0,0,0,1,0,0,0,2,3,0,1,2,2,2,0
4759,Cloud Engineer,8.17,78.0,78.8,71.9,87.2,68.3,80.6,77.0,1,3,2,1,1,1,2,2,0,0,0,0,0,1,0,0,0,0,0,1,0,0,1,0,0,0,2,0,0,0,0,0,1,3,3,2,2,2,1,2,0
4760,Cloud Engineer,7.91,72.7,79.4,74.5,83.9,46.9,84.6,72.5,1,3,3,1,1,1,0,0,0,0,0,1,0,2,0,0,0,0,1,1,0,0,0,0,0,0,0,0,0,0,0,0,1,2,3,2,1,2,3,2,0
4761,Cloud Engineer,7.32,77.2,80.3,72.7,72.7,67.6,82.5,73.9,3,2,1,1,1,1,0,0,0,0,0,0,2,0,0,0,0,0,0,0,0,0,0,0,0,0,0,0,0,0,1,0,0,3,1,3,2,2,1,2,2
4762,Cloud Engineer,7.82,81.6,82.7,80.3,72.2,40.8,66.8,65.0,2,2,0,0,1,1,0,0,0,0,0,0,0,0,0,0,1,0,1,0,0,0,1,0,0,0,0,0,0,0,0,0,0,1,1,0,0,2,0,3,0
4763,Cloud Engineer,7.87,91.6,86.9,68.6,84.1,68.2,69.4,72.6,2,1,1,1,1,1,0,2,0,0,0,1,0,0,0,1,0,2,0,0,0,0,0,0,0,0,0,0,2,1,0,0,0,3,0,1,2,3,3,3,0
4764,Cloud Engineer,8.33,91.2,69.4,82.9,56.0,59.9,61.6,65.1,2,3,2,0,0,1,0,2,1,2,0,0,0,0,0,0,0,0,1,0,0,1,0,0,2,0,0,0,0,2,0,0,0,3,3,3,1,2,1,0,0
4765,Cloud Engineer,8.18,81.8,97.4,68.7,60.5,72.8,54.9,64.2,3,2,1,1,1,1,0,0,0,0,1,0,0,0,0,0,0,0,0,0,0,0,1,0,0,2,3,0,0,0,0,0,0,2,2,0,2,3,3,3,1
4766,Cloud Engineer,8.64,81.4,87.5,54.2,60.9,70.0,81.2,66.6,3,2,2,1,1,1,1,0,0,0,0,0,0,1,1,1,0,0,0,0,0,0,0,2,1,0,0,0,0,0,1,1,1,2,2,1,3,3,1,3,0
4767,Cloud Engineer,7.59,91.2,70.2,77.4,68.2,65.7,64.2,68.9,3,2,1,1,1,1,1,0,0,0,0,0,0,0,0,0,3,0,0,0,0,0,0,0,0,0,0,0,0,0,0,0,0,3,3,0,3,3,2,0,0
4768,Cloud Engineer,8.51,76.1,69.9,71.1,77.3,65.1,69.6,70.8,3,2,1,1,1,1,1,0,0,1,0,1,2,2,0,0,0,0,0,0,0,0,1,0,0,0,0,1,0,0,0,0,0,3,2,0,1,2,2,2,0
4769,Cloud Engineer,7.21,90.3,86.3,44.8,55.4,73.0,85.8,64.8,0,2,3,1,0,1,0,0,0,1,0,0,0,0,0,0,1,0,0,1,0,0,0,1,0,0,0,0,0,0,0,0,2,2,0,3,2,2,3,3,0
4770,Cloud Engineer,8.58,93.7,69.2,74.9,71.1,66.1,52.6,66.2,3,2,1,1,1,1,0,0,0,0,0,0,2,0,0,0,0,0,0,1,0,0,0,0,0,0,0,2,0,0,0,0,0,2,2,0,2,3,3,3,0
4771,Cloud Engineer,6.76,88.6,90.4,63.0,65.3,62.0,89.8,70.0,3,2,1,1,1,1,0,0,0,0,0,0,1,0,0,1,0,0,0,1,0,0,0,0,0,0,0,0,0,0,0,0,1,2,2,3,2,3,2,3,0
4772,Cloud Engineer,8.33,75.5,72.6,69.6,80.9,59.3,93.9,75.9,1,3,0,0,1,0,0,0,0,1,0,0,0,0,0,2,0,2,0,0,2,0,0,0,0,0,0,0,0,0,0,0,0,2,0,2,0,0,3,2,0
4773,Cloud Engineer,7.75,80.4,73.3,74.4,80.7,64.8,74.7,73.7,1,2,1,0,0,1,2,0,0,0,0,0,1,0,0,0,0,0,0,0,2,0,0,0,0,0,0,0,0,0,0,2,0,2,2,2,2,3,2,3,0
4774,Cloud Engineer,7.71,89.9,68.3,59.0,81.2,78.0,81.7,75.0,3,2,1,1,0,1,0,0,0,0,0,0,0,0,0,0,2,0,0,0,0,0,0,0,0,0,0,1,0,0,0,0,0,2,1,0,2,3,3,3,0
4775,Cloud Engineer,8.13,73.2,89.8,82.9,71.6,59.3,76.0,72.5,2,1,1,0,1,0,0,0,0,0,0,1,0,0,0,0,0,1,0,0,0,0,0,0,0,1,0,2,0,0,0,0,0,3,1,3,2,3,2,0,0
4776,Cloud Engineer,7.83,78.9,63.9,84.9,69.9,86.3,84.9,81.5,2,2,0,0,1,1,0,0,0,0,0,0,0,0,0,0,0,3,0,0,0,0,1,0,0,2,0,0,0,0,0,0,0,3,1,1,2,1,1,2,0
4777,Cloud Engineer,6.49,85.3,88.6,65.4,63.8,53.8,90.4,68.3,2,2,2,1,0,1,1,0,0,0,0,0,0,0,0,1,0,1,0,0,0,0,0,1,0,0,0,0,0,0,0,0,0,1,3,3,1,2,3,2,0
4778,Cloud Engineer,7.07,77.2,91.3,74.5,73.4,64.5,77.4,72.5,3,2,0,0,1,1,2,0,0,0,0,2,0,0,0,0,0,0,1,0,0,1,0,0,2,1,2,0,0,1,0,0,0,1,3,2,3,2,0,3,0
4779,Cloud Engineer,8.28,86.0,97.9,78.1,83.1,76.0,68.0,76.3,2,3,0,0,0,1,0,0,0,0,0,0,0,0,0,1,0,0,0,0,0,0,0,0,0,0,0,0,0,0,0,0,1,3,2,1,2,3,3,2,1
4780,Cloud Engineer,7.12,87.3,76.6,60.3,82.6,80.5,100.0,81.7,3,2,0,0,0,1,0,0,0,0,0,0,0,0,0,0,1,0,0,0,0,0,2,0,0,0,0,0,0,0,0,0,0,3,3,2,1,3,0,2,0
4781,Cloud Engineer,7.33,78.8,80.6,71.3,55.9,67.9,79.4,68.6,3,2,2,1,1,1,0,0,0,0,0,0,0,0,0,0,0,0,0,1,0,0,0,0,0,0,0,2,0,0,0,1,0,0,0,2,2,3,2,3,0
4782,Cloud Engineer,8.95,84.4,85.6,85.4,63.2,88.4,63.5,75.1,1,2,2,1,1,1,0,0,0,1,0,0,0,0,0,2,0,0,0,0,0,0,0,0,0,0,0,0,1,1,0,0,2,2,3,0,3,0,2,2,0
4783,Cloud Engineer,8.97,86.0,80.5,75.8,75.0,60.0,74.7,71.4,3,2,2,1,0,1,0,2,0,0,0,0,0,0,1,0,0,0,0,0,0,0,2,0,0,0,0,0,0,0,0,0,2,3,0,3,2,1,1,0,0
4784,Cloud Engineer,7.54,72.1,75.1,80.1,56.1,73.7,75.9,71.4,2,3,1,0,1,1,0,0,0,0,0,1,1,0,0,0,0,0,0,0,0,0,2,2,0,0,0,0,0,0,0,0,0,0,1,1,2,2,3,1,0
4785,Cloud Engineer,8.96,87.6,67.4,79.7,78.5,54.6,81.6,73.6,4,3,1,1,1,1,0,0,0,1,0,0,1,0,0,0,1,0,0,0,0,0,0,0,0,0,0,0,1,0,0,0,0,2,3,3,3,0,2,0,0
4786,Cloud Engineer,7.7,78.4,64.9,83.1,69.4,70.3,86.0,77.2,2,2,1,1,1,1,0,1,1,1,0,0,0,0,0,0,0,0,0,0,1,0,0,0,0,0,0,0,0,0,0,0,0,1,3,2,0,0,3,3,0
4787,Cloud Engineer,7.05,91.1,87.5,58.7,96.4,73.0,96.6,81.2,2,2,3,1,0,1,0,0,0,0,0,0,0,2,0,0,0,0,0,0,0,0,0,1,0,0,2,0,0,0,0,0,1,3,2,1,2,0,3,3,0
4788,Cloud Engineer,7.23,63.1,72.4,77.3,88.0,79.9,67.6,78.2,2,2,1,1,0,1,1,0,0,0,0,0,2,0,0,0,0,0,0,2,0,0,0,0,0,0,0,0,0,0,0,0,0,2,2,1,1,2,3,0,1
4789,Cloud Engineer,7.38,80.2,58.2,83.1,68.7,70.7,70.6,73.3,1,3,1,1,1,1,0,0,0,0,0,0,0,0,0,2,0,0,0,0,2,0,0,0,0,0,0,0,0,0,0,1,0,0,2,3,2,2,2,3,0
4790,Cloud Engineer,7.1,80.3,84.7,56.1,75.3,92.8,80.6,76.2,4,3,0,0,1,1,0,1,0,1,0,0,1,1,0,0,0,0,0,1,0,0,0,0,0,1,0,0,0,0,0,0,0,1,2,2,3,1,2,2,0
4791,Cloud Engineer,7.54,85.1,88.9,63.8,67.1,75.7,83.7,72.6,4,2,0,0,0,1,0,0,0,0,0,0,2,0,0,2,0,0,2,0,0,0,0,0,0,2,0,0,0,0,1,1,0,3,3,2,2,3,3,2,0
4792,Cloud Engineer,9.1,81.1,88.8,70.4,85.8,58.2,60.2,68.6,2,2,1,0,0,1,0,0,0,0,0,0,0,0,1,0,0,0,1,0,0,0,2,0,0,2,0,0,0,0,1,2,0,3,3,2,1,0,1,2,1
4793,Cloud Engineer,7.53,76.8,77.9,67.2,94.7,67.3,71.7,75.2,1,1,2,1,0,1,0,0,2,0,1,0,0,0,0,1,0,0,0,0,0,0,0,2,0,0,0,0,0,0,0,0,0,3,0,0,1,3,2,3,0
4794,Cloud Engineer,7.93,82.1,78.8,55.2,83.9,78.8,68.2,71.5,2,2,1,1,1,1,0,0,2,1,1,0,0,0,0,0,0,0,0,0,0,0,0,0,0,0,0,0,0,0,0,0,0,1,3,1,1,2,2,3,0
4795,Cloud Engineer,8.29,71.6,75.0,53.4,100.0,53.4,92.3,74.8,2,1,0,0,0,1,1,0,0,2,0,0,1,0,0,0,0,0,0,0,0,0,0,0,0,0,0,0,2,0,0,1,2,3,3,3,1,0,2,3,0
4796,Cloud Engineer,8.07,83.6,77.4,74.5,67.9,71.4,65.0,69.7,1,2,2,1,1,1,0,0,0,0,0,0,0,0,0,0,0,0,0,0,0,0,2,1,0,0,0,0,0,0,0,0,2,2,2,3,3,2,3,3,0
4797,Cloud Engineer,7.77,86.9,83.0,80.6,93.2,55.3,77.4,76.6,2,2,1,1,0,1,1,0,0,0,0,1,0,1,0,0,0,1,0,1,1,0,0,0,0,0,0,0,0,0,0,1,0,2,3,2,2,2,2,2,0
4798,Cloud Engineer,8.02,80.0,74.5,52.3,65.0,55.0,77.7,62.5,2,2,1,1,1,0,0,1,0,0,0,0,1,0,0,0,0,0,0,1,0,0,0,0,0,0,0,0,0,1,0,1,0,3,2,3,0,2,3,2,0
4799,Cloud Engineer,8.46,90.7,78.7,58.6,78.9,63.1,67.2,67.0,2,3,2,1,0,0,0,1,0,0,0,0,0,1,0,0,0,0,0,0,0,0,0,0,0,0,0,0,0,0,0,0,0,3,3,1,1,3,0,1,0
4800,Cloud Engineer,6.88,79.2,83.8,58.7,80.5,71.1,89.4,74.9,2,1,1,1,0,1,0,0,1,0,0,2,0,0,0,0,0,0,0,0,0,0,0,0,0,0,0,0,0,0,2,0,0,3,3,2,2,1,2,1,0
4801,Cloud Engineer,7.31,80.9,81.7,59.6,82.4,70.6,91.4,76.0,4,2,1,1,0,1,0,0,0,0,0,0,0,0,0,0,1,0,0,0,0,0,1,0,0,0,0,0,0,0,0,0,0,2,3,2,0,3,1,3,1
4802,Cloud Engineer,8.62,82.7,75.9,74.4,77.6,70.4,100.0,80.6,2,2,1,0,1,1,0,0,0,0,0,0,0,0,0,0,0,0,0,2,0,1,0,0,0,0,1,0,2,1,0,0,0,3,3,0,3,2,0,3,0
4803,Cloud Engineer,9.0,96.0,95.4,83.4,94.0,56.4,66.7,75.1,2,2,1,0,1,1,1,0,0,0,0,0,0,0,0,0,0,0,0,0,0,0,1,0,0,0,0,2,0,0,0,0,0,3,1,2,3,0,1,3,0
4804,Cloud Engineer,8.09,86.3,82.0,94.1,68.3,54.8,72.6,72.4,3,1,3,0,0,0,0,0,0,0,0,0,0,0,0,0,0,0,0,0,0,0,0,0,0,0,0,0,0,0,1,0,0,2,3,2,3,2,2,3,0
4805,Cloud Engineer,7.35,88.1,89.6,82.0,65.8,82.2,64.7,73.7,2,1,2,0,0,1,0,0,0,0,0,0,0,0,0,0,0,1,0,0,0,0,0,0,0,0,0,0,0,0,0,0,0,2,1,0,2,2,3,2,1
4806,Cloud Engineer,8.16,88.2,89.9,94.0,73.6,59.2,73.4,75.1,1,2,0,0,0,1,0,0,1,1,0,0,0,2,0,0,0,1,0,0,0,2,0,0,0,0,0,0,2,0,0,0,0,3,1,3,1,3,3,0,0
4807,Cloud Engineer,7.25,88.9,76.3,65.0,81.2,65.9,86.8,74.7,2,3,1,1,1,1,0,0,0,0,0,2,0,3,0,0,0,1,2,0,0,0,0,0,0,0,0,0,0,0,0,0,0,2,2,0,3,2,0,0,0
4808,Cloud Engineer,8.29,74.8,81.4,89.3,80.9,38.5,71.4,70.0,2,2,3,1,1,1,0,0,2,0,0,0,1,0,0,0,0,0,0,0,0,0,0,0,0,0,0,0,3,0,0,0,0,0,2,3,3,3,3,1,0
4809,Cloud Engineer,8.25,94.8,70.2,59.2,77.9,47.8,78.7,65.9,4,1,2,0,1,1,0,0,0,0,0,0,0,0,0,0,0,2,0,0,0,0,0,0,0,0,0,0,0,0,0,0,0,1,0,2,2,2,2,2,0
4810,Cloud Engineer,7.07,90.1,83.4,74.4,72.4,66.4,78.6,73.0,3,1,2,1,1,1,0,0,0,0,0,0,0,0,0,0,0,1,0,0,0,0,0,0,0,0,0,0,0,0,0,0,2,2,2,2,0,3,3,1,0
4811,Cloud Engineer,7.92,70.9,85.9,79.0,40.2,81.5,76.5,69.3,2,2,1,1,0,1,0,0,0,0,0,0,0,0,0,0,1,0,0,2,0,0,0,0,0,0,0,0,0,0,0,0,0,2,2,1,2,2,0,3,2
4812,Cloud Engineer,7.07,90.2,83.7,73.1,62.9,53.0,90.9,70.0,4,2,1,0,1,0,0,0,1,1,0,0,0,0,0,0,0,1,0,0,0,0,0,0,0,0,0,0,0,0,0,0,0,1,1,1,3,2,2,3,0
4813,Cloud Engineer,6.7,87.0,71.4,70.2,69.1,56.3,74.7,67.6,3,2,3,0,1,0,0,0,0,0,1,0,0,1,1,0,0,0,0,0,0,0,0,0,0,0,1,0,0,0,1,2,0,3,3,0,3,3,3,3,1
4814,Cloud Engineer,8.23,92.5,87.7,74.3,67.8,58.4,69.4,67.5,1,2,0,0,1,1,0,0,0,0,0,1,0,0,0,0,0,0,0,0,0,2,0,0,0,0,0,2,0,0,0,0,0,3,2,0,3,1,3,3,1
4815,Cloud Engineer,7.7,80.2,65.2,71.9,38.2,61.1,72.2,60.9,1,2,2,1,1,1,0,0,0,0,0,0,0,0,0,0,0,0,0,0,0,0,0,0,0,0,1,0,0,1,1,0,0,3,2,3,3,2,3,1,0
4816,Cloud Engineer,7.01,71.9,83.4,92.9,66.2,48.8,70.4,69.6,2,1,2,1,1,1,0,0,0,0,0,0,0,1,2,0,2,0,0,0,1,0,0,0,0,0,0,0,0,0,0,0,2,2,1,2,1,2,2,0,0
4817,Cloud Engineer,8.11,80.2,81.3,65.4,73.9,54.5,68.8,65.7,1,2,1,1,1,1,0,0,0,0,0,0,0,0,0,0,0,0,0,0,0,0,0,1,0,0,0,0,0,0,1,0,0,3,2,3,1,2,3,2,0
4818,Cloud Engineer,7.99,84.5,83.6,78.3,72.5,73.8,76.6,75.3,4,2,3,1,1,1,0,0,0,0,0,0,0,0,0,0,1,0,0,1,0,0,0,0,1,1,0,0,0,0,0,0,0,3,2,3,3,2,2,2,0
4819,Cloud Engineer,8.44,72.3,85.2,68.2,74.6,54.6,62.4,65.0,1,1,1,1,1,0,0,0,0,0,1,1,0,1,0,0,0,0,1,2,0,1,0,2,0,0,0,1,0,0,0,2,0,2,3,3,2,3,3,3,0
4820,Cloud Engineer,7.42,74.1,72.3,76.4,78.2,53.4,76.8,71.2,2,1,3,0,1,1,0,0,0,0,0,0,1,0,0,0,0,0,0,0,1,0,0,0,0,0,0,0,0,0,0,0,0,2,0,2,3,0,0,2,0
4821,Cloud Engineer,6.73,83.1,79.8,67.6,73.8,70.4,61.9,68.4,3,3,1,0,1,0,0,1,0,0,0,0,0,0,0,0,0,2,0,0,0,0,0,0,0,0,0,0,0,0,0,0,0,1,3,0,1,2,3,2,0
4822,Cloud Engineer,7.63,86.0,79.1,52.5,62.8,54.6,59.4,57.3,1,3,1,1,1,1,0,0,0,0,0,2,0,2,0,1,1,0,0,2,0,0,0,0,0,0,1,0,0,0,0,0,0,0,3,3,2,3,2,2,0
4823,Cloud Engineer,6.79,83.9,79.3,90.9,84.5,92.4,72.6,85.1,1,3,1,1,1,1,0,0,0,0,2,0,0,0,0,0,0,0,0,2,0,0,0,0,0,0,0,0,0,0,0,0,0,0,3,1,0,0,3,3,0
4824,Cloud Engineer,7.77,82.4,79.4,65.4,82.0,86.2,91.5,81.3,3,3,1,1,1,1,0,0,0,1,0,0,1,0,0,0,0,0,0,0,0,0,0,0,0,0,0,0,1,0,0,0,0,3,2,3,2,2,1,2,0
4825,Cloud Engineer,6.87,83.9,66.2,88.9,53.9,48.7,67.1,64.7,3,1,1,1,1,1,0,0,0,0,0,0,0,1,0,0,0,0,1,0,1,0,0,0,0,0,0,0,0,0,0,0,0,3,2,3,3,2,2,3,0
4826,Cloud Engineer,8.05,96.4,88.7,59.9,67.5,73.4,88.4,72.3,3,1,0,0,0,1,0,2,0,0,0,0,1,3,2,1,0,1,1,0,0,0,0,0,0,0,1,0,0,0,0,0,0,2,1,3,0,1,3,2,0
4827,Cloud Engineer,8.67,85.4,86.4,87.8,61.7,70.3,59.4,69.8,4,1,1,0,0,1,1,0,0,0,0,0,0,0,0,0,2,0,0,0,0,0,0,0,0,0,0,0,0,0,1,0,1,2,1,0,3,0,3,0,0
4828,Cloud Engineer,7.42,96.6,87.5,57.8,81.0,61.8,85.8,71.6,2,3,3,1,1,1,0,0,0,0,0,0,0,0,2,0,2,0,0,0,0,0,0,0,0,0,0,0,0,0,0,0,0,2,2,0,2,2,1,2,0
4829,Cloud Engineer,6.6,81.0,75.3,57.2,83.8,69.1,73.4,70.9,4,1,0,0,1,1,0,0,0,1,0,0,0,2,0,0,0,1,0,0,0,2,0,0,0,0,0,0,0,0,0,0,0,1,2,2,3,2,2,2,0
4830,Cloud Engineer,8.79,71.1,80.7,61.5,62.5,65.0,64.6,63.4,1,1,1,1,1,1,0,0,0,0,0,1,0,0,0,0,0,0,0,0,0,0,1,0,0,1,0,1,2,0,0,1,0,2,0,2,0,3,3,2,0
4831,Cloud Engineer,9.63,88.9,77.1,67.3,69.2,65.5,77.9,70.0,2,2,1,0,1,1,0,0,0,0,0,0,0,0,1,0,0,0,0,0,1,2,0,0,0,0,0,1,0,0,0,0,0,1,3,3,3,3,1,3,0
4832,Cloud Engineer,7.21,87.2,75.6,57.9,95.7,61.5,76.1,72.8,2,1,3,0,1,1,0,0,0,0,0,0,0,0,0,0,1,0,0,0,0,0,0,0,0,0,0,0,0,0,0,0,0,3,2,3,1,2,2,3,0
4833,Cloud Engineer,8.37,79.1,78.7,62.1,76.0,77.3,82.6,74.5,2,2,1,1,0,1,2,0,0,0,0,0,0,0,0,0,0,0,0,1,0,0,0,0,0,0,0,0,0,0,0,0,0,3,2,2,0,1,1,2,0
4834,Cloud Engineer,6.83,91.1,73.6,83.4,75.2,59.9,80.3,74.7,1,3,3,1,0,1,0,0,1,0,0,0,0,0,0,0,2,2,0,0,0,0,0,0,0,0,0,0,0,3,0,0,0,0,0,1,3,2,0,3,1
4835,Cloud Engineer,8.13,91.2,86.6,71.5,70.8,79.8,67.6,72.4,2,2,1,0,1,0,0,0,0,0,0,1,1,0,1,0,0,1,0,0,0,0,0,0,0,0,0,0,0,1,0,0,0,1,3,0,1,3,0,3,0
4836,Cloud Engineer,6.74,90.3,83.4,69.0,100.0,82.8,56.7,81.3,1,3,2,1,1,1,0,0,0,0,0,0,0,0,1,0,0,2,0,0,0,0,0,0,0,0,0,1,0,0,0,0,0,3,0,2,3,3,2,2,0
4837,Cloud Engineer,7.79,87.5,68.2,55.8,76.4,79.5,76.0,71.9,4,2,1,1,1,1,0,0,0,0,0,0,0,1,0,0,0,2,0,0,0,0,1,0,0,0,0,0,2,0,0,0,0,2,3,1,3,2,3,3,0
4838,Cloud Engineer,7.1,84.8,79.5,100.0,82.1,95.3,65.9,86.3,3,2,3,1,1,1,0,0,1,0,0,0,1,0,1,0,0,1,0,0,0,0,0,0,0,1,0,0,1,0,0,0,0,3,2,2,3,3,0,2,0
4839,Cloud Engineer,6.98,81.4,74.8,82.2,70.7,80.3,66.5,74.9,4,1,2,1,1,1,0,2,0,0,0,0,0,0,0,0,0,0,0,1,1,0,0,1,0,0,0,0,0,0,0,0,0,3,3,3,0,3,3,0,0
4840,Cloud Engineer,9.02,87.0,87.3,74.1,74.3,63.4,76.2,72.0,3,2,2,1,1,1,2,1,0,0,1,3,0,0,0,0,0,0,0,0,0,1,0,1,0,0,0,0,0,0,0,0,0,3,2,2,2,3,2,3,2
4841,Cloud Engineer,6.09,81.0,65.6,61.3,71.7,57.2,59.8,62.5,4,1,2,1,1,1,0,0,0,0,0,0,2,0,0,0,2,0,1,0,0,0,2,0,0,0,0,0,2,0,0,0,0,1,1,3,1,3,3,1,0
4842,Cloud Engineer,9.15,94.7,84.4,100.0,66.7,56.2,76.2,75.2,1,2,1,1,0,1,2,0,0,0,0,0,0,0,0,0,0,0,0,0,0,2,0,0,0,0,0,0,0,0,0,1,0,2,1,1,1,1,0,0,0
4843,Cloud Engineer,7.7,77.6,86.7,87.4,82.9,65.5,67.0,75.7,1,2,2,0,0,1,2,0,0,0,0,0,0,0,0,0,0,0,0,2,1,0,0,0,0,0,0,0,0,0,0,0,0,3,2,1,3,0,3,2,0
4844,Cloud Engineer,7.76,93.7,87.7,65.3,94.5,77.9,54.1,73.0,1,2,1,1,1,1,0,0,0,0,0,0,0,0,0,2,1,0,0,0,0,0,1,0,0,0,0,0,0,0,0,0,0,2,0,2,0,3,3,0,0
4845,Cloud Engineer,7.95,91.8,90.8,65.1,75.6,88.3,76.6,76.4,1,2,3,0,1,1,0,0,0,1,0,0,0,0,0,0,0,0,0,2,0,0,2,0,0,0,0,0,0,0,0,0,0,3,2,1,0,0,3,3,0
4846,Cloud Engineer,6.7,86.0,80.3,57.1,56.9,55.2,73.0,60.5,4,2,1,1,1,1,0,0,0,0,0,0,0,0,0,0,1,0,0,0,0,0,0,0,0,1,1,0,0,0,0,0,1,3,0,2,0,1,1,2,1
4847,Cloud Engineer,8.01,84.2,81.2,65.0,82.8,72.5,76.8,74.3,1,3,2,1,0,1,0,0,1,0,0,0,0,0,0,0,0,0,0,0,0,0,0,0,0,0,1,0,0,0,0,2,0,3,0,3,1,3,3,3,0
4848,Cloud Engineer,7.61,86.8,80.9,73.4,73.6,66.2,76.4,72.4,4,2,2,1,1,1,0,1,0,1,0,0,0,0,1,1,0,2,0,0,0,0,0,0,0,0,0,0,0,2,0,0,0,3,2,2,3,3,3,3,0
4849,Cloud Engineer,7.24,87.3,78.8,73.9,68.0,79.1,87.2,77.0,3,2,2,0,1,1,0,2,0,0,0,0,2,0,0,0,0,0,0,0,1,0,0,0,0,0,0,2,1,1,0,0,0,2,2,3,0,0,3,3,0
4850,Cloud Engineer,6.96,91.1,74.4,86.5,73.9,60.7,95.5,79.2,1,3,1,1,1,0,0,0,0,0,0,0,0,0,0,0,0,0,0,0,0,0,2,0,0,1,0,0,0,1,0,0,0,2,0,2,3,2,1,3,0
4851,Cloud Engineer,8.45,76.8,72.5,70.7,57.6,81.7,82.7,73.2,3,2,1,1,1,1,0,0,0,0,0,0,0,0,0,0,2,0,0,0,0,0,0,0,0,0,0,0,0,0,0,1,1,2,3,2,3,2,3,2,0
4852,Cloud Engineer,7.58,95.8,94.4,58.1,70.4,60.9,84.5,68.5,3,1,0,0,1,1,0,0,0,1,0,0,1,2,0,0,0,0,0,0,0,0,0,1,0,0,0,0,0,0,0,0,0,3,1,2,1,0,3,0,0
4853,Cloud Engineer,7.21,78.9,74.1,88.7,81.2,87.4,58.8,79.0,3,2,1,0,0,1,0,0,2,0,0,1,0,0,0,0,1,0,0,0,0,0,0,0,0,0,0,0,0,0,0,0,0,2,0,3,2,2,3,3,0
4854,Cloud Engineer,7.65,77.1,94.8,66.8,86.2,82.1,78.3,78.3,3,2,2,0,1,1,0,0,0,0,1,2,0,0,0,0,0,0,1,0,0,0,0,0,0,0,1,0,0,0,0,0,0,3,2,2,3,3,3,0,0
4855,Cloud Engineer,7.14,86.0,90.0,67.3,66.8,65.8,81.7,70.4,3,2,3,1,0,1,0,0,0,0,2,1,0,0,1,0,0,0,2,1,0,2,0,0,0,0,0,0,0,0,0,0,0,3,0,0,1,2,1,2,0
4856,Cloud Engineer,7.32,84.7,80.6,53.0,70.1,100.0,83.3,77.4,1,3,2,1,1,1,0,0,0,0,0,0,0,0,0,0,0,0,0,0,0,0,0,1,0,0,0,0,0,0,0,0,0,1,0,3,2,2,0,0,0
4857,Cloud Engineer,7.85,89.9,88.2,51.0,54.4,56.9,80.3,60.7,2,2,0,0,0,1,1,0,0,0,2,0,0,0,0,0,0,1,0,1,0,0,0,0,0,0,1,3,0,0,0,0,0,3,3,3,1,2,0,2,0
4858,Cloud Engineer,8.62,79.5,73.1,79.7,55.4,73.0,69.3,69.3,2,1,0,0,1,1,0,0,0,0,0,0,0,0,0,2,0,0,1,0,0,0,0,0,0,0,0,0,0,0,0,0,0,1,2,2,3,2,0,3,0
4859,Cloud Engineer,9.23,86.3,85.1,67.9,76.9,88.4,73.9,76.8,3,2,0,0,0,0,0,0,0,0,0,0,1,0,2,0,0,0,0,1,0,1,0,0,0,2,0,0,1,0,1,0,1,2,3,3,2,2,3,0,0
4860,Cloud Engineer,7.77,79.9,80.5,63.4,72.5,66.5,80.0,70.6,3,3,2,1,0,0,1,0,1,0,0,0,0,0,0,0,1,0,0,0,0,0,0,0,0,1,1,0,0,0,0,0,0,1,3,3,3,2,3,3,0
4861,Cloud Engineer,8.7,80.0,73.8,95.2,67.4,73.5,62.4,74.6,2,1,0,0,1,1,0,1,0,0,1,0,0,0,1,1,0,0,1,0,0,0,0,0,0,0,0,0,0,0,2,0,0,3,0,3,2,0,2,2,0
4862,Cloud Engineer,6.63,83.6,84.2,92.5,71.9,82.3,71.8,79.6,1,3,1,1,1,0,0,0,0,0,2,0,2,0,0,0,0,0,0,0,0,0,0,0,0,1,0,1,0,0,0,0,0,0,2,1,2,3,3,0,0
4863,Cloud Engineer,8.27,84.4,77.1,71.9,67.5,66.1,71.1,69.2,4,2,1,1,1,1,0,0,1,0,2,0,0,0,0,0,0,0,0,0,0,0,0,0,1,2,0,0,0,1,0,0,0,3,2,3,3,3,2,3,0
4864,Cloud Engineer,7.15,89.5,88.6,78.7,75.0,67.4,54.7,69.0,1,2,1,1,0,1,0,1,1,0,0,2,1,0,0,0,0,0,0,1,0,0,1,0,0,0,1,3,0,0,0,0,0,0,1,2,3,2,0,1,0
4865,Cloud Engineer,8.18,90.9,83.3,70.4,85.1,64.6,59.3,69.8,2,1,0,0,1,1,0,0,0,0,0,0,0,0,0,0,0,1,0,0,0,0,0,1,0,0,0,0,0,0,0,0,0,3,1,1,2,0,1,0,2
4866,Cloud Engineer,9.05,74.8,83.6,67.1,79.3,65.0,80.4,72.9,3,3,0,0,1,1,0,1,2,0,0,0,0,0,0,0,0,0,0,0,2,0,0,0,0,0,0,0,0,0,2,0,0,3,0,2,3,2,3,2,0
4867,Cloud Engineer,8.59,67.4,97.7,60.7,65.0,70.5,83.8,70.0,2,1,3,1,1,1,0,0,0,0,1,2,0,0,0,0,0,0,2,0,0,2,0,0,2,0,1,0,0,0,0,0,0,2,2,2,3,2,1,3,0
4868,Cloud Engineer,7.38,98.1,82.0,83.7,77.3,59.1,93.3,78.3,3,3,1,1,1,1,0,0,0,0,0,0,1,0,0,0,0,2,0,0,0,0,0,0,0,0,0,0,0,0,0,0,0,2,2,0,2,2,2,2,1
4869,Cloud Engineer,7.69,81.4,82.9,59.9,66.3,73.8,91.1,72.8,1,2,2,1,1,1,0,0,0,0,1,0,0,0,0,1,0,0,0,0,0,0,0,0,0,2,0,0,0,0,0,0,0,1,2,3,3,3,3,2,0
4870,Cloud Engineer,7.67,86.0,92.8,59.1,82.5,43.4,76.2,65.3,2,2,1,1,1,0,0,0,0,0,0,0,0,0,0,0,0,0,0,0,0,0,0,0,0,0,0,0,1,0,0,0,0,3,2,3,2,3,0,1,0
4871,Cloud Engineer,7.48,92.0,73.5,85.0,96.5,41.2,72.3,73.8,1,2,2,1,1,1,0,0,0,0,0,0,0,2,0,0,0,0,0,0,1,1,0,0,0,0,0,0,0,0,0,0,1,3,1,3,1,2,2,1,1
4872,Cloud Engineer,7.58,78.9,85.8,89.6,49.3,66.3,82.6,71.9,4,2,0,0,0,0,0,0,0,0,0,0,0,0,0,0,0,2,0,0,0,0,0,0,0,0,0,0,0,0,0,0,0,1,3,2,1,3,2,1,0
4873,Cloud Engineer,8.29,81.9,92.2,74.8,74.3,69.4,78.3,74.2,3,1,1,0,1,1,0,1,0,1,0,2,0,0,0,0,0,0,0,0,0,0,0,0,0,0,0,0,0,0,0,0,0,3,1,3,2,1,1,0,0
4874,Cloud Engineer,7.26,93.8,75.7,83.7,57.6,68.4,56.5,66.6,2,3,2,1,1,0,0,1,0,0,0,0,0,0,0,2,0,0,0,0,0,0,0,0,0,0,1,0,0,0,0,0,0,3,2,0,3,3,2,3,1
4875,Cloud Engineer,8.03,90.9,80.0,68.4,70.4,69.0,75.7,70.9,3,3,1,1,1,1,0,0,0,0,0,0,0,0,0,0,0,0,0,1,0,0,0,0,0,0,0,0,0,0,0,0,0,1,2,0,2,3,3,2,0
4876,Cloud Engineer,7.87,89.4,70.5,91.7,97.8,53.5,61.6,76.2,3,3,1,1,1,0,0,0,0,0,0,1,0,0,1,0,1,0,0,0,0,1,1,0,0,0,1,1,1,0,0,0,0,3,2,3,2,2,3,3,0
4877,Cloud Engineer,6.89,90.5,85.1,73.8,74.1,77.3,70.4,73.9,3,1,1,1,1,1,2,0,0,0,0,1,0,0,0,0,0,0,0,2,0,0,0,0,0,0,0,0,0,0,0,0,0,2,2,3,0,2,2,0,0
4878,Cloud Engineer,7.42,89.8,84.3,85.5,81.0,67.6,85.4,79.9,3,2,2,1,0,1,0,0,0,0,0,0,1,0,2,0,0,0,0,2,0,0,0,1,0,0,0,0,0,1,0,0,0,2,2,3,1,1,3,2,0
4879,Cloud Engineer,7.27,85.5,78.6,81.9,100.0,62.5,68.5,79.8,0,3,1,0,1,1,1,0,0,0,0,0,0,0,0,0,0,0,0,0,0,0,1,0,1,0,1,0,0,0,0,0,2,3,1,3,3,2,2,3,0
4880,Cloud Engineer,7.84,86.8,88.8,63.8,85.5,69.0,71.4,72.4,1,2,3,1,1,1,1,0,0,0,0,1,0,0,0,0,0,0,0,0,2,0,0,0,1,0,0,0,1,0,0,0,0,3,1,3,2,3,3,1,2
4881,Cloud Engineer,6.49,84.6,85.5,50.8,68.8,65.2,87.4,68.1,3,2,0,0,1,1,0,0,0,0,0,0,0,0,0,0,0,0,0,0,2,0,0,0,0,0,0,0,0,0,0,2,1,2,0,2,1,1,3,0,0
4882,Cloud Engineer,7.13,71.1,74.6,88.4,83.2,49.1,78.8,74.9,3,3,1,1,1,1,0,0,2,0,0,0,0,0,0,2,0,0,1,0,0,0,0,0,0,0,0,0,0,0,1,0,2,3,3,2,3,0,2,3,0
4883,Cloud Engineer,8.81,86.8,87.1,94.9,76.4,79.0,65.1,78.8,1,2,3,1,1,1,0,0,0,0,0,0,0,0,0,0,0,0,0,0,0,0,0,0,0,0,0,0,0,0,0,0,0,2,2,2,0,1,0,2,1
4884,Cloud Engineer,8.89,80.4,80.4,81.7,72.1,78.0,88.4,80.1,3,2,0,0,0,1,0,0,0,0,0,0,0,0,1,0,1,0,0,2,0,0,0,1,0,1,0,0,1,0,0,0,0,3,2,2,2,3,3,1,0
4885,Cloud Engineer,7.14,94.8,92.2,72.9,94.7,65.3,69.1,75.5,2,1,0,0,1,1,0,2,0,1,0,0,0,1,0,1,0,0,0,0,0,0,0,0,0,0,1,0,0,1,0,0,0,2,3,2,2,2,2,0,0
4886,Cloud Engineer,7.96,76.2,81.0,59.7,63.0,85.3,65.9,68.5,2,2,1,0,1,1,0,0,0,0,0,0,0,0,0,0,0,0,0,2,2,0,0,0,0,0,0,2,0,1,1,0,0,0,0,1,1,2,1,3,0
4887,Cloud Engineer,8.32,93.2,76.4,81.4,94.0,57.0,78.4,77.7,3,2,2,1,1,1,0,2,0,1,0,0,0,0,0,0,0,0,0,0,0,0,0,1,0,0,0,0,0,0,0,0,0,2,3,1,1,2,0,1,0
4888,Cloud Engineer,7.55,83.6,84.6,66.3,79.4,51.1,81.1,69.5,3,1,2,0,0,1,0,0,0,0,0,0,0,0,0,0,0,0,1,0,0,0,0,0,0,0,0,0,0,0,1,0,1,2,3,3,2,0,1,2,0
4889,Cloud Engineer,8.47,74.1,75.2,63.5,68.1,62.5,62.2,64.1,2,1,0,0,1,1,0,0,2,0,0,1,0,0,0,0,0,0,0,0,0,0,0,0,0,0,0,0,0,0,0,0,2,2,2,2,2,0,1,3,0
4890,Cloud Engineer,8.2,87.6,87.9,68.8,66.4,60.0,58.0,63.3,2,3,2,1,1,1,0,1,0,0,2,0,0,0,0,0,0,0,0,0,1,0,0,0,0,0,0,0,0,0,0,0,0,2,1,2,2,3,2,2,1
4891,Cloud Engineer,8.21,96.7,81.5,74.4,59.3,68.5,84.8,71.8,4,2,2,0,1,1,0,0,0,0,0,0,0,0,0,0,0,0,0,0,1,0,1,0,0,0,0,1,0,0,0,1,0,2,0,3,2,2,1,3,0
4892,Cloud Engineer,7.67,82.3,70.5,68.9,69.8,82.0,71.0,72.9,2,2,0,0,1,1,0,0,0,0,0,0,0,0,0,0,0,0,0,0,0,0,0,0,0,3,0,0,0,0,0,0,0,3,0,3,1,3,3,0,0
4893,Cloud Engineer,7.81,88.2,85.5,81.8,69.2,71.2,91.1,78.3,2,3,0,0,1,1,1,0,0,0,0,2,1,0,0,0,0,0,0,0,0,0,3,0,0,0,0,2,0,0,0,1,0,3,3,1,2,0,2,3,0
4894,Cloud Engineer,7.34,82.4,72.8,54.5,75.6,59.3,69.6,64.8,2,3,2,0,0,1,1,0,0,0,0,0,0,0,0,0,0,0,0,0,0,0,0,0,0,0,0,0,2,2,2,0,0,1,2,3,1,3,2,1,0
4895,Cloud Engineer,8.57,78.4,83.1,73.2,77.4,56.5,66.3,68.4,2,2,0,0,0,1,0,0,0,0,1,0,0,0,1,0,1,0,0,0,1,1,0,0,1,0,0,0,0,0,0,0,0,2,3,0,3,2,0,3,0
4896,Cloud Engineer,7.74,89.8,60.5,73.3,63.5,73.2,82.1,73.0,3,3,0,0,1,1,0,0,0,0,0,0,0,2,0,0,0,0,0,0,0,0,1,0,0,0,0,0,0,0,0,0,0,3,0,1,2,3,3,2,0
4897,Cloud Engineer,7.01,82.3,79.3,41.8,60.9,73.3,75.8,63.0,3,3,1,1,1,1,0,0,1,0,0,0,1,0,0,0,0,1,0,0,0,2,0,0,0,0,0,0,0,2,0,1,1,2,3,0,3,3,1,3,0
4898,Cloud Engineer,7.6,77.9,81.1,54.4,64.7,72.0,68.6,64.9,1,2,2,1,1,1,0,0,0,0,0,0,0,0,0,1,0,0,0,0,0,0,0,0,0,1,0,0,2,0,2,0,0,3,3,3,3,3,2,0,0
4899,Cloud Engineer,8.69,90.1,75.9,54.7,71.9,70.1,82.4,69.8,3,1,1,0,1,1,0,0,0,0,0,0,0,0,0,0,0,0,0,0,0,0,0,1,0,0,0,2,1,1,0,2,0,2,0,0,3,3,3,2,0
4900,Cloud Engineer,7.08,91.6,76.5,61.5,72.8,66.1,91.7,73.0,2,2,0,0,0,0,0,1,0,2,0,1,2,1,0,0,0,0,0,0,0,0,0,2,0,0,0,0,0,0,0,0,0,0,3,3,2,3,2,3,0
4901,Cloud Engineer,8.68,99.3,86.8,79.1,86.5,70.0,87.1,80.7,2,2,1,1,1,1,0,0,1,0,0,0,0,0,0,0,0,0,1,0,0,0,0,1,0,0,0,0,0,0,1,1,0,1,2,2,3,2,2,1,0
4902,Cloud Engineer,7.65,76.3,66.0,73.6,54.7,84.8,81.8,73.7,2,3,3,1,1,0,0,0,0,1,0,0,0,0,1,0,2,0,0,0,0,1,1,0,0,0,0,0,0,0,0,0,0,2,3,0,3,3,0,3,0
4903,Cloud Engineer,7.63,89.4,86.6,84.1,79.6,66.8,86.8,79.3,0,2,1,0,0,1,0,0,0,0,0,0,0,0,0,0,0,3,1,0,0,1,2,2,0,0,1,0,0,0,0,2,0,3,2,3,2,3,2,2,0
4904,Cloud Engineer,7.2,82.9,77.2,51.8,67.6,67.7,80.7,67.0,3,3,1,0,1,1,0,0,0,0,0,0,0,0,0,0,0,0,1,0,0,0,0,0,0,0,0,0,0,0,0,0,0,3,3,2,3,0,1,2,0
4905,Cloud Engineer,7.93,92.2,78.8,78.4,68.5,55.2,64.6,66.7,3,3,1,1,0,1,0,0,0,1,1,0,2,0,0,0,1,0,0,0,0,0,0,0,0,0,0,0,0,0,0,0,0,0,2,1,2,3,2,3,0
4906,Cloud Engineer,7.72,84.5,76.8,57.7,69.5,79.7,85.2,73.0,2,2,1,1,1,1,3,0,0,0,0,0,2,0,0,0,0,0,0,0,0,0,0,2,0,1,0,0,0,0,0,0,2,2,0,2,3,3,3,2,0
4907,Cloud Engineer,7.01,80.4,69.6,68.6,61.0,76.7,63.2,67.4,2,2,1,1,1,1,0,1,0,0,1,0,1,0,0,0,0,0,0,0,0,0,0,0,2,2,2,0,0,0,0,0,0,2,2,3,3,0,2,0,0
4908,Cloud Engineer,7.38,76.8,88.8,78.6,73.1,69.4,58.8,70.0,2,2,0,0,1,1,0,0,0,0,0,0,0,0,0,0,1,0,1,1,0,0,0,0,0,0,2,0,0,0,0,2,0,2,1,2,3,3,2,2,1
4909,Cloud Engineer,7.61,91.8,75.5,63.4,82.3,62.2,72.9,70.2,3,1,2,1,0,1,0,1,0,0,0,0,0,0,0,0,0,1,0,0,0,0,1,1,0,0,0,0,0,0,2,0,0,3,0,0,2,1,3,3,0
4910,Cloud Engineer,7.34,76.5,69.8,88.7,72.6,77.8,69.5,77.2,1,3,0,0,1,1,0,0,0,0,0,0,0,0,0,0,0,0,0,0,0,0,0,0,0,0,0,0,0,1,0,0,0,3,0,1,3,0,3,2,0
4911,Cloud Engineer,8.57,82.7,74.4,50.1,76.2,67.2,62.5,64.0,2,3,1,1,1,1,0,1,0,0,0,2,0,0,1,0,0,1,0,0,0,0,0,0,0,2,0,0,0,0,0,0,0,3,0,0,1,3,2,2,0
4912,Cloud Engineer,8.75,87.3,84.8,73.6,55.1,74.6,76.8,70.0,2,3,1,1,0,1,3,0,2,0,0,0,0,0,0,0,0,1,0,0,0,0,0,2,0,1,0,0,1,0,0,0,0,0,2,0,3,3,3,3,0
4913,Cloud Engineer,6.89,96.8,70.4,87.4,75.3,64.3,71.5,74.6,2,3,1,1,1,1,0,0,1,1,0,2,0,0,0,0,0,0,0,0,0,0,0,0,0,0,0,0,0,0,0,0,0,1,0,1,0,2,3,3,1
4914,Cloud Engineer,8.86,100.0,81.4,87.9,53.9,80.1,79.4,75.3,2,2,0,0,1,1,1,0,2,0,0,0,0,1,0,0,0,0,0,0,0,0,0,0,0,0,0,0,0,0,2,1,0,3,3,0,2,2,0,3,0
4915,Cloud Engineer,7.88,91.8,76.2,59.5,72.8,72.8,66.3,67.9,2,2,1,1,0,1,0,0,1,0,0,0,0,0,0,0,0,0,0,0,0,1,1,0,0,0,0,0,0,0,0,0,1,1,3,2,3,2,2,3,0
4916,Cloud Engineer,7.96,75.0,80.3,64.0,87.9,52.6,78.7,70.8,4,2,0,0,1,1,1,0,0,0,2,0,0,0,0,2,0,0,2,0,0,0,0,1,2,0,0,0,0,0,0,0,0,2,0,1,2,3,1,2,0
4917,Cloud Engineer,8.76,72.1,83.6,78.1,72.4,70.1,74.3,73.7,2,2,2,1,1,1,0,0,0,0,0,0,2,1,1,0,0,0,0,0,0,1,0,0,1,0,0,0,0,0,0,0,0,1,3,2,1,3,3,1,0
4918,Cloud Engineer,8.28,81.9,77.0,57.1,100.0,87.6,67.4,78.3,3,1,0,0,1,1,0,0,0,0,0,1,0,0,0,1,1,0,0,0,0,0,0,2,0,0,0,0,0,0,0,2,0,0,3,1,3,3,3,3,0
4919,Cloud Engineer,7.21,79.5,68.9,81.2,96.7,64.2,65.9,77.0,0,3,0,0,1,0,0,0,0,0,0,0,0,0,0,0,1,0,0,0,0,0,0,2,0,0,0,0,0,1,1,0,0,2,3,2,2,2,2,0,0
4920,Cloud Engineer,7.03,73.1,70.7,88.9,100.0,91.8,82.5,92.1,1,2,2,0,1,1,1,0,0,0,0,0,0,0,0,0,0,0,0,0,1,0,0,0,0,2,1,0,0,0,0,0,0,0,2,2,3,3,2,2,0
4921,Cloud Engineer,8.06,85.5,77.4,56.1,81.2,57.0,67.2,65.4,4,2,2,0,1,1,0,0,0,0,0,0,0,0,0,0,0,0,0,0,0,0,0,0,0,0,0,0,0,0,1,0,0,3,0,2,1,3,2,2,0
4922,Cloud Engineer,8.15,83.2,80.9,85.8,53.3,87.7,61.5,72.1,1,3,2,1,1,1,2,2,0,2,0,0,0,1,0,0,0,2,0,0,0,0,0,0,0,0,0,2,1,0,0,0,0,2,2,2,1,3,1,0,0
4923,Cloud Engineer,7.82,72.2,82.7,77.2,52.7,60.5,80.4,67.7,2,2,0,0,1,1,0,1,0,0,0,0,0,0,0,0,0,1,1,0,0,2,0,0,0,0,0,0,0,0,0,0,0,2,3,2,1,3,1,3,1
4924,Cloud Engineer,8.27,75.4,74.5,61.7,64.6,95.2,78.1,74.9,1,3,0,0,1,1,0,0,0,0,1,0,0,0,1,1,0,0,0,0,0,0,0,0,0,0,0,0,0,0,0,1,0,2,0,0,2,2,3,2,0
4925,Cloud Engineer,8.56,88.1,81.7,64.9,83.1,72.5,90.4,77.7,3,2,2,1,1,1,0,0,0,1,0,1,2,0,0,3,0,0,2,0,0,0,0,1,0,0,0,1,0,1,0,0,0,1,0,2,3,3,1,1,0
4926,Cloud Engineer,8.74,91.0,86.6,66.5,67.1,67.4,90.5,72.9,4,3,0,0,0,1,0,0,0,0,0,0,0,0,1,0,0,0,1,0,0,0,2,2,0,0,0,2,0,0,0,0,0,2,3,1,1,0,1,3,0
4927,Cloud Engineer,7.54,78.7,72.5,85.7,75.2,67.7,83.5,78.0,1,1,1,0,0,1,1,0,0,0,0,0,1,0,0,0,2,0,0,0,0,0,0,2,0,0,0,1,0,0,1,0,0,1,3,2,3,2,2,1,0
4928,Cloud Engineer,7.7,89.7,69.7,60.1,83.3,56.7,57.3,64.4,3,2,2,1,0,1,2,2,0,0,0,0,0,0,0,2,0,0,1,0,0,0,0,3,0,0,0,0,1,0,0,0,0,1,2,3,3,3,3,2,0
4929,Cloud Engineer,8.48,90.4,69.1,89.1,73.8,79.2,83.2,81.3,2,1,0,0,0,1,0,0,1,0,0,0,0,0,0,0,0,0,0,0,0,0,0,0,1,0,0,1,2,0,0,0,0,2,2,3,2,3,2,3,0
4930,Cloud Engineer,8.08,84.1,91.5,72.9,78.3,93.6,64.9,77.4,3,2,1,1,0,1,0,0,0,0,0,0,0,1,0,0,0,0,0,0,0,0,0,0,0,1,0,0,0,0,0,1,0,3,0,2,3,3,3,0,1
4931,Cloud Engineer,7.4,72.4,89.7,57.0,73.6,58.3,90.4,69.8,0,2,1,1,0,1,1,0,0,0,0,0,0,0,1,0,0,0,0,0,0,0,0,0,0,0,0,1,1,0,0,0,0,2,3,3,1,1,2,3,0
4932,Cloud Engineer,6.86,75.7,96.6,78.7,79.5,57.8,73.8,72.5,3,3,1,1,1,1,0,0,0,0,0,0,0,0,0,0,0,0,0,0,0,0,0,0,0,0,2,0,0,0,0,0,0,3,3,2,2,0,0,3,0
4933,Cloud Engineer,8.58,83.0,85.7,66.8,64.9,86.3,96.2,78.5,3,1,2,1,1,0,0,0,0,0,0,1,0,0,0,0,0,0,0,0,0,0,0,0,0,0,0,0,0,0,0,0,0,3,3,0,1,3,3,2,0
4934,Cloud Engineer,7.03,95.2,67.6,75.9,70.9,86.9,69.6,75.8,3,1,1,1,1,1,2,0,0,0,1,0,0,0,0,0,0,0,0,0,0,0,0,0,0,2,0,0,0,0,0,0,0,1,3,0,3,3,1,2,0
4935,Cloud Engineer,7.97,83.2,73.1,88.3,76.6,74.5,65.8,76.3,3,3,2,1,1,1,0,0,0,0,0,0,0,0,0,0,0,0,0,2,0,0,0,0,0,0,0,1,0,0,0,0,0,0,3,3,3,2,1,2,0
4936,Cloud Engineer,7.48,89.8,69.5,78.4,86.2,82.8,73.9,80.3,2,2,2,1,1,1,0,0,0,0,0,0,0,0,0,0,2,1,0,0,0,0,0,0,0,0,0,0,0,0,0,0,0,2,0,0,1,2,2,1,1
4937,Cloud Engineer,6.16,91.5,71.0,75.0,77.7,70.4,81.1,76.0,2,2,1,0,0,0,0,0,0,0,0,0,0,0,0,1,0,0,2,0,0,0,1,0,0,0,0,0,0,0,0,0,1,1,0,0,3,3,3,0,0
4938,Cloud Engineer,9.25,90.8,77.4,58.2,71.9,71.2,65.7,66.8,0,2,1,0,1,1,0,0,0,1,0,1,0,0,0,0,0,0,0,1,0,1,1,0,0,0,0,0,0,2,0,0,0,2,3,3,2,2,3,2,0
4939,Cloud Engineer,8.37,83.4,78.5,85.0,72.5,96.6,73.9,82.0,2,2,1,1,0,1,1,1,1,0,0,0,0,0,0,0,0,0,0,0,0,0,0,0,0,2,0,0,0,0,0,0,3,0,2,0,3,3,3,3,0
4940,Cloud Engineer,8.51,91.8,73.0,85.1,70.1,58.3,83.9,74.3,4,3,2,1,1,1,0,0,0,0,0,0,0,0,2,0,0,0,0,0,0,0,0,0,0,1,0,1,0,0,0,0,0,0,3,0,2,2,1,2,0
4941,Cloud Engineer,8.14,75.4,86.2,67.1,81.1,79.7,73.1,75.2,1,2,1,0,0,1,0,1,0,0,0,0,0,0,0,0,0,1,0,0,0,2,2,3,0,0,0,0,0,0,0,0,1,2,2,2,2,1,2,2,0
4942,Cloud Engineer,8.52,82.9,87.5,60.4,79.4,61.3,78.0,69.8,2,2,1,1,1,1,0,0,0,0,0,0,0,0,1,1,0,0,0,0,1,0,0,0,0,0,2,1,0,0,0,0,0,3,3,2,3,3,3,3,0
4943,Cloud Engineer,8.55,83.7,71.0,75.2,59.8,92.5,66.8,73.6,3,3,1,0,0,1,0,2,0,0,0,2,0,0,0,0,2,0,0,0,1,0,0,0,0,0,0,0,2,0,0,1,2,3,0,3,3,2,2,2,0
4944,Cloud Engineer,7.78,84.1,94.0,57.9,88.5,63.4,72.0,70.5,0,2,0,0,1,1,0,0,0,0,1,0,0,0,0,0,0,2,0,0,0,0,0,0,0,0,0,0,0,1,0,0,0,3,3,3,1,0,1,3,0
4945,Cloud Engineer,7.52,68.4,82.9,58.5,86.5,65.1,85.8,74.0,2,2,2,1,1,1,0,0,0,0,0,0,0,0,0,0,2,1,0,0,0,0,0,0,0,0,0,0,0,0,0,1,0,1,2,2,0,3,1,2,0
4946,Cloud Engineer,8.09,91.1,67.3,79.0,84.7,83.9,91.1,84.7,2,3,1,1,0,0,1,0,0,0,0,0,0,0,1,0,0,0,0,0,0,0,0,0,0,0,0,0,0,1,0,0,0,2,3,0,2,2,2,2,0
4947,Cloud Engineer,6.64,83.6,72.3,63.4,70.2,71.1,70.4,68.8,1,2,1,0,1,0,0,0,0,1,0,1,0,0,0,0,1,0,0,0,0,0,0,0,0,0,0,0,0,0,0,0,0,1,2,1,2,1,3,2,0
4948,Cloud Engineer,7.38,79.2,86.0,89.7,92.4,65.2,64.6,78.0,3,2,1,1,1,1,0,1,0,0,0,0,1,0,2,1,0,0,0,0,0,0,0,0,0,0,0,0,0,0,0,0,0,1,0,2,0,2,0,2,1
4949,Cloud Engineer,8.77,79.0,93.0,62.1,70.9,60.8,78.8,68.2,3,2,1,1,1,1,0,0,0,0,0,0,0,0,1,1,2,0,0,0,0,0,0,0,1,0,0,0,0,0,0,0,0,3,0,3,2,1,1,3,1
4950,Cloud Engineer,7.8,77.9,86.8,77.8,60.0,68.4,40.5,61.7,2,1,1,1,1,1,0,0,0,2,0,1,0,2,0,0,0,0,0,0,0,1,2,0,0,0,0,0,0,0,2,0,0,0,1,3,0,2,1,3,2
4951,Cloud Engineer,6.93,83.3,81.3,51.1,88.0,67.1,91.5,74.4,3,2,1,1,0,1,0,0,2,0,0,0,0,0,0,0,0,0,2,0,0,0,0,0,0,0,0,0,2,0,0,0,1,1,0,1,3,2,3,1,0
4952,Cloud Engineer,8.32,78.6,91.7,68.3,86.7,75.6,68.9,74.9,3,2,0,0,0,0,0,0,0,0,2,0,0,0,0,0,0,1,0,0,1,1,0,0,0,0,0,0,1,0,0,0,0,3,0,1,0,2,2,2,0
4953,Cloud Engineer,6.56,94.2,90.0,86.6,73.8,56.5,64.4,70.3,3,3,0,0,1,1,0,2,0,0,0,0,0,0,0,0,0,0,0,1,2,0,0,0,0,0,0,0,0,0,1,2,0,3,3,3,2,3,0,3,0
4954,Cloud Engineer,8.87,82.7,78.6,55.9,92.6,78.5,74.9,75.5,3,1,2,1,1,1,0,0,1,0,0,0,1,0,0,0,0,0,2,0,0,0,0,0,0,0,0,0,0,0,0,0,1,1,3,0,3,2,0,3,0
4955,Cloud Engineer,8.55,68.6,64.5,78.2,83.1,53.5,83.2,74.5,2,2,1,0,1,1,1,0,0,0,0,1,2,0,0,0,0,0,0,0,0,0,0,0,0,0,0,0,0,0,2,0,0,3,0,0,2,0,2,3,0
4956,Cloud Engineer,7.54,83.6,100.0,100.0,72.2,66.0,93.2,82.9,2,1,1,0,1,1,2,0,0,0,0,0,0,0,0,0,0,1,3,1,1,0,0,1,0,0,0,0,0,0,0,0,1,2,2,2,2,0,2,2,0
4957,Cloud Engineer,8.74,77.6,79.0,65.9,74.6,62.4,71.7,68.7,2,3,1,0,1,1,0,0,0,0,0,0,0,0,0,0,0,1,0,0,0,0,0,0,0,0,0,0,0,0,0,0,0,0,3,1,3,2,2,3,0
4958,Cloud Engineer,6.41,82.1,75.5,91.4,60.8,81.5,64.6,74.6,3,3,1,0,1,1,0,2,0,1,0,0,0,0,0,0,0,0,0,0,0,0,0,1,0,1,2,0,1,0,0,0,0,1,2,2,3,3,0,0,0
4959,Cloud Engineer,7.74,94.2,78.2,61.9,63.4,65.6,73.8,66.2,1,3,1,1,1,1,0,0,0,0,0,0,0,1,0,2,0,0,0,0,0,0,0,0,1,0,0,0,0,0,0,3,0,3,0,3,3,2,2,3,0
4960,Cloud Engineer,8.2,75.8,88.0,99.1,79.3,58.4,67.1,76.0,3,2,1,1,1,1,2,0,0,0,0,0,1,0,0,0,0,0,0,1,0,0,0,0,0,0,0,0,0,0,0,0,0,3,0,3,2,1,2,2,1
4961,Cloud Engineer,6.79,95.5,80.3,84.7,83.6,100.0,79.9,89.8,2,3,1,0,1,0,0,0,0,0,0,0,0,0,1,0,1,0,0,0,0,0,0,0,0,0,2,0,0,0,1,0,0,2,2,3,0,0,2,3,0
4962,Cloud Engineer,7.52,79.6,80.5,64.6,69.9,77.6,68.4,70.1,2,3,1,1,0,0,1,1,0,0,0,0,0,0,0,0,0,2,0,0,0,0,0,0,0,0,0,0,0,1,0,0,0,2,0,2,3,3,2,2,0
4963,Cloud Engineer,6.64,68.0,84.4,85.3,85.1,67.1,83.0,80.1,2,1,1,0,1,1,2,0,0,0,0,0,0,0,0,0,0,1,0,0,1,1,3,0,1,0,0,0,0,0,0,2,0,3,3,2,2,0,3,3,0
4964,Cloud Engineer,9.37,86.2,98.2,98.2,75.5,53.8,72.2,74.9,4,1,2,0,1,1,1,0,1,0,0,0,0,0,0,0,0,0,1,0,0,0,0,0,0,0,0,1,0,0,0,0,1,2,3,0,2,3,2,3,0
4965,Cloud Engineer,7.72,90.2,78.2,66.4,61.6,66.7,72.0,66.7,3,3,2,1,1,1,0,0,0,0,1,0,0,0,1,1,0,0,0,0,0,0,0,0,0,0,0,0,1,0,0,0,2,3,0,0,2,2,3,2,0
4966,Cloud Engineer,7.59,82.2,84.0,86.5,78.4,67.0,88.9,80.2,2,3,2,1,1,1,0,0,0,0,0,0,0,0,0,0,0,0,0,2,0,0,0,0,0,1,0,0,0,0,1,2,0,3,0,3,1,3,0,2,0
4967,Cloud Engineer,7.53,88.0,72.1,75.1,81.4,82.2,72.8,77.9,3,1,1,1,1,1,0,0,0,0,0,0,0,0,0,0,0,0,0,0,0,0,0,0,0,0,0,0,0,0,0,0,1,2,3,3,2,3,1,3,0
4968,Cloud Engineer,7.09,97.8,77.9,80.3,86.4,62.3,71.1,75.0,1,3,2,0,1,1,0,2,0,0,1,0,1,0,0,0,1,0,0,0,0,0,0,0,0,0,0,0,0,1,0,0,0,3,3,0,2,2,3,1,0
4969,Cloud Engineer,7.87,67.9,75.6,47.8,72.0,69.6,88.4,69.4,2,1,2,1,0,1,0,0,0,0,1,0,0,0,0,0,0,0,1,0,0,0,0,0,0,0,0,0,0,0,1,0,0,3,2,1,3,2,3,2,0
4970,Cloud Engineer,8.59,86.5,81.6,77.6,70.3,80.9,63.8,73.1,2,2,1,0,1,1,0,2,0,0,0,0,0,0,0,2,0,0,1,0,0,2,0,0,3,0,0,0,0,0,0,0,0,2,2,3,1,3,1,3,0
4971,Cloud Engineer,7.02,95.0,82.6,58.5,65.6,64.5,72.7,65.3,3,3,0,0,0,1,0,0,1,0,0,0,0,2,0,1,0,0,0,0,0,0,0,0,0,0,0,1,0,0,0,0,1,2,2,2,3,1,2,2,0
4972,Cloud Engineer,8.08,84.0,87.2,75.4,66.8,87.5,93.0,80.7,4,2,0,0,1,1,0,0,2,0,0,0,0,0,0,1,0,0,1,0,1,0,0,0,0,0,0,2,0,0,0,0,0,3,3,0,3,2,3,2,0
4973,Cloud Engineer,8.91,93.2,95.4,72.6,58.1,62.2,89.2,70.5,2,2,1,1,0,1,0,0,0,0,0,0,0,0,0,0,0,1,0,0,0,0,0,2,2,0,0,1,1,0,0,0,1,2,3,2,2,3,3,2,0
4974,Cloud Engineer,7.91,89.7,89.7,88.9,66.5,77.4,86.5,79.8,4,1,2,1,1,1,0,0,0,0,0,0,0,0,0,0,0,0,0,0,0,0,0,0,0,0,0,0,0,0,2,0,0,2,2,1,1,0,0,1,0
4975,Cloud Engineer,7.86,77.4,70.3,86.5,72.3,66.6,71.6,74.2,0,3,1,1,1,0,0,0,0,0,0,1,0,0,0,1,0,0,0,0,0,0,2,0,0,0,0,2,0,0,0,0,2,3,3,2,0,1,2,3,0
4976,Cloud Engineer,7.84,74.9,89.2,92.4,68.7,66.2,88.3,78.9,2,2,2,1,0,1,0,0,0,0,0,0,0,0,0,0,0,0,0,0,0,0,0,0,0,0,0,0,0,0,0,0,0,2,3,3,2,3,3,0,0
4977,Cloud Engineer,7.21,78.2,85.2,75.8,85.9,66.1,62.7,72.6,3,1,2,1,1,1,0,0,0,0,0,0,0,0,0,0,1,0,0,0,0,0,1,0,1,0,0,2,1,0,2,0,0,2,2,2,2,0,0,3,0
4978,Cloud Engineer,8.48,66.5,89.8,79.5,67.0,57.0,75.4,69.7,2,1,1,1,1,1,0,0,0,0,1,0,0,0,0,0,0,0,0,0,0,0,0,0,0,0,1,1,0,0,0,0,0,3,3,3,3,3,2,1,0
4979,Cloud Engineer,8.23,89.4,65.7,72.3,69.8,79.0,80.5,75.4,0,2,1,1,1,1,0,0,0,0,0,0,0,0,0,0,0,0,0,0,0,0,0,0,1,0,0,0,0,0,0,1,0,3,3,1,2,3,0,2,0
4980,Cloud Engineer,7.56,98.6,83.5,75.1,67.8,73.6,95.7,78.0,4,3,1,0,1,0,0,0,0,0,1,2,0,0,0,1,0,0,1,0,0,0,0,0,0,0,2,1,1,0,0,0,0,2,2,2,0,3,2,0,0
4981,Cloud Engineer,8.79,77.0,87.2,77.3,90.1,93.6,70.3,82.8,4,3,2,0,1,1,0,0,0,0,0,0,2,0,0,0,0,0,0,1,0,0,0,0,0,0,0,0,1,0,0,0,0,3,2,0,3,3,3,3,0
4982,Cloud Engineer,9.13,81.4,82.5,43.7,61.7,69.9,73.7,62.2,2,3,2,1,1,0,0,0,0,0,0,0,1,0,0,0,0,0,0,0,0,0,0,0,0,0,0,0,0,0,0,0,0,3,3,2,2,0,3,2,0
4983,Cloud Engineer,7.43,80.5,78.4,89.1,57.3,68.2,66.0,70.1,3,2,1,1,1,0,0,0,0,0,3,0,0,0,0,0,0,0,0,0,0,0,2,0,0,0,2,0,0,0,0,0,1,3,1,2,3,1,3,2,1
4984,Cloud Engineer,7.89,87.7,67.8,73.1,78.7,70.6,55.6,69.5,2,3,2,1,1,1,0,0,0,0,0,0,0,0,2,0,0,2,0,1,0,0,0,0,0,2,0,0,0,0,0,0,0,2,3,3,2,3,0,2,0
4985,Cloud Engineer,8.87,82.5,73.3,57.1,51.5,73.9,77.8,65.1,2,3,1,1,0,0,1,0,0,0,0,0,0,0,0,0,0,0,0,0,0,0,0,0,0,0,0,1,2,0,0,1,0,0,3,3,2,3,1,1,0
4986,Cloud Engineer,7.55,78.4,92.9,81.8,66.4,75.3,48.5,68.0,3,2,1,1,1,1,0,1,0,2,0,0,0,0,0,1,0,0,2,0,0,0,0,0,0,0,0,0,0,0,0,0,0,0,0,0,1,2,2,2,0
4987,Cloud Engineer,7.5,79.6,91.0,76.0,89.5,72.6,63.8,75.5,4,2,1,1,1,1,0,0,1,0,2,0,0,0,0,0,0,0,0,0,2,1,1,0,0,0,1,0,0,0,0,0,0,3,1,0,2,2,2,3,0
4988,Cloud Engineer,6.75,82.4,80.6,81.7,81.8,56.4,75.2,73.8,2,2,1,1,1,0,0,0,1,0,1,0,0,1,0,0,0,0,0,0,1,0,0,0,0,0,0,0,0,0,0,1,2,1,3,0,0,1,0,3,1
4989,Cloud Engineer,8.46,74.3,83.2,65.0,68.4,48.2,76.0,64.4,4,2,1,1,1,1,0,0,0,0,0,0,0,2,0,0,0,0,0,0,0,0,0,1,0,0,2,0,0,0,0,0,0,3,3,2,2,3,0,2,0
4990,Cloud Engineer,7.78,100.0,78.5,55.9,64.3,58.9,87.5,66.7,2,1,1,1,1,1,0,0,1,0,0,0,0,0,0,0,2,0,0,0,0,0,0,0,0,0,0,0,0,0,0,0,0,2,0,2,2,2,3,3,0
4991,Cloud Engineer,6.41,73.0,91.4,55.1,69.1,65.8,86.1,69.0,4,2,2,0,1,0,0,0,2,0,0,0,0,0,0,0,0,0,0,0,0,0,0,2,1,0,0,2,0,2,0,0,0,3,0,2,3,1,2,3,0
4992,Cloud Engineer,7.47,74.6,84.9,66.5,69.8,69.5,83.1,72.2,2,2,2,1,1,1,0,0,0,0,1,0,0,2,0,1,0,0,0,1,0,0,0,0,0,0,0,1,2,0,0,0,0,3,2,2,2,3,0,3,2
4993,Cloud Engineer,8.06,77.5,74.7,51.0,76.3,88.6,67.9,70.9,2,2,1,0,1,1,0,0,0,0,0,0,0,0,2,0,0,0,0,1,0,1,0,0,0,1,0,0,0,1,0,0,1,2,3,0,3,3,3,3,0
4994,Cloud Engineer,8.94,79.4,84.8,84.0,81.7,79.2,85.0,82.5,2,2,1,1,1,1,0,0,1,2,2,0,0,0,0,0,0,0,0,0,1,0,0,0,0,0,0,0,0,0,0,0,0,3,3,2,1,2,2,3,0
4995,Cloud Engineer,8.42,92.8,86.1,56.0,78.3,64.8,70.9,67.5,3,2,2,1,1,1,0,0,0,0,0,0,0,0,0,0,0,0,0,0,0,1,0,0,0,0,0,0,0,0,0,0,0,1,1,3,3,3,2,3,2
4996,Cloud Engineer,8.74,80.2,86.3,75.1,73.7,63.5,78.0,72.6,1,3,3,0,0,0,0,0,0,0,0,0,0,0,0,0,0,0,0,0,0,0,1,0,0,1,0,0,0,0,0,0,0,2,3,3,2,3,3,3,0
4997,Cloud Engineer,6.89,100.0,76.2,71.9,77.7,66.9,75.3,73.0,4,1,3,1,1,0,0,0,0,0,0,0,0,0,0,1,0,0,0,2,0,1,0,2,0,0,0,0,0,0,0,0,1,3,3,3,3,2,1,3,1
4998,Cloud Engineer,7.91,87.2,67.3,71.9,58.8,57.8,74.1,65.7,1,1,1,0,1,1,0,0,0,0,0,0,0,0,0,1,0,0,0,0,1,1,0,0,0,0,0,2,0,0,0,0,0,1,0,0,3,3,2,3,0
4999,Cloud Engineer,7.81,77.0,88.0,57.5,73.5,66.0,72.3,67.3,2,2,2,1,0,1,0,1,0,0,0,0,3,0,0,0,0,0,0,0,0,0,2,1,0,1,1,0,2,0,0,0,0,2,3,3,2,1,3,3,0
5000,Cloud Engineer,7.64,90.0,86.6,83.8,69.9,61.1,60.1,68.7,1,3,2,1,0,0,0,0,0,0,0,0,2,0,0,0,0,0,0,0,1,1,0,0,0,0,0,0,0,0,0,2,0,0,3,3,2,3,2,3,0
5001,Cloud Engineer,8.17,70.2,79.3,75.1,55.1,63.0,65.1,64.6,2,2,0,0,1,1,0,0,0,0,0,0,0,0,1,1,0,2,0,0,0,2,0,0,0,0,0,0,0,0,0,0,0,3,0,3,2,3,3,2,0
5002,Cloud Engineer,7.94,76.8,82.8,70.8,63.3,69.7,85.7,72.4,1,3,3,1,0,1,0,1,0,0,0,0,0,0,0,0,2,0,0,0,0,0,0,0,1,0,1,2,0,1,1,0,0,2,3,2,3,3,3,3,0
5003,Cloud Engineer,7.8,83.1,78.0,60.5,81.8,77.3,92.8,78.1,1,3,0,0,1,1,1,0,0,0,1,0,1,0,0,0,0,0,0,0,1,0,0,1,0,0,0,0,1,0,0,0,0,3,3,0,3,3,3,3,0
5004,Cloud Engineer,7.87,88.8,74.9,52.6,51.9,57.6,85.0,61.8,4,1,2,1,1,1,0,0,0,0,0,0,0,0,0,0,0,0,0,0,0,0,0,0,0,1,0,0,0,0,0,0,0,3,3,2,1,3,2,3,1
5005,Cloud Engineer,8.21,82.5,77.9,78.5,65.8,75.1,86.3,76.4,2,3,0,0,1,1,0,0,0,0,0,0,0,0,0,0,0,2,0,0,0,1,0,0,0,0,1,0,0,0,0,1,0,2,3,2,3,3,2,3,0
5006,Cloud Engineer,7.0,87.1,84.0,59.3,85.8,90.0,95.4,82.6,4,3,0,0,1,1,0,0,0,0,0,2,0,0,0,2,0,0,0,0,0,2,1,0,0,0,0,0,0,0,0,2,0,3,3,1,2,0,0,3,0
5007,Cloud Engineer,7.45,76.8,74.2,58.3,64.2,48.8,93.7,66.2,2,2,1,1,1,1,2,0,0,0,2,0,0,0,0,3,0,0,0,0,0,0,0,0,0,2,0,0,0,0,0,0,0,3,3,2,3,2,3,3,0
5008,Cloud Engineer,5.5,80.4,74.1,80.4,77.5,66.6,63.0,71.9,4,2,2,0,1,1,0,0,0,0,0,0,0,0,0,0,0,0,0,0,0,0,0,0,0,0,0,0,1,0,0,0,1,2,2,1,1,3,2,2,0
5009,Cloud Engineer,9.29,81.5,82.4,57.4,59.2,62.0,88.2,66.7,3,1,3,1,1,1,0,0,0,0,0,0,1,0,0,1,0,0,0,0,0,0,2,0,0,0,0,0,1,0,0,0,0,3,1,3,3,3,0,3,0
5010,Cloud Engineer,6.89,80.9,90.5,66.3,79.1,61.7,69.7,69.2,3,3,3,0,0,1,1,0,0,0,0,0,0,0,0,1,1,0,0,1,0,0,0,0,0,0,0,0,0,0,0,0,0,0,0,0,2,2,0,3,0
5011,Cloud Engineer,7.6,95.0,79.5,79.5,76.3,59.1,71.1,71.5,1,1,0,0,1,1,0,0,0,0,0,1,2,2,0,0,0,0,0,2,0,0,1,0,2,0,1,1,0,2,0,0,1,0,2,3,3,3,3,2,0
5012,Cloud Engineer,7.29,82.3,82.1,72.9,82.4,67.1,53.8,69.0,2,1,1,1,1,1,0,0,0,0,1,0,1,0,0,0,0,0,0,0,0,0,0,0,1,0,0,0,0,0,0,0,1,0,0,1,3,3,3,1,0
5013,Cloud Engineer,7.81,76.5,75.7,50.2,88.1,66.6,72.7,69.4,1,3,1,0,1,1,0,0,1,0,0,0,0,2,0,0,0,0,0,0,0,0,0,0,0,0,0,0,0,0,0,0,0,2,3,1,2,2,0,2,0
5014,Cloud Engineer,7.46,87.8,80.6,69.9,62.7,59.4,80.2,68.1,2,2,2,1,1,1,0,0,0,0,0,2,1,0,1,0,0,1,0,0,0,0,0,0,0,0,0,1,1,0,0,0,0,3,2,2,2,2,2,3,1
5015,Cloud Engineer,8.65,96.1,75.0,88.2,77.9,65.0,71.5,75.7,1,3,0,0,1,1,0,0,2,1,0,0,0,0,3,0,0,0,0,2,0,2,0,0,1,0,0,0,0,0,0,0,0,0,1,0,2,3,0,1,0
5016,Cloud Engineer,6.99,86.1,85.8,88.2,96.5,72.2,84.8,85.4,2,2,1,1,1,1,0,0,0,1,0,0,0,1,0,0,0,0,0,0,0,0,0,0,0,0,0,0,0,0,0,1,0,2,3,3,3,3,1,3,0
5017,Cloud Engineer,6.87,84.7,80.2,76.4,86.1,77.7,62.1,75.6,1,3,2,1,1,0,0,0,0,0,0,2,0,0,1,0,0,0,0,0,0,1,0,0,0,0,0,0,0,0,0,0,1,1,2,2,2,3,2,2,0
5018,Cloud Engineer,8.85,87.3,65.4,74.0,88.0,52.2,73.0,71.8,4,3,2,1,0,0,0,0,0,0,0,0,0,0,0,0,0,0,0,0,0,0,0,0,0,0,0,0,2,1,0,0,0,3,2,3,3,3,3,3,0
5019,Cloud Engineer,7.86,68.6,63.6,70.5,63.7,75.7,76.0,71.5,2,3,2,1,0,1,0,0,0,0,0,0,0,0,0,0,0,0,0,0,0,0,1,0,0,0,0,1,0,0,0,0,0,2,3,3,3,0,2,3,0
5020,Cloud Engineer,8.41,85.3,80.4,58.5,90.8,60.7,68.0,69.5,1,2,2,1,1,0,0,0,0,2,0,0,0,0,0,0,0,0,1,0,0,0,0,0,0,1,0,2,1,0,1,0,0,3,0,3,3,2,2,3,0
5021,Cloud Engineer,8.45,80.3,88.1,84.9,68.0,68.1,88.8,77.5,3,2,0,0,0,0,0,0,0,0,0,3,0,0,0,0,1,0,0,0,2,0,0,0,0,0,0,0,0,0,0,1,0,3,2,3,1,2,3,1,0
5022,Cloud Engineer,8.44,79.7,88.5,62.1,78.4,71.4,95.7,76.9,2,1,2,1,1,1,0,0,0,0,0,1,1,0,0,1,0,0,0,0,1,0,0,0,0,0,1,0,0,0,0,0,0,2,2,2,2,3,2,2,0
5023,Cloud Engineer,7.04,92.2,74.4,77.4,83.7,69.7,65.3,74.0,2,3,1,0,1,1,2,0,0,0,1,1,0,0,0,0,0,0,1,1,1,1,0,0,0,0,0,0,0,0,0,0,1,3,3,2,2,0,3,3,0
5024,Cloud Engineer,6.72,86.6,88.3,54.9,93.0,63.2,73.3,71.1,3,3,3,1,1,1,0,0,0,0,0,0,0,2,0,0,0,0,0,0,0,1,0,0,0,0,0,0,0,1,0,0,0,2,1,3,2,0,0,1,0
5025,Cloud Engineer,9.01,85.2,74.9,78.7,74.5,84.3,75.9,78.3,2,3,1,0,1,1,1,0,0,0,0,0,0,2,3,0,1,0,0,0,0,0,0,0,0,0,0,0,0,0,0,0,0,3,2,0,2,3,3,3,0
5026,Cloud Engineer,9.12,82.8,86.3,80.2,67.4,75.9,66.9,72.6,2,2,2,1,1,1,0,0,0,0,0,0,0,0,0,0,1,0,0,0,0,1,2,0,0,0,1,1,0,0,0,0,0,2,3,0,0,3,1,3,0
5027,Cloud Engineer,7.5,75.4,69.8,65.1,62.7,63.9,86.8,69.6,2,2,2,1,0,0,0,0,0,0,0,0,0,0,0,1,0,0,1,1,0,0,2,0,0,0,1,0,2,1,0,0,0,3,3,3,2,2,1,2,0
5028,Cloud Engineer,7.29,85.0,67.7,70.1,86.7,64.8,69.3,72.7,2,2,1,1,1,1,0,0,0,0,1,2,0,0,0,0,0,0,1,0,0,0,0,0,0,1,0,0,2,0,0,1,0,1,0,0,2,2,3,2,2
5029,Cloud Engineer,7.98,88.2,82.7,67.7,65.5,61.9,68.2,65.8,3,1,0,0,1,1,0,0,0,0,0,1,0,0,0,0,0,0,0,0,1,0,0,0,0,0,0,0,1,1,0,0,0,3,1,3,2,2,3,3,1
5030,Cloud Engineer,7.8,85.8,85.4,82.0,77.1,85.8,81.3,81.5,4,2,2,1,1,1,0,0,0,0,0,0,0,0,0,0,0,1,1,0,0,0,0,2,0,0,0,0,0,0,0,0,2,1,2,2,3,2,3,2,0
5031,Cloud Engineer,7.99,89.0,70.9,68.3,65.5,75.9,72.7,70.6,3,1,1,1,1,1,0,0,0,0,2,0,0,0,0,1,0,0,0,0,0,0,0,0,0,1,0,0,0,0,0,0,0,0,2,1,1,1,0,2,2
5032,Cloud Engineer,7.85,66.7,77.0,43.3,76.7,81.2,69.8,67.8,3,1,0,0,1,1,1,0,1,0,0,0,0,0,0,0,0,0,0,0,0,1,0,0,0,0,0,0,0,0,0,1,0,0,2,0,2,2,2,3,1
5033,Cloud Engineer,8.49,81.5,77.9,92.3,71.0,77.9,76.1,79.3,2,2,0,0,1,1,0,0,0,0,0,0,0,0,1,0,1,0,0,1,0,0,0,0,0,0,0,0,0,0,0,0,0,3,2,3,0,2,1,2,1
5034,Cloud Engineer,7.18,80.1,71.1,61.2,60.2,83.8,70.2,68.8,1,3,1,1,1,1,0,0,2,0,1,0,0,0,0,0,2,0,0,2,0,2,0,0,0,0,1,0,0,0,0,0,0,3,3,3,1,2,2,2,0
5035,Cloud Engineer,7.52,92.5,72.6,87.3,80.1,62.5,80.4,77.6,4,2,0,0,1,1,0,0,0,0,0,0,0,0,1,0,0,0,0,0,0,0,0,0,0,2,0,0,0,0,0,0,0,2,3,3,3,0,3,0,2
5036,Cloud Engineer,6.31,79.2,78.4,81.3,74.0,56.7,78.4,72.6,3,2,1,1,0,1,0,0,2,0,0,0,0,1,0,0,0,0,0,1,1,2,0,0,2,0,0,0,0,0,0,0,0,2,3,2,2,3,1,2,0
5037,Cloud Engineer,7.6,80.3,85.1,85.1,88.3,83.0,65.5,80.5,3,2,1,1,1,0,0,0,0,0,1,0,0,0,0,0,0,0,0,0,0,1,0,0,1,0,0,0,0,0,0,1,0,2,2,2,3,2,3,1,0
5038,Cloud Engineer,7.62,77.4,74.7,75.9,70.3,72.5,80.8,74.9,2,3,1,1,1,1,0,0,0,0,0,0,0,0,0,0,0,0,0,0,0,0,1,2,0,0,0,0,0,0,0,0,0,3,2,2,2,2,2,3,0
5039,Cloud Engineer,8.44,83.6,93.5,75.4,67.0,84.3,68.4,73.8,2,2,1,1,1,1,0,0,1,0,0,0,0,0,0,2,0,0,0,0,0,0,2,1,0,0,0,0,0,0,0,0,0,2,0,1,0,2,0,1,0
5040,Cloud Engineer,6.81,80.2,68.8,97.4,69.6,80.6,96.8,86.1,2,3,0,0,0,0,0,0,0,0,0,0,0,0,0,0,0,0,0,0,0,0,0,1,0,0,0,0,0,0,0,0,0,1,2,3,1,0,0,3,0
5041,Cloud Engineer,7.72,85.9,88.1,74.1,78.9,71.5,78.2,75.7,3,1,3,1,1,1,0,0,2,0,0,1,0,0,0,1,0,1,0,0,0,0,0,0,0,0,0,0,0,0,0,0,2,2,2,2,3,3,0,0,0
5042,Cloud Engineer,7.05,82.4,93.5,54.6,84.8,53.7,80.2,68.3,0,3,1,1,1,0,0,0,0,0,0,0,0,0,0,0,0,0,0,0,1,0,0,1,0,0,0,0,0,0,0,0,0,1,2,0,2,1,3,3,0
5043,Cloud Engineer,8.52,77.8,76.0,88.1,60.7,52.0,77.1,69.5,1,2,1,0,1,1,0,0,1,0,0,0,0,0,0,0,0,0,0,0,1,0,0,0,1,0,1,0,0,0,0,0,1,2,0,2,3,2,0,3,0
5044,Cloud Engineer,6.0,86.5,82.6,70.4,82.7,63.5,59.0,68.9,2,3,1,1,1,1,1,0,0,0,1,0,0,0,0,0,0,0,1,0,0,2,0,1,0,0,0,0,0,0,0,0,2,0,2,3,1,3,3,2,0
5045,Cloud Engineer,7.73,79.3,89.4,76.4,97.3,76.4,83.3,83.3,3,3,2,0,1,1,0,0,0,0,0,0,0,2,0,0,0,0,0,0,0,0,0,0,0,0,0,0,0,0,2,1,0,3,0,1,3,2,3,3,0
5046,Cloud Engineer,7.57,87.2,63.3,77.7,82.4,68.4,75.4,76.0,4,2,1,1,1,1,1,2,0,0,0,0,0,0,0,1,1,0,0,0,0,2,0,0,0,0,0,0,1,0,2,0,1,2,0,2,2,2,1,2,0
5047,Cloud Engineer,8.2,92.5,90.2,77.0,67.8,77.6,60.1,70.6,0,3,3,1,0,1,0,0,0,0,0,0,0,0,0,0,0,0,0,0,0,0,0,0,0,1,0,2,0,1,2,0,0,3,1,2,3,1,3,1,0
5048,Cloud Engineer,7.16,84.1,92.6,64.6,83.1,77.4,74.0,74.8,1,2,1,1,1,0,0,0,1,0,1,0,0,0,0,0,0,0,2,0,0,0,0,0,0,0,0,0,0,0,0,0,2,2,2,0,2,3,3,1,0
5049,Cloud Engineer,6.5,83.8,54.2,78.6,88.3,70.8,63.2,75.2,3,3,2,1,1,1,0,0,0,2,0,0,0,0,0,0,0,0,0,0,0,0,0,0,0,0,0,1,0,0,0,0,2,3,2,0,3,2,0,2,0
5050,Cloud Engineer,7.87,87.8,85.6,68.0,61.5,82.4,74.9,71.7,0,2,0,0,0,1,0,0,2,0,1,0,0,0,0,0,2,0,0,0,0,0,0,0,0,0,0,0,0,0,0,0,0,3,3,3,1,1,2,3,1
5051,Cloud Engineer,7.62,79.7,81.5,63.3,80.7,46.6,72.9,65.9,0,2,2,0,1,1,0,0,1,0,0,0,0,0,0,0,0,0,1,0,0,0,1,0,2,0,0,1,0,0,0,0,1,3,2,2,3,3,3,2,0
5052,Cloud Engineer,7.57,79.6,87.6,57.9,76.5,73.5,70.0,69.5,2,3,2,0,0,1,0,0,0,0,0,0,0,0,2,0,0,0,0,0,0,0,0,1,1,0,2,0,0,0,1,0,0,0,3,2,2,1,0,3,0
5053,Cloud Engineer,7.45,86.6,75.8,59.5,74.3,64.7,80.3,69.7,3,2,0,0,0,1,1,0,0,0,1,0,0,0,0,1,0,0,0,2,1,0,0,0,0,0,0,0,0,0,0,0,1,2,2,3,3,3,3,3,0
5054,Cloud Engineer,8.35,78.1,74.6,56.6,81.3,53.3,75.2,66.6,1,2,2,1,1,1,1,1,0,1,0,0,0,1,0,0,0,0,0,0,0,0,0,0,0,1,0,0,0,0,0,0,0,0,2,2,3,3,3,3,2
5055,Cloud Engineer,7.68,87.7,73.2,61.7,73.6,71.0,89.7,74.0,2,2,2,1,1,1,1,0,0,0,1,0,0,0,0,1,0,0,0,0,0,2,0,0,1,0,0,1,0,0,0,0,1,3,0,2,3,3,2,2,0
5056,Cloud Engineer,7.16,92.5,78.6,52.0,66.3,46.0,82.3,61.7,1,1,0,0,1,1,1,1,1,0,2,0,0,0,0,2,1,0,0,0,0,0,0,0,0,0,0,0,0,0,0,0,0,2,3,1,2,3,3,2,0
5057,Cloud Engineer,7.68,82.3,87.7,61.3,68.9,70.4,71.7,68.1,1,3,0,0,1,1,0,0,0,0,0,0,1,0,0,0,0,0,1,0,0,0,1,0,2,0,0,2,0,0,0,0,0,2,2,3,3,3,1,2,0
5058,Cloud Engineer,7.8,91.0,86.8,74.8,73.8,74.3,78.9,75.4,2,2,2,1,0,1,0,0,0,1,0,0,0,0,0,0,0,0,0,0,0,0,0,2,0,0,0,0,0,0,2,2,0,1,2,2,3,3,3,3,0
5059,Cloud Engineer,8.89,81.9,90.7,56.0,82.7,67.3,84.7,72.7,3,2,0,0,0,1,1,0,0,0,0,2,0,0,0,0,0,0,1,0,0,0,0,0,0,0,0,0,0,1,1,0,0,3,2,0,1,3,3,3,0
5060,Cloud Engineer,8.24,90.5,87.1,95.6,61.3,88.4,90.8,84.0,1,2,1,1,1,1,0,1,0,0,0,0,0,0,2,0,0,0,0,0,1,0,0,0,0,0,0,0,0,0,0,0,0,3,3,2,3,1,2,2,0
5061,Cloud Engineer,6.94,85.0,74.7,79.5,65.1,54.9,69.3,67.2,3,1,2,1,0,1,0,0,0,2,0,1,1,0,2,0,0,0,0,0,0,0,0,0,0,0,0,0,0,0,0,0,0,0,3,2,3,3,1,2,0
5062,Cloud Engineer,8.65,89.9,78.5,68.0,68.1,82.2,52.6,67.7,3,2,1,1,1,1,0,1,0,0,0,0,0,0,0,0,1,0,0,0,0,0,0,0,0,0,0,0,1,1,0,0,0,2,2,2,3,0,3,2,0
5063,Cloud Engineer,7.92,79.8,86.6,64.0,80.4,53.3,66.7,66.1,3,2,3,1,1,1,0,0,0,0,0,0,0,0,0,1,0,0,0,1,0,0,0,0,0,0,2,0,2,0,0,0,0,0,0,0,2,3,2,3,1
5064,Cloud Engineer,7.57,88.2,64.3,88.1,96.7,77.0,73.1,83.7,0,2,1,1,1,1,0,1,0,0,0,0,0,0,2,0,0,0,0,0,1,2,0,0,0,0,2,0,0,0,0,0,0,2,1,2,2,2,3,3,0
5065,Cloud Engineer,7.86,78.2,74.4,63.6,88.3,52.2,75.1,69.8,2,1,1,1,0,1,1,0,0,0,0,0,0,0,1,0,0,0,0,0,0,0,0,0,1,0,1,0,0,0,1,0,0,3,0,3,1,1,0,2,0
5066,Cloud Engineer,9.08,92.3,85.6,68.7,47.9,84.9,55.3,64.2,2,2,1,0,0,1,0,0,0,0,0,1,0,0,0,0,0,0,1,2,0,0,0,0,0,0,0,0,0,0,0,0,0,3,3,1,3,0,2,2,0
5067,Cloud Engineer,8.29,67.8,72.6,60.6,63.8,57.4,69.5,62.8,2,2,1,1,1,0,0,0,1,0,0,1,2,0,0,0,0,0,0,0,0,0,0,0,0,0,0,2,0,2,2,1,0,2,0,0,0,1,0,2,0
5068,Cloud Engineer,7.1,80.3,77.3,87.9,77.2,61.9,70.0,74.2,3,1,0,0,1,1,0,0,0,0,0,0,0,0,0,0,2,0,0,0,0,0,1,0,0,0,0,0,2,1,0,0,0,3,2,1,2,2,3,3,0
5069,Cloud Engineer,7.96,87.7,92.9,57.1,62.3,54.3,72.1,61.4,3,3,1,1,1,1,0,0,1,0,0,1,0,0,0,0,2,0,0,0,0,0,0,1,0,2,0,0,0,0,0,0,0,0,2,3,2,3,2,0,0
5070,Cloud Engineer,7.85,95.0,89.6,89.7,88.6,37.3,71.0,71.7,2,2,2,1,1,1,0,0,0,0,0,0,0,0,0,0,0,0,0,1,0,0,0,0,0,0,0,0,0,0,0,0,0,3,2,3,0,0,3,2,0
5071,Cloud Engineer,7.38,91.3,95.8,93.9,66.6,68.3,71.4,75.1,4,2,2,0,1,1,0,1,0,0,0,0,0,0,0,0,0,0,0,0,0,0,0,0,0,0,0,0,0,0,0,0,0,3,3,1,2,2,3,2,0
5072,Cloud Engineer,7.6,74.7,75.6,42.8,72.0,57.4,82.7,63.7,2,2,1,1,0,1,2,0,2,0,0,0,0,0,2,0,2,0,0,0,0,0,2,0,0,0,0,0,0,0,0,0,0,2,2,2,0,2,2,2,0
5073,Cloud Engineer,7.26,82.5,85.9,69.9,79.5,54.3,61.6,66.3,3,1,1,1,1,0,0,0,1,0,0,0,0,1,2,1,0,0,0,0,0,1,0,0,0,0,0,0,0,0,1,0,0,2,2,2,3,2,3,1,2
5074,Cloud Engineer,7.14,84.1,70.9,63.6,64.9,73.2,56.4,64.5,1,1,1,1,1,0,0,1,0,0,0,1,0,0,0,0,0,0,1,0,0,0,0,2,0,1,0,1,0,1,0,0,0,3,2,3,2,3,3,2,0
5075,Cloud Engineer,7.54,93.2,90.2,82.3,67.2,73.6,90.4,78.4,1,2,2,1,1,0,1,0,0,0,0,0,0,0,0,0,0,0,0,0,0,0,0,0,0,0,0,0,0,0,0,0,0,2,3,2,2,1,0,2,0
5076,Cloud Engineer,7.7,94.2,79.2,75.3,97.7,94.5,62.7,82.5,3,2,2,0,0,1,0,0,0,0,0,0,2,0,0,0,0,0,0,0,0,0,0,1,0,1,0,0,0,2,0,0,0,2,2,2,3,2,3,3,0
5077,Cloud Engineer,7.78,83.1,73.2,85.0,87.6,53.2,76.2,75.5,2,3,1,1,1,0,0,0,0,0,0,0,1,0,0,0,0,0,0,0,1,0,1,0,2,0,0,0,0,0,0,0,0,2,2,1,2,1,0,3,0
5078,Cloud Engineer,6.99,87.7,74.1,82.5,78.0,72.2,75.0,76.9,4,2,1,1,1,1,2,0,1,0,0,1,0,0,1,0,0,0,1,0,0,0,0,0,0,0,0,0,0,0,0,0,0,2,2,3,2,3,1,3,0
5079,Cloud Engineer,7.37,73.6,77.4,100.0,73.1,62.2,87.9,81.2,2,1,1,1,1,1,0,0,0,0,0,1,0,0,0,0,0,0,0,0,0,0,0,0,0,0,1,0,1,0,1,0,0,3,1,3,2,1,1,2,1
5080,Cloud Engineer,7.41,82.6,89.3,77.4,67.0,70.7,94.3,77.4,1,2,0,0,1,0,0,0,0,0,0,0,0,0,1,0,0,0,0,0,0,0,1,0,2,0,0,0,0,0,0,1,1,3,0,3,0,3,2,3,2
5081,Cloud Engineer,7.19,77.4,86.0,79.4,92.2,70.4,45.2,71.8,1,2,2,0,0,1,0,0,0,0,1,0,0,0,0,0,1,2,0,0,0,0,1,0,0,0,2,2,0,1,0,0,0,2,2,2,2,3,2,0,0
5082,Cloud Engineer,8.17,66.7,70.7,72.4,66.8,86.7,71.5,74.3,2,2,2,0,0,1,0,1,0,1,0,2,0,0,1,0,2,0,0,1,0,0,0,0,0,0,0,0,0,0,0,0,0,2,2,3,3,3,1,3,0
5083,Cloud Engineer,7.46,83.0,84.7,85.5,62.0,39.8,73.7,65.2,3,2,1,1,1,1,3,0,0,0,1,2,0,0,0,0,0,0,1,0,1,0,0,0,0,0,1,2,0,0,0,0,0,1,2,0,2,1,3,3,0
5084,Cloud Engineer,7.67,77.1,71.1,99.0,74.6,72.5,85.1,82.8,3,2,2,1,0,1,0,0,0,0,0,0,0,0,0,0,0,0,0,0,0,0,0,0,0,0,1,0,0,0,0,1,0,3,3,2,3,3,2,0,0
5085,Cloud Engineer,7.86,71.4,75.3,58.6,92.7,77.0,91.8,80.0,1,2,0,0,0,1,2,0,0,0,0,0,0,0,0,0,2,0,0,0,0,0,0,0,1,0,0,0,0,1,1,0,0,1,3,2,1,3,2,0,0
5086,Cloud Engineer,8.82,83.6,77.9,74.5,77.7,72.9,67.6,73.2,3,1,0,0,0,0,0,0,2,0,0,0,0,1,0,0,0,2,0,0,0,0,1,0,0,1,0,0,0,0,0,0,0,2,1,3,3,2,0,0,1
5087,Cloud Engineer,6.77,86.9,81.8,62.3,83.1,54.0,76.5,69.0,2,1,3,1,1,0,0,0,0,0,0,0,1,0,0,2,0,0,0,0,0,0,0,0,0,2,0,0,0,0,0,0,0,3,2,3,1,0,3,2,0
5088,Cloud Engineer,9.34,72.5,81.2,69.8,71.3,65.3,84.9,72.8,2,2,1,1,1,1,0,0,0,0,0,0,0,0,0,0,0,0,0,0,3,0,0,0,0,0,0,0,1,0,0,0,0,2,2,3,2,2,3,0,0
5089,Cloud Engineer,7.92,77.9,82.7,60.4,63.4,68.1,80.9,68.2,1,2,3,0,1,1,2,0,0,0,0,0,0,0,1,1,0,0,1,0,1,0,0,0,1,0,1,0,0,1,0,1,0,2,0,2,2,3,2,3,0
5090,Cloud Engineer,6.16,79.8,68.9,64.2,80.6,85.0,88.4,79.6,3,2,3,1,1,1,0,2,0,1,0,0,0,1,0,1,1,0,0,0,0,2,0,1,0,0,0,0,0,0,0,0,0,2,2,3,2,2,2,2,0
5091,Cloud Engineer,6.96,80.1,92.6,48.2,74.5,63.3,77.9,66.0,4,1,3,1,1,1,0,0,0,0,0,0,0,0,0,0,0,0,0,0,0,0,0,0,0,0,0,0,0,0,1,0,0,3,3,1,3,2,2,3,0
5092,Cloud Engineer,9.0,74.9,93.4,69.3,79.6,65.1,86.9,75.2,2,2,0,0,1,0,0,1,0,0,0,0,0,0,0,0,1,1,0,0,0,0,0,0,0,0,0,1,0,0,0,0,0,3,1,0,0,3,1,2,0
5093,Cloud Engineer,7.63,78.9,83.4,69.7,70.3,61.6,82.4,71.0,2,2,3,1,1,0,0,0,0,1,0,0,0,0,0,0,0,0,3,0,0,0,0,0,0,0,2,1,0,0,0,0,0,3,3,3,3,2,0,2,2
5094,Cloud Engineer,8.39,86.6,88.9,73.6,92.8,59.8,73.4,74.9,3,3,1,1,1,1,0,0,0,0,0,0,0,0,0,0,0,0,0,0,0,0,0,2,0,0,0,0,0,1,1,0,0,2,2,2,2,2,3,2,0
5095,Cloud Engineer,8.17,86.8,66.4,80.8,92.8,70.5,73.6,79.4,0,1,0,0,1,1,2,0,1,0,0,2,0,0,0,0,0,0,0,0,0,0,0,2,0,0,0,2,0,0,2,0,0,2,1,2,2,3,2,3,0
5096,Cloud Engineer,7.92,94.7,82.7,68.6,64.4,62.4,71.2,66.7,1,3,2,1,0,1,0,0,0,0,0,0,0,0,0,0,0,0,0,3,0,0,0,1,0,0,0,0,0,0,0,0,0,3,3,3,0,3,1,3,0
5097,Cloud Engineer,8.08,79.9,83.3,72.8,69.3,84.0,82.0,77.0,3,1,1,0,0,1,0,0,1,0,0,0,0,1,2,0,0,0,0,1,0,0,0,0,0,0,0,1,0,0,0,0,2,2,0,3,0,2,1,0,0
5098,Cloud Engineer,8.72,78.4,76.0,57.5,62.4,58.5,74.8,63.3,4,1,2,1,0,1,0,1,0,0,0,0,0,0,0,0,0,0,0,0,0,1,0,0,0,0,0,0,0,0,1,0,0,2,2,3,3,1,0,1,0
5099,Cloud Engineer,7.69,76.6,78.6,65.1,93.1,66.9,81.5,76.7,1,3,1,1,1,1,0,0,0,0,0,0,0,0,0,0,0,0,0,0,0,0,0,0,0,2,0,0,1,0,0,2,0,3,2,2,1,0,2,2,2
5100,Cloud Engineer,7.4,100.0,71.3,75.2,62.5,52.6,84.5,68.7,0,2,2,1,1,1,0,0,0,0,0,1,0,0,0,0,2,0,1,0,1,0,0,0,0,0,0,0,0,0,0,0,0,1,3,0,3,0,3,1,0
5101,Cloud Engineer,5.48,89.1,79.1,76.3,98.2,76.1,88.7,84.8,1,3,2,1,0,1,1,0,0,0,0,0,0,1,0,0,0,0,2,2,0,1,0,0,0,0,2,0,0,0,0,0,1,3,0,3,3,1,2,3,0
5102,Cloud Engineer,7.32,77.8,98.2,84.8,92.6,66.2,68.5,78.0,1,3,1,1,0,1,0,0,1,0,0,0,0,0,0,0,0,0,0,0,0,0,0,0,0,0,0,0,0,0,0,0,0,3,0,2,2,2,2,0,1
5103,Cloud Engineer,6.83,74.0,95.3,72.4,60.5,70.9,74.7,69.6,3,1,0,0,1,1,0,0,0,0,3,0,1,0,0,0,0,0,1,0,0,0,0,0,0,0,0,0,1,0,0,0,0,2,3,3,3,2,1,2,1
5104,Cloud Engineer,9.55,87.2,85.6,60.9,68.3,65.2,94.2,72.1,3,2,1,1,1,1,0,0,0,0,0,0,0,0,0,0,1,0,1,2,0,0,0,0,0,0,0,1,1,0,2,0,1,0,3,2,3,1,3,3,1
5105,Cloud Engineer,7.8,92.5,60.1,82.9,94.5,78.7,73.9,82.5,3,1,0,0,1,1,0,1,0,0,1,0,0,0,0,1,0,0,0,0,0,0,0,0,0,0,1,0,0,0,0,0,0,2,0,2,1,3,2,3,0
5106,Cloud Engineer,7.68,74.7,85.1,74.5,69.8,66.5,84.7,73.9,2,2,2,1,1,1,0,0,0,1,0,0,0,0,1,0,0,0,0,0,0,0,0,0,0,0,0,0,3,0,0,0,0,3,3,3,0,2,2,2,1
5107,Cloud Engineer,8.16,81.8,76.2,94.1,94.1,85.6,88.0,90.4,3,1,2,1,0,1,0,1,0,0,1,0,0,0,0,0,2,0,0,1,0,0,0,1,0,0,0,0,0,0,0,0,0,2,3,3,3,2,2,3,0
5108,Cloud Engineer,7.31,81.2,78.6,75.5,67.5,83.1,63.6,72.4,4,2,1,0,1,1,0,0,0,0,0,0,2,0,0,0,1,0,0,1,0,2,0,0,0,0,0,0,2,0,0,0,0,2,2,2,3,2,2,2,0
5109,Cloud Engineer,8.29,90.3,78.3,65.5,96.6,58.0,80.7,75.2,2,2,0,0,1,1,0,0,0,1,0,0,0,0,0,0,0,2,0,0,0,0,0,0,0,0,0,0,0,0,0,0,0,3,3,0,0,1,0,2,1
5110,Cloud Engineer,7.07,78.4,86.2,43.4,78.3,90.7,95.1,76.9,2,1,1,0,0,1,0,0,0,0,0,0,0,2,0,0,0,0,0,0,0,1,0,0,0,0,0,0,1,0,0,0,0,3,2,3,2,3,1,1,0
5111,Cloud Engineer,8.06,77.1,77.6,72.9,77.2,56.2,80.5,71.7,1,1,1,1,1,1,0,0,0,1,0,1,0,1,0,0,0,0,0,0,0,0,0,2,0,1,0,0,0,1,2,0,0,2,3,3,3,3,0,0,0
5112,Cloud Engineer,8.19,72.6,82.6,59.7,92.5,82.3,78.1,78.2,1,1,1,1,0,1,0,0,0,0,0,0,3,0,0,0,0,0,0,0,0,0,0,0,0,0,1,0,0,0,1,0,0,1,2,3,3,3,2,3,0
5113,Cloud Engineer,6.85,91.7,65.4,39.6,61.6,52.9,85.5,59.9,2,3,2,1,1,1,0,0,0,0,0,1,0,0,0,0,0,1,0,0,0,0,0,1,0,0,1,0,0,0,0,0,1,0,0,3,3,0,3,3,0
5114,Cloud Engineer,8.0,83.1,85.2,65.9,74.8,63.6,83.1,71.8,2,3,1,1,1,1,0,0,0,0,0,0,0,0,0,0,0,1,0,1,1,0,0,0,0,0,1,0,0,0,1,1,0,1,0,0,2,2,3,3,0
5115,Cloud Engineer,7.79,81.5,73.8,76.3,64.6,57.5,68.6,66.8,3,2,1,1,1,1,1,2,0,0,0,0,0,0,0,1,0,2,0,0,0,0,0,0,0,0,0,0,0,0,0,0,2,2,0,0,1,2,3,0,0
5116,Cloud Engineer,6.76,80.4,85.8,87.8,74.6,74.8,87.3,81.1,1,2,1,1,1,1,2,0,0,0,0,0,0,0,0,0,1,0,0,0,0,0,0,0,1,0,0,0,0,0,0,0,0,2,0,1,3,3,2,0,0
5117,Cloud Engineer,6.7,89.8,77.0,61.2,93.8,63.0,71.8,72.5,2,2,2,0,1,1,0,0,1,1,0,0,2,1,0,0,0,0,0,0,0,0,0,2,0,0,0,0,0,0,1,0,0,2,2,2,3,2,2,3,0
5118,Cloud Engineer,9.33,84.6,75.9,63.2,67.1,61.8,75.5,66.9,1,2,2,0,1,1,0,0,0,0,1,0,0,0,0,0,0,2,1,0,0,0,0,0,0,0,0,0,0,0,0,0,0,3,2,2,3,3,2,0,0
5119,Cloud Engineer,7.64,89.1,85.4,78.0,70.7,82.0,68.5,74.8,2,2,0,0,1,1,0,0,0,0,0,0,0,0,0,0,0,0,0,0,1,2,0,3,0,0,0,1,3,0,0,1,1,3,0,2,0,3,3,3,0
5120,Cloud Engineer,7.86,95.3,84.0,67.8,74.7,64.6,57.6,66.2,3,2,1,0,1,1,0,0,2,0,0,0,0,0,0,0,0,2,0,0,0,0,0,0,0,0,0,0,0,0,0,0,0,2,3,1,0,3,3,2,0
5121,Cloud Engineer,6.92,73.0,82.5,74.7,64.5,73.7,83.2,74.0,3,3,2,1,1,0,0,0,0,0,1,0,0,1,0,0,1,1,0,0,2,0,1,1,0,0,0,0,0,0,0,0,0,2,1,3,3,1,0,0,0
5122,Cloud Engineer,8.64,86.7,77.0,80.2,65.1,74.4,66.5,71.6,2,3,2,0,0,1,0,0,0,0,0,0,0,0,0,0,3,0,0,0,0,0,1,0,0,0,1,1,0,0,0,0,2,2,1,0,2,3,1,3,0
5123,Cloud Engineer,8.72,88.0,79.6,61.1,64.4,69.2,63.1,64.5,3,2,2,0,1,1,0,0,0,0,0,0,0,0,0,0,0,0,0,0,0,0,0,0,0,0,0,0,0,0,0,0,1,2,3,0,2,2,2,3,0
5124,Cloud Engineer,7.98,79.6,66.7,52.9,74.9,73.1,79.4,70.1,2,2,2,1,1,1,2,0,0,1,0,0,0,0,2,0,0,0,0,0,0,1,1,0,1,0,0,0,0,0,0,0,0,3,0,1,3,2,3,2,0
5125,Cloud Engineer,9.02,83.3,88.9,89.9,76.6,78.4,70.4,78.8,2,2,2,1,1,1,0,0,2,0,0,0,0,1,0,1,0,0,0,0,0,0,0,0,0,0,1,0,0,0,1,0,1,3,1,3,3,3,1,2,0
5126,Cloud Engineer,6.71,79.5,86.4,73.8,100.0,83.2,85.6,87.0,1,2,2,0,1,1,0,0,0,0,0,0,1,0,0,0,1,0,0,1,0,0,0,0,0,0,0,0,2,0,0,0,0,2,0,2,0,1,0,2,0
5127,Cloud Engineer,8.27,75.1,77.5,86.8,71.6,77.3,59.4,73.8,2,2,2,1,1,1,0,0,0,2,3,0,0,0,0,0,0,1,0,0,0,0,0,0,0,0,2,0,1,3,0,0,0,1,0,2,3,3,2,2,0
5128,Cloud Engineer,8.99,79.5,83.7,60.1,74.6,77.8,75.3,72.0,0,2,0,0,0,1,0,0,0,0,0,0,0,0,0,0,0,0,0,0,1,0,0,0,0,0,0,0,0,0,0,0,0,1,0,2,2,2,0,3,0
5129,Cloud Engineer,6.98,80.0,67.2,80.7,86.5,85.7,70.7,80.9,3,3,3,0,0,0,1,0,0,0,0,0,1,0,1,0,1,0,0,0,0,0,0,0,0,0,0,2,0,0,0,0,0,2,0,3,1,3,0,3,0
5130,Cloud Engineer,8.04,81.4,86.5,70.0,78.6,70.7,60.3,69.9,2,3,1,1,1,1,0,0,0,0,1,2,0,0,0,3,0,0,0,0,0,0,0,0,0,0,0,0,0,0,0,2,0,2,0,0,2,3,3,2,0
5131,Cloud Engineer,7.92,87.1,86.3,69.0,86.5,67.1,76.1,74.7,3,2,0,0,1,1,0,0,0,0,0,0,0,2,0,0,0,0,0,0,0,0,1,0,0,1,0,0,0,1,0,1,0,3,1,2,3,2,2,3,0
5132,Cloud Engineer,7.99,79.6,78.5,89.5,72.5,80.0,72.3,78.6,1,1,2,1,1,1,0,0,1,0,1,2,0,0,0,0,2,0,1,1,0,0,1,0,0,0,0,0,0,0,2,0,0,1,0,2,3,0,3,2,0
5133,Cloud Engineer,6.78,86.5,61.2,62.2,70.4,85.6,85.6,76.0,2,2,0,0,0,1,0,0,0,0,0,0,0,0,0,0,0,0,0,0,0,0,0,0,0,0,0,0,0,0,0,0,0,2,0,0,2,3,3,1,0
5134,Cloud Engineer,7.56,75.3,79.4,86.6,65.1,76.7,67.0,73.8,2,2,1,0,1,0,1,1,0,2,2,0,0,0,2,0,0,0,0,0,1,1,0,0,0,0,0,1,0,2,0,0,0,1,0,2,1,3,1,3,0
5135,Cloud Engineer,7.39,87.3,71.9,74.8,89.0,70.8,72.4,76.8,3,2,1,1,0,1,0,0,0,1,1,0,0,0,0,0,1,0,0,0,0,0,1,1,0,0,0,2,0,0,0,0,0,3,0,0,3,1,2,1,0
5136,Cloud Engineer,7.33,86.6,83.8,73.9,62.0,49.2,56.3,60.4,2,2,2,1,1,1,0,0,0,0,1,0,0,0,0,2,0,2,0,2,0,0,1,2,0,0,0,1,2,0,2,0,0,2,2,2,2,3,3,3,0
5137,Cloud Engineer,6.2,80.4,83.2,72.7,72.4,63.8,95.4,76.1,1,2,0,0,0,1,0,0,0,0,0,3,0,0,0,0,0,0,0,1,0,1,0,0,0,0,0,0,0,0,0,0,0,2,3,2,2,3,0,3,0
5138,Cloud Engineer,6.88,90.6,75.1,72.6,67.2,49.9,87.7,69.4,2,2,2,1,1,1,0,0,0,0,1,0,0,0,0,0,0,0,0,0,0,1,0,1,0,0,0,0,0,0,0,0,0,0,3,2,0,0,3,3,0
5139,Cloud Engineer,7.78,78.7,90.0,80.2,75.1,79.8,80.3,78.9,2,2,2,1,0,0,0,0,0,0,3,0,0,0,0,1,1,0,0,0,0,0,0,0,0,0,0,0,3,0,0,0,1,1,3,0,1,2,3,3,0
5140,Cloud Engineer,7.3,82.7,73.2,76.0,67.0,93.0,83.5,79.9,2,1,2,1,1,0,0,0,0,0,0,0,1,0,0,0,0,0,0,0,0,0,0,0,0,0,0,0,0,0,0,1,0,3,2,3,2,3,0,3,0
5141,Cloud Engineer,7.72,74.4,100.0,84.6,66.6,51.5,77.7,70.1,2,3,0,0,1,1,0,0,0,2,0,0,0,0,0,0,0,0,0,0,0,0,0,1,0,0,0,2,0,0,1,0,3,3,2,3,0,1,3,3,0
5142,Cloud Engineer,7.31,81.9,75.1,78.3,70.0,55.4,81.2,71.2,1,3,0,0,1,1,0,0,0,1,0,0,0,0,0,0,1,0,0,0,0,0,0,0,0,1,0,0,2,0,0,0,1,3,2,2,1,2,2,3,0
5143,Cloud Engineer,8.31,84.1,79.7,86.6,57.7,63.6,84.9,73.2,3,2,0,0,1,0,3,0,0,0,0,0,0,0,0,0,0,0,0,0,0,0,0,0,0,0,0,0,0,0,0,0,2,2,3,0,2,2,3,1,0
5144,Cloud Engineer,8.84,81.1,80.8,53.8,55.1,92.9,57.9,64.9,2,2,2,1,1,0,0,0,0,1,1,0,0,0,0,0,0,0,1,2,0,0,0,0,0,0,2,0,0,0,0,0,2,3,0,0,0,0,3,1,0
5145,Cloud Engineer,6.72,86.5,69.7,66.6,92.4,35.9,78.2,68.3,3,2,2,0,1,1,0,0,0,0,1,0,0,0,0,2,0,0,0,0,0,0,0,0,0,0,0,1,0,0,0,0,0,3,3,1,2,1,2,0,0
5146,Cloud Engineer,6.72,88.7,82.6,57.4,51.2,51.7,100.0,65.4,3,3,2,0,1,1,0,0,0,0,0,0,0,0,0,0,0,0,0,0,1,0,0,0,0,0,0,0,1,0,0,0,0,2,2,0,2,2,2,3,0
5147,Cloud Engineer,8.38,85.3,65.7,98.1,64.6,70.5,67.9,75.3,2,3,0,0,0,0,0,0,0,0,0,0,1,0,0,0,0,0,1,0,0,1,0,0,0,0,0,0,0,1,0,0,0,2,2,2,0,3,0,0,0
5148,Cloud Engineer,7.39,76.6,86.3,52.1,83.7,61.2,72.8,67.5,3,2,1,1,0,0,0,0,1,0,0,0,1,2,0,0,0,0,0,1,0,1,1,0,0,0,0,0,0,0,0,0,0,2,2,1,2,2,3,1,0
5149,Cloud Engineer,8.0,89.9,82.1,82.6,82.0,71.8,76.0,78.1,2,1,1,1,0,1,0,0,0,0,0,2,0,0,0,0,0,0,0,0,0,0,1,0,0,0,1,1,0,0,0,0,0,3,3,2,2,3,2,0,0
5150,Cloud Engineer,6.85,81.9,67.1,87.0,67.7,54.7,67.6,69.2,3,2,0,0,1,1,0,0,0,0,0,0,0,0,0,0,0,0,0,0,0,1,0,0,0,0,0,0,1,0,0,0,0,3,1,3,0,3,3,2,0
5151,Cloud Engineer,5.81,80.4,85.9,71.6,59.9,77.0,53.4,65.5,3,2,1,1,0,0,0,0,0,0,0,0,0,0,0,0,0,1,0,0,1,0,0,0,2,0,0,0,0,0,0,0,0,2,2,2,2,0,0,3,0
5152,Cloud Engineer,8.63,87.5,87.2,63.9,60.6,59.4,80.6,66.1,0,2,3,0,1,1,1,0,2,0,0,0,0,2,0,0,0,0,0,0,0,0,0,0,0,0,0,0,0,0,0,0,0,1,3,3,2,2,0,2,0
5153,Cloud Engineer,8.36,79.8,83.8,45.0,75.6,63.2,60.4,61.1,2,3,0,0,0,0,0,0,0,0,1,0,0,0,0,0,0,1,0,1,0,0,0,0,0,2,0,0,0,1,0,0,0,0,1,3,2,0,3,2,0
5154,Cloud Engineer,8.23,86.2,77.3,38.9,90.5,84.6,74.4,72.1,2,3,0,0,1,1,0,0,0,0,0,2,0,2,0,0,0,2,0,0,0,0,0,1,0,0,0,0,1,0,0,0,0,3,1,1,1,3,2,3,0
5155,Cloud Engineer,8.61,75.3,75.8,92.7,78.5,66.3,75.3,78.2,2,1,1,1,1,1,3,0,0,3,0,0,2,0,0,0,1,0,0,0,0,0,0,0,0,0,0,0,0,0,1,0,0,2,2,1,1,3,0,1,0
5156,Cloud Engineer,6.88,75.9,77.0,61.4,78.4,64.2,67.6,67.9,2,3,2,1,1,1,0,0,0,0,0,0,0,0,0,1,0,0,0,0,1,0,0,0,0,0,0,0,0,1,0,0,0,3,2,1,0,2,2,1,0
5157,Cloud Engineer,7.61,88.8,73.4,64.7,63.4,77.9,60.1,66.5,2,2,2,1,1,1,0,0,0,1,0,0,2,2,0,0,0,0,0,0,0,0,0,0,0,0,0,1,1,0,0,0,0,3,3,0,2,0,3,2,0
5158,Cloud Engineer,8.59,85.5,78.1,74.7,59.5,56.5,75.8,66.6,0,2,2,1,1,1,0,0,0,0,0,0,0,0,0,0,0,2,0,0,1,0,0,0,0,0,0,0,1,1,0,0,0,2,2,2,0,3,3,1,0
5159,Cloud Engineer,8.1,86.4,65.0,80.7,73.5,76.5,77.1,76.9,1,3,2,1,1,1,0,0,0,0,0,1,1,0,0,0,0,0,0,0,1,0,0,0,1,0,1,0,0,0,0,0,0,0,3,1,1,2,1,1,0
5160,Cloud Engineer,7.3,74.8,79.5,83.7,75.7,82.2,72.0,78.4,2,2,2,1,1,1,0,0,0,0,0,0,0,0,0,0,0,0,0,0,0,0,0,0,0,1,0,0,0,0,0,0,1,2,3,3,3,1,2,2,0
5161,Cloud Engineer,7.13,86.2,80.4,66.8,80.5,73.5,66.1,71.7,2,2,2,1,0,1,0,0,0,0,0,1,0,0,0,1,0,0,0,1,1,0,0,0,2,0,0,0,0,1,2,0,0,3,3,3,3,2,2,3,0
5162,Cloud Engineer,8.03,85.9,93.0,70.2,58.6,73.5,70.0,68.1,3,3,1,0,1,1,0,0,0,0,0,0,2,1,0,0,0,0,0,0,0,1,0,1,0,0,0,0,0,0,1,0,0,2,0,3,3,2,3,2,0
5163,Cloud Engineer,8.1,73.0,72.8,75.9,64.2,64.5,87.8,73.1,1,2,0,0,1,0,0,0,0,0,0,0,0,0,0,2,1,0,0,0,0,0,0,2,0,0,0,0,1,0,0,0,0,3,2,2,2,3,0,3,0
5164,Cloud Engineer,7.85,74.6,95.2,76.2,74.1,67.0,68.1,71.3,1,2,1,0,1,1,1,0,0,0,0,0,0,0,0,0,3,1,0,0,2,0,0,0,0,0,0,0,0,0,1,0,0,3,0,1,2,0,2,2,0
5165,Cloud Engineer,7.71,77.3,81.7,48.4,69.7,56.7,67.7,60.6,1,3,2,0,1,1,0,0,0,1,0,0,0,0,0,1,1,1,0,0,0,0,0,0,0,1,0,0,0,0,0,0,0,3,2,3,2,1,2,2,0
5166,Cloud Engineer,6.28,83.0,76.5,72.8,80.8,62.0,48.6,66.0,1,2,2,1,0,1,0,1,0,0,0,2,1,1,0,0,0,0,0,0,0,0,2,0,1,0,0,0,0,0,0,0,0,3,1,3,3,3,3,3,0
5167,Cloud Engineer,8.8,72.5,75.6,56.6,65.4,59.0,52.9,58.5,2,2,1,0,1,1,0,0,0,0,0,0,0,0,0,0,0,1,0,0,0,0,1,0,0,0,0,2,0,1,0,0,0,3,3,2,1,3,3,1,0
5168,Cloud Engineer,8.41,71.2,95.0,70.2,66.1,56.6,72.6,66.4,3,1,1,0,1,1,0,0,0,0,0,0,0,0,1,0,1,2,1,0,0,0,0,0,0,0,0,0,0,0,0,0,0,2,2,0,3,3,2,0,0
5169,Cloud Engineer,8.13,70.6,83.7,50.4,64.1,65.2,67.7,61.8,1,2,2,1,1,1,0,0,0,0,0,0,0,0,0,0,2,0,0,0,0,0,0,1,1,0,0,1,2,0,0,0,0,2,2,3,2,3,2,3,0
5170,Cloud Engineer,8.12,87.9,76.8,71.5,65.7,86.2,75.5,74.7,3,3,2,0,1,1,0,0,0,0,0,0,0,0,0,1,1,0,0,0,0,0,0,0,0,0,0,0,0,2,1,0,0,2,3,3,1,2,3,2,0
5171,Cloud Engineer,6.63,76.2,79.3,88.8,68.5,84.2,86.9,82.1,2,2,2,1,0,0,0,0,2,2,0,0,0,0,2,0,0,0,1,0,0,0,0,0,0,1,0,0,0,0,0,2,0,0,0,1,2,0,2,1,2
5172,Cloud Engineer,6.99,74.7,75.5,62.8,87.2,99.6,83.5,83.3,2,2,2,1,1,1,1,0,0,0,0,0,0,0,2,2,0,2,1,0,0,0,0,0,0,0,1,0,0,0,0,0,0,1,2,3,3,3,3,2,1
5173,Cloud Engineer,7.94,74.4,77.2,74.9,61.2,87.4,78.6,75.5,3,1,1,1,1,1,0,0,2,0,1,0,2,0,0,0,0,0,3,0,0,1,0,0,0,0,1,0,0,0,0,0,0,3,2,3,1,0,2,0,0
5174,Cloud Engineer,7.47,83.7,91.3,67.2,93.9,49.6,79.0,72.4,3,2,0,0,0,1,1,0,0,0,0,0,0,0,0,0,0,0,1,0,0,0,0,1,0,0,0,0,1,0,0,0,0,2,3,3,2,3,1,3,0
5175,Cloud Engineer,8.74,89.5,89.4,60.5,100.0,88.3,58.2,77.6,2,2,1,0,1,0,0,0,0,0,2,0,0,0,0,0,0,0,0,0,0,0,0,0,0,2,0,0,0,0,0,0,1,2,2,3,3,3,2,2,0
5176,Cloud Engineer,7.29,81.6,61.8,87.3,77.8,56.4,98.7,80.0,2,3,1,1,1,1,2,0,0,0,0,0,1,0,0,0,0,0,1,0,0,0,0,0,0,0,0,0,1,0,0,0,2,2,0,3,1,3,0,3,0
5177,Cloud Engineer,8.17,85.9,80.5,86.0,93.7,62.8,81.4,81.0,4,3,1,1,1,1,0,0,0,0,0,0,0,0,1,0,2,0,0,0,0,1,0,0,0,1,0,2,0,0,0,0,0,2,3,3,3,0,2,2,0
5178,Cloud Engineer,7.7,90.0,76.4,71.6,62.6,66.2,69.8,67.5,1,1,1,0,1,1,0,0,0,0,0,1,1,0,0,0,0,0,1,1,0,0,1,0,0,1,1,0,0,0,0,0,1,2,2,2,2,2,3,1,0
5179,Cloud Engineer,6.58,80.7,81.4,76.5,62.5,67.4,71.5,69.5,3,2,2,1,1,1,0,1,0,1,0,0,0,0,0,0,0,0,0,0,2,0,0,1,0,0,0,0,0,0,0,0,0,2,1,3,2,3,2,2,0
5180,Cloud Engineer,8.04,77.6,79.7,74.3,67.4,56.0,75.4,68.3,2,2,1,1,1,1,0,0,0,0,0,0,0,0,0,0,1,0,0,0,1,0,0,0,0,0,0,0,2,0,0,0,0,3,2,3,0,0,3,3,0
5181,Cloud Engineer,6.92,88.7,92.5,65.8,85.4,76.1,80.3,76.9,2,3,0,0,1,1,1,0,0,0,0,0,1,0,0,0,0,0,0,0,1,0,2,0,0,0,0,0,0,0,0,0,0,3,1,0,3,3,1,2,0
5182,Cloud Engineer,6.69,80.6,86.2,83.4,67.3,60.4,65.3,69.1,1,1,2,1,1,1,0,0,0,0,0,0,1,2,0,0,0,0,0,3,0,0,0,0,0,0,0,0,0,0,0,0,0,3,1,3,2,2,1,0,0
5183,Cloud Engineer,6.94,76.1,72.2,54.0,61.1,73.2,74.3,65.7,3,2,2,1,0,1,1,0,0,0,0,0,0,0,0,0,0,2,0,0,0,0,0,0,0,0,0,0,0,0,0,0,0,1,3,3,1,1,2,3,0
5184,Cloud Engineer,7.4,76.2,89.1,83.8,63.6,72.9,100.0,80.5,2,3,1,1,0,1,0,0,1,0,0,0,0,0,0,0,1,0,0,0,0,0,2,1,0,1,0,0,0,0,0,0,1,0,1,2,0,0,3,1,0
5185,Cloud Engineer,7.38,88.5,76.2,57.7,86.5,78.6,64.7,71.9,3,2,2,1,1,1,0,0,0,0,0,0,1,0,0,0,0,1,0,0,1,0,0,0,2,0,0,0,0,0,1,0,0,2,0,0,0,3,2,3,0
5186,Cloud Engineer,7.2,79.5,83.8,60.5,84.1,68.8,83.8,74.3,2,1,2,1,1,0,0,0,1,0,0,0,0,0,0,0,0,1,0,1,0,0,0,1,0,0,0,0,0,0,0,0,0,1,2,0,3,2,1,3,2
5187,Cloud Engineer,8.45,89.1,78.0,64.6,74.0,61.9,90.1,72.7,1,2,1,1,1,1,0,0,0,0,0,0,0,2,0,0,0,0,0,0,0,0,0,0,0,0,0,0,1,0,0,0,0,1,0,3,2,1,2,0,1
5188,Cloud Engineer,7.62,90.8,88.1,88.9,63.6,63.5,79.1,73.8,4,3,1,1,1,0,0,0,0,0,0,0,0,0,0,0,0,1,0,1,2,0,0,0,0,0,0,0,0,0,0,0,1,2,2,3,2,2,2,1,0
5189,Cloud Engineer,7.13,93.2,83.3,94.3,90.3,72.8,82.6,85.0,2,2,1,0,1,1,0,0,0,1,0,0,1,0,0,0,0,0,2,0,0,0,0,0,0,0,0,0,0,1,0,0,0,2,1,2,1,2,2,1,0
5190,Cloud Engineer,7.87,75.9,77.0,83.9,62.1,58.5,63.6,67.0,2,2,2,1,1,1,1,0,0,0,0,0,1,1,2,0,0,1,0,1,0,0,0,0,1,0,0,0,1,0,0,1,2,2,0,3,0,2,0,2,0
5191,Cloud Engineer,7.63,80.6,78.9,55.4,76.8,88.1,76.8,74.3,2,2,1,0,0,1,0,0,0,0,0,0,1,1,0,1,0,0,0,0,1,0,0,0,0,0,0,0,0,0,2,3,0,3,3,1,2,0,3,2,0
5192,Cloud Engineer,7.51,77.5,73.6,75.6,64.3,69.6,73.3,70.7,2,3,1,1,1,1,0,0,0,0,0,1,0,0,0,1,0,0,0,0,2,0,0,0,1,0,0,0,0,1,0,0,0,3,3,0,2,1,2,3,0
5193,Cloud Engineer,7.16,80.2,82.4,76.5,83.4,56.8,64.1,70.2,2,3,0,0,1,1,0,0,0,0,1,0,1,0,0,0,0,0,1,0,0,0,1,1,0,2,0,0,0,0,0,0,0,3,2,0,1,3,3,2,0
5194,Cloud Engineer,9.07,78.5,89.6,77.6,64.3,61.0,88.1,72.8,2,1,2,0,0,1,0,0,0,0,0,0,0,1,0,0,0,0,0,0,0,0,0,0,0,0,0,2,0,0,0,0,0,3,2,3,2,0,2,2,0
5195,Cloud Engineer,8.12,90.4,72.3,70.1,55.3,85.5,77.2,72.0,3,3,1,0,1,0,0,0,0,0,0,0,0,0,0,0,0,2,0,0,0,0,0,0,0,0,0,0,0,0,0,0,0,3,3,2,3,3,3,3,0
5196,Cloud Engineer,7.7,86.5,83.0,88.6,54.1,64.3,67.8,68.7,2,2,1,0,1,1,0,2,0,0,0,0,2,0,2,0,0,0,0,1,0,0,1,2,0,0,0,0,0,0,0,0,0,3,3,2,3,2,0,3,0
5197,Cloud Engineer,7.42,74.0,82.8,59.7,71.0,64.8,72.8,67.1,0,1,2,0,1,1,0,0,0,0,1,0,0,0,0,0,0,0,0,0,0,0,0,0,0,0,0,0,0,1,0,0,0,2,1,2,1,1,3,3,0
5198,Cloud Engineer,7.24,82.1,80.9,76.5,62.2,80.6,70.9,72.5,4,2,1,1,1,1,0,0,0,0,0,0,0,0,0,0,0,0,0,1,0,0,0,0,3,2,0,0,0,0,0,0,1,2,3,3,0,2,3,3,0
5199,Cloud Engineer,7.82,80.2,88.8,60.1,56.0,50.8,96.1,65.8,1,2,2,0,1,1,0,0,0,0,0,2,0,0,0,0,0,0,0,0,1,0,0,0,1,0,0,0,0,0,0,1,0,3,0,0,2,2,2,0,0
5200,Cloud Engineer,8.02,78.1,63.1,74.7,71.4,61.6,74.0,70.4,2,2,0,0,0,1,0,0,2,0,0,0,0,0,0,0,0,0,1,0,1,0,0,0,0,0,0,0,1,0,2,0,0,3,3,0,2,3,2,2,0
5201,Cloud Engineer,8.42,94.3,76.9,69.8,83.3,62.3,75.4,72.7,3,2,2,1,0,1,2,1,0,0,0,1,0,0,0,0,1,0,0,0,0,0,0,0,0,0,0,1,0,0,0,0,0,3,1,3,2,1,3,2,0
5202,Cloud Engineer,7.23,92.1,95.7,85.2,82.0,47.8,61.6,69.2,3,2,0,0,1,1,0,0,2,0,0,0,0,0,0,0,1,2,0,0,0,0,0,0,0,0,1,0,0,0,0,0,0,1,2,2,2,2,2,1,0
5203,Cloud Engineer,8.96,71.4,81.6,74.2,75.1,81.4,71.5,75.6,4,3,1,1,1,1,0,0,0,0,0,0,0,0,1,0,0,0,2,1,1,0,0,0,0,0,0,0,0,0,1,0,0,3,3,2,2,3,1,3,0
5204,Cloud Engineer,7.99,98.2,78.2,83.5,80.6,61.2,73.2,74.6,1,3,3,1,1,0,0,1,1,0,0,0,0,0,0,1,0,0,0,0,0,0,0,0,0,0,0,0,0,0,0,0,0,2,3,1,3,3,2,3,1
5205,Cloud Engineer,8.81,100.0,75.5,95.4,66.8,68.7,77.6,77.1,3,1,1,1,1,0,1,0,0,0,0,0,0,0,0,1,1,0,0,0,0,0,0,0,0,0,0,0,0,0,0,0,0,1,2,0,2,3,3,3,0
5206,Cloud Engineer,8.01,90.8,82.0,62.9,81.6,52.6,77.6,68.7,2,2,0,0,0,1,0,1,0,0,0,0,0,0,1,0,0,0,0,0,0,0,0,0,0,0,0,1,0,0,0,0,0,3,1,2,3,1,1,3,0
5207,Cloud Engineer,8.11,85.2,85.6,59.9,72.2,84.7,82.8,74.9,1,1,1,0,1,0,0,1,0,1,2,2,0,0,0,1,0,0,0,0,0,0,0,1,0,1,0,0,0,0,0,0,0,2,1,0,3,3,2,2,0
5208,Cloud Engineer,8.63,81.7,83.0,53.7,91.8,82.8,83.3,77.9,2,2,0,0,1,1,2,2,0,0,1,0,0,0,0,0,0,0,0,0,0,2,1,0,0,0,0,0,0,0,0,0,0,3,3,1,2,2,2,3,0
5209,Cloud Engineer,9.19,72.3,71.9,64.5,82.5,68.1,74.3,72.3,3,1,1,1,1,1,0,0,0,0,0,0,0,0,0,0,0,0,0,0,0,2,0,2,0,0,0,0,0,0,1,0,2,3,3,2,2,3,2,2,0
5210,Cloud Engineer,7.55,91.4,65.4,85.3,81.8,61.7,59.8,72.2,2,2,1,1,1,1,0,0,1,1,0,0,0,0,1,0,0,0,0,0,0,0,0,0,0,0,0,0,0,0,0,2,0,0,0,3,0,1,3,3,0
5211,Cloud Engineer,7.4,84.7,78.7,82.1,75.2,58.1,76.9,73.1,3,3,0,0,1,1,0,1,2,0,0,1,0,0,2,0,0,0,0,0,0,0,0,0,0,0,0,1,0,0,0,0,0,3,3,0,3,2,3,3,0
5212,Cloud Engineer,7.11,81.1,78.1,73.8,70.0,91.0,62.4,74.3,2,2,2,0,0,1,0,1,1,0,0,1,0,0,0,0,0,0,0,0,0,0,0,0,1,0,0,0,0,0,0,0,0,3,3,1,3,3,1,2,0
5213,Cloud Engineer,7.61,80.0,83.5,77.3,77.8,68.5,89.6,78.3,2,3,1,1,1,1,0,0,0,2,0,0,0,2,0,0,0,0,0,0,0,2,0,0,1,0,0,0,0,0,1,0,0,1,2,1,3,2,3,3,0
5214,Cloud Engineer,7.88,78.6,83.8,87.8,73.5,51.1,65.3,69.4,2,2,2,1,1,0,1,0,0,0,0,0,0,0,0,0,0,1,0,1,1,0,0,0,0,0,0,2,0,0,2,0,0,3,3,2,0,2,1,2,0
5215,Cloud Engineer,7.08,74.1,71.7,81.8,69.6,73.9,76.3,75.4,3,3,3,1,1,0,0,0,1,0,0,0,0,0,0,0,0,0,0,0,2,0,0,0,2,0,2,0,0,0,0,0,0,1,1,3,1,1,0,3,0
5216,Cloud Engineer,6.46,79.0,92.8,93.8,65.2,86.7,68.3,78.5,3,1,0,0,1,1,0,0,0,0,0,0,1,0,0,0,0,0,0,0,0,0,0,0,0,0,0,0,0,0,2,0,0,3,2,1,2,3,3,2,0
5217,Cloud Engineer,6.95,85.3,73.6,75.9,77.7,55.9,77.2,71.7,3,3,1,0,0,1,0,0,0,0,0,0,0,0,0,0,0,0,0,0,0,0,0,0,1,0,0,0,0,0,0,0,0,2,0,2,3,3,2,1,1
5218,Cloud Engineer,9.16,82.2,74.2,63.3,73.1,74.1,87.0,74.4,2,3,1,1,1,1,0,0,0,0,0,0,0,0,0,0,0,0,0,0,0,1,0,0,1,0,0,0,0,0,0,0,0,2,3,2,1,3,2,3,0
5219,Cloud Engineer,7.39,86.2,74.9,61.8,76.6,67.4,61.4,66.8,3,1,2,1,1,1,0,0,0,0,0,0,0,0,0,0,0,1,0,0,0,0,0,0,0,0,0,0,0,0,0,0,0,2,2,1,3,3,3,3,1
5220,Cloud Engineer,8.9,76.4,79.7,76.5,73.3,66.5,81.5,74.5,0,3,1,0,1,1,0,0,0,0,0,0,0,0,0,0,0,0,0,0,0,0,0,0,0,0,0,0,0,1,0,0,0,3,0,3,0,3,3,2,0
5221,Cloud Engineer,8.27,82.5,84.4,68.4,60.3,71.8,73.0,68.4,4,1,1,0,1,0,2,0,0,0,0,1,0,0,0,0,2,0,1,0,0,0,1,0,0,0,0,0,0,0,0,0,0,3,3,3,2,2,2,3,0
5222,Cloud Engineer,7.6,72.2,72.3,48.3,68.4,69.6,59.8,61.5,3,1,1,1,0,1,0,0,1,0,0,1,0,0,0,0,0,3,0,0,1,0,0,0,0,0,0,0,1,0,0,0,0,3,0,2,3,1,2,2,0
5223,Cloud Engineer,8.08,72.8,74.2,59.4,92.4,55.6,82.7,72.5,1,1,1,1,1,1,0,0,1,0,0,0,0,0,0,0,0,0,1,0,0,0,0,0,0,0,0,0,0,2,0,0,0,3,2,2,2,1,3,3,0
5224,Cloud Engineer,7.74,83.1,87.5,51.1,76.8,67.9,88.7,71.1,1,2,0,0,1,1,0,1,0,0,0,0,0,0,0,0,0,0,0,0,0,0,0,0,0,0,0,0,0,0,0,3,0,2,3,3,0,3,3,3,0
5225,Cloud Engineer,7.25,73.1,87.2,80.2,77.8,56.0,71.3,71.3,1,2,2,0,0,1,0,0,2,0,0,0,0,0,0,0,0,2,1,0,0,0,0,0,0,2,0,2,1,0,0,0,1,2,3,2,3,2,2,1,0
5226,Cloud Engineer,8.25,85.6,87.3,70.8,66.6,75.6,63.5,69.1,1,1,3,1,1,1,0,0,0,0,0,1,0,0,0,0,1,0,1,1,0,0,0,0,1,1,0,0,1,0,0,0,0,0,1,2,1,0,3,2,1
5227,Cloud Engineer,7.79,90.7,86.2,73.1,65.6,65.5,83.3,71.9,2,1,2,1,0,1,0,0,0,2,0,0,0,1,0,0,0,0,0,0,1,2,0,0,0,0,0,0,1,0,0,0,0,0,3,2,3,0,3,0,0
5228,Cloud Engineer,9.06,81.6,77.9,61.0,79.9,52.3,66.2,64.8,0,2,1,1,1,1,0,1,0,0,0,0,0,0,0,0,0,0,1,2,0,1,0,2,0,0,1,0,0,0,2,0,0,2,2,2,1,0,3,2,0
5229,Cloud Engineer,7.3,73.4,89.1,76.3,67.5,62.2,77.3,70.8,1,2,1,1,1,1,0,0,0,1,0,0,0,0,0,0,1,0,0,0,0,0,0,0,0,0,0,0,0,0,0,0,0,3,0,0,0,0,2,1,0
5230,Cloud Engineer,7.51,89.0,80.6,77.6,76.2,76.4,85.7,79.0,4,3,2,1,0,1,0,0,0,0,0,2,0,1,0,2,2,0,0,2,0,0,0,2,0,0,0,0,0,0,0,0,0,3,3,3,1,3,2,3,0
5231,Cloud Engineer,8.19,87.0,86.0,82.4,86.1,87.1,87.2,85.7,2,3,1,1,1,0,1,0,0,0,0,0,0,0,0,0,1,0,0,1,0,0,0,0,2,0,0,0,0,0,0,1,0,2,2,0,3,3,0,2,0
5232,Cloud Engineer,7.59,93.9,87.1,67.6,65.8,80.4,82.4,74.0,2,2,1,1,1,1,0,0,0,0,0,0,2,0,0,0,0,0,0,1,0,0,0,0,0,0,0,2,1,0,0,2,0,2,0,3,2,3,2,2,0
5233,Cloud Engineer,7.37,83.9,92.7,71.9,84.0,78.6,75.4,77.5,1,2,1,1,1,1,0,0,0,0,0,0,0,0,0,0,0,0,0,0,0,1,0,0,0,0,0,0,0,1,0,0,0,2,2,1,3,3,3,1,0
5234,Cloud Engineer,8.16,78.4,84.3,69.2,68.0,63.5,83.2,71.0,1,1,1,1,1,1,0,0,0,0,0,2,0,0,0,0,0,0,1,0,0,0,0,0,0,0,0,0,0,0,0,0,0,0,3,3,1,0,1,2,0
5235,Cloud Engineer,7.75,84.2,98.2,78.0,65.2,69.3,73.3,71.5,2,2,1,0,1,1,0,0,0,0,2,1,1,0,0,0,0,0,0,0,0,0,0,0,0,1,1,0,0,0,0,0,0,3,1,3,3,2,2,2,0
5236,Cloud Engineer,7.85,85.9,86.8,68.8,65.6,77.7,90.8,75.7,2,3,2,1,0,0,0,0,0,0,0,0,0,0,0,0,0,0,0,0,0,0,0,0,0,0,0,0,0,0,0,1,0,2,0,3,3,3,3,3,0
5237,Cloud Engineer,6.45,79.3,89.5,84.8,72.4,58.2,74.3,72.4,4,2,1,1,1,1,2,0,0,0,0,0,0,0,0,0,0,0,0,0,0,0,0,0,0,0,0,0,0,0,0,0,0,2,2,3,1,2,1,3,0
5238,Cloud Engineer,7.71,88.8,84.2,45.9,45.8,81.6,74.6,62.0,2,1,3,1,0,1,0,0,0,0,0,0,0,0,0,0,0,0,0,0,0,0,0,0,0,0,0,0,0,0,1,0,0,2,3,2,3,2,0,3,1
5239,Cloud Engineer,7.42,81.2,72.4,65.7,95.4,82.1,73.8,79.2,2,2,3,0,1,1,1,0,0,0,0,0,0,0,1,0,0,0,1,0,0,0,0,0,0,0,0,0,3,1,0,0,0,3,3,3,0,0,2,2,0
5240,Cloud Engineer,7.56,76.3,82.1,81.8,75.3,77.6,78.0,78.2,3,2,2,1,1,1,0,0,0,1,0,0,0,0,0,0,0,1,0,2,0,0,0,0,0,0,0,0,0,0,1,0,0,3,3,0,2,2,2,2,0
5241,Cloud Engineer,7.71,78.8,74.8,68.8,66.0,50.8,87.0,68.2,2,2,1,0,1,1,1,1,0,0,1,0,0,0,0,0,1,0,0,2,1,0,0,1,0,1,0,1,1,0,0,0,0,0,2,3,3,0,0,0,0
5242,Cloud Engineer,8.82,84.5,90.2,86.8,83.8,59.6,46.3,69.1,3,2,1,0,1,1,0,0,2,0,1,0,1,0,0,0,1,0,0,0,0,0,0,2,0,0,0,0,0,0,0,0,0,3,1,2,2,3,3,3,2
5243,Cloud Engineer,6.62,77.3,81.5,81.0,67.2,67.5,81.9,74.4,2,1,2,1,1,1,1,0,0,1,0,0,0,0,0,0,0,0,0,0,0,0,0,0,0,0,0,0,0,0,0,0,0,0,3,1,2,2,2,3,2
5244,Cloud Engineer,8.09,93.1,84.3,92.3,86.4,64.9,77.9,80.4,1,3,0,0,1,1,0,0,0,0,0,0,0,0,0,0,0,2,2,0,0,0,0,0,0,1,0,0,0,0,2,0,0,2,0,3,0,1,1,2,0
5245,Cloud Engineer,7.81,76.4,74.3,70.1,64.2,68.9,51.4,63.7,2,3,1,0,0,1,0,0,0,0,0,0,0,1,0,2,0,0,0,0,0,0,0,0,0,0,0,2,0,0,0,0,0,2,2,3,1,2,3,3,0
5246,Cloud Engineer,7.43,86.5,79.7,92.3,91.6,74.9,76.0,83.7,4,3,3,0,1,1,0,0,0,1,0,0,0,0,0,0,0,0,0,0,1,1,0,0,0,0,0,0,0,1,1,0,0,3,3,2,2,2,3,2,0
5247,Cloud Engineer,8.72,83.0,81.5,71.1,69.5,61.1,71.3,68.2,2,3,1,1,1,0,0,1,0,0,0,0,0,0,0,0,0,1,0,0,0,0,0,0,0,0,0,1,0,0,0,0,0,3,3,3,0,3,3,1,0
5248,Cloud Engineer,7.82,80.0,79.2,84.0,60.4,69.9,80.5,73.7,1,2,1,1,1,0,0,2,1,0,0,0,0,1,0,0,0,0,0,0,0,0,1,0,1,2,1,0,0,0,0,0,0,0,2,0,2,2,2,2,0
5249,Cloud Engineer,8.27,84.4,78.0,82.5,93.3,53.7,68.7,74.5,1,1,1,0,1,0,0,0,0,1,0,0,0,0,0,1,0,1,0,0,0,0,0,0,0,0,0,0,0,0,0,0,0,2,1,0,2,3,3,2,1
5250,Cloud Engineer,8.92,98.6,90.5,62.9,71.7,65.8,54.1,63.6,3,2,1,1,0,0,1,0,1,0,0,0,1,0,0,0,0,0,0,1,0,1,0,0,0,0,0,0,0,0,2,0,0,1,1,2,2,3,2,0,0
