[2026-07-30 14:33:26] [WARNING] [EarthVisionX:geospatial.py:19] - Rasterio not installed; falling back to OpenCV/PIL for satellite raster reading.
[2026-07-30 14:35:09] [WARNING] [EarthVisionX:geospatial.py:19] - Rasterio not installed; falling back to OpenCV/PIL for satellite raster reading.
[2026-07-30 14:35:38] [WARNING] [EarthVisionX:geospatial.py:19] - Rasterio not installed; falling back to OpenCV/PIL for satellite raster reading.
[2026-07-30 14:36:31] [WARNING] [EarthVisionX:geospatial.py:19] - Rasterio not installed; falling back to OpenCV/PIL for satellite raster reading.
[2026-07-30 14:36:36] [INFO] [EarthVisionX:db.py:28] - Database initialized successfully at: sqlite:///C:\Project\Earth Vision X An Explainable Foundation AI Platform for Multi-Temporal Environmental Change Detection Using Vision Transformers, Satellite Imagery, and Geospatial Intelligence\Code\earth_vision_x.db
[2026-07-30 14:36:36] [INFO] [EarthVisionX:infer.py:32] - No input image pair specified. Generating synthetic benchmark sample...
[2026-07-30 14:36:36] [INFO] [EarthVisionX:sample_downloader.py:74] - Generated 1 benchmark bitemporal satellite sample pairs in C:\Project\Earth Vision X An Explainable Foundation AI Platform for Multi-Temporal Environmental Change Detection Using Vision Transformers, Satellite Imagery, and Geospatial Intelligence\Code\datasets\sample_sentinel2
[2026-07-30 14:36:36] [INFO] [EarthVisionX:infer.py:38] - Running inference on pair: C:\Project\Earth Vision X An Explainable Foundation AI Platform for Multi-Temporal Environmental Change Detection Using Vision Transformers, Satellite Imagery, and Geospatial Intelligence\Code\datasets\sample_sentinel2\time1\sample_001_t1.png vs C:\Project\Earth Vision X An Explainable Foundation AI Platform for Multi-Temporal Environmental Change Detection Using Vision Transformers, Satellite Imagery, and Geospatial Intelligence\Code\datasets\sample_sentinel2\time2\sample_001_t2.png
[2026-07-30 14:36:36] [INFO] [EarthVisionX:factory.py:26] - Instantiating model architecture: 'ViT-Base Siamese' (Pretrained=True)
[2026-07-30 14:37:03] [WARNING] [EarthVisionX:geospatial.py:19] - Rasterio not installed; falling back to OpenCV/PIL for satellite raster reading.
[2026-07-30 14:41:57] [WARNING] [EarthVisionX:geospatial.py:19] - Rasterio not installed; falling back to OpenCV/PIL for satellite raster reading.
[2026-07-30 14:42:00] [INFO] [EarthVisionX:db.py:28] - Database initialized successfully at: sqlite:///C:\Project\Earth Vision X An Explainable Foundation AI Platform for Multi-Temporal Environmental Change Detection Using Vision Transformers, Satellite Imagery, and Geospatial Intelligence\Code\earth_vision_x.db
[2026-07-30 14:42:00] [INFO] [EarthVisionX:infer.py:32] - No input image pair specified. Generating synthetic benchmark sample...
[2026-07-30 14:42:00] [INFO] [EarthVisionX:sample_downloader.py:74] - Generated 1 benchmark bitemporal satellite sample pairs in C:\Project\Earth Vision X An Explainable Foundation AI Platform for Multi-Temporal Environmental Change Detection Using Vision Transformers, Satellite Imagery, and Geospatial Intelligence\Code\datasets\sample_sentinel2
[2026-07-30 14:42:00] [INFO] [EarthVisionX:infer.py:38] - Running inference on pair: C:\Project\Earth Vision X An Explainable Foundation AI Platform for Multi-Temporal Environmental Change Detection Using Vision Transformers, Satellite Imagery, and Geospatial Intelligence\Code\datasets\sample_sentinel2\time1\sample_001_t1.png vs C:\Project\Earth Vision X An Explainable Foundation AI Platform for Multi-Temporal Environmental Change Detection Using Vision Transformers, Satellite Imagery, and Geospatial Intelligence\Code\datasets\sample_sentinel2\time2\sample_001_t2.png
[2026-07-30 14:42:00] [INFO] [EarthVisionX:factory.py:75] - Instantiating model architecture: 'ViT-Base Siamese' (Pretrained=True)
[2026-07-30 14:42:01] [INFO] [EarthVisionX:engine.py:103] - Inference completed in 0.829s. Primary Change: 'Infrastructure Development' (100.0%)
[2026-07-30 14:42:50] [WARNING] [EarthVisionX:geospatial.py:19] - Rasterio not installed; falling back to OpenCV/PIL for satellite raster reading.
[2026-07-30 14:42:53] [INFO] [EarthVisionX:db.py:28] - Database initialized successfully at: sqlite:///C:\Project\Earth Vision X An Explainable Foundation AI Platform for Multi-Temporal Environmental Change Detection Using Vision Transformers, Satellite Imagery, and Geospatial Intelligence\Code\earth_vision_x.db
[2026-07-30 14:42:53] [INFO] [EarthVisionX:infer.py:32] - No input image pair specified. Generating synthetic benchmark sample...
[2026-07-30 14:42:53] [INFO] [EarthVisionX:sample_downloader.py:74] - Generated 1 benchmark bitemporal satellite sample pairs in C:\Project\Earth Vision X An Explainable Foundation AI Platform for Multi-Temporal Environmental Change Detection Using Vision Transformers, Satellite Imagery, and Geospatial Intelligence\Code\datasets\sample_sentinel2
[2026-07-30 14:42:53] [INFO] [EarthVisionX:infer.py:38] - Running inference on pair: C:\Project\Earth Vision X An Explainable Foundation AI Platform for Multi-Temporal Environmental Change Detection Using Vision Transformers, Satellite Imagery, and Geospatial Intelligence\Code\datasets\sample_sentinel2\time1\sample_001_t1.png vs C:\Project\Earth Vision X An Explainable Foundation AI Platform for Multi-Temporal Environmental Change Detection Using Vision Transformers, Satellite Imagery, and Geospatial Intelligence\Code\datasets\sample_sentinel2\time2\sample_001_t2.png
[2026-07-30 14:42:53] [INFO] [EarthVisionX:factory.py:75] - Instantiating model architecture: 'ViT-Base Siamese' (Pretrained=True)
[2026-07-30 14:42:54] [INFO] [EarthVisionX:engine.py:103] - Inference completed in 0.680s. Primary Change: 'Flood Detection' (100.0%)
[2026-07-30 14:43:43] [WARNING] [EarthVisionX:geospatial.py:19] - Rasterio not installed; falling back to OpenCV/PIL for satellite raster reading.
[2026-07-30 14:43:47] [INFO] [EarthVisionX:db.py:28] - Database initialized successfully at: sqlite:///C:\Project\Earth Vision X An Explainable Foundation AI Platform for Multi-Temporal Environmental Change Detection Using Vision Transformers, Satellite Imagery, and Geospatial Intelligence\Code\earth_vision_x.db
[2026-07-30 14:43:47] [INFO] [EarthVisionX:infer.py:32] - No input image pair specified. Generating synthetic benchmark sample...
[2026-07-30 14:43:47] [INFO] [EarthVisionX:sample_downloader.py:74] - Generated 1 benchmark bitemporal satellite sample pairs in C:\Project\Earth Vision X An Explainable Foundation AI Platform for Multi-Temporal Environmental Change Detection Using Vision Transformers, Satellite Imagery, and Geospatial Intelligence\Code\datasets\sample_sentinel2
[2026-07-30 14:43:47] [INFO] [EarthVisionX:infer.py:38] - Running inference on pair: C:\Project\Earth Vision X An Explainable Foundation AI Platform for Multi-Temporal Environmental Change Detection Using Vision Transformers, Satellite Imagery, and Geospatial Intelligence\Code\datasets\sample_sentinel2\time1\sample_001_t1.png vs C:\Project\Earth Vision X An Explainable Foundation AI Platform for Multi-Temporal Environmental Change Detection Using Vision Transformers, Satellite Imagery, and Geospatial Intelligence\Code\datasets\sample_sentinel2\time2\sample_001_t2.png
[2026-07-30 14:43:47] [INFO] [EarthVisionX:factory.py:75] - Instantiating model architecture: 'ViT-Base Siamese' (Pretrained=True)
[2026-07-30 14:43:48] [INFO] [EarthVisionX:engine.py:103] - Inference completed in 0.714s. Primary Change: 'Mining Activity' (100.0%)
[2026-07-30 14:43:51] [INFO] [EarthVisionX:pdf_generator.py:94] - Generated PDF Report at: C:\Project\Earth Vision X An Explainable Foundation AI Platform for Multi-Temporal Environmental Change Detection Using Vision Transformers, Satellite Imagery, and Geospatial Intelligence\Code\outputs\EarthVisionX_Report_20260730_144351.pdf
[2026-07-30 14:43:51] [INFO] [EarthVisionX:repository.py:19] - Saved prediction record ID 1
[2026-07-30 14:44:20] [WARNING] [EarthVisionX:geospatial.py:19] - Rasterio not installed; falling back to OpenCV/PIL for satellite raster reading.
[2026-07-30 14:44:22] [INFO] [EarthVisionX:train.py:31] - Initializing EARTH VISION-X CLI Training Engine...
[2026-07-30 14:44:22] [INFO] [EarthVisionX:db.py:28] - Database initialized successfully at: sqlite:///C:\Project\Earth Vision X An Explainable Foundation AI Platform for Multi-Temporal Environmental Change Detection Using Vision Transformers, Satellite Imagery, and Geospatial Intelligence\Code\earth_vision_x.db
[2026-07-30 14:44:22] [INFO] [EarthVisionX:sample_downloader.py:74] - Generated 8 benchmark bitemporal satellite sample pairs in C:\Project\Earth Vision X An Explainable Foundation AI Platform for Multi-Temporal Environmental Change Detection Using Vision Transformers, Satellite Imagery, and Geospatial Intelligence\Code\datasets\sample_sentinel2
[2026-07-30 14:44:22] [INFO] [EarthVisionX:factory.py:75] - Instantiating model architecture: 'ViT-Base Siamese' (Pretrained=True)
[2026-07-30 14:44:23] [INFO] [EarthVisionX:trainer.py:113] - Starting training run for 2 epochs on device: cpu
[2026-07-30 14:44:34] [INFO] [EarthVisionX:trainer.py:135] - Epoch [1/2] (11.1s) - Train Loss: 0.9847 | Val Loss: 0.9867 | Acc: 0.0000 | F1: 0.0000 | IoU: 0.0000
[2026-07-30 14:44:44] [INFO] [EarthVisionX:trainer.py:135] - Epoch [2/2] (10.6s) - Train Loss: 0.9842 | Val Loss: 0.9869 | Acc: 0.0000 | F1: 0.0000 | IoU: 0.0000
[2026-07-30 14:44:44] [INFO] [EarthVisionX:repository.py:39] - Saved training run ID 1
[2026-07-30 14:44:44] [INFO] [EarthVisionX:train.py:44] - Training run completed! Final Val Loss: 0.9869 | Best F1: 0.0000
[2026-07-30 14:46:43] [WARNING] [EarthVisionX:geospatial.py:19] - Rasterio not installed; falling back to OpenCV/PIL for satellite raster reading.
[2026-07-30 14:46:46] [INFO] [EarthVisionX:db.py:28] - Database initialized successfully at: sqlite:///C:\Project\Earth Vision X An Explainable Foundation AI Platform for Multi-Temporal Environmental Change Detection Using Vision Transformers, Satellite Imagery, and Geospatial Intelligence\Code\earth_vision_x.db
[2026-07-30 14:49:56] [INFO] [EarthVisionX:db.py:28] - Database initialized successfully at: sqlite:///C:\Project\Earth Vision X An Explainable Foundation AI Platform for Multi-Temporal Environmental Change Detection Using Vision Transformers, Satellite Imagery, and Geospatial Intelligence\Code\earth_vision_x.db
[2026-07-30 14:50:11] [WARNING] [EarthVisionX:geospatial.py:19] - Rasterio not installed; falling back to OpenCV/PIL for satellite raster reading.
[2026-07-30 14:50:14] [INFO] [EarthVisionX:db.py:28] - Database initialized successfully at: sqlite:///C:\Project\Earth Vision X An Explainable Foundation AI Platform for Multi-Temporal Environmental Change Detection Using Vision Transformers, Satellite Imagery, and Geospatial Intelligence\Code\earth_vision_x.db
[2026-07-30 14:50:18] [INFO] [EarthVisionX:db.py:28] - Database initialized successfully at: sqlite:///C:\Project\Earth Vision X An Explainable Foundation AI Platform for Multi-Temporal Environmental Change Detection Using Vision Transformers, Satellite Imagery, and Geospatial Intelligence\Code\earth_vision_x.db
[2026-07-30 14:50:24] [INFO] [EarthVisionX:db.py:28] - Database initialized successfully at: sqlite:///C:\Project\Earth Vision X An Explainable Foundation AI Platform for Multi-Temporal Environmental Change Detection Using Vision Transformers, Satellite Imagery, and Geospatial Intelligence\Code\earth_vision_x.db
[2026-07-30 14:50:32] [INFO] [EarthVisionX:db.py:28] - Database initialized successfully at: sqlite:///C:\Project\Earth Vision X An Explainable Foundation AI Platform for Multi-Temporal Environmental Change Detection Using Vision Transformers, Satellite Imagery, and Geospatial Intelligence\Code\earth_vision_x.db
[2026-07-30 14:50:41] [INFO] [EarthVisionX:db.py:28] - Database initialized successfully at: sqlite:///C:\Project\Earth Vision X An Explainable Foundation AI Platform for Multi-Temporal Environmental Change Detection Using Vision Transformers, Satellite Imagery, and Geospatial Intelligence\Code\earth_vision_x.db
[2026-07-30 14:50:43] [INFO] [EarthVisionX:db.py:28] - Database initialized successfully at: sqlite:///C:\Project\Earth Vision X An Explainable Foundation AI Platform for Multi-Temporal Environmental Change Detection Using Vision Transformers, Satellite Imagery, and Geospatial Intelligence\Code\earth_vision_x.db
[2026-07-30 14:50:43] [INFO] [EarthVisionX:sample_downloader.py:74] - Generated 1 benchmark bitemporal satellite sample pairs in C:\Project\Earth Vision X An Explainable Foundation AI Platform for Multi-Temporal Environmental Change Detection Using Vision Transformers, Satellite Imagery, and Geospatial Intelligence\Code\datasets\sample_sentinel2
[2026-07-30 14:50:50] [INFO] [EarthVisionX:db.py:28] - Database initialized successfully at: sqlite:///C:\Project\Earth Vision X An Explainable Foundation AI Platform for Multi-Temporal Environmental Change Detection Using Vision Transformers, Satellite Imagery, and Geospatial Intelligence\Code\earth_vision_x.db
[2026-07-30 14:50:50] [INFO] [EarthVisionX:sample_downloader.py:74] - Generated 1 benchmark bitemporal satellite sample pairs in C:\Project\Earth Vision X An Explainable Foundation AI Platform for Multi-Temporal Environmental Change Detection Using Vision Transformers, Satellite Imagery, and Geospatial Intelligence\Code\datasets\sample_sentinel2
[2026-07-30 14:50:50] [INFO] [EarthVisionX:factory.py:75] - Instantiating model architecture: 'SupportedModels.VIT_BASE' (Pretrained=True)
[2026-07-30 14:50:52] [INFO] [EarthVisionX:engine.py:103] - Inference completed in 0.775s. Primary Change: 'No Change' (0.0%)
[2026-07-30 14:50:55] [INFO] [EarthVisionX:pdf_generator.py:94] - Generated PDF Report at: C:\Project\Earth Vision X An Explainable Foundation AI Platform for Multi-Temporal Environmental Change Detection Using Vision Transformers, Satellite Imagery, and Geospatial Intelligence\Code\outputs\EarthVisionX_Report_20260730_145055.pdf
[2026-07-30 14:50:55] [INFO] [EarthVisionX:repository.py:19] - Saved prediction record ID 2
[2026-07-30 14:51:05] [INFO] [EarthVisionX:db.py:28] - Database initialized successfully at: sqlite:///C:\Project\Earth Vision X An Explainable Foundation AI Platform for Multi-Temporal Environmental Change Detection Using Vision Transformers, Satellite Imagery, and Geospatial Intelligence\Code\earth_vision_x.db
[2026-07-30 14:51:10] [INFO] [EarthVisionX:db.py:28] - Database initialized successfully at: sqlite:///C:\Project\Earth Vision X An Explainable Foundation AI Platform for Multi-Temporal Environmental Change Detection Using Vision Transformers, Satellite Imagery, and Geospatial Intelligence\Code\earth_vision_x.db
[2026-07-30 14:51:13] [INFO] [EarthVisionX:db.py:28] - Database initialized successfully at: sqlite:///C:\Project\Earth Vision X An Explainable Foundation AI Platform for Multi-Temporal Environmental Change Detection Using Vision Transformers, Satellite Imagery, and Geospatial Intelligence\Code\earth_vision_x.db
[2026-07-30 14:51:16] [INFO] [EarthVisionX:db.py:28] - Database initialized successfully at: sqlite:///C:\Project\Earth Vision X An Explainable Foundation AI Platform for Multi-Temporal Environmental Change Detection Using Vision Transformers, Satellite Imagery, and Geospatial Intelligence\Code\earth_vision_x.db
[2026-07-30 14:56:18] [WARNING] [EarthVisionX:geospatial.py:19] - Rasterio not installed; falling back to OpenCV/PIL for satellite raster reading.
[2026-07-30 14:56:20] [INFO] [EarthVisionX:db.py:28] - Database initialized successfully at: sqlite:///C:\Project\Earth Vision X An Explainable Foundation AI Platform for Multi-Temporal Environmental Change Detection Using Vision Transformers, Satellite Imagery, and Geospatial Intelligence\Code\earth_vision_x.db
[2026-07-30 14:56:33] [INFO] [EarthVisionX:db.py:28] - Database initialized successfully at: sqlite:///C:\Project\Earth Vision X An Explainable Foundation AI Platform for Multi-Temporal Environmental Change Detection Using Vision Transformers, Satellite Imagery, and Geospatial Intelligence\Code\earth_vision_x.db
[2026-07-30 14:56:41] [INFO] [EarthVisionX:db.py:28] - Database initialized successfully at: sqlite:///C:\Project\Earth Vision X An Explainable Foundation AI Platform for Multi-Temporal Environmental Change Detection Using Vision Transformers, Satellite Imagery, and Geospatial Intelligence\Code\earth_vision_x.db
[2026-07-30 14:56:47] [INFO] [EarthVisionX:db.py:28] - Database initialized successfully at: sqlite:///C:\Project\Earth Vision X An Explainable Foundation AI Platform for Multi-Temporal Environmental Change Detection Using Vision Transformers, Satellite Imagery, and Geospatial Intelligence\Code\earth_vision_x.db
[2026-07-30 14:56:47] [INFO] [EarthVisionX:sample_downloader.py:74] - Generated 1 benchmark bitemporal satellite sample pairs in C:\Project\Earth Vision X An Explainable Foundation AI Platform for Multi-Temporal Environmental Change Detection Using Vision Transformers, Satellite Imagery, and Geospatial Intelligence\Code\datasets\sample_sentinel2
[2026-07-30 14:56:47] [INFO] [EarthVisionX:factory.py:75] - Instantiating model architecture: 'SupportedModels.VIT_BASE' (Pretrained=True)
[2026-07-30 14:56:49] [INFO] [EarthVisionX:engine.py:103] - Inference completed in 0.825s. Primary Change: 'Urban Expansion' (100.0%)
[2026-07-30 14:56:52] [INFO] [EarthVisionX:pdf_generator.py:94] - Generated PDF Report at: C:\Project\Earth Vision X An Explainable Foundation AI Platform for Multi-Temporal Environmental Change Detection Using Vision Transformers, Satellite Imagery, and Geospatial Intelligence\Code\outputs\EarthVisionX_Report_20260730_145652.pdf
[2026-07-30 14:56:52] [INFO] [EarthVisionX:repository.py:19] - Saved prediction record ID 3
[2026-07-30 14:56:58] [INFO] [EarthVisionX:db.py:28] - Database initialized successfully at: sqlite:///C:\Project\Earth Vision X An Explainable Foundation AI Platform for Multi-Temporal Environmental Change Detection Using Vision Transformers, Satellite Imagery, and Geospatial Intelligence\Code\earth_vision_x.db
[2026-07-30 14:57:11] [INFO] [EarthVisionX:db.py:28] - Database initialized successfully at: sqlite:///C:\Project\Earth Vision X An Explainable Foundation AI Platform for Multi-Temporal Environmental Change Detection Using Vision Transformers, Satellite Imagery, and Geospatial Intelligence\Code\earth_vision_x.db
[2026-07-30 15:36:49] [WARNING] [EarthVisionX:geospatial.py:19] - Rasterio not installed; falling back to OpenCV/PIL for satellite raster reading.
[2026-07-30 15:36:52] [INFO] [EarthVisionX:db.py:28] - Database initialized successfully at: sqlite:///C:\Project\Earth Vision X An Explainable Foundation AI Platform for Multi-Temporal Environmental Change Detection Using Vision Transformers, Satellite Imagery, and Geospatial Intelligence\Code\earth_vision_x.db
[2026-07-30 15:37:14] [WARNING] [EarthVisionX:geospatial.py:19] - Rasterio not installed; falling back to OpenCV/PIL for satellite raster reading.
[2026-07-30 15:37:14] [INFO] [EarthVisionX:db.py:28] - Database initialized successfully at: sqlite:///C:\Project\Earth Vision X An Explainable Foundation AI Platform for Multi-Temporal Environmental Change Detection Using Vision Transformers, Satellite Imagery, and Geospatial Intelligence\Code\earth_vision_x.db
[2026-07-30 15:37:14] [INFO] [EarthVisionX:sample_downloader.py:74] - Generated 1 benchmark bitemporal satellite sample pairs in C:\Project\Earth Vision X An Explainable Foundation AI Platform for Multi-Temporal Environmental Change Detection Using Vision Transformers, Satellite Imagery, and Geospatial Intelligence\Code\datasets\sample_sentinel2
[2026-07-30 15:37:14] [INFO] [EarthVisionX:factory.py:75] - Instantiating model architecture: 'SupportedModels.VIT_BASE' (Pretrained=True)
[2026-07-30 15:37:15] [INFO] [EarthVisionX:db.py:28] - Database initialized successfully at: sqlite:///C:\Project\Earth Vision X An Explainable Foundation AI Platform for Multi-Temporal Environmental Change Detection Using Vision Transformers, Satellite Imagery, and Geospatial Intelligence\Code\earth_vision_x.db
[2026-07-30 15:37:16] [INFO] [EarthVisionX:engine.py:103] - Inference completed in 0.861s. Primary Change: 'Agricultural Changes' (100.0%)
[2026-07-30 15:37:19] [INFO] [EarthVisionX:db.py:28] - Database initialized successfully at: sqlite:///C:\Project\Earth Vision X An Explainable Foundation AI Platform for Multi-Temporal Environmental Change Detection Using Vision Transformers, Satellite Imagery, and Geospatial Intelligence\Code\earth_vision_x.db
[2026-07-30 15:37:20] [INFO] [EarthVisionX:pdf_generator.py:94] - Generated PDF Report at: C:\Project\Earth Vision X An Explainable Foundation AI Platform for Multi-Temporal Environmental Change Detection Using Vision Transformers, Satellite Imagery, and Geospatial Intelligence\Code\outputs\EarthVisionX_Report_20260730_153720.pdf
[2026-07-30 15:37:20] [INFO] [EarthVisionX:repository.py:19] - Saved prediction record ID 4
[2026-07-30 15:39:08] [INFO] [EarthVisionX:db.py:28] - Database initialized successfully at: sqlite:///C:\Project\Earth Vision X An Explainable Foundation AI Platform for Multi-Temporal Environmental Change Detection Using Vision Transformers, Satellite Imagery, and Geospatial Intelligence\Code\earth_vision_x.db
[2026-07-30 15:39:08] [INFO] [EarthVisionX:sample_downloader.py:74] - Generated 1 benchmark bitemporal satellite sample pairs in C:\Project\Earth Vision X An Explainable Foundation AI Platform for Multi-Temporal Environmental Change Detection Using Vision Transformers, Satellite Imagery, and Geospatial Intelligence\Code\datasets\sample_sentinel2
[2026-07-30 15:39:15] [INFO] [EarthVisionX:db.py:28] - Database initialized successfully at: sqlite:///C:\Project\Earth Vision X An Explainable Foundation AI Platform for Multi-Temporal Environmental Change Detection Using Vision Transformers, Satellite Imagery, and Geospatial Intelligence\Code\earth_vision_x.db
[2026-07-30 15:39:47] [INFO] [EarthVisionX:db.py:28] - Database initialized successfully at: sqlite:///C:\Project\Earth Vision X An Explainable Foundation AI Platform for Multi-Temporal Environmental Change Detection Using Vision Transformers, Satellite Imagery, and Geospatial Intelligence\Code\earth_vision_x.db
[2026-07-30 15:39:52] [INFO] [EarthVisionX:db.py:28] - Database initialized successfully at: sqlite:///C:\Project\Earth Vision X An Explainable Foundation AI Platform for Multi-Temporal Environmental Change Detection Using Vision Transformers, Satellite Imagery, and Geospatial Intelligence\Code\earth_vision_x.db
[2026-07-30 15:39:54] [INFO] [EarthVisionX:db.py:28] - Database initialized successfully at: sqlite:///C:\Project\Earth Vision X An Explainable Foundation AI Platform for Multi-Temporal Environmental Change Detection Using Vision Transformers, Satellite Imagery, and Geospatial Intelligence\Code\earth_vision_x.db
[2026-07-30 15:39:54] [INFO] [EarthVisionX:factory.py:75] - Instantiating model architecture: 'ViT-Base Siamese' (Pretrained=True)
[2026-07-30 15:39:54] [WARNING] [EarthVisionX:alignment.py:31] - Not enough ORB keypoints found for image co-registration. Returning original pair.
[2026-07-30 15:39:55] [INFO] [EarthVisionX:engine.py:103] - Inference completed in 0.410s. Primary Change: 'No Change' (0.0%)
[2026-07-30 15:39:58] [INFO] [EarthVisionX:pdf_generator.py:94] - Generated PDF Report at: C:\Project\Earth Vision X An Explainable Foundation AI Platform for Multi-Temporal Environmental Change Detection Using Vision Transformers, Satellite Imagery, and Geospatial Intelligence\Code\outputs\EarthVisionX_Report_20260730_153958.pdf
[2026-07-30 15:39:58] [INFO] [EarthVisionX:repository.py:19] - Saved prediction record ID 5
[2026-07-30 15:40:14] [INFO] [EarthVisionX:db.py:28] - Database initialized successfully at: sqlite:///C:\Project\Earth Vision X An Explainable Foundation AI Platform for Multi-Temporal Environmental Change Detection Using Vision Transformers, Satellite Imagery, and Geospatial Intelligence\Code\earth_vision_x.db
[2026-07-30 15:40:19] [INFO] [EarthVisionX:db.py:28] - Database initialized successfully at: sqlite:///C:\Project\Earth Vision X An Explainable Foundation AI Platform for Multi-Temporal Environmental Change Detection Using Vision Transformers, Satellite Imagery, and Geospatial Intelligence\Code\earth_vision_x.db
[2026-07-30 15:40:24] [INFO] [EarthVisionX:db.py:28] - Database initialized successfully at: sqlite:///C:\Project\Earth Vision X An Explainable Foundation AI Platform for Multi-Temporal Environmental Change Detection Using Vision Transformers, Satellite Imagery, and Geospatial Intelligence\Code\earth_vision_x.db
[2026-07-30 15:40:26] [INFO] [EarthVisionX:db.py:28] - Database initialized successfully at: sqlite:///C:\Project\Earth Vision X An Explainable Foundation AI Platform for Multi-Temporal Environmental Change Detection Using Vision Transformers, Satellite Imagery, and Geospatial Intelligence\Code\earth_vision_x.db
[2026-07-30 15:40:26] [INFO] [EarthVisionX:db.py:28] - Database initialized successfully at: sqlite:///C:\Project\Earth Vision X An Explainable Foundation AI Platform for Multi-Temporal Environmental Change Detection Using Vision Transformers, Satellite Imagery, and Geospatial Intelligence\Code\earth_vision_x.db
[2026-07-30 15:40:27] [INFO] [EarthVisionX:db.py:28] - Database initialized successfully at: sqlite:///C:\Project\Earth Vision X An Explainable Foundation AI Platform for Multi-Temporal Environmental Change Detection Using Vision Transformers, Satellite Imagery, and Geospatial Intelligence\Code\earth_vision_x.db
[2026-07-30 15:40:29] [INFO] [EarthVisionX:db.py:28] - Database initialized successfully at: sqlite:///C:\Project\Earth Vision X An Explainable Foundation AI Platform for Multi-Temporal Environmental Change Detection Using Vision Transformers, Satellite Imagery, and Geospatial Intelligence\Code\earth_vision_x.db
[2026-07-30 15:40:30] [INFO] [EarthVisionX:db.py:28] - Database initialized successfully at: sqlite:///C:\Project\Earth Vision X An Explainable Foundation AI Platform for Multi-Temporal Environmental Change Detection Using Vision Transformers, Satellite Imagery, and Geospatial Intelligence\Code\earth_vision_x.db
[2026-07-30 15:40:31] [INFO] [EarthVisionX:db.py:28] - Database initialized successfully at: sqlite:///C:\Project\Earth Vision X An Explainable Foundation AI Platform for Multi-Temporal Environmental Change Detection Using Vision Transformers, Satellite Imagery, and Geospatial Intelligence\Code\earth_vision_x.db
[2026-07-30 15:40:34] [INFO] [EarthVisionX:db.py:28] - Database initialized successfully at: sqlite:///C:\Project\Earth Vision X An Explainable Foundation AI Platform for Multi-Temporal Environmental Change Detection Using Vision Transformers, Satellite Imagery, and Geospatial Intelligence\Code\earth_vision_x.db
[2026-07-30 15:40:36] [INFO] [EarthVisionX:db.py:28] - Database initialized successfully at: sqlite:///C:\Project\Earth Vision X An Explainable Foundation AI Platform for Multi-Temporal Environmental Change Detection Using Vision Transformers, Satellite Imagery, and Geospatial Intelligence\Code\earth_vision_x.db
[2026-07-30 15:40:38] [INFO] [EarthVisionX:db.py:28] - Database initialized successfully at: sqlite:///C:\Project\Earth Vision X An Explainable Foundation AI Platform for Multi-Temporal Environmental Change Detection Using Vision Transformers, Satellite Imagery, and Geospatial Intelligence\Code\earth_vision_x.db
[2026-07-30 15:40:39] [INFO] [EarthVisionX:db.py:28] - Database initialized successfully at: sqlite:///C:\Project\Earth Vision X An Explainable Foundation AI Platform for Multi-Temporal Environmental Change Detection Using Vision Transformers, Satellite Imagery, and Geospatial Intelligence\Code\earth_vision_x.db
[2026-07-30 15:40:41] [INFO] [EarthVisionX:db.py:28] - Database initialized successfully at: sqlite:///C:\Project\Earth Vision X An Explainable Foundation AI Platform for Multi-Temporal Environmental Change Detection Using Vision Transformers, Satellite Imagery, and Geospatial Intelligence\Code\earth_vision_x.db
[2026-07-30 15:40:42] [INFO] [EarthVisionX:db.py:28] - Database initialized successfully at: sqlite:///C:\Project\Earth Vision X An Explainable Foundation AI Platform for Multi-Temporal Environmental Change Detection Using Vision Transformers, Satellite Imagery, and Geospatial Intelligence\Code\earth_vision_x.db
[2026-07-30 15:40:44] [INFO] [EarthVisionX:db.py:28] - Database initialized successfully at: sqlite:///C:\Project\Earth Vision X An Explainable Foundation AI Platform for Multi-Temporal Environmental Change Detection Using Vision Transformers, Satellite Imagery, and Geospatial Intelligence\Code\earth_vision_x.db
[2026-07-30 15:40:47] [INFO] [EarthVisionX:db.py:28] - Database initialized successfully at: sqlite:///C:\Project\Earth Vision X An Explainable Foundation AI Platform for Multi-Temporal Environmental Change Detection Using Vision Transformers, Satellite Imagery, and Geospatial Intelligence\Code\earth_vision_x.db
[2026-07-30 15:40:50] [INFO] [EarthVisionX:db.py:28] - Database initialized successfully at: sqlite:///C:\Project\Earth Vision X An Explainable Foundation AI Platform for Multi-Temporal Environmental Change Detection Using Vision Transformers, Satellite Imagery, and Geospatial Intelligence\Code\earth_vision_x.db
[2026-07-30 15:40:52] [INFO] [EarthVisionX:db.py:28] - Database initialized successfully at: sqlite:///C:\Project\Earth Vision X An Explainable Foundation AI Platform for Multi-Temporal Environmental Change Detection Using Vision Transformers, Satellite Imagery, and Geospatial Intelligence\Code\earth_vision_x.db
[2026-07-30 15:40:52] [INFO] [EarthVisionX:db.py:28] - Database initialized successfully at: sqlite:///C:\Project\Earth Vision X An Explainable Foundation AI Platform for Multi-Temporal Environmental Change Detection Using Vision Transformers, Satellite Imagery, and Geospatial Intelligence\Code\earth_vision_x.db
[2026-07-30 15:40:53] [INFO] [EarthVisionX:db.py:28] - Database initialized successfully at: sqlite:///C:\Project\Earth Vision X An Explainable Foundation AI Platform for Multi-Temporal Environmental Change Detection Using Vision Transformers, Satellite Imagery, and Geospatial Intelligence\Code\earth_vision_x.db
[2026-07-30 15:40:54] [INFO] [EarthVisionX:db.py:28] - Database initialized successfully at: sqlite:///C:\Project\Earth Vision X An Explainable Foundation AI Platform for Multi-Temporal Environmental Change Detection Using Vision Transformers, Satellite Imagery, and Geospatial Intelligence\Code\earth_vision_x.db
[2026-07-30 15:40:55] [INFO] [EarthVisionX:db.py:28] - Database initialized successfully at: sqlite:///C:\Project\Earth Vision X An Explainable Foundation AI Platform for Multi-Temporal Environmental Change Detection Using Vision Transformers, Satellite Imagery, and Geospatial Intelligence\Code\earth_vision_x.db
[2026-07-30 15:40:57] [INFO] [EarthVisionX:db.py:28] - Database initialized successfully at: sqlite:///C:\Project\Earth Vision X An Explainable Foundation AI Platform for Multi-Temporal Environmental Change Detection Using Vision Transformers, Satellite Imagery, and Geospatial Intelligence\Code\earth_vision_x.db
[2026-07-30 15:40:57] [INFO] [EarthVisionX:db.py:28] - Database initialized successfully at: sqlite:///C:\Project\Earth Vision X An Explainable Foundation AI Platform for Multi-Temporal Environmental Change Detection Using Vision Transformers, Satellite Imagery, and Geospatial Intelligence\Code\earth_vision_x.db
[2026-07-30 15:41:03] [INFO] [EarthVisionX:db.py:28] - Database initialized successfully at: sqlite:///C:\Project\Earth Vision X An Explainable Foundation AI Platform for Multi-Temporal Environmental Change Detection Using Vision Transformers, Satellite Imagery, and Geospatial Intelligence\Code\earth_vision_x.db
[2026-07-30 15:41:07] [INFO] [EarthVisionX:db.py:28] - Database initialized successfully at: sqlite:///C:\Project\Earth Vision X An Explainable Foundation AI Platform for Multi-Temporal Environmental Change Detection Using Vision Transformers, Satellite Imagery, and Geospatial Intelligence\Code\earth_vision_x.db
[2026-07-30 15:41:08] [INFO] [EarthVisionX:db.py:28] - Database initialized successfully at: sqlite:///C:\Project\Earth Vision X An Explainable Foundation AI Platform for Multi-Temporal Environmental Change Detection Using Vision Transformers, Satellite Imagery, and Geospatial Intelligence\Code\earth_vision_x.db
[2026-07-30 15:42:12] [INFO] [EarthVisionX:db.py:28] - Database initialized successfully at: sqlite:///C:\Project\Earth Vision X An Explainable Foundation AI Platform for Multi-Temporal Environmental Change Detection Using Vision Transformers, Satellite Imagery, and Geospatial Intelligence\Code\earth_vision_x.db
[2026-07-30 15:42:23] [INFO] [EarthVisionX:db.py:28] - Database initialized successfully at: sqlite:///C:\Project\Earth Vision X An Explainable Foundation AI Platform for Multi-Temporal Environmental Change Detection Using Vision Transformers, Satellite Imagery, and Geospatial Intelligence\Code\earth_vision_x.db
[2026-07-30 15:42:28] [INFO] [EarthVisionX:db.py:28] - Database initialized successfully at: sqlite:///C:\Project\Earth Vision X An Explainable Foundation AI Platform for Multi-Temporal Environmental Change Detection Using Vision Transformers, Satellite Imagery, and Geospatial Intelligence\Code\earth_vision_x.db
[2026-07-30 15:42:28] [INFO] [EarthVisionX:db.py:28] - Database initialized successfully at: sqlite:///C:\Project\Earth Vision X An Explainable Foundation AI Platform for Multi-Temporal Environmental Change Detection Using Vision Transformers, Satellite Imagery, and Geospatial Intelligence\Code\earth_vision_x.db
[2026-07-30 15:42:30] [INFO] [EarthVisionX:db.py:28] - Database initialized successfully at: sqlite:///C:\Project\Earth Vision X An Explainable Foundation AI Platform for Multi-Temporal Environmental Change Detection Using Vision Transformers, Satellite Imagery, and Geospatial Intelligence\Code\earth_vision_x.db
[2026-07-30 15:42:30] [INFO] [EarthVisionX:factory.py:75] - Instantiating model architecture: 'ViT-Base Siamese' (Pretrained=True)
[2026-07-30 15:42:31] [INFO] [EarthVisionX:engine.py:103] - Inference completed in 0.413s. Primary Change: 'Mining Activity' (100.0%)
[2026-07-30 15:42:34] [INFO] [EarthVisionX:pdf_generator.py:94] - Generated PDF Report at: C:\Project\Earth Vision X An Explainable Foundation AI Platform for Multi-Temporal Environmental Change Detection Using Vision Transformers, Satellite Imagery, and Geospatial Intelligence\Code\outputs\EarthVisionX_Report_20260730_154234.pdf
[2026-07-30 15:42:34] [INFO] [EarthVisionX:repository.py:19] - Saved prediction record ID 6
[2026-07-30 15:45:32] [INFO] [EarthVisionX:db.py:28] - Database initialized successfully at: sqlite:///C:\Project\Earth Vision X An Explainable Foundation AI Platform for Multi-Temporal Environmental Change Detection Using Vision Transformers, Satellite Imagery, and Geospatial Intelligence\Code\earth_vision_x.db
[2026-07-30 15:45:38] [INFO] [EarthVisionX:db.py:28] - Database initialized successfully at: sqlite:///C:\Project\Earth Vision X An Explainable Foundation AI Platform for Multi-Temporal Environmental Change Detection Using Vision Transformers, Satellite Imagery, and Geospatial Intelligence\Code\earth_vision_x.db
[2026-07-30 15:45:43] [INFO] [EarthVisionX:db.py:28] - Database initialized successfully at: sqlite:///C:\Project\Earth Vision X An Explainable Foundation AI Platform for Multi-Temporal Environmental Change Detection Using Vision Transformers, Satellite Imagery, and Geospatial Intelligence\Code\earth_vision_x.db
[2026-07-30 15:45:48] [INFO] [EarthVisionX:db.py:28] - Database initialized successfully at: sqlite:///C:\Project\Earth Vision X An Explainable Foundation AI Platform for Multi-Temporal Environmental Change Detection Using Vision Transformers, Satellite Imagery, and Geospatial Intelligence\Code\earth_vision_x.db
[2026-07-30 15:45:49] [INFO] [EarthVisionX:db.py:28] - Database initialized successfully at: sqlite:///C:\Project\Earth Vision X An Explainable Foundation AI Platform for Multi-Temporal Environmental Change Detection Using Vision Transformers, Satellite Imagery, and Geospatial Intelligence\Code\earth_vision_x.db
[2026-07-30 15:45:49] [INFO] [EarthVisionX:factory.py:75] - Instantiating model architecture: 'ViT-Base Siamese' (Pretrained=True)
[2026-07-30 15:45:51] [INFO] [EarthVisionX:engine.py:103] - Inference completed in 0.400s. Primary Change: 'Wildfire Burn Areas' (100.0%)
[2026-07-30 15:45:54] [INFO] [EarthVisionX:pdf_generator.py:94] - Generated PDF Report at: C:\Project\Earth Vision X An Explainable Foundation AI Platform for Multi-Temporal Environmental Change Detection Using Vision Transformers, Satellite Imagery, and Geospatial Intelligence\Code\outputs\EarthVisionX_Report_20260730_154554.pdf
[2026-07-30 15:45:54] [INFO] [EarthVisionX:repository.py:19] - Saved prediction record ID 7
[2026-07-30 15:46:44] [WARNING] [EarthVisionX:geospatial.py:19] - Rasterio not installed; falling back to OpenCV/PIL for satellite raster reading.
[2026-07-30 15:46:47] [INFO] [EarthVisionX:db.py:28] - Database initialized successfully at: sqlite:///C:\Project\Earth Vision X An Explainable Foundation AI Platform for Multi-Temporal Environmental Change Detection Using Vision Transformers, Satellite Imagery, and Geospatial Intelligence\Code\earth_vision_x.db
[2026-07-30 15:46:50] [INFO] [EarthVisionX:db.py:28] - Database initialized successfully at: sqlite:///C:\Project\Earth Vision X An Explainable Foundation AI Platform for Multi-Temporal Environmental Change Detection Using Vision Transformers, Satellite Imagery, and Geospatial Intelligence\Code\earth_vision_x.db
[2026-07-30 15:46:56] [INFO] [EarthVisionX:db.py:28] - Database initialized successfully at: sqlite:///C:\Project\Earth Vision X An Explainable Foundation AI Platform for Multi-Temporal Environmental Change Detection Using Vision Transformers, Satellite Imagery, and Geospatial Intelligence\Code\earth_vision_x.db
[2026-07-30 15:47:01] [INFO] [EarthVisionX:db.py:28] - Database initialized successfully at: sqlite:///C:\Project\Earth Vision X An Explainable Foundation AI Platform for Multi-Temporal Environmental Change Detection Using Vision Transformers, Satellite Imagery, and Geospatial Intelligence\Code\earth_vision_x.db
[2026-07-30 15:47:03] [INFO] [EarthVisionX:db.py:28] - Database initialized successfully at: sqlite:///C:\Project\Earth Vision X An Explainable Foundation AI Platform for Multi-Temporal Environmental Change Detection Using Vision Transformers, Satellite Imagery, and Geospatial Intelligence\Code\earth_vision_x.db
[2026-07-30 15:47:03] [INFO] [EarthVisionX:factory.py:75] - Instantiating model architecture: 'ViT-Base Siamese' (Pretrained=True)
[2026-07-30 15:47:05] [INFO] [EarthVisionX:engine.py:103] - Inference completed in 0.794s. Primary Change: 'Agricultural Changes' (100.0%)
[2026-07-30 15:47:08] [INFO] [EarthVisionX:pdf_generator.py:94] - Generated PDF Report at: C:\Project\Earth Vision X An Explainable Foundation AI Platform for Multi-Temporal Environmental Change Detection Using Vision Transformers, Satellite Imagery, and Geospatial Intelligence\Code\outputs\EarthVisionX_Report_20260730_154708.pdf
[2026-07-30 15:47:08] [INFO] [EarthVisionX:repository.py:19] - Saved prediction record ID 8
[2026-07-30 15:47:37] [INFO] [EarthVisionX:db.py:28] - Database initialized successfully at: sqlite:///C:\Project\Earth Vision X An Explainable Foundation AI Platform for Multi-Temporal Environmental Change Detection Using Vision Transformers, Satellite Imagery, and Geospatial Intelligence\Code\earth_vision_x.db
[2026-07-30 15:47:40] [INFO] [EarthVisionX:db.py:28] - Database initialized successfully at: sqlite:///C:\Project\Earth Vision X An Explainable Foundation AI Platform for Multi-Temporal Environmental Change Detection Using Vision Transformers, Satellite Imagery, and Geospatial Intelligence\Code\earth_vision_x.db
[2026-07-30 15:47:49] [INFO] [EarthVisionX:db.py:28] - Database initialized successfully at: sqlite:///C:\Project\Earth Vision X An Explainable Foundation AI Platform for Multi-Temporal Environmental Change Detection Using Vision Transformers, Satellite Imagery, and Geospatial Intelligence\Code\earth_vision_x.db
[2026-07-30 15:47:51] [INFO] [EarthVisionX:db.py:28] - Database initialized successfully at: sqlite:///C:\Project\Earth Vision X An Explainable Foundation AI Platform for Multi-Temporal Environmental Change Detection Using Vision Transformers, Satellite Imagery, and Geospatial Intelligence\Code\earth_vision_x.db
[2026-07-30 15:47:54] [INFO] [EarthVisionX:db.py:28] - Database initialized successfully at: sqlite:///C:\Project\Earth Vision X An Explainable Foundation AI Platform for Multi-Temporal Environmental Change Detection Using Vision Transformers, Satellite Imagery, and Geospatial Intelligence\Code\earth_vision_x.db
[2026-07-30 15:47:57] [INFO] [EarthVisionX:db.py:28] - Database initialized successfully at: sqlite:///C:\Project\Earth Vision X An Explainable Foundation AI Platform for Multi-Temporal Environmental Change Detection Using Vision Transformers, Satellite Imagery, and Geospatial Intelligence\Code\earth_vision_x.db
[2026-07-30 15:47:59] [INFO] [EarthVisionX:db.py:28] - Database initialized successfully at: sqlite:///C:\Project\Earth Vision X An Explainable Foundation AI Platform for Multi-Temporal Environmental Change Detection Using Vision Transformers, Satellite Imagery, and Geospatial Intelligence\Code\earth_vision_x.db
[2026-07-30 15:48:00] [INFO] [EarthVisionX:db.py:28] - Database initialized successfully at: sqlite:///C:\Project\Earth Vision X An Explainable Foundation AI Platform for Multi-Temporal Environmental Change Detection Using Vision Transformers, Satellite Imagery, and Geospatial Intelligence\Code\earth_vision_x.db
[2026-07-30 15:48:01] [INFO] [EarthVisionX:db.py:28] - Database initialized successfully at: sqlite:///C:\Project\Earth Vision X An Explainable Foundation AI Platform for Multi-Temporal Environmental Change Detection Using Vision Transformers, Satellite Imagery, and Geospatial Intelligence\Code\earth_vision_x.db
[2026-07-30 15:48:03] [INFO] [EarthVisionX:db.py:28] - Database initialized successfully at: sqlite:///C:\Project\Earth Vision X An Explainable Foundation AI Platform for Multi-Temporal Environmental Change Detection Using Vision Transformers, Satellite Imagery, and Geospatial Intelligence\Code\earth_vision_x.db
[2026-07-30 15:48:05] [INFO] [EarthVisionX:db.py:28] - Database initialized successfully at: sqlite:///C:\Project\Earth Vision X An Explainable Foundation AI Platform for Multi-Temporal Environmental Change Detection Using Vision Transformers, Satellite Imagery, and Geospatial Intelligence\Code\earth_vision_x.db
[2026-07-30 15:48:05] [INFO] [EarthVisionX:db.py:28] - Database initialized successfully at: sqlite:///C:\Project\Earth Vision X An Explainable Foundation AI Platform for Multi-Temporal Environmental Change Detection Using Vision Transformers, Satellite Imagery, and Geospatial Intelligence\Code\earth_vision_x.db
[2026-07-30 15:48:07] [INFO] [EarthVisionX:db.py:28] - Database initialized successfully at: sqlite:///C:\Project\Earth Vision X An Explainable Foundation AI Platform for Multi-Temporal Environmental Change Detection Using Vision Transformers, Satellite Imagery, and Geospatial Intelligence\Code\earth_vision_x.db
[2026-07-30 15:48:08] [INFO] [EarthVisionX:db.py:28] - Database initialized successfully at: sqlite:///C:\Project\Earth Vision X An Explainable Foundation AI Platform for Multi-Temporal Environmental Change Detection Using Vision Transformers, Satellite Imagery, and Geospatial Intelligence\Code\earth_vision_x.db
[2026-07-30 15:48:10] [INFO] [EarthVisionX:db.py:28] - Database initialized successfully at: sqlite:///C:\Project\Earth Vision X An Explainable Foundation AI Platform for Multi-Temporal Environmental Change Detection Using Vision Transformers, Satellite Imagery, and Geospatial Intelligence\Code\earth_vision_x.db
[2026-07-30 15:48:10] [INFO] [EarthVisionX:db.py:28] - Database initialized successfully at: sqlite:///C:\Project\Earth Vision X An Explainable Foundation AI Platform for Multi-Temporal Environmental Change Detection Using Vision Transformers, Satellite Imagery, and Geospatial Intelligence\Code\earth_vision_x.db
[2026-07-30 15:48:13] [INFO] [EarthVisionX:db.py:28] - Database initialized successfully at: sqlite:///C:\Project\Earth Vision X An Explainable Foundation AI Platform for Multi-Temporal Environmental Change Detection Using Vision Transformers, Satellite Imagery, and Geospatial Intelligence\Code\earth_vision_x.db
[2026-07-30 15:48:14] [INFO] [EarthVisionX:db.py:28] - Database initialized successfully at: sqlite:///C:\Project\Earth Vision X An Explainable Foundation AI Platform for Multi-Temporal Environmental Change Detection Using Vision Transformers, Satellite Imagery, and Geospatial Intelligence\Code\earth_vision_x.db
[2026-07-30 15:48:15] [INFO] [EarthVisionX:db.py:28] - Database initialized successfully at: sqlite:///C:\Project\Earth Vision X An Explainable Foundation AI Platform for Multi-Temporal Environmental Change Detection Using Vision Transformers, Satellite Imagery, and Geospatial Intelligence\Code\earth_vision_x.db
[2026-07-30 15:48:17] [INFO] [EarthVisionX:db.py:28] - Database initialized successfully at: sqlite:///C:\Project\Earth Vision X An Explainable Foundation AI Platform for Multi-Temporal Environmental Change Detection Using Vision Transformers, Satellite Imagery, and Geospatial Intelligence\Code\earth_vision_x.db
[2026-07-30 15:48:17] [INFO] [EarthVisionX:db.py:28] - Database initialized successfully at: sqlite:///C:\Project\Earth Vision X An Explainable Foundation AI Platform for Multi-Temporal Environmental Change Detection Using Vision Transformers, Satellite Imagery, and Geospatial Intelligence\Code\earth_vision_x.db
[2026-07-30 15:48:20] [INFO] [EarthVisionX:db.py:28] - Database initialized successfully at: sqlite:///C:\Project\Earth Vision X An Explainable Foundation AI Platform for Multi-Temporal Environmental Change Detection Using Vision Transformers, Satellite Imagery, and Geospatial Intelligence\Code\earth_vision_x.db
[2026-07-30 15:48:21] [INFO] [EarthVisionX:db.py:28] - Database initialized successfully at: sqlite:///C:\Project\Earth Vision X An Explainable Foundation AI Platform for Multi-Temporal Environmental Change Detection Using Vision Transformers, Satellite Imagery, and Geospatial Intelligence\Code\earth_vision_x.db
[2026-07-30 15:48:36] [INFO] [EarthVisionX:db.py:28] - Database initialized successfully at: sqlite:///C:\Project\Earth Vision X An Explainable Foundation AI Platform for Multi-Temporal Environmental Change Detection Using Vision Transformers, Satellite Imagery, and Geospatial Intelligence\Code\earth_vision_x.db
[2026-07-30 15:48:39] [INFO] [EarthVisionX:db.py:28] - Database initialized successfully at: sqlite:///C:\Project\Earth Vision X An Explainable Foundation AI Platform for Multi-Temporal Environmental Change Detection Using Vision Transformers, Satellite Imagery, and Geospatial Intelligence\Code\earth_vision_x.db
[2026-07-30 15:48:55] [INFO] [EarthVisionX:db.py:28] - Database initialized successfully at: sqlite:///C:\Project\Earth Vision X An Explainable Foundation AI Platform for Multi-Temporal Environmental Change Detection Using Vision Transformers, Satellite Imagery, and Geospatial Intelligence\Code\earth_vision_x.db
[2026-07-30 15:48:57] [INFO] [EarthVisionX:db.py:28] - Database initialized successfully at: sqlite:///C:\Project\Earth Vision X An Explainable Foundation AI Platform for Multi-Temporal Environmental Change Detection Using Vision Transformers, Satellite Imagery, and Geospatial Intelligence\Code\earth_vision_x.db
[2026-07-30 15:49:04] [INFO] [EarthVisionX:db.py:28] - Database initialized successfully at: sqlite:///C:\Project\Earth Vision X An Explainable Foundation AI Platform for Multi-Temporal Environmental Change Detection Using Vision Transformers, Satellite Imagery, and Geospatial Intelligence\Code\earth_vision_x.db
[2026-07-30 15:49:06] [INFO] [EarthVisionX:db.py:28] - Database initialized successfully at: sqlite:///C:\Project\Earth Vision X An Explainable Foundation AI Platform for Multi-Temporal Environmental Change Detection Using Vision Transformers, Satellite Imagery, and Geospatial Intelligence\Code\earth_vision_x.db
[2026-07-30 15:49:17] [INFO] [EarthVisionX:db.py:28] - Database initialized successfully at: sqlite:///C:\Project\Earth Vision X An Explainable Foundation AI Platform for Multi-Temporal Environmental Change Detection Using Vision Transformers, Satellite Imagery, and Geospatial Intelligence\Code\earth_vision_x.db
[2026-07-30 15:49:19] [INFO] [EarthVisionX:db.py:28] - Database initialized successfully at: sqlite:///C:\Project\Earth Vision X An Explainable Foundation AI Platform for Multi-Temporal Environmental Change Detection Using Vision Transformers, Satellite Imagery, and Geospatial Intelligence\Code\earth_vision_x.db
[2026-07-30 15:49:20] [INFO] [EarthVisionX:db.py:28] - Database initialized successfully at: sqlite:///C:\Project\Earth Vision X An Explainable Foundation AI Platform for Multi-Temporal Environmental Change Detection Using Vision Transformers, Satellite Imagery, and Geospatial Intelligence\Code\earth_vision_x.db
[2026-07-30 15:49:21] [INFO] [EarthVisionX:db.py:28] - Database initialized successfully at: sqlite:///C:\Project\Earth Vision X An Explainable Foundation AI Platform for Multi-Temporal Environmental Change Detection Using Vision Transformers, Satellite Imagery, and Geospatial Intelligence\Code\earth_vision_x.db
[2026-07-30 15:49:22] [INFO] [EarthVisionX:db.py:28] - Database initialized successfully at: sqlite:///C:\Project\Earth Vision X An Explainable Foundation AI Platform for Multi-Temporal Environmental Change Detection Using Vision Transformers, Satellite Imagery, and Geospatial Intelligence\Code\earth_vision_x.db
[2026-07-30 15:49:25] [INFO] [EarthVisionX:db.py:28] - Database initialized successfully at: sqlite:///C:\Project\Earth Vision X An Explainable Foundation AI Platform for Multi-Temporal Environmental Change Detection Using Vision Transformers, Satellite Imagery, and Geospatial Intelligence\Code\earth_vision_x.db
[2026-07-30 15:49:26] [INFO] [EarthVisionX:db.py:28] - Database initialized successfully at: sqlite:///C:\Project\Earth Vision X An Explainable Foundation AI Platform for Multi-Temporal Environmental Change Detection Using Vision Transformers, Satellite Imagery, and Geospatial Intelligence\Code\earth_vision_x.db
[2026-07-30 15:49:30] [INFO] [EarthVisionX:db.py:28] - Database initialized successfully at: sqlite:///C:\Project\Earth Vision X An Explainable Foundation AI Platform for Multi-Temporal Environmental Change Detection Using Vision Transformers, Satellite Imagery, and Geospatial Intelligence\Code\earth_vision_x.db
[2026-07-30 15:49:36] [INFO] [EarthVisionX:db.py:28] - Database initialized successfully at: sqlite:///C:\Project\Earth Vision X An Explainable Foundation AI Platform for Multi-Temporal Environmental Change Detection Using Vision Transformers, Satellite Imagery, and Geospatial Intelligence\Code\earth_vision_x.db
[2026-07-30 15:49:39] [INFO] [EarthVisionX:db.py:28] - Database initialized successfully at: sqlite:///C:\Project\Earth Vision X An Explainable Foundation AI Platform for Multi-Temporal Environmental Change Detection Using Vision Transformers, Satellite Imagery, and Geospatial Intelligence\Code\earth_vision_x.db
[2026-07-30 15:49:39] [INFO] [EarthVisionX:sample_downloader.py:74] - Generated 1 benchmark bitemporal satellite sample pairs in C:\Project\Earth Vision X An Explainable Foundation AI Platform for Multi-Temporal Environmental Change Detection Using Vision Transformers, Satellite Imagery, and Geospatial Intelligence\Code\datasets\sample_sentinel2
[2026-07-30 18:29:12] [WARNING] [EarthVisionX:geospatial.py:19] - Rasterio not installed; falling back to OpenCV/PIL for satellite raster reading.
[2026-07-30 18:29:20] [INFO] [EarthVisionX:db.py:28] - Database initialized successfully at: sqlite:///C:\Project\Earth Vision X An Explainable Foundation AI Platform for Multi-Temporal Environmental Change Detection Using Vision Transformers, Satellite Imagery, and Geospatial Intelligence\Code\earth_vision_x.db
[2026-07-30 18:29:20] [INFO] [EarthVisionX:sample_downloader.py:146] - Generated 1 high-resolution photorealistic satellite benchmark pairs in C:\Project\Earth Vision X An Explainable Foundation AI Platform for Multi-Temporal Environmental Change Detection Using Vision Transformers, Satellite Imagery, and Geospatial Intelligence\Code\datasets\sample_sentinel2
[2026-07-30 18:31:44] [WARNING] [EarthVisionX:geospatial.py:19] - Rasterio not installed; falling back to OpenCV/PIL for satellite raster reading.
[2026-07-30 18:31:50] [INFO] [EarthVisionX:db.py:28] - Database initialized successfully at: sqlite:///C:\Project\Earth Vision X An Explainable Foundation AI Platform for Multi-Temporal Environmental Change Detection Using Vision Transformers, Satellite Imagery, and Geospatial Intelligence\Code\earth_vision_x.db
[2026-07-30 18:31:50] [INFO] [EarthVisionX:sample_downloader.py:146] - Generated 1 high-resolution photorealistic satellite benchmark pairs in C:\Project\Earth Vision X An Explainable Foundation AI Platform for Multi-Temporal Environmental Change Detection Using Vision Transformers, Satellite Imagery, and Geospatial Intelligence\Code\datasets\sample_sentinel2
[2026-07-30 18:34:22] [WARNING] [EarthVisionX:geospatial.py:19] - Rasterio not installed; falling back to OpenCV/PIL for satellite raster reading.
[2026-07-30 18:34:28] [INFO] [EarthVisionX:db.py:28] - Database initialized successfully at: sqlite:///C:\Project\Earth Vision X An Explainable Foundation AI Platform for Multi-Temporal Environmental Change Detection Using Vision Transformers, Satellite Imagery, and Geospatial Intelligence\Code\earth_vision_x.db
[2026-07-30 18:34:28] [INFO] [EarthVisionX:sample_downloader.py:146] - Generated 1 high-resolution photorealistic satellite benchmark pairs in C:\Project\Earth Vision X An Explainable Foundation AI Platform for Multi-Temporal Environmental Change Detection Using Vision Transformers, Satellite Imagery, and Geospatial Intelligence\Code\datasets\sample_sentinel2
[2026-07-30 18:34:28] [INFO] [EarthVisionX:factory.py:75] - Instantiating model architecture: 'Swin Transformer Siamese' (Pretrained=True)
[2026-07-30 18:35:53] [INFO] [EarthVisionX:engine.py:103] - Inference completed in 1.437s. Primary Change: 'Deforestation' (100.0%)
[2026-07-30 18:35:58] [INFO] [EarthVisionX:pdf_generator.py:94] - Generated PDF Report at: C:\Project\Earth Vision X An Explainable Foundation AI Platform for Multi-Temporal Environmental Change Detection Using Vision Transformers, Satellite Imagery, and Geospatial Intelligence\Code\outputs\EarthVisionX_Report_20260730_183558.pdf
[2026-07-30 18:35:58] [INFO] [EarthVisionX:repository.py:19] - Saved prediction record ID 9
[2026-07-30 18:36:12] [INFO] [EarthVisionX:db.py:28] - Database initialized successfully at: sqlite:///C:\Project\Earth Vision X An Explainable Foundation AI Platform for Multi-Temporal Environmental Change Detection Using Vision Transformers, Satellite Imagery, and Geospatial Intelligence\Code\earth_vision_x.db
[2026-07-30 18:36:22] [INFO] [EarthVisionX:db.py:28] - Database initialized successfully at: sqlite:///C:\Project\Earth Vision X An Explainable Foundation AI Platform for Multi-Temporal Environmental Change Detection Using Vision Transformers, Satellite Imagery, and Geospatial Intelligence\Code\earth_vision_x.db
[2026-07-30 18:36:28] [INFO] [EarthVisionX:db.py:28] - Database initialized successfully at: sqlite:///C:\Project\Earth Vision X An Explainable Foundation AI Platform for Multi-Temporal Environmental Change Detection Using Vision Transformers, Satellite Imagery, and Geospatial Intelligence\Code\earth_vision_x.db
[2026-07-30 18:42:45] [WARNING] [EarthVisionX:geospatial.py:19] - Rasterio not installed; falling back to OpenCV/PIL for satellite raster reading.
[2026-07-30 18:42:52] [INFO] [EarthVisionX:db.py:28] - Database initialized successfully at: sqlite:///C:\Project\Earth Vision X An Explainable Foundation AI Platform for Multi-Temporal Environmental Change Detection Using Vision Transformers, Satellite Imagery, and Geospatial Intelligence\Code\earth_vision_x.db
[2026-07-30 18:43:00] [INFO] [EarthVisionX:db.py:28] - Database initialized successfully at: sqlite:///C:\Project\Earth Vision X An Explainable Foundation AI Platform for Multi-Temporal Environmental Change Detection Using Vision Transformers, Satellite Imagery, and Geospatial Intelligence\Code\earth_vision_x.db
[2026-07-30 18:43:00] [INFO] [EarthVisionX:sample_downloader.py:146] - Generated 1 high-resolution photorealistic satellite benchmark pairs in C:\Project\Earth Vision X An Explainable Foundation AI Platform for Multi-Temporal Environmental Change Detection Using Vision Transformers, Satellite Imagery, and Geospatial Intelligence\Code\datasets\sample_sentinel2
[2026-07-30 18:43:00] [INFO] [EarthVisionX:factory.py:75] - Instantiating model architecture: 'Swin Transformer Siamese' (Pretrained=True)
[2026-07-30 18:43:04] [INFO] [EarthVisionX:engine.py:103] - Inference completed in 1.454s. Primary Change: 'Flood Detection' (100.0%)
[2026-07-30 18:43:09] [INFO] [EarthVisionX:pdf_generator.py:94] - Generated PDF Report at: C:\Project\Earth Vision X An Explainable Foundation AI Platform for Multi-Temporal Environmental Change Detection Using Vision Transformers, Satellite Imagery, and Geospatial Intelligence\Code\outputs\EarthVisionX_Report_20260730_184309.pdf
[2026-07-30 18:43:09] [INFO] [EarthVisionX:repository.py:19] - Saved prediction record ID 10
[2026-07-30 18:47:47] [WARNING] [EarthVisionX:geospatial.py:19] - Rasterio not installed; falling back to OpenCV/PIL for satellite raster reading.
[2026-07-30 18:47:53] [INFO] [EarthVisionX:db.py:28] - Database initialized successfully at: sqlite:///C:\Project\Earth Vision X An Explainable Foundation AI Platform for Multi-Temporal Environmental Change Detection Using Vision Transformers, Satellite Imagery, and Geospatial Intelligence\Code\earth_vision_x.db
[2026-07-30 18:48:07] [INFO] [EarthVisionX:db.py:28] - Database initialized successfully at: sqlite:///C:\Project\Earth Vision X An Explainable Foundation AI Platform for Multi-Temporal Environmental Change Detection Using Vision Transformers, Satellite Imagery, and Geospatial Intelligence\Code\earth_vision_x.db
[2026-07-30 18:48:07] [INFO] [EarthVisionX:sample_downloader.py:146] - Generated 1 high-resolution photorealistic satellite benchmark pairs in C:\Project\Earth Vision X An Explainable Foundation AI Platform for Multi-Temporal Environmental Change Detection Using Vision Transformers, Satellite Imagery, and Geospatial Intelligence\Code\datasets\sample_sentinel2
[2026-07-30 18:48:07] [INFO] [EarthVisionX:factory.py:75] - Instantiating model architecture: 'Swin Transformer Siamese' (Pretrained=True)
[2026-07-30 18:48:10] [INFO] [EarthVisionX:engine.py:103] - Inference completed in 1.418s. Primary Change: 'Water Body Changes' (100.0%)
[2026-07-30 18:48:15] [INFO] [EarthVisionX:pdf_generator.py:94] - Generated PDF Report at: C:\Project\Earth Vision X An Explainable Foundation AI Platform for Multi-Temporal Environmental Change Detection Using Vision Transformers, Satellite Imagery, and Geospatial Intelligence\Code\outputs\EarthVisionX_Report_20260730_184815.pdf
[2026-07-30 18:48:15] [INFO] [EarthVisionX:repository.py:19] - Saved prediction record ID 11
[2026-07-30 18:48:15] [INFO] [EarthVisionX:sample_downloader.py:146] - Generated 1 high-resolution photorealistic satellite benchmark pairs in C:\Project\Earth Vision X An Explainable Foundation AI Platform for Multi-Temporal Environmental Change Detection Using Vision Transformers, Satellite Imagery, and Geospatial Intelligence\Code\datasets\sample_sentinel2
[2026-07-30 18:48:23] [INFO] [EarthVisionX:db.py:28] - Database initialized successfully at: sqlite:///C:\Project\Earth Vision X An Explainable Foundation AI Platform for Multi-Temporal Environmental Change Detection Using Vision Transformers, Satellite Imagery, and Geospatial Intelligence\Code\earth_vision_x.db
[2026-07-30 18:48:25] [INFO] [EarthVisionX:db.py:28] - Database initialized successfully at: sqlite:///C:\Project\Earth Vision X An Explainable Foundation AI Platform for Multi-Temporal Environmental Change Detection Using Vision Transformers, Satellite Imagery, and Geospatial Intelligence\Code\earth_vision_x.db
[2026-07-30 18:48:25] [INFO] [EarthVisionX:sample_downloader.py:146] - Generated 1 high-resolution photorealistic satellite benchmark pairs in C:\Project\Earth Vision X An Explainable Foundation AI Platform for Multi-Temporal Environmental Change Detection Using Vision Transformers, Satellite Imagery, and Geospatial Intelligence\Code\datasets\sample_sentinel2
[2026-07-30 18:48:27] [INFO] [EarthVisionX:db.py:28] - Database initialized successfully at: sqlite:///C:\Project\Earth Vision X An Explainable Foundation AI Platform for Multi-Temporal Environmental Change Detection Using Vision Transformers, Satellite Imagery, and Geospatial Intelligence\Code\earth_vision_x.db
[2026-07-30 18:48:27] [INFO] [EarthVisionX:sample_downloader.py:146] - Generated 1 high-resolution photorealistic satellite benchmark pairs in C:\Project\Earth Vision X An Explainable Foundation AI Platform for Multi-Temporal Environmental Change Detection Using Vision Transformers, Satellite Imagery, and Geospatial Intelligence\Code\datasets\sample_sentinel2
[2026-07-30 18:48:27] [INFO] [EarthVisionX:factory.py:75] - Instantiating model architecture: 'ViT-Base Siamese' (Pretrained=True)
[2026-07-30 18:48:29] [INFO] [EarthVisionX:engine.py:103] - Inference completed in 0.903s. Primary Change: 'Vegetation Loss' (100.0%)
[2026-07-30 18:48:35] [INFO] [EarthVisionX:pdf_generator.py:94] - Generated PDF Report at: C:\Project\Earth Vision X An Explainable Foundation AI Platform for Multi-Temporal Environmental Change Detection Using Vision Transformers, Satellite Imagery, and Geospatial Intelligence\Code\outputs\EarthVisionX_Report_20260730_184835.pdf
[2026-07-30 18:48:35] [INFO] [EarthVisionX:repository.py:19] - Saved prediction record ID 12
[2026-07-30 18:48:35] [INFO] [EarthVisionX:db.py:28] - Database initialized successfully at: sqlite:///C:\Project\Earth Vision X An Explainable Foundation AI Platform for Multi-Temporal Environmental Change Detection Using Vision Transformers, Satellite Imagery, and Geospatial Intelligence\Code\earth_vision_x.db
[2026-07-30 18:48:36] [INFO] [EarthVisionX:sample_downloader.py:146] - Generated 1 high-resolution photorealistic satellite benchmark pairs in C:\Project\Earth Vision X An Explainable Foundation AI Platform for Multi-Temporal Environmental Change Detection Using Vision Transformers, Satellite Imagery, and Geospatial Intelligence\Code\datasets\sample_sentinel2
[2026-07-30 18:48:49] [INFO] [EarthVisionX:db.py:28] - Database initialized successfully at: sqlite:///C:\Project\Earth Vision X An Explainable Foundation AI Platform for Multi-Temporal Environmental Change Detection Using Vision Transformers, Satellite Imagery, and Geospatial Intelligence\Code\earth_vision_x.db
[2026-07-30 18:48:58] [INFO] [EarthVisionX:db.py:28] - Database initialized successfully at: sqlite:///C:\Project\Earth Vision X An Explainable Foundation AI Platform for Multi-Temporal Environmental Change Detection Using Vision Transformers, Satellite Imagery, and Geospatial Intelligence\Code\earth_vision_x.db
[2026-07-30 18:49:01] [INFO] [EarthVisionX:db.py:28] - Database initialized successfully at: sqlite:///C:\Project\Earth Vision X An Explainable Foundation AI Platform for Multi-Temporal Environmental Change Detection Using Vision Transformers, Satellite Imagery, and Geospatial Intelligence\Code\earth_vision_x.db
[2026-07-30 18:49:10] [INFO] [EarthVisionX:db.py:28] - Database initialized successfully at: sqlite:///C:\Project\Earth Vision X An Explainable Foundation AI Platform for Multi-Temporal Environmental Change Detection Using Vision Transformers, Satellite Imagery, and Geospatial Intelligence\Code\earth_vision_x.db
[2026-07-30 18:49:10] [INFO] [EarthVisionX:sample_downloader.py:146] - Generated 1 high-resolution photorealistic satellite benchmark pairs in C:\Project\Earth Vision X An Explainable Foundation AI Platform for Multi-Temporal Environmental Change Detection Using Vision Transformers, Satellite Imagery, and Geospatial Intelligence\Code\datasets\sample_sentinel2
[2026-07-30 18:49:10] [INFO] [EarthVisionX:factory.py:75] - Instantiating model architecture: 'Swin Transformer Siamese' (Pretrained=True)
[2026-07-30 18:49:12] [INFO] [EarthVisionX:engine.py:103] - Inference completed in 0.669s. Primary Change: 'Urban Expansion' (100.0%)
[2026-07-30 18:49:17] [INFO] [EarthVisionX:pdf_generator.py:94] - Generated PDF Report at: C:\Project\Earth Vision X An Explainable Foundation AI Platform for Multi-Temporal Environmental Change Detection Using Vision Transformers, Satellite Imagery, and Geospatial Intelligence\Code\outputs\EarthVisionX_Report_20260730_184917.pdf
[2026-07-30 18:49:17] [INFO] [EarthVisionX:repository.py:19] - Saved prediction record ID 13
[2026-07-30 18:49:17] [INFO] [EarthVisionX:sample_downloader.py:146] - Generated 1 high-resolution photorealistic satellite benchmark pairs in C:\Project\Earth Vision X An Explainable Foundation AI Platform for Multi-Temporal Environmental Change Detection Using Vision Transformers, Satellite Imagery, and Geospatial Intelligence\Code\datasets\sample_sentinel2
[2026-07-30 18:49:20] [INFO] [EarthVisionX:db.py:28] - Database initialized successfully at: sqlite:///C:\Project\Earth Vision X An Explainable Foundation AI Platform for Multi-Temporal Environmental Change Detection Using Vision Transformers, Satellite Imagery, and Geospatial Intelligence\Code\earth_vision_x.db
[2026-07-30 18:49:29] [INFO] [EarthVisionX:db.py:28] - Database initialized successfully at: sqlite:///C:\Project\Earth Vision X An Explainable Foundation AI Platform for Multi-Temporal Environmental Change Detection Using Vision Transformers, Satellite Imagery, and Geospatial Intelligence\Code\earth_vision_x.db
[2026-07-30 18:49:38] [INFO] [EarthVisionX:db.py:28] - Database initialized successfully at: sqlite:///C:\Project\Earth Vision X An Explainable Foundation AI Platform for Multi-Temporal Environmental Change Detection Using Vision Transformers, Satellite Imagery, and Geospatial Intelligence\Code\earth_vision_x.db
[2026-07-30 18:49:39] [INFO] [EarthVisionX:db.py:28] - Database initialized successfully at: sqlite:///C:\Project\Earth Vision X An Explainable Foundation AI Platform for Multi-Temporal Environmental Change Detection Using Vision Transformers, Satellite Imagery, and Geospatial Intelligence\Code\earth_vision_x.db
[2026-07-30 18:49:39] [INFO] [EarthVisionX:factory.py:75] - Instantiating model architecture: 'ViT-Base Siamese' (Pretrained=True)
[2026-07-30 18:49:41] [INFO] [EarthVisionX:engine.py:103] - Inference completed in 0.811s. Primary Change: 'Urban Expansion' (100.0%)
[2026-07-30 18:55:34] [WARNING] [EarthVisionX:geospatial.py:19] - Rasterio not installed; falling back to OpenCV/PIL for satellite raster reading.
[2026-07-30 18:55:40] [INFO] [EarthVisionX:db.py:28] - Database initialized successfully at: sqlite:///C:\Project\Earth Vision X An Explainable Foundation AI Platform for Multi-Temporal Environmental Change Detection Using Vision Transformers, Satellite Imagery, and Geospatial Intelligence\Code\earth_vision_x.db
[2026-07-30 18:56:37] [INFO] [EarthVisionX:db.py:28] - Database initialized successfully at: sqlite:///C:\Project\Earth Vision X An Explainable Foundation AI Platform for Multi-Temporal Environmental Change Detection Using Vision Transformers, Satellite Imagery, and Geospatial Intelligence\Code\earth_vision_x.db
[2026-07-30 18:56:37] [INFO] [EarthVisionX:sample_downloader.py:146] - Generated 1 high-resolution photorealistic satellite benchmark pairs in C:\Project\Earth Vision X An Explainable Foundation AI Platform for Multi-Temporal Environmental Change Detection Using Vision Transformers, Satellite Imagery, and Geospatial Intelligence\Code\datasets\sample_sentinel2
[2026-07-30 18:56:37] [INFO] [EarthVisionX:factory.py:75] - Instantiating model architecture: 'Swin Transformer Siamese' (Pretrained=True)
[2026-07-30 18:56:40] [INFO] [EarthVisionX:engine.py:103] - Inference completed in 1.311s. Primary Change: 'Urban Expansion' (100.0%)
[2026-07-30 18:56:45] [INFO] [EarthVisionX:pdf_generator.py:94] - Generated PDF Report at: C:\Project\Earth Vision X An Explainable Foundation AI Platform for Multi-Temporal Environmental Change Detection Using Vision Transformers, Satellite Imagery, and Geospatial Intelligence\Code\outputs\EarthVisionX_Report_20260730_185645.pdf
[2026-07-30 18:56:45] [INFO] [EarthVisionX:repository.py:19] - Saved prediction record ID 14
[2026-07-30 18:56:45] [INFO] [EarthVisionX:sample_downloader.py:146] - Generated 1 high-resolution photorealistic satellite benchmark pairs in C:\Project\Earth Vision X An Explainable Foundation AI Platform for Multi-Temporal Environmental Change Detection Using Vision Transformers, Satellite Imagery, and Geospatial Intelligence\Code\datasets\sample_sentinel2
[2026-07-30 18:56:52] [INFO] [EarthVisionX:db.py:28] - Database initialized successfully at: sqlite:///C:\Project\Earth Vision X An Explainable Foundation AI Platform for Multi-Temporal Environmental Change Detection Using Vision Transformers, Satellite Imagery, and Geospatial Intelligence\Code\earth_vision_x.db
[2026-07-30 19:19:22] [INFO] [EarthVisionX:db.py:28] - Database initialized successfully at: sqlite:///C:\Project\Earth Vision X An Explainable Foundation AI Platform for Multi-Temporal Environmental Change Detection Using Vision Transformers, Satellite Imagery, and Geospatial Intelligence\Code\earth_vision_x.db
[2026-07-30 19:19:22] [INFO] [EarthVisionX:sample_downloader.py:146] - Generated 1 high-resolution photorealistic satellite benchmark pairs in C:\Project\Earth Vision X An Explainable Foundation AI Platform for Multi-Temporal Environmental Change Detection Using Vision Transformers, Satellite Imagery, and Geospatial Intelligence\Code\datasets\sample_sentinel2
[2026-07-30 19:19:22] [INFO] [EarthVisionX:factory.py:75] - Instantiating model architecture: 'Swin Transformer Siamese' (Pretrained=True)
[2026-07-30 19:19:25] [INFO] [EarthVisionX:engine.py:103] - Inference completed in 0.786s. Primary Change: 'Agricultural Changes' (100.0%)
[2026-07-30 19:19:29] [INFO] [EarthVisionX:db.py:28] - Database initialized successfully at: sqlite:///C:\Project\Earth Vision X An Explainable Foundation AI Platform for Multi-Temporal Environmental Change Detection Using Vision Transformers, Satellite Imagery, and Geospatial Intelligence\Code\earth_vision_x.db
[2026-07-30 19:19:29] [INFO] [EarthVisionX:sample_downloader.py:146] - Generated 1 high-resolution photorealistic satellite benchmark pairs in C:\Project\Earth Vision X An Explainable Foundation AI Platform for Multi-Temporal Environmental Change Detection Using Vision Transformers, Satellite Imagery, and Geospatial Intelligence\Code\datasets\sample_sentinel2
[2026-07-30 19:19:29] [INFO] [EarthVisionX:factory.py:75] - Instantiating model architecture: 'Swin Transformer Siamese' (Pretrained=True)
[2026-07-30 19:19:31] [INFO] [EarthVisionX:pdf_generator.py:94] - Generated PDF Report at: C:\Project\Earth Vision X An Explainable Foundation AI Platform for Multi-Temporal Environmental Change Detection Using Vision Transformers, Satellite Imagery, and Geospatial Intelligence\Code\outputs\EarthVisionX_Report_20260730_191931.pdf
[2026-07-30 19:19:31] [INFO] [EarthVisionX:repository.py:19] - Saved prediction record ID 15
[2026-07-30 19:19:33] [INFO] [EarthVisionX:engine.py:103] - Inference completed in 0.802s. Primary Change: 'Vegetation Loss' (100.0%)
[2026-07-30 19:19:38] [INFO] [EarthVisionX:pdf_generator.py:94] - Generated PDF Report at: C:\Project\Earth Vision X An Explainable Foundation AI Platform for Multi-Temporal Environmental Change Detection Using Vision Transformers, Satellite Imagery, and Geospatial Intelligence\Code\outputs\EarthVisionX_Report_20260730_191938.pdf
[2026-07-30 19:19:38] [INFO] [EarthVisionX:repository.py:19] - Saved prediction record ID 16
[2026-07-30 19:19:46] [WARNING] [EarthVisionX:geospatial.py:19] - Rasterio not installed; falling back to OpenCV/PIL for satellite raster reading.
[2026-07-30 19:19:46] [INFO] [EarthVisionX:db.py:28] - Database initialized successfully at: sqlite:///C:\Project\Earth Vision X An Explainable Foundation AI Platform for Multi-Temporal Environmental Change Detection Using Vision Transformers, Satellite Imagery, and Geospatial Intelligence\Code\earth_vision_x.db
[2026-07-30 19:19:46] [INFO] [EarthVisionX:factory.py:75] - Instantiating model architecture: 'ViT-Base Siamese' (Pretrained=True)
[2026-07-30 19:19:49] [INFO] [EarthVisionX:engine.py:103] - Inference completed in 0.955s. Primary Change: 'Urban Expansion' (100.0%)
[2026-07-30 19:23:00] [WARNING] [EarthVisionX:geospatial.py:19] - Rasterio not installed; falling back to OpenCV/PIL for satellite raster reading.
[2026-07-30 19:23:07] [INFO] [EarthVisionX:db.py:28] - Database initialized successfully at: sqlite:///C:\Project\Earth Vision X An Explainable Foundation AI Platform for Multi-Temporal Environmental Change Detection Using Vision Transformers, Satellite Imagery, and Geospatial Intelligence\Code\earth_vision_x.db
[2026-07-30 19:23:20] [INFO] [EarthVisionX:db.py:28] - Database initialized successfully at: sqlite:///C:\Project\Earth Vision X An Explainable Foundation AI Platform for Multi-Temporal Environmental Change Detection Using Vision Transformers, Satellite Imagery, and Geospatial Intelligence\Code\earth_vision_x.db
[2026-07-30 19:23:20] [INFO] [EarthVisionX:sample_downloader.py:146] - Generated 1 high-resolution photorealistic satellite benchmark pairs in C:\Project\Earth Vision X An Explainable Foundation AI Platform for Multi-Temporal Environmental Change Detection Using Vision Transformers, Satellite Imagery, and Geospatial Intelligence\Code\datasets\sample_sentinel2
[2026-07-30 19:23:20] [INFO] [EarthVisionX:factory.py:75] - Instantiating model architecture: 'Swin Transformer Siamese' (Pretrained=True)
[2026-07-30 19:23:24] [INFO] [EarthVisionX:engine.py:103] - Inference completed in 1.945s. Primary Change: 'Mining Activity' (100.0%)
[2026-07-30 19:23:30] [INFO] [EarthVisionX:pdf_generator.py:94] - Generated PDF Report at: C:\Project\Earth Vision X An Explainable Foundation AI Platform for Multi-Temporal Environmental Change Detection Using Vision Transformers, Satellite Imagery, and Geospatial Intelligence\Code\outputs\EarthVisionX_Report_20260730_192330.pdf
[2026-07-30 19:23:30] [INFO] [EarthVisionX:repository.py:19] - Saved prediction record ID 17
[2026-07-30 19:23:31] [INFO] [EarthVisionX:sample_downloader.py:146] - Generated 1 high-resolution photorealistic satellite benchmark pairs in C:\Project\Earth Vision X An Explainable Foundation AI Platform for Multi-Temporal Environmental Change Detection Using Vision Transformers, Satellite Imagery, and Geospatial Intelligence\Code\datasets\sample_sentinel2
[2026-07-30 19:23:39] [INFO] [EarthVisionX:db.py:28] - Database initialized successfully at: sqlite:///C:\Project\Earth Vision X An Explainable Foundation AI Platform for Multi-Temporal Environmental Change Detection Using Vision Transformers, Satellite Imagery, and Geospatial Intelligence\Code\earth_vision_x.db
[2026-07-30 19:23:42] [INFO] [EarthVisionX:db.py:28] - Database initialized successfully at: sqlite:///C:\Project\Earth Vision X An Explainable Foundation AI Platform for Multi-Temporal Environmental Change Detection Using Vision Transformers, Satellite Imagery, and Geospatial Intelligence\Code\earth_vision_x.db
[2026-07-30 19:23:51] [INFO] [EarthVisionX:db.py:28] - Database initialized successfully at: sqlite:///C:\Project\Earth Vision X An Explainable Foundation AI Platform for Multi-Temporal Environmental Change Detection Using Vision Transformers, Satellite Imagery, and Geospatial Intelligence\Code\earth_vision_x.db
[2026-07-30 19:23:52] [INFO] [EarthVisionX:db.py:28] - Database initialized successfully at: sqlite:///C:\Project\Earth Vision X An Explainable Foundation AI Platform for Multi-Temporal Environmental Change Detection Using Vision Transformers, Satellite Imagery, and Geospatial Intelligence\Code\earth_vision_x.db
[2026-07-30 19:23:52] [INFO] [EarthVisionX:factory.py:75] - Instantiating model architecture: 'ViT-Base Siamese' (Pretrained=True)
[2026-07-30 19:23:55] [INFO] [EarthVisionX:engine.py:103] - Inference completed in 0.776s. Primary Change: 'Water Body Changes' (99.6%)
[2026-07-30 19:24:01] [INFO] [EarthVisionX:pdf_generator.py:94] - Generated PDF Report at: C:\Project\Earth Vision X An Explainable Foundation AI Platform for Multi-Temporal Environmental Change Detection Using Vision Transformers, Satellite Imagery, and Geospatial Intelligence\Code\outputs\EarthVisionX_Report_20260730_192401.pdf
[2026-07-30 19:24:01] [INFO] [EarthVisionX:repository.py:19] - Saved prediction record ID 18
[2026-07-30 19:24:01] [INFO] [EarthVisionX:db.py:28] - Database initialized successfully at: sqlite:///C:\Project\Earth Vision X An Explainable Foundation AI Platform for Multi-Temporal Environmental Change Detection Using Vision Transformers, Satellite Imagery, and Geospatial Intelligence\Code\earth_vision_x.db
[2026-07-30 19:57:08] [WARNING] [EarthVisionX:geospatial.py:19] - Rasterio not installed; falling back to OpenCV/PIL for satellite raster reading.
[2026-07-30 19:57:11] [INFO] [EarthVisionX:sample_downloader.py:160] - Generated 1 real high-resolution optical satellite benchmark pairs in C:\Project\Earth Vision X An Explainable Foundation AI Platform for Multi-Temporal Environmental Change Detection Using Vision Transformers, Satellite Imagery, and Geospatial Intelligence\Code\datasets\sample_sentinel2
[2026-07-30 19:57:34] [WARNING] [EarthVisionX:geospatial.py:19] - Rasterio not installed; falling back to OpenCV/PIL for satellite raster reading.
[2026-07-30 19:57:41] [INFO] [EarthVisionX:sample_downloader.py:160] - Generated 1 real high-resolution optical satellite benchmark pairs in C:\Project\Earth Vision X An Explainable Foundation AI Platform for Multi-Temporal Environmental Change Detection Using Vision Transformers, Satellite Imagery, and Geospatial Intelligence\Code\datasets\sample_sentinel2
[2026-07-30 19:57:41] [INFO] [EarthVisionX:factory.py:75] - Instantiating model architecture: 'SupportedModels.VIT_BASE' (Pretrained=True)
[2026-07-30 19:57:44] [INFO] [EarthVisionX:engine.py:103] - Inference completed in 1.650s. Primary Change: 'Agricultural Changes' (100.0%)
[2026-07-30 19:57:50] [INFO] [EarthVisionX:pdf_generator.py:94] - Generated PDF Report at: C:\Project\Earth Vision X An Explainable Foundation AI Platform for Multi-Temporal Environmental Change Detection Using Vision Transformers, Satellite Imagery, and Geospatial Intelligence\Code\outputs\EarthVisionX_Report_20260730_195750.pdf
[2026-07-30 19:57:50] [INFO] [EarthVisionX:repository.py:19] - Saved prediction record ID 19
[2026-07-30 20:02:17] [WARNING] [EarthVisionX:geospatial.py:19] - Rasterio not installed; falling back to OpenCV/PIL for satellite raster reading.
[2026-07-30 20:02:23] [INFO] [EarthVisionX:db.py:28] - Database initialized successfully at: sqlite:///C:\Project\Earth Vision X An Explainable Foundation AI Platform for Multi-Temporal Environmental Change Detection Using Vision Transformers, Satellite Imagery, and Geospatial Intelligence\Code\earth_vision_x.db
[2026-07-30 20:04:57] [INFO] [EarthVisionX:db.py:28] - Database initialized successfully at: sqlite:///C:\Project\Earth Vision X An Explainable Foundation AI Platform for Multi-Temporal Environmental Change Detection Using Vision Transformers, Satellite Imagery, and Geospatial Intelligence\Code\earth_vision_x.db
[2026-07-30 20:09:45] [INFO] [EarthVisionX:db.py:28] - Database initialized successfully at: sqlite:///C:\Project\Earth Vision X An Explainable Foundation AI Platform for Multi-Temporal Environmental Change Detection Using Vision Transformers, Satellite Imagery, and Geospatial Intelligence\Code\earth_vision_x.db
[2026-07-30 20:10:26] [WARNING] [EarthVisionX:geospatial.py:19] - Rasterio not installed; falling back to OpenCV/PIL for satellite raster reading.
[2026-07-30 20:10:33] [INFO] [EarthVisionX:db.py:28] - Database initialized successfully at: sqlite:///C:\Project\Earth Vision X An Explainable Foundation AI Platform for Multi-Temporal Environmental Change Detection Using Vision Transformers, Satellite Imagery, and Geospatial Intelligence\Code\earth_vision_x.db
[2026-07-30 20:11:21] [INFO] [EarthVisionX:db.py:28] - Database initialized successfully at: sqlite:///C:\Project\Earth Vision X An Explainable Foundation AI Platform for Multi-Temporal Environmental Change Detection Using Vision Transformers, Satellite Imagery, and Geospatial Intelligence\Code\earth_vision_x.db
[2026-07-30 20:11:21] [INFO] [EarthVisionX:sample_downloader.py:160] - Generated 1 real high-resolution optical satellite benchmark pairs in C:\Project\Earth Vision X An Explainable Foundation AI Platform for Multi-Temporal Environmental Change Detection Using Vision Transformers, Satellite Imagery, and Geospatial Intelligence\Code\datasets\sample_sentinel2
[2026-07-30 20:11:21] [INFO] [EarthVisionX:factory.py:75] - Instantiating model architecture: 'SupportedModels.VIT_BASE' (Pretrained=True)
[2026-07-30 20:11:25] [INFO] [EarthVisionX:engine.py:103] - Inference completed in 1.548s. Primary Change: 'Agricultural Changes' (100.0%)
[2026-07-30 20:11:30] [INFO] [EarthVisionX:pdf_generator.py:94] - Generated PDF Report at: C:\Project\Earth Vision X An Explainable Foundation AI Platform for Multi-Temporal Environmental Change Detection Using Vision Transformers, Satellite Imagery, and Geospatial Intelligence\Code\outputs\EarthVisionX_Report_20260730_201130.pdf
[2026-07-30 20:11:30] [INFO] [EarthVisionX:repository.py:19] - Saved prediction record ID 20
[2026-07-30 20:13:02] [INFO] [EarthVisionX:db.py:28] - Database initialized successfully at: sqlite:///C:\Project\Earth Vision X An Explainable Foundation AI Platform for Multi-Temporal Environmental Change Detection Using Vision Transformers, Satellite Imagery, and Geospatial Intelligence\Code\earth_vision_x.db
[2026-07-30 20:14:36] [WARNING] [EarthVisionX:geospatial.py:19] - Rasterio not installed; falling back to OpenCV/PIL for satellite raster reading.
[2026-07-30 20:14:42] [INFO] [EarthVisionX:db.py:28] - Database initialized successfully at: sqlite:///C:\Project\Earth Vision X An Explainable Foundation AI Platform for Multi-Temporal Environmental Change Detection Using Vision Transformers, Satellite Imagery, and Geospatial Intelligence\Code\earth_vision_x.db
[2026-07-30 20:14:50] [INFO] [EarthVisionX:db.py:28] - Database initialized successfully at: sqlite:///C:\Project\Earth Vision X An Explainable Foundation AI Platform for Multi-Temporal Environmental Change Detection Using Vision Transformers, Satellite Imagery, and Geospatial Intelligence\Code\earth_vision_x.db
[2026-07-30 20:14:50] [INFO] [EarthVisionX:sample_downloader.py:160] - Generated 1 real high-resolution optical satellite benchmark pairs in C:\Project\Earth Vision X An Explainable Foundation AI Platform for Multi-Temporal Environmental Change Detection Using Vision Transformers, Satellite Imagery, and Geospatial Intelligence\Code\datasets\sample_sentinel2
[2026-07-30 20:14:50] [INFO] [EarthVisionX:factory.py:75] - Instantiating model architecture: 'Swin Transformer Siamese' (Pretrained=True)
[2026-07-30 20:14:53] [INFO] [EarthVisionX:engine.py:103] - Inference completed in 1.364s. Primary Change: 'Deforestation' (100.0%)
[2026-07-30 20:14:58] [INFO] [EarthVisionX:pdf_generator.py:94] - Generated PDF Report at: C:\Project\Earth Vision X An Explainable Foundation AI Platform for Multi-Temporal Environmental Change Detection Using Vision Transformers, Satellite Imagery, and Geospatial Intelligence\Code\outputs\EarthVisionX_Report_20260730_201458.pdf
[2026-07-30 20:14:58] [INFO] [EarthVisionX:repository.py:19] - Saved prediction record ID 21
[2026-07-30 20:14:58] [INFO] [EarthVisionX:sample_downloader.py:160] - Generated 1 real high-resolution optical satellite benchmark pairs in C:\Project\Earth Vision X An Explainable Foundation AI Platform for Multi-Temporal Environmental Change Detection Using Vision Transformers, Satellite Imagery, and Geospatial Intelligence\Code\datasets\sample_sentinel2
[2026-07-30 20:15:06] [INFO] [EarthVisionX:db.py:28] - Database initialized successfully at: sqlite:///C:\Project\Earth Vision X An Explainable Foundation AI Platform for Multi-Temporal Environmental Change Detection Using Vision Transformers, Satellite Imagery, and Geospatial Intelligence\Code\earth_vision_x.db
[2026-07-30 20:15:13] [INFO] [EarthVisionX:db.py:28] - Database initialized successfully at: sqlite:///C:\Project\Earth Vision X An Explainable Foundation AI Platform for Multi-Temporal Environmental Change Detection Using Vision Transformers, Satellite Imagery, and Geospatial Intelligence\Code\earth_vision_x.db
[2026-07-30 20:15:18] [INFO] [EarthVisionX:db.py:28] - Database initialized successfully at: sqlite:///C:\Project\Earth Vision X An Explainable Foundation AI Platform for Multi-Temporal Environmental Change Detection Using Vision Transformers, Satellite Imagery, and Geospatial Intelligence\Code\earth_vision_x.db
[2026-07-30 20:15:20] [INFO] [EarthVisionX:db.py:28] - Database initialized successfully at: sqlite:///C:\Project\Earth Vision X An Explainable Foundation AI Platform for Multi-Temporal Environmental Change Detection Using Vision Transformers, Satellite Imagery, and Geospatial Intelligence\Code\earth_vision_x.db
[2026-07-30 20:15:20] [INFO] [EarthVisionX:factory.py:75] - Instantiating model architecture: 'ViT-Base Siamese' (Pretrained=True)
[2026-07-30 20:15:23] [INFO] [EarthVisionX:engine.py:103] - Inference completed in 0.957s. Primary Change: 'Wildfire Burn Areas' (100.0%)
[2026-07-30 20:15:29] [INFO] [EarthVisionX:pdf_generator.py:94] - Generated PDF Report at: C:\Project\Earth Vision X An Explainable Foundation AI Platform for Multi-Temporal Environmental Change Detection Using Vision Transformers, Satellite Imagery, and Geospatial Intelligence\Code\outputs\EarthVisionX_Report_20260730_201529.pdf
[2026-07-30 20:15:29] [INFO] [EarthVisionX:repository.py:19] - Saved prediction record ID 22
[2026-07-30 20:15:29] [INFO] [EarthVisionX:db.py:28] - Database initialized successfully at: sqlite:///C:\Project\Earth Vision X An Explainable Foundation AI Platform for Multi-Temporal Environmental Change Detection Using Vision Transformers, Satellite Imagery, and Geospatial Intelligence\Code\earth_vision_x.db
[2026-07-30 20:24:07] [WARNING] [EarthVisionX:geospatial.py:19] - Rasterio not installed; falling back to OpenCV/PIL for satellite raster reading.
[2026-07-30 20:24:21] [WARNING] [EarthVisionX:satellite_provider.py:44] - Geocoding lookup fallback for Bengaluru, Karnataka, India: HTTPSConnectionPool(host='nominatim.openstreetmap.org', port=443): Max retries exceeded with url: /search?q=Bengaluru%2C+Karnataka%2C+India&format=json&limit=1 (Caused by NameResolutionError("HTTPSConnection(host='nominatim.openstreetmap.org', port=443): Failed to resolve 'nominatim.openstreetmap.org' ([Errno 11001] getaddrinfo failed)"))
[2026-07-30 20:24:33] [WARNING] [EarthVisionX:satellite_provider.py:76] - NASA GIBS fetch exception: HTTPSConnectionPool(host='gibs.earthdata.nasa.gov', port=443): Max retries exceeded with url: /wmts/epsg3857/best/MODIS_Terra_CorrectedReflectance_TrueColor/default/2021-06-15/GoogleMapsCompatible_Level9/9/237/366.jpg (Caused by NameResolutionError("HTTPSConnection(host='gibs.earthdata.nasa.gov', port=443): Failed to resolve 'gibs.earthdata.nasa.gov' ([Errno 11001] getaddrinfo failed)"))
[2026-07-30 20:24:33] [WARNING] [EarthVisionX:satellite_provider.py:76] - NASA GIBS fetch exception: HTTPSConnectionPool(host='gibs.earthdata.nasa.gov', port=443): Max retries exceeded with url: /wmts/epsg3857/best/MODIS_Terra_CorrectedReflectance_TrueColor/default/2024-06-15/GoogleMapsCompatible_Level9/9/237/366.jpg (Caused by NameResolutionError("HTTPSConnection(host='gibs.earthdata.nasa.gov', port=443): Failed to resolve 'gibs.earthdata.nasa.gov' ([Errno 11001] getaddrinfo failed)"))
[2026-07-30 20:41:16] [WARNING] [EarthVisionX:satellite_provider.py:44] - Geocoding lookup fallback for Bengaluru, Karnataka, India: HTTPSConnectionPool(host='nominatim.openstreetmap.org', port=443): Read timed out. (read timeout=5)
[2026-07-30 20:41:27] [WARNING] [EarthVisionX:satellite_provider.py:77] - NASA GIBS fetch fallback: HTTPSConnectionPool(host='gibs.earthdata.nasa.gov', port=443): Max retries exceeded with url: /wmts/epsg3857/best/MODIS_Terra_CorrectedReflectance_TrueColor/default/2021-06-15/GoogleMapsCompatible_Level9/9/237/366.jpg (Caused by NameResolutionError("HTTPSConnection(host='gibs.earthdata.nasa.gov', port=443): Failed to resolve 'gibs.earthdata.nasa.gov' ([Errno 11001] getaddrinfo failed)"))
[2026-07-31 11:31:35] [WARNING] [EarthVisionX:geospatial.py:19] - Rasterio not installed; falling back to OpenCV/PIL for satellite raster reading.
[2026-07-31 11:31:45] [INFO] [EarthVisionX:db.py:28] - Database initialized successfully at: sqlite:///C:\Project\Earth Vision X An Explainable Foundation AI Platform for Multi-Temporal Environmental Change Detection Using Vision Transformers, Satellite Imagery, and Geospatial Intelligence\Code\earth_vision_x.db
[2026-07-31 11:32:48] [WARNING] [EarthVisionX:geospatial.py:19] - Rasterio not installed; falling back to OpenCV/PIL for satellite raster reading.
[2026-07-31 11:32:48] [INFO] [EarthVisionX:db.py:28] - Database initialized successfully at: sqlite:///C:\Project\Earth Vision X An Explainable Foundation AI Platform for Multi-Temporal Environmental Change Detection Using Vision Transformers, Satellite Imagery, and Geospatial Intelligence\Code\earth_vision_x.db
[2026-07-31 11:32:48] [INFO] [EarthVisionX:sample_downloader.py:160] - Generated 1 real high-resolution optical satellite benchmark pairs in C:\Project\Earth Vision X An Explainable Foundation AI Platform for Multi-Temporal Environmental Change Detection Using Vision Transformers, Satellite Imagery, and Geospatial Intelligence\Code\datasets\sample_sentinel2
[2026-07-31 11:32:48] [INFO] [EarthVisionX:factory.py:75] - Instantiating model architecture: 'Swin Transformer Siamese' (Pretrained=True)
[2026-07-31 11:32:51] [INFO] [EarthVisionX:engine.py:103] - Inference completed in 1.473s. Primary Change: 'Flood Detection' (100.0%)
[2026-07-31 11:32:55] [INFO] [EarthVisionX:pdf_generator.py:94] - Generated PDF Report at: C:\Project\Earth Vision X An Explainable Foundation AI Platform for Multi-Temporal Environmental Change Detection Using Vision Transformers, Satellite Imagery, and Geospatial Intelligence\Code\outputs\EarthVisionX_Report_20260731_113255.pdf
[2026-07-31 11:32:55] [INFO] [EarthVisionX:repository.py:19] - Saved prediction record ID 23
[2026-07-31 11:32:55] [INFO] [EarthVisionX:sample_downloader.py:160] - Generated 1 real high-resolution optical satellite benchmark pairs in C:\Project\Earth Vision X An Explainable Foundation AI Platform for Multi-Temporal Environmental Change Detection Using Vision Transformers, Satellite Imagery, and Geospatial Intelligence\Code\datasets\sample_sentinel2
[2026-07-31 11:35:01] [INFO] [EarthVisionX:db.py:28] - Database initialized successfully at: sqlite:///C:\Project\Earth Vision X An Explainable Foundation AI Platform for Multi-Temporal Environmental Change Detection Using Vision Transformers, Satellite Imagery, and Geospatial Intelligence\Code\earth_vision_x.db
[2026-07-31 11:35:05] [INFO] [EarthVisionX:db.py:28] - Database initialized successfully at: sqlite:///C:\Project\Earth Vision X An Explainable Foundation AI Platform for Multi-Temporal Environmental Change Detection Using Vision Transformers, Satellite Imagery, and Geospatial Intelligence\Code\earth_vision_x.db
[2026-07-31 11:35:07] [INFO] [EarthVisionX:db.py:28] - Database initialized successfully at: sqlite:///C:\Project\Earth Vision X An Explainable Foundation AI Platform for Multi-Temporal Environmental Change Detection Using Vision Transformers, Satellite Imagery, and Geospatial Intelligence\Code\earth_vision_x.db
[2026-07-31 11:35:08] [INFO] [EarthVisionX:db.py:28] - Database initialized successfully at: sqlite:///C:\Project\Earth Vision X An Explainable Foundation AI Platform for Multi-Temporal Environmental Change Detection Using Vision Transformers, Satellite Imagery, and Geospatial Intelligence\Code\earth_vision_x.db
[2026-07-31 11:35:08] [INFO] [EarthVisionX:factory.py:75] - Instantiating model architecture: 'ViT-Base Siamese' (Pretrained=True)
[2026-07-31 11:35:10] [INFO] [EarthVisionX:engine.py:103] - Inference completed in 0.608s. Primary Change: 'Vegetation Loss' (100.0%)
[2026-07-31 11:35:14] [INFO] [EarthVisionX:pdf_generator.py:94] - Generated PDF Report at: C:\Project\Earth Vision X An Explainable Foundation AI Platform for Multi-Temporal Environmental Change Detection Using Vision Transformers, Satellite Imagery, and Geospatial Intelligence\Code\outputs\EarthVisionX_Report_20260731_113514.pdf
[2026-07-31 11:35:14] [INFO] [EarthVisionX:repository.py:19] - Saved prediction record ID 24
[2026-07-31 11:35:14] [INFO] [EarthVisionX:db.py:28] - Database initialized successfully at: sqlite:///C:\Project\Earth Vision X An Explainable Foundation AI Platform for Multi-Temporal Environmental Change Detection Using Vision Transformers, Satellite Imagery, and Geospatial Intelligence\Code\earth_vision_x.db
[2026-07-31 11:35:26] [INFO] [EarthVisionX:db.py:28] - Database initialized successfully at: sqlite:///C:\Project\Earth Vision X An Explainable Foundation AI Platform for Multi-Temporal Environmental Change Detection Using Vision Transformers, Satellite Imagery, and Geospatial Intelligence\Code\earth_vision_x.db
[2026-07-31 11:40:00] [WARNING] [EarthVisionX:geospatial.py:19] - Rasterio not installed; falling back to OpenCV/PIL for satellite raster reading.
[2026-07-31 11:40:06] [INFO] [EarthVisionX:sample_downloader.py:146] - Retrieved 4 authentic real optical satellite benchmark pairs from C:\Project\Earth Vision X An Explainable Foundation AI Platform for Multi-Temporal Environmental Change Detection Using Vision Transformers, Satellite Imagery, and Geospatial Intelligence\Code\datasets\sample_sentinel2
[2026-07-31 11:40:06] [INFO] [EarthVisionX:factory.py:75] - Instantiating model architecture: 'SupportedModels.VIT_BASE' (Pretrained=True)
[2026-07-31 11:40:08] [INFO] [EarthVisionX:engine.py:103] - Inference completed in 0.922s. Primary Change: 'No Change' (0.0%)
[2026-07-31 11:40:12] [INFO] [EarthVisionX:repository.py:19] - Saved prediction record ID 25
[2026-07-31 11:50:00] [WARNING] [EarthVisionX:geospatial.py:19] - Rasterio not installed; falling back to OpenCV/PIL for satellite raster reading.
[2026-07-31 11:50:05] [INFO] [EarthVisionX:sample_downloader.py:146] - Retrieved 2 authentic real optical satellite benchmark pairs from C:\Project\Earth Vision X An Explainable Foundation AI Platform for Multi-Temporal Environmental Change Detection Using Vision Transformers, Satellite Imagery, and Geospatial Intelligence\Code\datasets\sample_sentinel2
[2026-07-31 11:51:02] [WARNING] [EarthVisionX:geospatial.py:19] - Rasterio not installed; falling back to OpenCV/PIL for satellite raster reading.
[2026-07-31 11:51:07] [INFO] [EarthVisionX:sample_downloader.py:146] - Retrieved 2 authentic real optical satellite benchmark pairs from C:\Project\Earth Vision X An Explainable Foundation AI Platform for Multi-Temporal Environmental Change Detection Using Vision Transformers, Satellite Imagery, and Geospatial Intelligence\Code\datasets\sample_sentinel2
[2026-07-31 11:51:28] [WARNING] [EarthVisionX:geospatial.py:19] - Rasterio not installed; falling back to OpenCV/PIL for satellite raster reading.
[2026-07-31 11:51:32] [INFO] [EarthVisionX:sample_downloader.py:146] - Retrieved 2 authentic real optical satellite benchmark pairs from C:\Project\Earth Vision X An Explainable Foundation AI Platform for Multi-Temporal Environmental Change Detection Using Vision Transformers, Satellite Imagery, and Geospatial Intelligence\Code\datasets\sample_sentinel2
[2026-07-31 11:51:32] [INFO] [EarthVisionX:pdf_generator.py:136] - Generated IEEE PDF Report at: C:\Project\Earth Vision X An Explainable Foundation AI Platform for Multi-Temporal Environmental Change Detection Using Vision Transformers, Satellite Imagery, and Geospatial Intelligence\Code\outputs\EarthVisionX_Report_20260731_115132.pdf
[2026-07-31 11:51:32] [INFO] [EarthVisionX:docx_csv_exporter.py:102] - Generated DOCX Report at: C:\Project\Earth Vision X An Explainable Foundation AI Platform for Multi-Temporal Environmental Change Detection Using Vision Transformers, Satellite Imagery, and Geospatial Intelligence\Code\outputs\EarthVisionX_Report_20260731_115132.docx
[2026-07-31 11:51:32] [INFO] [EarthVisionX:docx_csv_exporter.py:146] - Generated CSV Report at: C:\Project\Earth Vision X An Explainable Foundation AI Platform for Multi-Temporal Environmental Change Detection Using Vision Transformers, Satellite Imagery, and Geospatial Intelligence\Code\outputs\EarthVisionX_Metrics_20260731_115132.csv
[2026-07-31 12:03:31] [WARNING] [EarthVisionX:geospatial.py:19] - Rasterio not installed; falling back to OpenCV/PIL for satellite raster reading.
[2026-07-31 12:03:34] [INFO] [EarthVisionX:db.py:28] - Database initialized successfully at: sqlite:///C:\Project\Earth Vision X An Explainable Foundation AI Platform for Multi-Temporal Environmental Change Detection Using Vision Transformers, Satellite Imagery, and Geospatial Intelligence\Code\earth_vision_x.db
[2026-07-31 12:23:18] [INFO] [EarthVisionX:db.py:28] - Database initialized successfully at: sqlite:///C:\Project\Earth Vision X An Explainable Foundation AI Platform for Multi-Temporal Environmental Change Detection Using Vision Transformers, Satellite Imagery, and Geospatial Intelligence\Code\earth_vision_x.db
[2026-07-31 12:23:40] [INFO] [EarthVisionX:db.py:28] - Database initialized successfully at: sqlite:///C:\Project\Earth Vision X An Explainable Foundation AI Platform for Multi-Temporal Environmental Change Detection Using Vision Transformers, Satellite Imagery, and Geospatial Intelligence\Code\earth_vision_x.db
[2026-07-31 12:24:11] [INFO] [EarthVisionX:db.py:28] - Database initialized successfully at: sqlite:///C:\Project\Earth Vision X An Explainable Foundation AI Platform for Multi-Temporal Environmental Change Detection Using Vision Transformers, Satellite Imagery, and Geospatial Intelligence\Code\earth_vision_x.db
[2026-07-31 12:24:26] [INFO] [EarthVisionX:db.py:28] - Database initialized successfully at: sqlite:///C:\Project\Earth Vision X An Explainable Foundation AI Platform for Multi-Temporal Environmental Change Detection Using Vision Transformers, Satellite Imagery, and Geospatial Intelligence\Code\earth_vision_x.db
[2026-07-31 12:24:27] [INFO] [EarthVisionX:db.py:28] - Database initialized successfully at: sqlite:///C:\Project\Earth Vision X An Explainable Foundation AI Platform for Multi-Temporal Environmental Change Detection Using Vision Transformers, Satellite Imagery, and Geospatial Intelligence\Code\earth_vision_x.db
[2026-07-31 12:24:28] [INFO] [EarthVisionX:db.py:28] - Database initialized successfully at: sqlite:///C:\Project\Earth Vision X An Explainable Foundation AI Platform for Multi-Temporal Environmental Change Detection Using Vision Transformers, Satellite Imagery, and Geospatial Intelligence\Code\earth_vision_x.db
[2026-07-31 12:24:29] [INFO] [EarthVisionX:db.py:28] - Database initialized successfully at: sqlite:///C:\Project\Earth Vision X An Explainable Foundation AI Platform for Multi-Temporal Environmental Change Detection Using Vision Transformers, Satellite Imagery, and Geospatial Intelligence\Code\earth_vision_x.db
[2026-07-31 12:24:53] [INFO] [EarthVisionX:db.py:28] - Database initialized successfully at: sqlite:///C:\Project\Earth Vision X An Explainable Foundation AI Platform for Multi-Temporal Environmental Change Detection Using Vision Transformers, Satellite Imagery, and Geospatial Intelligence\Code\earth_vision_x.db
[2026-07-31 12:24:56] [INFO] [EarthVisionX:db.py:28] - Database initialized successfully at: sqlite:///C:\Project\Earth Vision X An Explainable Foundation AI Platform for Multi-Temporal Environmental Change Detection Using Vision Transformers, Satellite Imagery, and Geospatial Intelligence\Code\earth_vision_x.db
[2026-07-31 12:25:06] [INFO] [EarthVisionX:db.py:28] - Database initialized successfully at: sqlite:///C:\Project\Earth Vision X An Explainable Foundation AI Platform for Multi-Temporal Environmental Change Detection Using Vision Transformers, Satellite Imagery, and Geospatial Intelligence\Code\earth_vision_x.db
[2026-07-31 12:25:13] [INFO] [EarthVisionX:db.py:28] - Database initialized successfully at: sqlite:///C:\Project\Earth Vision X An Explainable Foundation AI Platform for Multi-Temporal Environmental Change Detection Using Vision Transformers, Satellite Imagery, and Geospatial Intelligence\Code\earth_vision_x.db
[2026-07-31 12:25:13] [INFO] [EarthVisionX:db.py:28] - Database initialized successfully at: sqlite:///C:\Project\Earth Vision X An Explainable Foundation AI Platform for Multi-Temporal Environmental Change Detection Using Vision Transformers, Satellite Imagery, and Geospatial Intelligence\Code\earth_vision_x.db
[2026-07-31 12:25:17] [INFO] [EarthVisionX:db.py:28] - Database initialized successfully at: sqlite:///C:\Project\Earth Vision X An Explainable Foundation AI Platform for Multi-Temporal Environmental Change Detection Using Vision Transformers, Satellite Imagery, and Geospatial Intelligence\Code\earth_vision_x.db
[2026-07-31 12:25:18] [INFO] [EarthVisionX:db.py:28] - Database initialized successfully at: sqlite:///C:\Project\Earth Vision X An Explainable Foundation AI Platform for Multi-Temporal Environmental Change Detection Using Vision Transformers, Satellite Imagery, and Geospatial Intelligence\Code\earth_vision_x.db
[2026-07-31 12:25:34] [INFO] [EarthVisionX:db.py:28] - Database initialized successfully at: sqlite:///C:\Project\Earth Vision X An Explainable Foundation AI Platform for Multi-Temporal Environmental Change Detection Using Vision Transformers, Satellite Imagery, and Geospatial Intelligence\Code\earth_vision_x.db
[2026-07-31 12:25:34] [INFO] [EarthVisionX:sample_downloader.py:146] - Retrieved 1 authentic real optical satellite benchmark pairs from C:\Project\Earth Vision X An Explainable Foundation AI Platform for Multi-Temporal Environmental Change Detection Using Vision Transformers, Satellite Imagery, and Geospatial Intelligence\Code\datasets\sample_sentinel2
[2026-07-31 12:25:34] [INFO] [EarthVisionX:factory.py:75] - Instantiating model architecture: 'SupportedModels.VIT_BASE' (Pretrained=True)
[2026-07-31 12:25:36] [INFO] [EarthVisionX:engine.py:103] - Inference completed in 1.241s. Primary Change: 'Infrastructure Development' (100.0%)
[2026-07-31 12:25:40] [INFO] [EarthVisionX:pdf_generator.py:136] - Generated IEEE PDF Report at: C:\Project\Earth Vision X An Explainable Foundation AI Platform for Multi-Temporal Environmental Change Detection Using Vision Transformers, Satellite Imagery, and Geospatial Intelligence\Code\outputs\EarthVisionX_Report_20260731_122540.pdf
[2026-07-31 12:25:40] [INFO] [EarthVisionX:repository.py:19] - Saved prediction record ID 26
[2026-07-31 12:25:43] [INFO] [EarthVisionX:db.py:28] - Database initialized successfully at: sqlite:///C:\Project\Earth Vision X An Explainable Foundation AI Platform for Multi-Temporal Environmental Change Detection Using Vision Transformers, Satellite Imagery, and Geospatial Intelligence\Code\earth_vision_x.db
[2026-07-31 12:25:47] [INFO] [EarthVisionX:db.py:28] - Database initialized successfully at: sqlite:///C:\Project\Earth Vision X An Explainable Foundation AI Platform for Multi-Temporal Environmental Change Detection Using Vision Transformers, Satellite Imagery, and Geospatial Intelligence\Code\earth_vision_x.db
[2026-07-31 12:25:48] [INFO] [EarthVisionX:db.py:28] - Database initialized successfully at: sqlite:///C:\Project\Earth Vision X An Explainable Foundation AI Platform for Multi-Temporal Environmental Change Detection Using Vision Transformers, Satellite Imagery, and Geospatial Intelligence\Code\earth_vision_x.db
[2026-07-31 12:25:49] [INFO] [EarthVisionX:db.py:28] - Database initialized successfully at: sqlite:///C:\Project\Earth Vision X An Explainable Foundation AI Platform for Multi-Temporal Environmental Change Detection Using Vision Transformers, Satellite Imagery, and Geospatial Intelligence\Code\earth_vision_x.db
[2026-07-31 12:25:50] [INFO] [EarthVisionX:db.py:28] - Database initialized successfully at: sqlite:///C:\Project\Earth Vision X An Explainable Foundation AI Platform for Multi-Temporal Environmental Change Detection Using Vision Transformers, Satellite Imagery, and Geospatial Intelligence\Code\earth_vision_x.db
[2026-07-31 12:26:02] [INFO] [EarthVisionX:db.py:28] - Database initialized successfully at: sqlite:///C:\Project\Earth Vision X An Explainable Foundation AI Platform for Multi-Temporal Environmental Change Detection Using Vision Transformers, Satellite Imagery, and Geospatial Intelligence\Code\earth_vision_x.db
[2026-07-31 12:26:02] [INFO] [EarthVisionX:sample_downloader.py:146] - Retrieved 1 authentic real optical satellite benchmark pairs from C:\Project\Earth Vision X An Explainable Foundation AI Platform for Multi-Temporal Environmental Change Detection Using Vision Transformers, Satellite Imagery, and Geospatial Intelligence\Code\datasets\sample_sentinel2
[2026-07-31 12:26:02] [INFO] [EarthVisionX:factory.py:75] - Instantiating model architecture: 'Swin Transformer Siamese' (Pretrained=True)
[2026-07-31 12:26:03] [INFO] [EarthVisionX:engine.py:103] - Inference completed in 0.410s. Primary Change: 'Wildfire Burn Areas' (100.0%)
[2026-07-31 12:26:06] [INFO] [EarthVisionX:pdf_generator.py:136] - Generated IEEE PDF Report at: C:\Project\Earth Vision X An Explainable Foundation AI Platform for Multi-Temporal Environmental Change Detection Using Vision Transformers, Satellite Imagery, and Geospatial Intelligence\Code\outputs\EarthVisionX_Report_20260731_122606.pdf
[2026-07-31 12:26:06] [INFO] [EarthVisionX:repository.py:19] - Saved prediction record ID 27
[2026-07-31 12:26:06] [INFO] [EarthVisionX:sample_downloader.py:146] - Retrieved 1 authentic real optical satellite benchmark pairs from C:\Project\Earth Vision X An Explainable Foundation AI Platform for Multi-Temporal Environmental Change Detection Using Vision Transformers, Satellite Imagery, and Geospatial Intelligence\Code\datasets\sample_sentinel2
[2026-07-31 12:26:28] [INFO] [EarthVisionX:db.py:28] - Database initialized successfully at: sqlite:///C:\Project\Earth Vision X An Explainable Foundation AI Platform for Multi-Temporal Environmental Change Detection Using Vision Transformers, Satellite Imagery, and Geospatial Intelligence\Code\earth_vision_x.db
[2026-07-31 12:26:31] [INFO] [EarthVisionX:db.py:28] - Database initialized successfully at: sqlite:///C:\Project\Earth Vision X An Explainable Foundation AI Platform for Multi-Temporal Environmental Change Detection Using Vision Transformers, Satellite Imagery, and Geospatial Intelligence\Code\earth_vision_x.db
[2026-07-31 12:26:31] [INFO] [EarthVisionX:sample_downloader.py:146] - Retrieved 1 authentic real optical satellite benchmark pairs from C:\Project\Earth Vision X An Explainable Foundation AI Platform for Multi-Temporal Environmental Change Detection Using Vision Transformers, Satellite Imagery, and Geospatial Intelligence\Code\datasets\sample_sentinel2
[2026-07-31 12:26:32] [INFO] [EarthVisionX:db.py:28] - Database initialized successfully at: sqlite:///C:\Project\Earth Vision X An Explainable Foundation AI Platform for Multi-Temporal Environmental Change Detection Using Vision Transformers, Satellite Imagery, and Geospatial Intelligence\Code\earth_vision_x.db
[2026-07-31 12:26:37] [INFO] [EarthVisionX:db.py:28] - Database initialized successfully at: sqlite:///C:\Project\Earth Vision X An Explainable Foundation AI Platform for Multi-Temporal Environmental Change Detection Using Vision Transformers, Satellite Imagery, and Geospatial Intelligence\Code\earth_vision_x.db
[2026-07-31 12:26:38] [INFO] [EarthVisionX:db.py:28] - Database initialized successfully at: sqlite:///C:\Project\Earth Vision X An Explainable Foundation AI Platform for Multi-Temporal Environmental Change Detection Using Vision Transformers, Satellite Imagery, and Geospatial Intelligence\Code\earth_vision_x.db
[2026-07-31 12:26:39] [INFO] [EarthVisionX:db.py:28] - Database initialized successfully at: sqlite:///C:\Project\Earth Vision X An Explainable Foundation AI Platform for Multi-Temporal Environmental Change Detection Using Vision Transformers, Satellite Imagery, and Geospatial Intelligence\Code\earth_vision_x.db
[2026-07-31 12:26:40] [INFO] [EarthVisionX:db.py:28] - Database initialized successfully at: sqlite:///C:\Project\Earth Vision X An Explainable Foundation AI Platform for Multi-Temporal Environmental Change Detection Using Vision Transformers, Satellite Imagery, and Geospatial Intelligence\Code\earth_vision_x.db
[2026-07-31 12:26:49] [INFO] [EarthVisionX:db.py:28] - Database initialized successfully at: sqlite:///C:\Project\Earth Vision X An Explainable Foundation AI Platform for Multi-Temporal Environmental Change Detection Using Vision Transformers, Satellite Imagery, and Geospatial Intelligence\Code\earth_vision_x.db
[2026-07-31 12:26:50] [INFO] [EarthVisionX:db.py:28] - Database initialized successfully at: sqlite:///C:\Project\Earth Vision X An Explainable Foundation AI Platform for Multi-Temporal Environmental Change Detection Using Vision Transformers, Satellite Imagery, and Geospatial Intelligence\Code\earth_vision_x.db
[2026-07-31 12:26:53] [INFO] [EarthVisionX:db.py:28] - Database initialized successfully at: sqlite:///C:\Project\Earth Vision X An Explainable Foundation AI Platform for Multi-Temporal Environmental Change Detection Using Vision Transformers, Satellite Imagery, and Geospatial Intelligence\Code\earth_vision_x.db
[2026-07-31 12:26:54] [INFO] [EarthVisionX:db.py:28] - Database initialized successfully at: sqlite:///C:\Project\Earth Vision X An Explainable Foundation AI Platform for Multi-Temporal Environmental Change Detection Using Vision Transformers, Satellite Imagery, and Geospatial Intelligence\Code\earth_vision_x.db
[2026-07-31 12:26:54] [INFO] [EarthVisionX:db.py:28] - Database initialized successfully at: sqlite:///C:\Project\Earth Vision X An Explainable Foundation AI Platform for Multi-Temporal Environmental Change Detection Using Vision Transformers, Satellite Imagery, and Geospatial Intelligence\Code\earth_vision_x.db
[2026-07-31 12:26:56] [INFO] [EarthVisionX:db.py:28] - Database initialized successfully at: sqlite:///C:\Project\Earth Vision X An Explainable Foundation AI Platform for Multi-Temporal Environmental Change Detection Using Vision Transformers, Satellite Imagery, and Geospatial Intelligence\Code\earth_vision_x.db
[2026-07-31 12:26:59] [INFO] [EarthVisionX:db.py:28] - Database initialized successfully at: sqlite:///C:\Project\Earth Vision X An Explainable Foundation AI Platform for Multi-Temporal Environmental Change Detection Using Vision Transformers, Satellite Imagery, and Geospatial Intelligence\Code\earth_vision_x.db
[2026-07-31 12:27:01] [INFO] [EarthVisionX:db.py:28] - Database initialized successfully at: sqlite:///C:\Project\Earth Vision X An Explainable Foundation AI Platform for Multi-Temporal Environmental Change Detection Using Vision Transformers, Satellite Imagery, and Geospatial Intelligence\Code\earth_vision_x.db
[2026-07-31 12:40:58] [INFO] [EarthVisionX:db.py:28] - Database initialized successfully at: sqlite:///C:\Project\Earth Vision X An Explainable Foundation AI Platform for Multi-Temporal Environmental Change Detection Using Vision Transformers, Satellite Imagery, and Geospatial Intelligence\Code\earth_vision_x.db
[2026-07-31 12:41:00] [INFO] [EarthVisionX:db.py:28] - Database initialized successfully at: sqlite:///C:\Project\Earth Vision X An Explainable Foundation AI Platform for Multi-Temporal Environmental Change Detection Using Vision Transformers, Satellite Imagery, and Geospatial Intelligence\Code\earth_vision_x.db
[2026-07-31 12:41:00] [INFO] [EarthVisionX:sample_downloader.py:146] - Retrieved 1 authentic real optical satellite benchmark pairs from C:\Project\Earth Vision X An Explainable Foundation AI Platform for Multi-Temporal Environmental Change Detection Using Vision Transformers, Satellite Imagery, and Geospatial Intelligence\Code\datasets\sample_sentinel2
[2026-07-31 12:45:30] [INFO] [EarthVisionX:db.py:28] - Database initialized successfully at: sqlite:///C:\Project\Earth Vision X An Explainable Foundation AI Platform for Multi-Temporal Environmental Change Detection Using Vision Transformers, Satellite Imagery, and Geospatial Intelligence\Code\earth_vision_x.db
[2026-07-31 12:47:09] [WARNING] [EarthVisionX:geospatial.py:19] - Rasterio not installed; falling back to OpenCV/PIL for satellite raster reading.
[2026-07-31 12:47:13] [INFO] [EarthVisionX:db.py:28] - Database initialized successfully at: sqlite:///C:\Project\Earth Vision X An Explainable Foundation AI Platform for Multi-Temporal Environmental Change Detection Using Vision Transformers, Satellite Imagery, and Geospatial Intelligence\Code\earth_vision_x.db
[2026-07-31 12:47:21] [INFO] [EarthVisionX:db.py:28] - Database initialized successfully at: sqlite:///C:\Project\Earth Vision X An Explainable Foundation AI Platform for Multi-Temporal Environmental Change Detection Using Vision Transformers, Satellite Imagery, and Geospatial Intelligence\Code\earth_vision_x.db
[2026-07-31 12:47:21] [INFO] [EarthVisionX:sample_downloader.py:146] - Retrieved 1 authentic real optical satellite benchmark pairs from C:\Project\Earth Vision X An Explainable Foundation AI Platform for Multi-Temporal Environmental Change Detection Using Vision Transformers, Satellite Imagery, and Geospatial Intelligence\Code\datasets\sample_sentinel2
[2026-07-31 12:47:21] [INFO] [EarthVisionX:factory.py:75] - Instantiating model architecture: 'Swin Transformer Siamese' (Pretrained=True)
[2026-07-31 12:47:23] [INFO] [EarthVisionX:engine.py:103] - Inference completed in 0.794s. Primary Change: 'Wildfire Burn Areas' (100.0%)
[2026-07-31 12:47:26] [INFO] [EarthVisionX:pdf_generator.py:136] - Generated IEEE PDF Report at: C:\Project\Earth Vision X An Explainable Foundation AI Platform for Multi-Temporal Environmental Change Detection Using Vision Transformers, Satellite Imagery, and Geospatial Intelligence\Code\outputs\EarthVisionX_Report_20260731_124726.pdf
[2026-07-31 12:47:26] [INFO] [EarthVisionX:repository.py:19] - Saved prediction record ID 28
[2026-07-31 12:47:26] [INFO] [EarthVisionX:sample_downloader.py:146] - Retrieved 1 authentic real optical satellite benchmark pairs from C:\Project\Earth Vision X An Explainable Foundation AI Platform for Multi-Temporal Environmental Change Detection Using Vision Transformers, Satellite Imagery, and Geospatial Intelligence\Code\datasets\sample_sentinel2
[2026-07-31 12:47:36] [INFO] [EarthVisionX:db.py:28] - Database initialized successfully at: sqlite:///C:\Project\Earth Vision X An Explainable Foundation AI Platform for Multi-Temporal Environmental Change Detection Using Vision Transformers, Satellite Imagery, and Geospatial Intelligence\Code\earth_vision_x.db
[2026-07-31 12:47:39] [INFO] [EarthVisionX:db.py:28] - Database initialized successfully at: sqlite:///C:\Project\Earth Vision X An Explainable Foundation AI Platform for Multi-Temporal Environmental Change Detection Using Vision Transformers, Satellite Imagery, and Geospatial Intelligence\Code\earth_vision_x.db
[2026-07-31 12:47:41] [INFO] [EarthVisionX:db.py:28] - Database initialized successfully at: sqlite:///C:\Project\Earth Vision X An Explainable Foundation AI Platform for Multi-Temporal Environmental Change Detection Using Vision Transformers, Satellite Imagery, and Geospatial Intelligence\Code\earth_vision_x.db
[2026-07-31 12:47:42] [INFO] [EarthVisionX:db.py:28] - Database initialized successfully at: sqlite:///C:\Project\Earth Vision X An Explainable Foundation AI Platform for Multi-Temporal Environmental Change Detection Using Vision Transformers, Satellite Imagery, and Geospatial Intelligence\Code\earth_vision_x.db
[2026-07-31 12:47:44] [INFO] [EarthVisionX:db.py:28] - Database initialized successfully at: sqlite:///C:\Project\Earth Vision X An Explainable Foundation AI Platform for Multi-Temporal Environmental Change Detection Using Vision Transformers, Satellite Imagery, and Geospatial Intelligence\Code\earth_vision_x.db
[2026-07-31 12:47:45] [INFO] [EarthVisionX:db.py:28] - Database initialized successfully at: sqlite:///C:\Project\Earth Vision X An Explainable Foundation AI Platform for Multi-Temporal Environmental Change Detection Using Vision Transformers, Satellite Imagery, and Geospatial Intelligence\Code\earth_vision_x.db
[2026-07-31 12:47:46] [INFO] [EarthVisionX:db.py:28] - Database initialized successfully at: sqlite:///C:\Project\Earth Vision X An Explainable Foundation AI Platform for Multi-Temporal Environmental Change Detection Using Vision Transformers, Satellite Imagery, and Geospatial Intelligence\Code\earth_vision_x.db
[2026-07-31 12:47:48] [INFO] [EarthVisionX:db.py:28] - Database initialized successfully at: sqlite:///C:\Project\Earth Vision X An Explainable Foundation AI Platform for Multi-Temporal Environmental Change Detection Using Vision Transformers, Satellite Imagery, and Geospatial Intelligence\Code\earth_vision_x.db
[2026-07-31 12:47:59] [INFO] [EarthVisionX:db.py:28] - Database initialized successfully at: sqlite:///C:\Project\Earth Vision X An Explainable Foundation AI Platform for Multi-Temporal Environmental Change Detection Using Vision Transformers, Satellite Imagery, and Geospatial Intelligence\Code\earth_vision_x.db
[2026-07-31 12:48:00] [INFO] [EarthVisionX:db.py:28] - Database initialized successfully at: sqlite:///C:\Project\Earth Vision X An Explainable Foundation AI Platform for Multi-Temporal Environmental Change Detection Using Vision Transformers, Satellite Imagery, and Geospatial Intelligence\Code\earth_vision_x.db
[2026-07-31 12:48:01] [INFO] [EarthVisionX:db.py:28] - Database initialized successfully at: sqlite:///C:\Project\Earth Vision X An Explainable Foundation AI Platform for Multi-Temporal Environmental Change Detection Using Vision Transformers, Satellite Imagery, and Geospatial Intelligence\Code\earth_vision_x.db
[2026-07-31 12:48:02] [INFO] [EarthVisionX:db.py:28] - Database initialized successfully at: sqlite:///C:\Project\Earth Vision X An Explainable Foundation AI Platform for Multi-Temporal Environmental Change Detection Using Vision Transformers, Satellite Imagery, and Geospatial Intelligence\Code\earth_vision_x.db
[2026-07-31 12:48:03] [INFO] [EarthVisionX:db.py:28] - Database initialized successfully at: sqlite:///C:\Project\Earth Vision X An Explainable Foundation AI Platform for Multi-Temporal Environmental Change Detection Using Vision Transformers, Satellite Imagery, and Geospatial Intelligence\Code\earth_vision_x.db
[2026-07-31 12:48:05] [INFO] [EarthVisionX:db.py:28] - Database initialized successfully at: sqlite:///C:\Project\Earth Vision X An Explainable Foundation AI Platform for Multi-Temporal Environmental Change Detection Using Vision Transformers, Satellite Imagery, and Geospatial Intelligence\Code\earth_vision_x.db
[2026-07-31 12:48:09] [INFO] [EarthVisionX:db.py:28] - Database initialized successfully at: sqlite:///C:\Project\Earth Vision X An Explainable Foundation AI Platform for Multi-Temporal Environmental Change Detection Using Vision Transformers, Satellite Imagery, and Geospatial Intelligence\Code\earth_vision_x.db
[2026-07-31 12:48:11] [INFO] [EarthVisionX:db.py:28] - Database initialized successfully at: sqlite:///C:\Project\Earth Vision X An Explainable Foundation AI Platform for Multi-Temporal Environmental Change Detection Using Vision Transformers, Satellite Imagery, and Geospatial Intelligence\Code\earth_vision_x.db
[2026-07-31 12:48:12] [INFO] [EarthVisionX:db.py:28] - Database initialized successfully at: sqlite:///C:\Project\Earth Vision X An Explainable Foundation AI Platform for Multi-Temporal Environmental Change Detection Using Vision Transformers, Satellite Imagery, and Geospatial Intelligence\Code\earth_vision_x.db
[2026-07-31 12:48:13] [INFO] [EarthVisionX:db.py:28] - Database initialized successfully at: sqlite:///C:\Project\Earth Vision X An Explainable Foundation AI Platform for Multi-Temporal Environmental Change Detection Using Vision Transformers, Satellite Imagery, and Geospatial Intelligence\Code\earth_vision_x.db
[2026-07-31 12:48:14] [INFO] [EarthVisionX:db.py:28] - Database initialized successfully at: sqlite:///C:\Project\Earth Vision X An Explainable Foundation AI Platform for Multi-Temporal Environmental Change Detection Using Vision Transformers, Satellite Imagery, and Geospatial Intelligence\Code\earth_vision_x.db
[2026-07-31 12:48:15] [INFO] [EarthVisionX:db.py:28] - Database initialized successfully at: sqlite:///C:\Project\Earth Vision X An Explainable Foundation AI Platform for Multi-Temporal Environmental Change Detection Using Vision Transformers, Satellite Imagery, and Geospatial Intelligence\Code\earth_vision_x.db
[2026-07-31 12:48:18] [INFO] [EarthVisionX:db.py:28] - Database initialized successfully at: sqlite:///C:\Project\Earth Vision X An Explainable Foundation AI Platform for Multi-Temporal Environmental Change Detection Using Vision Transformers, Satellite Imagery, and Geospatial Intelligence\Code\earth_vision_x.db
[2026-07-31 12:48:20] [INFO] [EarthVisionX:db.py:28] - Database initialized successfully at: sqlite:///C:\Project\Earth Vision X An Explainable Foundation AI Platform for Multi-Temporal Environmental Change Detection Using Vision Transformers, Satellite Imagery, and Geospatial Intelligence\Code\earth_vision_x.db
[2026-07-31 12:48:28] [INFO] [EarthVisionX:db.py:28] - Database initialized successfully at: sqlite:///C:\Project\Earth Vision X An Explainable Foundation AI Platform for Multi-Temporal Environmental Change Detection Using Vision Transformers, Satellite Imagery, and Geospatial Intelligence\Code\earth_vision_x.db
[2026-07-31 12:48:34] [INFO] [EarthVisionX:db.py:28] - Database initialized successfully at: sqlite:///C:\Project\Earth Vision X An Explainable Foundation AI Platform for Multi-Temporal Environmental Change Detection Using Vision Transformers, Satellite Imagery, and Geospatial Intelligence\Code\earth_vision_x.db
[2026-07-31 12:48:37] [INFO] [EarthVisionX:db.py:28] - Database initialized successfully at: sqlite:///C:\Project\Earth Vision X An Explainable Foundation AI Platform for Multi-Temporal Environmental Change Detection Using Vision Transformers, Satellite Imagery, and Geospatial Intelligence\Code\earth_vision_x.db
[2026-07-31 12:48:41] [INFO] [EarthVisionX:db.py:28] - Database initialized successfully at: sqlite:///C:\Project\Earth Vision X An Explainable Foundation AI Platform for Multi-Temporal Environmental Change Detection Using Vision Transformers, Satellite Imagery, and Geospatial Intelligence\Code\earth_vision_x.db
[2026-07-31 12:48:44] [INFO] [EarthVisionX:db.py:28] - Database initialized successfully at: sqlite:///C:\Project\Earth Vision X An Explainable Foundation AI Platform for Multi-Temporal Environmental Change Detection Using Vision Transformers, Satellite Imagery, and Geospatial Intelligence\Code\earth_vision_x.db
[2026-07-31 12:49:15] [INFO] [EarthVisionX:db.py:28] - Database initialized successfully at: sqlite:///C:\Project\Earth Vision X An Explainable Foundation AI Platform for Multi-Temporal Environmental Change Detection Using Vision Transformers, Satellite Imagery, and Geospatial Intelligence\Code\earth_vision_x.db
[2026-07-31 12:49:16] [INFO] [EarthVisionX:db.py:28] - Database initialized successfully at: sqlite:///C:\Project\Earth Vision X An Explainable Foundation AI Platform for Multi-Temporal Environmental Change Detection Using Vision Transformers, Satellite Imagery, and Geospatial Intelligence\Code\earth_vision_x.db
[2026-07-31 12:49:22] [INFO] [EarthVisionX:db.py:28] - Database initialized successfully at: sqlite:///C:\Project\Earth Vision X An Explainable Foundation AI Platform for Multi-Temporal Environmental Change Detection Using Vision Transformers, Satellite Imagery, and Geospatial Intelligence\Code\earth_vision_x.db
[2026-07-31 12:49:24] [INFO] [EarthVisionX:db.py:28] - Database initialized successfully at: sqlite:///C:\Project\Earth Vision X An Explainable Foundation AI Platform for Multi-Temporal Environmental Change Detection Using Vision Transformers, Satellite Imagery, and Geospatial Intelligence\Code\earth_vision_x.db
[2026-07-31 12:49:25] [INFO] [EarthVisionX:db.py:28] - Database initialized successfully at: sqlite:///C:\Project\Earth Vision X An Explainable Foundation AI Platform for Multi-Temporal Environmental Change Detection Using Vision Transformers, Satellite Imagery, and Geospatial Intelligence\Code\earth_vision_x.db
[2026-07-31 12:49:29] [INFO] [EarthVisionX:db.py:28] - Database initialized successfully at: sqlite:///C:\Project\Earth Vision X An Explainable Foundation AI Platform for Multi-Temporal Environmental Change Detection Using Vision Transformers, Satellite Imagery, and Geospatial Intelligence\Code\earth_vision_x.db
[2026-07-31 12:49:31] [INFO] [EarthVisionX:db.py:28] - Database initialized successfully at: sqlite:///C:\Project\Earth Vision X An Explainable Foundation AI Platform for Multi-Temporal Environmental Change Detection Using Vision Transformers, Satellite Imagery, and Geospatial Intelligence\Code\earth_vision_x.db
[2026-07-31 12:49:32] [INFO] [EarthVisionX:db.py:28] - Database initialized successfully at: sqlite:///C:\Project\Earth Vision X An Explainable Foundation AI Platform for Multi-Temporal Environmental Change Detection Using Vision Transformers, Satellite Imagery, and Geospatial Intelligence\Code\earth_vision_x.db
[2026-07-31 12:49:33] [INFO] [EarthVisionX:db.py:28] - Database initialized successfully at: sqlite:///C:\Project\Earth Vision X An Explainable Foundation AI Platform for Multi-Temporal Environmental Change Detection Using Vision Transformers, Satellite Imagery, and Geospatial Intelligence\Code\earth_vision_x.db
[2026-07-31 12:49:34] [INFO] [EarthVisionX:db.py:28] - Database initialized successfully at: sqlite:///C:\Project\Earth Vision X An Explainable Foundation AI Platform for Multi-Temporal Environmental Change Detection Using Vision Transformers, Satellite Imagery, and Geospatial Intelligence\Code\earth_vision_x.db
[2026-07-31 12:49:41] [INFO] [EarthVisionX:db.py:28] - Database initialized successfully at: sqlite:///C:\Project\Earth Vision X An Explainable Foundation AI Platform for Multi-Temporal Environmental Change Detection Using Vision Transformers, Satellite Imagery, and Geospatial Intelligence\Code\earth_vision_x.db
[2026-07-31 12:49:42] [INFO] [EarthVisionX:db.py:28] - Database initialized successfully at: sqlite:///C:\Project\Earth Vision X An Explainable Foundation AI Platform for Multi-Temporal Environmental Change Detection Using Vision Transformers, Satellite Imagery, and Geospatial Intelligence\Code\earth_vision_x.db
[2026-07-31 12:49:43] [INFO] [EarthVisionX:db.py:28] - Database initialized successfully at: sqlite:///C:\Project\Earth Vision X An Explainable Foundation AI Platform for Multi-Temporal Environmental Change Detection Using Vision Transformers, Satellite Imagery, and Geospatial Intelligence\Code\earth_vision_x.db
[2026-07-31 12:49:44] [INFO] [EarthVisionX:db.py:28] - Database initialized successfully at: sqlite:///C:\Project\Earth Vision X An Explainable Foundation AI Platform for Multi-Temporal Environmental Change Detection Using Vision Transformers, Satellite Imagery, and Geospatial Intelligence\Code\earth_vision_x.db
[2026-07-31 12:49:45] [INFO] [EarthVisionX:db.py:28] - Database initialized successfully at: sqlite:///C:\Project\Earth Vision X An Explainable Foundation AI Platform for Multi-Temporal Environmental Change Detection Using Vision Transformers, Satellite Imagery, and Geospatial Intelligence\Code\earth_vision_x.db
[2026-07-31 12:49:47] [INFO] [EarthVisionX:db.py:28] - Database initialized successfully at: sqlite:///C:\Project\Earth Vision X An Explainable Foundation AI Platform for Multi-Temporal Environmental Change Detection Using Vision Transformers, Satellite Imagery, and Geospatial Intelligence\Code\earth_vision_x.db
[2026-07-31 12:49:49] [INFO] [EarthVisionX:db.py:28] - Database initialized successfully at: sqlite:///C:\Project\Earth Vision X An Explainable Foundation AI Platform for Multi-Temporal Environmental Change Detection Using Vision Transformers, Satellite Imagery, and Geospatial Intelligence\Code\earth_vision_x.db
[2026-07-31 12:49:51] [INFO] [EarthVisionX:db.py:28] - Database initialized successfully at: sqlite:///C:\Project\Earth Vision X An Explainable Foundation AI Platform for Multi-Temporal Environmental Change Detection Using Vision Transformers, Satellite Imagery, and Geospatial Intelligence\Code\earth_vision_x.db
[2026-07-31 12:49:52] [INFO] [EarthVisionX:db.py:28] - Database initialized successfully at: sqlite:///C:\Project\Earth Vision X An Explainable Foundation AI Platform for Multi-Temporal Environmental Change Detection Using Vision Transformers, Satellite Imagery, and Geospatial Intelligence\Code\earth_vision_x.db
[2026-07-31 12:49:54] [INFO] [EarthVisionX:db.py:28] - Database initialized successfully at: sqlite:///C:\Project\Earth Vision X An Explainable Foundation AI Platform for Multi-Temporal Environmental Change Detection Using Vision Transformers, Satellite Imagery, and Geospatial Intelligence\Code\earth_vision_x.db
[2026-07-31 12:49:55] [INFO] [EarthVisionX:db.py:28] - Database initialized successfully at: sqlite:///C:\Project\Earth Vision X An Explainable Foundation AI Platform for Multi-Temporal Environmental Change Detection Using Vision Transformers, Satellite Imagery, and Geospatial Intelligence\Code\earth_vision_x.db
[2026-07-31 12:49:58] [INFO] [EarthVisionX:db.py:28] - Database initialized successfully at: sqlite:///C:\Project\Earth Vision X An Explainable Foundation AI Platform for Multi-Temporal Environmental Change Detection Using Vision Transformers, Satellite Imagery, and Geospatial Intelligence\Code\earth_vision_x.db
[2026-07-31 12:49:59] [INFO] [EarthVisionX:db.py:28] - Database initialized successfully at: sqlite:///C:\Project\Earth Vision X An Explainable Foundation AI Platform for Multi-Temporal Environmental Change Detection Using Vision Transformers, Satellite Imagery, and Geospatial Intelligence\Code\earth_vision_x.db
[2026-07-31 12:50:18] [INFO] [EarthVisionX:db.py:28] - Database initialized successfully at: sqlite:///C:\Project\Earth Vision X An Explainable Foundation AI Platform for Multi-Temporal Environmental Change Detection Using Vision Transformers, Satellite Imagery, and Geospatial Intelligence\Code\earth_vision_x.db
[2026-07-31 12:50:20] [INFO] [EarthVisionX:db.py:28] - Database initialized successfully at: sqlite:///C:\Project\Earth Vision X An Explainable Foundation AI Platform for Multi-Temporal Environmental Change Detection Using Vision Transformers, Satellite Imagery, and Geospatial Intelligence\Code\earth_vision_x.db
[2026-07-31 12:50:23] [INFO] [EarthVisionX:db.py:28] - Database initialized successfully at: sqlite:///C:\Project\Earth Vision X An Explainable Foundation AI Platform for Multi-Temporal Environmental Change Detection Using Vision Transformers, Satellite Imagery, and Geospatial Intelligence\Code\earth_vision_x.db
[2026-07-31 12:50:26] [INFO] [EarthVisionX:db.py:28] - Database initialized successfully at: sqlite:///C:\Project\Earth Vision X An Explainable Foundation AI Platform for Multi-Temporal Environmental Change Detection Using Vision Transformers, Satellite Imagery, and Geospatial Intelligence\Code\earth_vision_x.db
[2026-07-31 12:50:28] [INFO] [EarthVisionX:db.py:28] - Database initialized successfully at: sqlite:///C:\Project\Earth Vision X An Explainable Foundation AI Platform for Multi-Temporal Environmental Change Detection Using Vision Transformers, Satellite Imagery, and Geospatial Intelligence\Code\earth_vision_x.db
[2026-07-31 12:50:29] [INFO] [EarthVisionX:db.py:28] - Database initialized successfully at: sqlite:///C:\Project\Earth Vision X An Explainable Foundation AI Platform for Multi-Temporal Environmental Change Detection Using Vision Transformers, Satellite Imagery, and Geospatial Intelligence\Code\earth_vision_x.db
[2026-07-31 12:50:30] [INFO] [EarthVisionX:db.py:28] - Database initialized successfully at: sqlite:///C:\Project\Earth Vision X An Explainable Foundation AI Platform for Multi-Temporal Environmental Change Detection Using Vision Transformers, Satellite Imagery, and Geospatial Intelligence\Code\earth_vision_x.db
[2026-07-31 12:50:31] [INFO] [EarthVisionX:db.py:28] - Database initialized successfully at: sqlite:///C:\Project\Earth Vision X An Explainable Foundation AI Platform for Multi-Temporal Environmental Change Detection Using Vision Transformers, Satellite Imagery, and Geospatial Intelligence\Code\earth_vision_x.db
[2026-07-31 12:50:40] [INFO] [EarthVisionX:db.py:28] - Database initialized successfully at: sqlite:///C:\Project\Earth Vision X An Explainable Foundation AI Platform for Multi-Temporal Environmental Change Detection Using Vision Transformers, Satellite Imagery, and Geospatial Intelligence\Code\earth_vision_x.db
[2026-07-31 12:50:43] [INFO] [EarthVisionX:db.py:28] - Database initialized successfully at: sqlite:///C:\Project\Earth Vision X An Explainable Foundation AI Platform for Multi-Temporal Environmental Change Detection Using Vision Transformers, Satellite Imagery, and Geospatial Intelligence\Code\earth_vision_x.db
[2026-07-31 12:50:44] [INFO] [EarthVisionX:db.py:28] - Database initialized successfully at: sqlite:///C:\Project\Earth Vision X An Explainable Foundation AI Platform for Multi-Temporal Environmental Change Detection Using Vision Transformers, Satellite Imagery, and Geospatial Intelligence\Code\earth_vision_x.db
[2026-07-31 12:50:46] [INFO] [EarthVisionX:db.py:28] - Database initialized successfully at: sqlite:///C:\Project\Earth Vision X An Explainable Foundation AI Platform for Multi-Temporal Environmental Change Detection Using Vision Transformers, Satellite Imagery, and Geospatial Intelligence\Code\earth_vision_x.db
[2026-07-31 12:50:47] [INFO] [EarthVisionX:db.py:28] - Database initialized successfully at: sqlite:///C:\Project\Earth Vision X An Explainable Foundation AI Platform for Multi-Temporal Environmental Change Detection Using Vision Transformers, Satellite Imagery, and Geospatial Intelligence\Code\earth_vision_x.db
[2026-07-31 12:50:49] [INFO] [EarthVisionX:db.py:28] - Database initialized successfully at: sqlite:///C:\Project\Earth Vision X An Explainable Foundation AI Platform for Multi-Temporal Environmental Change Detection Using Vision Transformers, Satellite Imagery, and Geospatial Intelligence\Code\earth_vision_x.db
[2026-07-31 12:50:49] [INFO] [EarthVisionX:sample_downloader.py:146] - Retrieved 1 authentic real optical satellite benchmark pairs from C:\Project\Earth Vision X An Explainable Foundation AI Platform for Multi-Temporal Environmental Change Detection Using Vision Transformers, Satellite Imagery, and Geospatial Intelligence\Code\datasets\sample_sentinel2
[2026-07-31 12:50:52] [INFO] [EarthVisionX:db.py:28] - Database initialized successfully at: sqlite:///C:\Project\Earth Vision X An Explainable Foundation AI Platform for Multi-Temporal Environmental Change Detection Using Vision Transformers, Satellite Imagery, and Geospatial Intelligence\Code\earth_vision_x.db
[2026-07-31 12:50:53] [INFO] [EarthVisionX:db.py:28] - Database initialized successfully at: sqlite:///C:\Project\Earth Vision X An Explainable Foundation AI Platform for Multi-Temporal Environmental Change Detection Using Vision Transformers, Satellite Imagery, and Geospatial Intelligence\Code\earth_vision_x.db
[2026-07-31 12:50:54] [INFO] [EarthVisionX:db.py:28] - Database initialized successfully at: sqlite:///C:\Project\Earth Vision X An Explainable Foundation AI Platform for Multi-Temporal Environmental Change Detection Using Vision Transformers, Satellite Imagery, and Geospatial Intelligence\Code\earth_vision_x.db
[2026-07-31 12:50:58] [INFO] [EarthVisionX:db.py:28] - Database initialized successfully at: sqlite:///C:\Project\Earth Vision X An Explainable Foundation AI Platform for Multi-Temporal Environmental Change Detection Using Vision Transformers, Satellite Imagery, and Geospatial Intelligence\Code\earth_vision_x.db
[2026-07-31 12:50:59] [INFO] [EarthVisionX:db.py:28] - Database initialized successfully at: sqlite:///C:\Project\Earth Vision X An Explainable Foundation AI Platform for Multi-Temporal Environmental Change Detection Using Vision Transformers, Satellite Imagery, and Geospatial Intelligence\Code\earth_vision_x.db
[2026-07-31 12:51:00] [INFO] [EarthVisionX:db.py:28] - Database initialized successfully at: sqlite:///C:\Project\Earth Vision X An Explainable Foundation AI Platform for Multi-Temporal Environmental Change Detection Using Vision Transformers, Satellite Imagery, and Geospatial Intelligence\Code\earth_vision_x.db
[2026-07-31 12:51:01] [INFO] [EarthVisionX:db.py:28] - Database initialized successfully at: sqlite:///C:\Project\Earth Vision X An Explainable Foundation AI Platform for Multi-Temporal Environmental Change Detection Using Vision Transformers, Satellite Imagery, and Geospatial Intelligence\Code\earth_vision_x.db
[2026-07-31 12:51:02] [INFO] [EarthVisionX:db.py:28] - Database initialized successfully at: sqlite:///C:\Project\Earth Vision X An Explainable Foundation AI Platform for Multi-Temporal Environmental Change Detection Using Vision Transformers, Satellite Imagery, and Geospatial Intelligence\Code\earth_vision_x.db
[2026-07-31 12:51:03] [INFO] [EarthVisionX:db.py:28] - Database initialized successfully at: sqlite:///C:\Project\Earth Vision X An Explainable Foundation AI Platform for Multi-Temporal Environmental Change Detection Using Vision Transformers, Satellite Imagery, and Geospatial Intelligence\Code\earth_vision_x.db
[2026-07-31 12:51:04] [INFO] [EarthVisionX:db.py:28] - Database initialized successfully at: sqlite:///C:\Project\Earth Vision X An Explainable Foundation AI Platform for Multi-Temporal Environmental Change Detection Using Vision Transformers, Satellite Imagery, and Geospatial Intelligence\Code\earth_vision_x.db
[2026-07-31 12:51:05] [INFO] [EarthVisionX:db.py:28] - Database initialized successfully at: sqlite:///C:\Project\Earth Vision X An Explainable Foundation AI Platform for Multi-Temporal Environmental Change Detection Using Vision Transformers, Satellite Imagery, and Geospatial Intelligence\Code\earth_vision_x.db
[2026-07-31 12:51:08] [INFO] [EarthVisionX:db.py:28] - Database initialized successfully at: sqlite:///C:\Project\Earth Vision X An Explainable Foundation AI Platform for Multi-Temporal Environmental Change Detection Using Vision Transformers, Satellite Imagery, and Geospatial Intelligence\Code\earth_vision_x.db
[2026-07-31 12:51:09] [INFO] [EarthVisionX:db.py:28] - Database initialized successfully at: sqlite:///C:\Project\Earth Vision X An Explainable Foundation AI Platform for Multi-Temporal Environmental Change Detection Using Vision Transformers, Satellite Imagery, and Geospatial Intelligence\Code\earth_vision_x.db
[2026-07-31 12:51:10] [INFO] [EarthVisionX:db.py:28] - Database initialized successfully at: sqlite:///C:\Project\Earth Vision X An Explainable Foundation AI Platform for Multi-Temporal Environmental Change Detection Using Vision Transformers, Satellite Imagery, and Geospatial Intelligence\Code\earth_vision_x.db
[2026-07-31 12:51:11] [INFO] [EarthVisionX:db.py:28] - Database initialized successfully at: sqlite:///C:\Project\Earth Vision X An Explainable Foundation AI Platform for Multi-Temporal Environmental Change Detection Using Vision Transformers, Satellite Imagery, and Geospatial Intelligence\Code\earth_vision_x.db
[2026-07-31 12:51:14] [INFO] [EarthVisionX:db.py:28] - Database initialized successfully at: sqlite:///C:\Project\Earth Vision X An Explainable Foundation AI Platform for Multi-Temporal Environmental Change Detection Using Vision Transformers, Satellite Imagery, and Geospatial Intelligence\Code\earth_vision_x.db
[2026-07-31 12:51:24] [INFO] [EarthVisionX:db.py:28] - Database initialized successfully at: sqlite:///C:\Project\Earth Vision X An Explainable Foundation AI Platform for Multi-Temporal Environmental Change Detection Using Vision Transformers, Satellite Imagery, and Geospatial Intelligence\Code\earth_vision_x.db
[2026-07-31 12:51:25] [INFO] [EarthVisionX:db.py:28] - Database initialized successfully at: sqlite:///C:\Project\Earth Vision X An Explainable Foundation AI Platform for Multi-Temporal Environmental Change Detection Using Vision Transformers, Satellite Imagery, and Geospatial Intelligence\Code\earth_vision_x.db
[2026-07-31 12:51:28] [INFO] [EarthVisionX:db.py:28] - Database initialized successfully at: sqlite:///C:\Project\Earth Vision X An Explainable Foundation AI Platform for Multi-Temporal Environmental Change Detection Using Vision Transformers, Satellite Imagery, and Geospatial Intelligence\Code\earth_vision_x.db
[2026-07-31 12:51:29] [INFO] [EarthVisionX:db.py:28] - Database initialized successfully at: sqlite:///C:\Project\Earth Vision X An Explainable Foundation AI Platform for Multi-Temporal Environmental Change Detection Using Vision Transformers, Satellite Imagery, and Geospatial Intelligence\Code\earth_vision_x.db
[2026-07-31 12:51:30] [INFO] [EarthVisionX:db.py:28] - Database initialized successfully at: sqlite:///C:\Project\Earth Vision X An Explainable Foundation AI Platform for Multi-Temporal Environmental Change Detection Using Vision Transformers, Satellite Imagery, and Geospatial Intelligence\Code\earth_vision_x.db
[2026-07-31 12:51:31] [INFO] [EarthVisionX:db.py:28] - Database initialized successfully at: sqlite:///C:\Project\Earth Vision X An Explainable Foundation AI Platform for Multi-Temporal Environmental Change Detection Using Vision Transformers, Satellite Imagery, and Geospatial Intelligence\Code\earth_vision_x.db
[2026-07-31 12:51:32] [INFO] [EarthVisionX:db.py:28] - Database initialized successfully at: sqlite:///C:\Project\Earth Vision X An Explainable Foundation AI Platform for Multi-Temporal Environmental Change Detection Using Vision Transformers, Satellite Imagery, and Geospatial Intelligence\Code\earth_vision_x.db
[2026-07-31 12:51:34] [INFO] [EarthVisionX:db.py:28] - Database initialized successfully at: sqlite:///C:\Project\Earth Vision X An Explainable Foundation AI Platform for Multi-Temporal Environmental Change Detection Using Vision Transformers, Satellite Imagery, and Geospatial Intelligence\Code\earth_vision_x.db
[2026-07-31 12:51:35] [INFO] [EarthVisionX:db.py:28] - Database initialized successfully at: sqlite:///C:\Project\Earth Vision X An Explainable Foundation AI Platform for Multi-Temporal Environmental Change Detection Using Vision Transformers, Satellite Imagery, and Geospatial Intelligence\Code\earth_vision_x.db
[2026-07-31 12:51:38] [INFO] [EarthVisionX:db.py:28] - Database initialized successfully at: sqlite:///C:\Project\Earth Vision X An Explainable Foundation AI Platform for Multi-Temporal Environmental Change Detection Using Vision Transformers, Satellite Imagery, and Geospatial Intelligence\Code\earth_vision_x.db
[2026-07-31 12:51:39] [INFO] [EarthVisionX:db.py:28] - Database initialized successfully at: sqlite:///C:\Project\Earth Vision X An Explainable Foundation AI Platform for Multi-Temporal Environmental Change Detection Using Vision Transformers, Satellite Imagery, and Geospatial Intelligence\Code\earth_vision_x.db
[2026-07-31 12:51:42] [INFO] [EarthVisionX:db.py:28] - Database initialized successfully at: sqlite:///C:\Project\Earth Vision X An Explainable Foundation AI Platform for Multi-Temporal Environmental Change Detection Using Vision Transformers, Satellite Imagery, and Geospatial Intelligence\Code\earth_vision_x.db
[2026-07-31 12:51:44] [INFO] [EarthVisionX:db.py:28] - Database initialized successfully at: sqlite:///C:\Project\Earth Vision X An Explainable Foundation AI Platform for Multi-Temporal Environmental Change Detection Using Vision Transformers, Satellite Imagery, and Geospatial Intelligence\Code\earth_vision_x.db
[2026-07-31 12:51:46] [INFO] [EarthVisionX:db.py:28] - Database initialized successfully at: sqlite:///C:\Project\Earth Vision X An Explainable Foundation AI Platform for Multi-Temporal Environmental Change Detection Using Vision Transformers, Satellite Imagery, and Geospatial Intelligence\Code\earth_vision_x.db
[2026-07-31 12:51:47] [INFO] [EarthVisionX:db.py:28] - Database initialized successfully at: sqlite:///C:\Project\Earth Vision X An Explainable Foundation AI Platform for Multi-Temporal Environmental Change Detection Using Vision Transformers, Satellite Imagery, and Geospatial Intelligence\Code\earth_vision_x.db
[2026-07-31 12:51:48] [INFO] [EarthVisionX:db.py:28] - Database initialized successfully at: sqlite:///C:\Project\Earth Vision X An Explainable Foundation AI Platform for Multi-Temporal Environmental Change Detection Using Vision Transformers, Satellite Imagery, and Geospatial Intelligence\Code\earth_vision_x.db
[2026-07-31 12:51:49] [INFO] [EarthVisionX:db.py:28] - Database initialized successfully at: sqlite:///C:\Project\Earth Vision X An Explainable Foundation AI Platform for Multi-Temporal Environmental Change Detection Using Vision Transformers, Satellite Imagery, and Geospatial Intelligence\Code\earth_vision_x.db
[2026-07-31 12:51:53] [INFO] [EarthVisionX:db.py:28] - Database initialized successfully at: sqlite:///C:\Project\Earth Vision X An Explainable Foundation AI Platform for Multi-Temporal Environmental Change Detection Using Vision Transformers, Satellite Imagery, and Geospatial Intelligence\Code\earth_vision_x.db
[2026-07-31 12:51:53] [INFO] [EarthVisionX:db.py:28] - Database initialized successfully at: sqlite:///C:\Project\Earth Vision X An Explainable Foundation AI Platform for Multi-Temporal Environmental Change Detection Using Vision Transformers, Satellite Imagery, and Geospatial Intelligence\Code\earth_vision_x.db
[2026-07-31 12:51:56] [INFO] [EarthVisionX:db.py:28] - Database initialized successfully at: sqlite:///C:\Project\Earth Vision X An Explainable Foundation AI Platform for Multi-Temporal Environmental Change Detection Using Vision Transformers, Satellite Imagery, and Geospatial Intelligence\Code\earth_vision_x.db
[2026-07-31 12:51:57] [INFO] [EarthVisionX:db.py:28] - Database initialized successfully at: sqlite:///C:\Project\Earth Vision X An Explainable Foundation AI Platform for Multi-Temporal Environmental Change Detection Using Vision Transformers, Satellite Imagery, and Geospatial Intelligence\Code\earth_vision_x.db
[2026-07-31 12:52:03] [INFO] [EarthVisionX:db.py:28] - Database initialized successfully at: sqlite:///C:\Project\Earth Vision X An Explainable Foundation AI Platform for Multi-Temporal Environmental Change Detection Using Vision Transformers, Satellite Imagery, and Geospatial Intelligence\Code\earth_vision_x.db
[2026-07-31 12:52:06] [INFO] [EarthVisionX:db.py:28] - Database initialized successfully at: sqlite:///C:\Project\Earth Vision X An Explainable Foundation AI Platform for Multi-Temporal Environmental Change Detection Using Vision Transformers, Satellite Imagery, and Geospatial Intelligence\Code\earth_vision_x.db
[2026-07-31 12:52:08] [INFO] [EarthVisionX:db.py:28] - Database initialized successfully at: sqlite:///C:\Project\Earth Vision X An Explainable Foundation AI Platform for Multi-Temporal Environmental Change Detection Using Vision Transformers, Satellite Imagery, and Geospatial Intelligence\Code\earth_vision_x.db
[2026-07-31 12:52:11] [INFO] [EarthVisionX:db.py:28] - Database initialized successfully at: sqlite:///C:\Project\Earth Vision X An Explainable Foundation AI Platform for Multi-Temporal Environmental Change Detection Using Vision Transformers, Satellite Imagery, and Geospatial Intelligence\Code\earth_vision_x.db
[2026-07-31 12:52:12] [INFO] [EarthVisionX:db.py:28] - Database initialized successfully at: sqlite:///C:\Project\Earth Vision X An Explainable Foundation AI Platform for Multi-Temporal Environmental Change Detection Using Vision Transformers, Satellite Imagery, and Geospatial Intelligence\Code\earth_vision_x.db
[2026-07-31 12:52:15] [INFO] [EarthVisionX:db.py:28] - Database initialized successfully at: sqlite:///C:\Project\Earth Vision X An Explainable Foundation AI Platform for Multi-Temporal Environmental Change Detection Using Vision Transformers, Satellite Imagery, and Geospatial Intelligence\Code\earth_vision_x.db
[2026-07-31 12:52:19] [INFO] [EarthVisionX:db.py:28] - Database initialized successfully at: sqlite:///C:\Project\Earth Vision X An Explainable Foundation AI Platform for Multi-Temporal Environmental Change Detection Using Vision Transformers, Satellite Imagery, and Geospatial Intelligence\Code\earth_vision_x.db
[2026-07-31 12:52:21] [INFO] [EarthVisionX:db.py:28] - Database initialized successfully at: sqlite:///C:\Project\Earth Vision X An Explainable Foundation AI Platform for Multi-Temporal Environmental Change Detection Using Vision Transformers, Satellite Imagery, and Geospatial Intelligence\Code\earth_vision_x.db
[2026-07-31 12:52:23] [INFO] [EarthVisionX:db.py:28] - Database initialized successfully at: sqlite:///C:\Project\Earth Vision X An Explainable Foundation AI Platform for Multi-Temporal Environmental Change Detection Using Vision Transformers, Satellite Imagery, and Geospatial Intelligence\Code\earth_vision_x.db
[2026-07-31 12:52:25] [INFO] [EarthVisionX:db.py:28] - Database initialized successfully at: sqlite:///C:\Project\Earth Vision X An Explainable Foundation AI Platform for Multi-Temporal Environmental Change Detection Using Vision Transformers, Satellite Imagery, and Geospatial Intelligence\Code\earth_vision_x.db
[2026-07-31 12:52:27] [INFO] [EarthVisionX:db.py:28] - Database initialized successfully at: sqlite:///C:\Project\Earth Vision X An Explainable Foundation AI Platform for Multi-Temporal Environmental Change Detection Using Vision Transformers, Satellite Imagery, and Geospatial Intelligence\Code\earth_vision_x.db
[2026-07-31 12:52:28] [INFO] [EarthVisionX:db.py:28] - Database initialized successfully at: sqlite:///C:\Project\Earth Vision X An Explainable Foundation AI Platform for Multi-Temporal Environmental Change Detection Using Vision Transformers, Satellite Imagery, and Geospatial Intelligence\Code\earth_vision_x.db
[2026-07-31 12:52:30] [INFO] [EarthVisionX:db.py:28] - Database initialized successfully at: sqlite:///C:\Project\Earth Vision X An Explainable Foundation AI Platform for Multi-Temporal Environmental Change Detection Using Vision Transformers, Satellite Imagery, and Geospatial Intelligence\Code\earth_vision_x.db
[2026-07-31 12:52:33] [INFO] [EarthVisionX:db.py:28] - Database initialized successfully at: sqlite:///C:\Project\Earth Vision X An Explainable Foundation AI Platform for Multi-Temporal Environmental Change Detection Using Vision Transformers, Satellite Imagery, and Geospatial Intelligence\Code\earth_vision_x.db
[2026-07-31 12:52:33] [INFO] [EarthVisionX:db.py:28] - Database initialized successfully at: sqlite:///C:\Project\Earth Vision X An Explainable Foundation AI Platform for Multi-Temporal Environmental Change Detection Using Vision Transformers, Satellite Imagery, and Geospatial Intelligence\Code\earth_vision_x.db
[2026-07-31 12:52:35] [INFO] [EarthVisionX:db.py:28] - Database initialized successfully at: sqlite:///C:\Project\Earth Vision X An Explainable Foundation AI Platform for Multi-Temporal Environmental Change Detection Using Vision Transformers, Satellite Imagery, and Geospatial Intelligence\Code\earth_vision_x.db
[2026-07-31 12:52:39] [INFO] [EarthVisionX:db.py:28] - Database initialized successfully at: sqlite:///C:\Project\Earth Vision X An Explainable Foundation AI Platform for Multi-Temporal Environmental Change Detection Using Vision Transformers, Satellite Imagery, and Geospatial Intelligence\Code\earth_vision_x.db
[2026-07-31 12:52:42] [INFO] [EarthVisionX:db.py:28] - Database initialized successfully at: sqlite:///C:\Project\Earth Vision X An Explainable Foundation AI Platform for Multi-Temporal Environmental Change Detection Using Vision Transformers, Satellite Imagery, and Geospatial Intelligence\Code\earth_vision_x.db
[2026-07-31 12:52:43] [INFO] [EarthVisionX:db.py:28] - Database initialized successfully at: sqlite:///C:\Project\Earth Vision X An Explainable Foundation AI Platform for Multi-Temporal Environmental Change Detection Using Vision Transformers, Satellite Imagery, and Geospatial Intelligence\Code\earth_vision_x.db
[2026-07-31 12:52:44] [INFO] [EarthVisionX:db.py:28] - Database initialized successfully at: sqlite:///C:\Project\Earth Vision X An Explainable Foundation AI Platform for Multi-Temporal Environmental Change Detection Using Vision Transformers, Satellite Imagery, and Geospatial Intelligence\Code\earth_vision_x.db
[2026-07-31 12:52:46] [INFO] [EarthVisionX:db.py:28] - Database initialized successfully at: sqlite:///C:\Project\Earth Vision X An Explainable Foundation AI Platform for Multi-Temporal Environmental Change Detection Using Vision Transformers, Satellite Imagery, and Geospatial Intelligence\Code\earth_vision_x.db
[2026-07-31 12:52:47] [INFO] [EarthVisionX:db.py:28] - Database initialized successfully at: sqlite:///C:\Project\Earth Vision X An Explainable Foundation AI Platform for Multi-Temporal Environmental Change Detection Using Vision Transformers, Satellite Imagery, and Geospatial Intelligence\Code\earth_vision_x.db
[2026-07-31 12:52:51] [INFO] [EarthVisionX:db.py:28] - Database initialized successfully at: sqlite:///C:\Project\Earth Vision X An Explainable Foundation AI Platform for Multi-Temporal Environmental Change Detection Using Vision Transformers, Satellite Imagery, and Geospatial Intelligence\Code\earth_vision_x.db
[2026-07-31 12:52:53] [INFO] [EarthVisionX:db.py:28] - Database initialized successfully at: sqlite:///C:\Project\Earth Vision X An Explainable Foundation AI Platform for Multi-Temporal Environmental Change Detection Using Vision Transformers, Satellite Imagery, and Geospatial Intelligence\Code\earth_vision_x.db
[2026-07-31 12:53:00] [INFO] [EarthVisionX:db.py:28] - Database initialized successfully at: sqlite:///C:\Project\Earth Vision X An Explainable Foundation AI Platform for Multi-Temporal Environmental Change Detection Using Vision Transformers, Satellite Imagery, and Geospatial Intelligence\Code\earth_vision_x.db
[2026-07-31 12:53:21] [INFO] [EarthVisionX:db.py:28] - Database initialized successfully at: sqlite:///C:\Project\Earth Vision X An Explainable Foundation AI Platform for Multi-Temporal Environmental Change Detection Using Vision Transformers, Satellite Imagery, and Geospatial Intelligence\Code\earth_vision_x.db
[2026-07-31 19:23:10] [INFO] [EarthVisionX:db.py:28] - Database initialized successfully at: sqlite:///C:\Project\Earth Vision X An Explainable Foundation AI Platform for Multi-Temporal Environmental Change Detection Using Vision Transformers, Satellite Imagery, and Geospatial Intelligence\Code\earth_vision_x.db
[2026-09-17 16:49:35] [INFO] [EarthVisionX]: Earth Engine initialization skipped: No module named 'ee'
[2026-09-17 16:49:35] [INFO] [EarthVisionX]: Starting EARTH VISION-X 18-step pipeline for Amazon Rainforest (2016 vs 2026)
[2026-09-17 16:49:35] [INFO] [EarthVisionX]: Retrieving satellite pair for AOI (-9.8711, -63.2847) between 2016 and 2026
[2026-09-17 16:51:20] [INFO] [EarthVisionX]: Earth Engine initialization skipped: No module named 'ee'
[2026-09-17 16:51:20] [INFO] [EarthVisionX]: Starting EARTH VISION-X 18-step pipeline for Amazon Rainforest (2016 vs 2026)
[2026-09-17 16:51:20] [INFO] [EarthVisionX]: Retrieving satellite pair for AOI (-9.8711, -63.2847) between 2016 and 2026
[2026-09-17 16:53:41] [INFO] [EarthVisionX]: Earth Engine initialization skipped: No module named 'ee'
[2026-09-17 16:53:41] [INFO] [EarthVisionX]: Starting EARTH VISION-X 18-step pipeline for Amazon Rainforest (2016 vs 2026)
[2026-09-17 16:53:41] [INFO] [EarthVisionX]: Retrieving satellite pair for AOI (-9.8711, -63.2847) between 2016 and 2026
[2026-09-17 16:55:19] [INFO] [EarthVisionX]: Generated 17-section IEEE PDF Report successfully: D:\projects\Earthvision-X\Earth Vision X An Explainable Foundation AI Platform for Multi-Temporal Environmental Change Detection Using Vision Transformers, Satellite Imagery, and Geospatial Intelligence\Code\outputs\EarthVisionX_Report_20260917_165517.pdf
[2026-09-17 16:55:19] [INFO] [EarthVisionX]: Pipeline executed in 96.126s. Primary: Urban Expansion
[2026-09-17 16:58:34] [INFO] [EarthVisionX]: Earth Engine initialization skipped: No module named 'ee'
[2026-09-17 16:58:34] [INFO] [EarthVisionX]: Retrieving satellite pair for AOI (-9.8711, -63.2847) between 2016 and 2026
[2026-09-17 16:58:34] [INFO] [EarthVisionX]: Resampling T2 from (48, 48) to match T1 (64, 64)
[2026-09-17 16:58:36] [INFO] [EarthVisionX]: Generated 17-section IEEE PDF Report successfully: D:\projects\Earthvision-X\Earth Vision X An Explainable Foundation AI Platform for Multi-Temporal Environmental Change Detection Using Vision Transformers, Satellite Imagery, and Geospatial Intelligence\Code\outputs\EarthVisionX_Report_20260917_165836.pdf
[2026-09-17 16:59:03] [INFO] [EarthVisionX]: Earth Engine initialization skipped: No module named 'ee'
[2026-09-17 16:59:03] [INFO] [EarthVisionX]: Retrieving satellite pair for AOI (-9.8711, -63.2847) between 2016 and 2026
[2026-09-17 16:59:03] [INFO] [EarthVisionX]: Resampling T2 from (48, 48) to match T1 (64, 64)
[2026-09-17 16:59:05] [INFO] [EarthVisionX]: Generated 17-section IEEE PDF Report successfully: D:\projects\Earthvision-X\Earth Vision X An Explainable Foundation AI Platform for Multi-Temporal Environmental Change Detection Using Vision Transformers, Satellite Imagery, and Geospatial Intelligence\Code\outputs\EarthVisionX_Report_20260917_165905.pdf
[2026-09-17 16:59:57] [INFO] [EarthVisionX]: Earth Engine initialization skipped: No module named 'ee'
[2026-09-17 16:59:57] [INFO] [EarthVisionX]: Starting EARTH VISION-X 18-step pipeline for Amazon Rainforest (Deforestation) (2016 vs 2026)
[2026-09-17 16:59:57] [INFO] [EarthVisionX]: Retrieving satellite pair for AOI (-9.8711, -63.2847) between 2016 and 2026
[2026-09-17 17:01:31] [INFO] [EarthVisionX]: Earth Engine initialization skipped: No module named 'ee'
[2026-09-17 17:01:31] [INFO] [EarthVisionX]: Retrieving satellite pair for AOI (-9.8711, -63.2847) between 2016 and 2026
[2026-09-17 17:01:32] [INFO] [EarthVisionX]: Resampling T2 from (48, 48) to match T1 (64, 64)
[2026-09-17 17:01:33] [INFO] [EarthVisionX]: Generated 17-section IEEE PDF Report successfully: D:\projects\Earthvision-X\Earth Vision X An Explainable Foundation AI Platform for Multi-Temporal Environmental Change Detection Using Vision Transformers, Satellite Imagery, and Geospatial Intelligence\Code\outputs\EarthVisionX_Report_20260917_170133.pdf
[2026-09-17 17:04:25] [INFO] [EarthVisionX]: Earth Engine initialization skipped: No module named 'ee'
[2026-09-17 17:04:25] [INFO] [EarthVisionX]: Starting EARTH VISION-X 18-step pipeline for Amazon Rainforest (Deforestation) (2016 vs 2026)
[2026-09-17 17:04:25] [INFO] [EarthVisionX]: Retrieving satellite pair for AOI (-9.8711, -63.2847) between 2016 and 2026
[2026-09-17 17:04:34] [INFO] [EarthVisionX]: Starting EARTH VISION-X 18-step pipeline for Amazon Rainforest (Deforestation) (2016 vs 2026)
[2026-09-17 17:04:34] [INFO] [EarthVisionX]: Retrieving satellite pair for AOI (-9.8711, -63.2847) between 2016 and 2026
[2026-09-17 17:04:40] [INFO] [EarthVisionX]: Starting EARTH VISION-X 18-step pipeline for Lake Mead Hydrological Drought (2016 vs 2026)
[2026-09-17 17:04:40] [INFO] [EarthVisionX]: Retrieving satellite pair for AOI (36.0150, -114.7378) between 2016 and 2026
[2026-09-17 17:04:46] [INFO] [EarthVisionX]: Starting EARTH VISION-X 18-step pipeline for Lake Mead Hydrological Drought (2016 vs 2026)
[2026-09-17 17:04:46] [INFO] [EarthVisionX]: Retrieving satellite pair for AOI (36.0150, -114.7378) between 2016 and 2026
[2026-09-17 17:05:37] [INFO] [EarthVisionX]: Starting EARTH VISION-X 18-step pipeline for Lake Mead Hydrological Drought (2016 vs 2026)
[2026-09-17 17:05:37] [INFO] [EarthVisionX]: Retrieving satellite pair for AOI (36.0150, -114.7378) between 2016 and 2026
[2026-09-17 17:05:47] [INFO] [EarthVisionX]: Starting EARTH VISION-X 18-step pipeline for New Delhi Urban Expansion (2016 vs 2026)
[2026-09-17 17:05:47] [INFO] [EarthVisionX]: Retrieving satellite pair for AOI (28.6139, 77.2090) between 2016 and 2026
[2026-09-17 17:05:49] [INFO] [EarthVisionX]: Starting EARTH VISION-X 18-step pipeline for New Delhi Urban Expansion (2016 vs 2026)
[2026-09-17 17:05:49] [INFO] [EarthVisionX]: Retrieving satellite pair for AOI (28.6139, 77.2090) between 2016 and 2026
[2026-09-17 17:05:50] [INFO] [EarthVisionX]: Starting EARTH VISION-X 18-step pipeline for New Delhi Urban Expansion (2016 vs 2026)
[2026-09-17 17:05:50] [INFO] [EarthVisionX]: Retrieving satellite pair for AOI (28.6139, 77.2090) between 2016 and 2026
[2026-09-17 17:05:50] [INFO] [EarthVisionX]: Starting EARTH VISION-X 18-step pipeline for New Delhi Urban Expansion (2016 vs 2026)
[2026-09-17 17:05:50] [INFO] [EarthVisionX]: Retrieving satellite pair for AOI (28.6139, 77.2090) between 2016 and 2026
[2026-09-17 17:05:58] [INFO] [EarthVisionX]: Starting EARTH VISION-X 18-step pipeline for Amazon Rainforest (Deforestation) (2016 vs 2026)
[2026-09-17 17:05:58] [INFO] [EarthVisionX]: Retrieving satellite pair for AOI (-9.8711, -63.2847) between 2016 and 2026
[2026-09-17 17:06:03] [INFO] [EarthVisionX]: Starting EARTH VISION-X 18-step pipeline for Amazon Rainforest (2016 vs 2026)
[2026-09-17 17:06:03] [INFO] [EarthVisionX]: Retrieving satellite pair for AOI (-9.8711, -63.2847) between 2016 and 2026
[2026-09-17 17:06:13] [INFO] [EarthVisionX]: Starting EARTH VISION-X 18-step pipeline for Amazon Rainforest (2016 vs 2026)
[2026-09-17 17:06:14] [INFO] [EarthVisionX]: Retrieving satellite pair for AOI (-9.8711, -63.2847) between 2016 and 2026
[2026-09-17 17:06:15] [INFO] [EarthVisionX]: Starting EARTH VISION-X 18-step pipeline for Amazon Rainforest (2016 vs 2026)
[2026-09-17 17:06:15] [INFO] [EarthVisionX]: Retrieving satellite pair for AOI (-9.8711, -63.2847) between 2016 and 2026
[2026-09-17 17:06:16] [INFO] [EarthVisionX]: Starting EARTH VISION-X 18-step pipeline for Amazon Rainforest (2016 vs 2026)
[2026-09-17 17:06:16] [INFO] [EarthVisionX]: Retrieving satellite pair for AOI (-9.8711, -63.2847) between 2016 and 2026
[2026-09-17 17:06:49] [INFO] [EarthVisionX]: Starting EARTH VISION-X 18-step pipeline for New Delhi Urban Expansion (2016 vs 2026)
[2026-09-17 17:06:49] [INFO] [EarthVisionX]: Retrieving satellite pair for AOI (28.6139, 77.2090) between 2016 and 2026
[2026-09-17 17:06:56] [INFO] [EarthVisionX]: Starting EARTH VISION-X 18-step pipeline for New Delhi Urban Expansion (2016 vs 2026)
[2026-09-17 17:06:56] [INFO] [EarthVisionX]: Retrieving satellite pair for AOI (28.6139, 77.2090) between 2016 and 2026
[2026-09-17 17:07:04] [INFO] [EarthVisionX]: Starting EARTH VISION-X 18-step pipeline for New Delhi Urban Expansion (2016 vs 2026)
[2026-09-17 17:07:04] [INFO] [EarthVisionX]: Retrieving satellite pair for AOI (28.6139, 77.2090) between 2016 and 2026
[2026-09-17 17:07:04] [INFO] [EarthVisionX]: Starting EARTH VISION-X 18-step pipeline for New Delhi Urban Expansion (2016 vs 2026)
[2026-09-17 17:07:04] [INFO] [EarthVisionX]: Retrieving satellite pair for AOI (28.6139, 77.2090) between 2016 and 2026
[2026-09-17 17:07:16] [INFO] [EarthVisionX]: Starting EARTH VISION-X 18-step pipeline for Amazon Rainforest (Deforestation) (2016 vs 2026)
[2026-09-17 17:07:16] [INFO] [EarthVisionX]: Retrieving satellite pair for AOI (-9.8711, -63.2847) between 2016 and 2026
[2026-09-17 17:07:21] [INFO] [EarthVisionX]: Starting EARTH VISION-X 18-step pipeline for New Delhi Urban Expansion (2016 vs 2026)
[2026-09-17 17:07:21] [INFO] [EarthVisionX]: Retrieving satellite pair for AOI (28.6139, 77.2090) between 2016 and 2026
[2026-09-17 17:07:24] [INFO] [EarthVisionX]: Starting EARTH VISION-X 18-step pipeline for New Delhi Urban Expansion (2016 vs 2026)
[2026-09-17 17:07:24] [INFO] [EarthVisionX]: Retrieving satellite pair for AOI (28.6139, 77.2090) between 2016 and 2026
[2026-09-17 17:10:13] [INFO] [EarthVisionX]: Earth Engine initialization skipped: No module named 'ee'
[2026-09-17 17:10:13] [INFO] [EarthVisionX]: Retrieving satellite pair for AOI (-9.8711, -63.2847) between 2016 and 2026
[2026-09-17 17:10:58] [INFO] [EarthVisionX]: Earth Engine initialization skipped: No module named 'ee'
[2026-09-17 17:10:58] [INFO] [EarthVisionX]: Retrieving satellite pair for AOI (-9.8711, -63.2847) between 2016 and 2026
[2026-09-17 17:11:12] [INFO] [EarthVisionX]: Earth Engine initialization skipped: No module named 'ee'
[2026-09-17 17:11:12] [INFO] [EarthVisionX]: Retrieving satellite pair for AOI (-9.8711, -63.2847) between 2016 and 2026
[2026-09-17 17:14:55] [INFO] [EarthVisionX]: Earth Engine initialization skipped: No module named 'ee'
[2026-09-17 17:14:55] [INFO] [EarthVisionX]: Retrieving satellite pair for AOI (-9.8711, -63.2847) between 2016 and 2026
[2026-09-17 17:16:11] [INFO] [EarthVisionX]: Earth Engine initialization skipped: No module named 'ee'
[2026-09-17 17:16:11] [INFO] [EarthVisionX]: Starting EARTH VISION-X 18-step pipeline for Lake Mead Hydrological Drought (2016 vs 2026)
[2026-09-17 17:16:11] [INFO] [EarthVisionX]: Retrieving satellite pair for AOI (36.0150, -114.7378) between 2016 and 2026
[2026-09-17 17:16:15] [INFO] [EarthVisionX]: Pipeline executed in 4.046s. Primary: Urban Expansion
[2026-09-17 17:16:49] [INFO] [EarthVisionX]: Earth Engine initialization skipped: No module named 'ee'
[2026-09-17 17:16:49] [INFO] [EarthVisionX]: Retrieving satellite pair for AOI (-9.8711, -63.2847) between 2016 and 2026
[2026-09-17 17:16:49] [INFO] [EarthVisionX]: Resampling T2 from (48, 48) to match T1 (64, 64)
[2026-09-17 17:16:51] [INFO] [EarthVisionX]: Generated 17-section IEEE PDF Report successfully: D:\projects\Earthvision-X\Earth Vision X An Explainable Foundation AI Platform for Multi-Temporal Environmental Change Detection Using Vision Transformers, Satellite Imagery, and Geospatial Intelligence\Code\outputs\EarthVisionX_Report_20260917_171650.pdf
[2026-09-17 17:18:31] [INFO] [EarthVisionX]: Earth Engine initialization skipped: No module named 'ee'
[2026-09-17 17:18:31] [INFO] [EarthVisionX]: Starting EARTH VISION-X 18-step pipeline for Amazon Rainforest (Deforestation) (2016 vs 2026)
[2026-09-17 17:18:31] [INFO] [EarthVisionX]: Retrieving satellite pair for AOI (-9.8711, -63.2847) between 2016 and 2026
[2026-09-17 17:18:36] [INFO] [EarthVisionX]: Pipeline executed in 5.214s. Primary: Urban Expansion
[2026-09-17 17:19:50] [INFO] [EarthVisionX]: Starting EARTH VISION-X 18-step pipeline for New Delhi Urban Expansion (2016 vs 2026)
[2026-09-17 17:19:50] [INFO] [EarthVisionX]: Retrieving satellite pair for AOI (28.6139, 77.2090) between 2016 and 2026
[2026-09-17 17:19:55] [INFO] [EarthVisionX]: Starting EARTH VISION-X 18-step pipeline for New Delhi Urban Expansion (2016 vs 2026)
[2026-09-17 17:19:55] [INFO] [EarthVisionX]: Retrieving satellite pair for AOI (28.6139, 77.2090) between 2016 and 2026
[2026-09-17 17:19:58] [INFO] [EarthVisionX]: Pipeline executed in 7.961s. Primary: Urban Expansion
[2026-09-17 17:20:03] [INFO] [EarthVisionX]: Pipeline executed in 7.736s. Primary: Urban Expansion
[2026-09-17 17:31:37] [INFO] [EarthVisionX]: Earth Engine initialization skipped: No module named 'ee'
[2026-09-17 17:31:37] [INFO] [EarthVisionX]: Starting EARTH VISION-X 18-step pipeline for Lake Mead Hydrological Drought (2016 vs 2026)
[2026-09-17 17:31:37] [INFO] [EarthVisionX]: Retrieving satellite pair for AOI (-9.8711, -63.2847) between 2016 and 2026
[2026-09-17 17:31:37] [INFO] [EarthVisionX]: Low inlier ratio (0.04); skipping projective warp to prevent distortion.
[2026-09-17 17:31:41] [INFO] [EarthVisionX]: Pipeline executed in 4.29s. Primary: Urban Expansion
[2026-09-17 17:31:41] [INFO] [EarthVisionX]: Starting EARTH VISION-X 18-step pipeline for Dubai Coastal & Urban Sprawl (2016 vs 2026)
[2026-09-17 17:31:41] [INFO] [EarthVisionX]: Retrieving satellite pair for AOI (-9.8711, -63.2847) between 2016 and 2026
[2026-09-17 17:31:41] [INFO] [EarthVisionX]: Low inlier ratio (0.03); skipping projective warp to prevent distortion.
[2026-09-17 17:31:46] [INFO] [EarthVisionX]: Pipeline executed in 4.553s. Primary: Deforestation
[2026-09-17 17:31:46] [INFO] [EarthVisionX]: Starting EARTH VISION-X 18-step pipeline for Amazon Rainforest (Deforestation) (2016 vs 2026)
[2026-09-17 17:31:46] [INFO] [EarthVisionX]: Retrieving satellite pair for AOI (-9.8711, -63.2847) between 2016 and 2026
[2026-09-17 17:31:46] [INFO] [EarthVisionX]: Low inlier ratio (0.04); skipping projective warp to prevent distortion.
[2026-09-17 17:31:51] [INFO] [EarthVisionX]: Pipeline executed in 4.934s. Primary: Deforestation
[2026-09-17 17:31:51] [INFO] [EarthVisionX]: Starting EARTH VISION-X 18-step pipeline for New Delhi Urban Expansion (2016 vs 2026)
[2026-09-17 17:31:51] [INFO] [EarthVisionX]: Retrieving satellite pair for AOI (-9.8711, -63.2847) between 2016 and 2026
[2026-09-17 17:31:51] [INFO] [EarthVisionX]: Low inlier ratio (0.02); skipping projective warp to prevent distortion.
[2026-09-17 17:31:57] [INFO] [EarthVisionX]: Pipeline executed in 6.019s. Primary: Deforestation
[2026-09-17 17:33:07] [INFO] [EarthVisionX]: Earth Engine initialization skipped: No module named 'ee'
[2026-09-17 17:33:07] [INFO] [EarthVisionX]: Starting EARTH VISION-X 18-step pipeline for Lake Mead Hydrological Drought (2016 vs 2026)
[2026-09-17 17:33:07] [INFO] [EarthVisionX]: Retrieving satellite pair for AOI (36.1400, -114.4100) between 2016 and 2026
[2026-09-17 17:33:07] [INFO] [EarthVisionX]: Low inlier ratio (0.04); skipping projective warp to prevent distortion.
[2026-09-17 17:33:11] [INFO] [EarthVisionX]: Pipeline executed in 4.048s. Primary: Deforestation
[2026-09-17 17:33:11] [INFO] [EarthVisionX]: Starting EARTH VISION-X 18-step pipeline for Dubai Coastal & Urban Sprawl (2016 vs 2026)
[2026-09-17 17:33:11] [INFO] [EarthVisionX]: Retrieving satellite pair for AOI (25.1124, 55.1390) between 2016 and 2026
[2026-09-17 17:33:11] [INFO] [EarthVisionX]: Low inlier ratio (0.03); skipping projective warp to prevent distortion.
[2026-09-17 17:33:16] [INFO] [EarthVisionX]: Pipeline executed in 4.342s. Primary: Deforestation
[2026-09-17 17:33:16] [INFO] [EarthVisionX]: Starting EARTH VISION-X 18-step pipeline for Amazon Rainforest (Deforestation) (2016 vs 2026)
[2026-09-17 17:33:16] [INFO] [EarthVisionX]: Retrieving satellite pair for AOI (-10.8500, -61.9500) between 2016 and 2026
[2026-09-17 17:33:16] [INFO] [EarthVisionX]: Low inlier ratio (0.04); skipping projective warp to prevent distortion.
[2026-09-17 17:33:20] [INFO] [EarthVisionX]: Pipeline executed in 4.687s. Primary: Water Body Change
[2026-09-17 17:33:20] [INFO] [EarthVisionX]: Starting EARTH VISION-X 18-step pipeline for New Delhi Urban Expansion (2016 vs 2026)
[2026-09-17 17:33:20] [INFO] [EarthVisionX]: Retrieving satellite pair for AOI (28.4500, 77.0500) between 2016 and 2026
[2026-09-17 17:33:20] [INFO] [EarthVisionX]: Low inlier ratio (0.02); skipping projective warp to prevent distortion.
[2026-09-17 17:33:26] [INFO] [EarthVisionX]: Pipeline executed in 6.113s. Primary: Water Body Change
[2026-09-17 17:35:34] [INFO] [EarthVisionX]: Earth Engine initialization skipped: No module named 'ee'
[2026-09-17 17:35:34] [INFO] [EarthVisionX]: Retrieving satellite pair for AOI (-9.8711, -63.2847) between 2016 and 2026
[2026-09-17 17:35:34] [INFO] [EarthVisionX]: Low inlier ratio (0.04); skipping projective warp to prevent distortion.
[2026-09-17 17:35:34] [INFO] [EarthVisionX]: Resampling T2 from (48, 48) to match T1 (64, 64)
[2026-09-17 17:35:35] [INFO] [EarthVisionX]: Generated 17-section IEEE PDF Report successfully: D:\projects\Earthvision-X\Earth Vision X An Explainable Foundation AI Platform for Multi-Temporal Environmental Change Detection Using Vision Transformers, Satellite Imagery, and Geospatial Intelligence\Code\outputs\EarthVisionX_Report_20260917_173535.pdf
[2026-09-17 17:35:54] [INFO] [EarthVisionX]: Starting EARTH VISION-X 18-step pipeline for Amazon Rainforest (Deforestation) (2016 vs 2026)
[2026-09-17 17:35:54] [INFO] [EarthVisionX]: Retrieving satellite pair for AOI (-9.8711, -63.2847) between 2016 and 2026
[2026-09-17 17:35:54] [INFO] [EarthVisionX]: Starting EARTH VISION-X 18-step pipeline for Amazon Rainforest (Deforestation) (2016 vs 2026)
[2026-09-17 17:35:54] [INFO] [EarthVisionX]: Retrieving satellite pair for AOI (-9.8711, -63.2847) between 2016 and 2026
[2026-09-17 17:35:54] [INFO] [EarthVisionX]: Low inlier ratio (0.04); skipping projective warp to prevent distortion.
[2026-09-17 17:35:54] [INFO] [EarthVisionX]: Low inlier ratio (0.04); skipping projective warp to prevent distortion.
[2026-09-17 17:35:57] [INFO] [EarthVisionX]: Starting EARTH VISION-X 18-step pipeline for Dubai Coastal & Urban Sprawl (2016 vs 2026)
[2026-09-17 17:35:57] [INFO] [EarthVisionX]: Retrieving satellite pair for AOI (25.2048, 55.2708) between 2016 and 2026
[2026-09-17 17:35:57] [INFO] [EarthVisionX]: Low inlier ratio (0.04); skipping projective warp to prevent distortion.
[2026-09-17 17:35:58] [INFO] [EarthVisionX]: Starting EARTH VISION-X 18-step pipeline for Dubai Coastal & Urban Sprawl (2016 vs 2026)
[2026-09-17 17:35:58] [INFO] [EarthVisionX]: Retrieving satellite pair for AOI (25.2048, 55.2708) between 2016 and 2026
[2026-09-17 17:35:58] [INFO] [EarthVisionX]: Low inlier ratio (0.04); skipping projective warp to prevent distortion.
[2026-09-17 17:36:08] [INFO] [EarthVisionX]: Pipeline executed in 14.836s. Primary: Urban Expansion
[2026-09-17 17:36:09] [INFO] [EarthVisionX]: Pipeline executed in 15.17s. Primary: Urban Expansion
[2026-09-17 17:36:11] [INFO] [EarthVisionX]: Pipeline executed in 12.542s. Primary: Urban Expansion
[2026-09-17 17:36:11] [INFO] [EarthVisionX]: Pipeline executed in 13.725s. Primary: Urban Expansion
[2026-09-17 17:37:46] [INFO] [EarthVisionX]: Starting EARTH VISION-X 18-step pipeline for Amazon Rainforest (Deforestation) (2016 vs 2026)
[2026-09-17 17:37:46] [INFO] [EarthVisionX]: Retrieving satellite pair for AOI (-9.8711, -63.2847) between 2016 and 2026
[2026-09-17 17:37:46] [INFO] [EarthVisionX]: Low inlier ratio (0.04); skipping projective warp to prevent distortion.
[2026-09-17 17:37:53] [INFO] [EarthVisionX]: Pipeline executed in 7.173s. Primary: Urban Expansion
[2026-09-17 17:38:53] [INFO] [EarthVisionX]: Earth Engine initialization skipped: No module named 'ee'
[2026-09-17 17:38:54] [INFO] [EarthVisionX]: Earth Engine initialization skipped: No module named 'ee'
[2026-09-17 17:38:54] [INFO] [EarthVisionX]: Starting EARTH VISION-X 18-step pipeline for Cairo, Egypt (2016 vs 2026)
[2026-09-17 17:38:54] [INFO] [EarthVisionX]: Retrieving satellite pair for AOI (30.0444, 31.2357) between 2016 and 2026
[2026-09-17 17:39:04] [INFO] [EarthVisionX]: Low inlier ratio (0.08); skipping projective warp to prevent distortion.
[2026-09-17 17:39:08] [INFO] [EarthVisionX]: Pipeline executed in 14.6s. Primary: Urban Expansion
[2026-09-17 17:40:51] [INFO] [EarthVisionX]: Earth Engine initialization skipped: No module named 'ee'
[2026-09-17 17:40:51] [INFO] [EarthVisionX]: Retrieving satellite pair for AOI (-9.8711, -63.2847) between 2016 and 2026
[2026-09-17 17:40:51] [INFO] [EarthVisionX]: Low inlier ratio (0.04); skipping projective warp to prevent distortion.
[2026-09-17 17:40:51] [INFO] [EarthVisionX]: Resampling T2 from (48, 48) to match T1 (64, 64)
[2026-09-17 17:40:52] [INFO] [EarthVisionX]: Generated 17-section IEEE PDF Report successfully: D:\projects\Earthvision-X\Earth Vision X An Explainable Foundation AI Platform for Multi-Temporal Environmental Change Detection Using Vision Transformers, Satellite Imagery, and Geospatial Intelligence\Code\outputs\EarthVisionX_Report_20260917_174052.pdf
[2026-09-17 17:41:33] [INFO] [EarthVisionX]: Starting EARTH VISION-X 18-step pipeline for Amazon Rainforest (Deforestation) (2016 vs 2026)
[2026-09-17 17:41:33] [INFO] [EarthVisionX]: Retrieving satellite pair for AOI (-9.8711, -63.2847) between 2016 and 2026
[2026-09-17 17:41:33] [INFO] [EarthVisionX]: Low inlier ratio (0.04); skipping projective warp to prevent distortion.
[2026-09-17 17:41:38] [INFO] [EarthVisionX]: Starting EARTH VISION-X 18-step pipeline for Amazon Rainforest (Deforestation) (2016 vs 2026)
[2026-09-17 17:41:38] [INFO] [EarthVisionX]: Retrieving satellite pair for AOI (-9.8711, -63.2847) between 2016 and 2026
[2026-09-17 17:41:38] [INFO] [EarthVisionX]: Low inlier ratio (0.04); skipping projective warp to prevent distortion.
[2026-09-17 17:41:39] [INFO] [EarthVisionX]: Pipeline executed in 6.434s. Primary: Urban Expansion
[2026-09-17 17:41:42] [INFO] [EarthVisionX]: Starting EARTH VISION-X 18-step pipeline for Amazon Rainforest (Deforestation) (2016 vs 2026)
[2026-09-17 17:41:42] [INFO] [EarthVisionX]: Retrieving satellite pair for AOI (-9.8711, -63.2847) between 2016 and 2026
[2026-09-17 17:41:43] [INFO] [EarthVisionX]: Low inlier ratio (0.04); skipping projective warp to prevent distortion.
[2026-09-17 17:41:44] [INFO] [EarthVisionX]: Starting EARTH VISION-X 18-step pipeline for Amazon Rainforest (Deforestation) (2016 vs 2026)
[2026-09-17 17:41:44] [INFO] [EarthVisionX]: Retrieving satellite pair for AOI (-9.8711, -63.2847) between 2016 and 2026
[2026-09-17 17:41:44] [INFO] [EarthVisionX]: Starting EARTH VISION-X 18-step pipeline for Amazon Rainforest (Deforestation) (2016 vs 2026)
[2026-09-17 17:41:44] [INFO] [EarthVisionX]: Retrieving satellite pair for AOI (-9.8711, -63.2847) between 2016 and 2026
[2026-09-17 17:41:44] [INFO] [EarthVisionX]: Low inlier ratio (0.04); skipping projective warp to prevent distortion.
[2026-09-17 17:41:45] [INFO] [EarthVisionX]: Starting EARTH VISION-X 18-step pipeline for Amazon Rainforest (Deforestation) (2016 vs 2026)
[2026-09-17 17:41:45] [INFO] [EarthVisionX]: Retrieving satellite pair for AOI (-9.8711, -63.2847) between 2016 and 2026
[2026-09-17 17:41:45] [INFO] [EarthVisionX]: Low inlier ratio (0.04); skipping projective warp to prevent distortion.
[2026-09-17 17:41:45] [INFO] [EarthVisionX]: Low inlier ratio (0.04); skipping projective warp to prevent distortion.
[2026-09-17 17:41:51] [INFO] [EarthVisionX]: Starting EARTH VISION-X 18-step pipeline for Amazon Rainforest (Deforestation) (2016 vs 2026)
[2026-09-17 17:41:51] [INFO] [EarthVisionX]: Retrieving satellite pair for AOI (-9.8711, -63.2847) between 2016 and 2026
[2026-09-17 17:41:52] [INFO] [EarthVisionX]: Low inlier ratio (0.04); skipping projective warp to prevent distortion.
[2026-09-17 17:41:57] [INFO] [EarthVisionX]: Pipeline executed in 19.24s. Primary: Urban Expansion
[2026-09-17 17:42:00] [INFO] [EarthVisionX]: Starting EARTH VISION-X 18-step pipeline for Amazon Rainforest (Deforestation) (2016 vs 2026)
[2026-09-17 17:42:00] [INFO] [EarthVisionX]: Retrieving satellite pair for AOI (-9.8711, -63.2847) between 2016 and 2026
[2026-09-17 17:42:01] [INFO] [EarthVisionX]: Low inlier ratio (0.04); skipping projective warp to prevent distortion.
[2026-09-17 17:42:04] [INFO] [EarthVisionX]: Starting EARTH VISION-X 18-step pipeline for Amazon Rainforest (Deforestation) (2016 vs 2026)
[2026-09-17 17:42:04] [INFO] [EarthVisionX]: Retrieving satellite pair for AOI (-9.8711, -63.2847) between 2016 and 2026
[2026-09-17 17:42:05] [INFO] [EarthVisionX]: Low inlier ratio (0.04); skipping projective warp to prevent distortion.
[2026-09-17 17:42:05] [INFO] [EarthVisionX]: Pipeline executed in 22.919s. Primary: Urban Expansion
[2026-09-17 17:42:08] [INFO] [EarthVisionX]: Starting EARTH VISION-X 18-step pipeline for Amazon Rainforest (Deforestation) (2016 vs 2026)
[2026-09-17 17:42:08] [INFO] [EarthVisionX]: Retrieving satellite pair for AOI (-9.8711, -63.2847) between 2016 and 2026
[2026-09-17 17:42:08] [INFO] [EarthVisionX]: Low inlier ratio (0.04); skipping projective warp to prevent distortion.
[2026-09-17 17:42:09] [INFO] [EarthVisionX]: Starting EARTH VISION-X 18-step pipeline for Amazon Rainforest (Deforestation) (2016 vs 2026)
[2026-09-17 17:42:09] [INFO] [EarthVisionX]: Retrieving satellite pair for AOI (-9.8711, -63.2847) between 2016 and 2026
[2026-09-17 17:42:10] [INFO] [EarthVisionX]: Low inlier ratio (0.04); skipping projective warp to prevent distortion.
[2026-09-17 17:42:11] [INFO] [EarthVisionX]: Pipeline executed in 26.592s. Primary: Urban Expansion
[2026-09-17 17:42:18] [INFO] [EarthVisionX]: Pipeline executed in 34.239s. Primary: Urban Expansion
[2026-09-17 17:42:19] [INFO] [EarthVisionX]: Pipeline executed in 28.067s. Primary: Urban Expansion
[2026-09-17 17:42:20] [INFO] [EarthVisionX]: Pipeline executed in 35.987s. Primary: Urban Expansion
[2026-09-17 17:42:26] [INFO] [EarthVisionX]: Pipeline executed in 18.097s. Primary: Urban Expansion
[2026-09-17 17:42:27] [INFO] [EarthVisionX]: Pipeline executed in 26.205s. Primary: Urban Expansion
[2026-09-17 17:42:27] [INFO] [EarthVisionX]: Pipeline executed in 23.348s. Primary: Urban Expansion
[2026-09-17 17:42:28] [INFO] [EarthVisionX]: Pipeline executed in 19.358s. Primary: Urban Expansion
[2026-09-17 17:42:39] [INFO] [EarthVisionX]: Starting EARTH VISION-X 18-step pipeline for Amazon Rainforest (Deforestation) (2016 vs 2026)
[2026-09-17 17:42:39] [INFO] [EarthVisionX]: Retrieving satellite pair for AOI (-9.8711, -63.2847) between 2016 and 2026
[2026-09-17 17:42:39] [INFO] [EarthVisionX]: Low inlier ratio (0.04); skipping projective warp to prevent distortion.
[2026-09-17 17:42:45] [INFO] [EarthVisionX]: Pipeline executed in 6.552s. Primary: Urban Expansion
[2026-09-17 17:44:42] [INFO] [EarthVisionX]: Earth Engine initialization skipped: No module named 'ee'
[2026-09-17 17:44:42] [INFO] [EarthVisionX]: Retrieving satellite pair for AOI (-9.8711, -63.2847) between 2016 and 2026
[2026-09-17 17:44:42] [INFO] [EarthVisionX]: Low inlier ratio (0.04); skipping projective warp to prevent distortion.
[2026-09-17 17:44:43] [INFO] [EarthVisionX]: Resampling T2 from (48, 48) to match T1 (64, 64)
[2026-09-17 17:44:44] [INFO] [EarthVisionX]: Generated 17-section IEEE PDF Report successfully: D:\projects\Earthvision-X\Earth Vision X An Explainable Foundation AI Platform for Multi-Temporal Environmental Change Detection Using Vision Transformers, Satellite Imagery, and Geospatial Intelligence\Code\outputs\EarthVisionX_Report_20260917_174444.pdf
[2026-09-17 17:45:53] [INFO] [EarthVisionX]: Starting EARTH VISION-X 18-step pipeline for Las Vegas, Nevada (2016 vs 2026)
[2026-09-17 17:45:53] [INFO] [EarthVisionX]: Retrieving satellite pair for AOI (36.1674, -115.1484) between 2016 and 2026
[2026-09-17 17:45:53] [INFO] [EarthVisionX]: Low inlier ratio (0.04); skipping projective warp to prevent distortion.
[2026-09-17 17:45:53] [INFO] [EarthVisionX]: Starting EARTH VISION-X 18-step pipeline for Las Vegas, Nevada (2016 vs 2026)
[2026-09-17 17:45:53] [INFO] [EarthVisionX]: Retrieving satellite pair for AOI (36.1674, -115.1484) between 2016 and 2026
[2026-09-17 17:45:53] [INFO] [EarthVisionX]: Low inlier ratio (0.04); skipping projective warp to prevent distortion.
[2026-09-17 17:45:56] [INFO] [EarthVisionX]: Starting EARTH VISION-X 18-step pipeline for Custom AOI (2016 vs 2026)
[2026-09-17 17:45:56] [INFO] [EarthVisionX]: Retrieving satellite pair for AOI (36.1699, -115.1398) between 2016 and 2026
[2026-09-17 17:45:56] [INFO] [EarthVisionX]: Low inlier ratio (0.04); skipping projective warp to prevent distortion.
[2026-09-17 17:46:01] [INFO] [EarthVisionX]: Starting EARTH VISION-X 18-step pipeline for Las Vegas, Nevada (2016 vs 2026)
[2026-09-17 17:46:01] [INFO] [EarthVisionX]: Retrieving satellite pair for AOI (36.1674, -115.1484) between 2016 and 2026
[2026-09-17 17:46:02] [INFO] [EarthVisionX]: Low inlier ratio (0.04); skipping projective warp to prevent distortion.
[2026-09-17 17:46:05] [INFO] [EarthVisionX]: Pipeline executed in 12.27s. Primary: Urban Expansion
[2026-09-17 17:46:07] [INFO] [EarthVisionX]: Pipeline executed in 10.786s. Primary: Urban Expansion
[2026-09-17 17:46:10] [INFO] [EarthVisionX]: Pipeline executed in 9.186s. Primary: Urban Expansion
[2026-09-17 17:46:13] [INFO] [EarthVisionX]: Starting EARTH VISION-X 18-step pipeline for bengaluru, india (2016 vs 2026)
[2026-09-17 17:46:13] [INFO] [EarthVisionX]: Retrieving satellite pair for AOI (12.9768, 77.5901) between 2016 and 2026
[2026-09-17 17:46:13] [INFO] [EarthVisionX]: Low inlier ratio (0.04); skipping projective warp to prevent distortion.
[2026-09-17 17:46:21] [INFO] [EarthVisionX]: Pipeline executed in 7.663s. Primary: Urban Expansion
[2026-09-17 17:48:58] [INFO] [EarthVisionX]: Generated 17-section IEEE PDF Report successfully: D:\projects\Earthvision-X\Earth Vision X An Explainable Foundation AI Platform for Multi-Temporal Environmental Change Detection Using Vision Transformers, Satellite Imagery, and Geospatial Intelligence\Code\outputs\EarthVisionX_Report_20260917_174857.pdf
[2026-09-17 17:49:08] [INFO] [EarthVisionX]: Generated 17-section IEEE PDF Report successfully: D:\projects\Earthvision-X\Earth Vision X An Explainable Foundation AI Platform for Multi-Temporal Environmental Change Detection Using Vision Transformers, Satellite Imagery, and Geospatial Intelligence\Code\outputs\EarthVisionX_Report_20260917_174907.pdf
[2026-09-17 17:49:25] [INFO] [EarthVisionX]: Earth Engine initialization skipped: No module named 'ee'
[2026-09-17 17:49:25] [INFO] [EarthVisionX]: Retrieving satellite pair for AOI (12.9788, 77.5901) between 2016 and 2026
[2026-09-17 17:49:37] [INFO] [EarthVisionX]: Low inlier ratio (0.07); skipping projective warp to prevent distortion.
[2026-09-17 17:55:05] [INFO] [EarthVisionX]: Earth Engine initialization skipped: No module named 'ee'
[2026-09-17 17:55:49] [INFO] [EarthVisionX]: Earth Engine initialization skipped: No module named 'ee'
[2026-09-17 17:55:49] [INFO] [EarthVisionX]: Starting EARTH VISION-X 18-step pipeline for bengaluru, india (2016 vs 2026)
[2026-09-17 17:55:49] [INFO] [EarthVisionX]: Retrieving satellite pair for AOI (12.9768, 77.5901) between 2016 and 2026
[2026-09-17 17:55:59] [INFO] [EarthVisionX]: Low inlier ratio (0.07); skipping projective warp to prevent distortion.
[2026-09-17 17:56:03] [INFO] [EarthVisionX]: Pipeline executed in 13.781s. Primary: Deforestation
[2026-09-17 17:56:19] [INFO] [EarthVisionX]: Earth Engine initialization skipped: No module named 'ee'
[2026-09-17 17:56:19] [INFO] [EarthVisionX]: Starting EARTH VISION-X 18-step pipeline for bengaluru, india (2016 vs 2026)
[2026-09-17 17:56:19] [INFO] [EarthVisionX]: Retrieving satellite pair for AOI (12.9768, 77.5901) between 2016 and 2026
[2026-09-17 17:56:29] [INFO] [EarthVisionX]: Low inlier ratio (0.07); skipping projective warp to prevent distortion.
[2026-09-17 17:56:33] [INFO] [EarthVisionX]: Pipeline executed in 14.206s. Primary: Water Body Change
[2026-09-17 18:01:08] [INFO] [EarthVisionX]: Earth Engine initialization skipped: No module named 'ee'
[2026-09-17 18:01:08] [INFO] [EarthVisionX]: Retrieving satellite pair for AOI (12.9788, 77.5901) between 2016 and 2026
[2026-09-17 18:01:18] [INFO] [EarthVisionX]: Low inlier ratio (0.07); skipping projective warp to prevent distortion.
[2026-09-17 18:17:21] [INFO] [EarthVisionX]: Earth Engine initialization skipped: No module named 'ee'
[2026-09-17 18:17:21] [INFO] [EarthVisionX]: Retrieving satellite pair for AOI (-9.8711, -63.2847) between 2016 and 2026
[2026-09-17 18:17:21] [INFO] [EarthVisionX]: Low inlier ratio (0.04); skipping projective warp to prevent distortion.
[2026-09-17 18:17:21] [INFO] [EarthVisionX]: Resampling T2 from (48, 48) to match T1 (64, 64)
[2026-09-17 18:17:22] [INFO] [EarthVisionX]: Generated 17-section IEEE PDF Report successfully: D:\projects\Earthvision-X\Earth Vision X An Explainable Foundation AI Platform for Multi-Temporal Environmental Change Detection Using Vision Transformers, Satellite Imagery, and Geospatial Intelligence\Code\outputs\EarthVisionX_Report_20260917_181722.pdf
[2026-09-17 18:18:30] [INFO] [EarthVisionX]: Earth Engine initialization skipped: No module named 'ee'
[2026-09-17 18:18:30] [INFO] [EarthVisionX]: Starting EARTH VISION-X 18-step pipeline for Bengaluru, Karnataka, India (2016 vs 2026)
[2026-09-17 18:18:30] [INFO] [EarthVisionX]: Retrieving satellite pair for AOI (12.9716, 77.5946) between 2016 and 2026
[2026-09-17 18:18:40] [INFO] [EarthVisionX]: Low inlier ratio (0.16); skipping projective warp to prevent distortion.
[2026-09-17 18:18:44] [INFO] [EarthVisionX]: Pipeline executed in 13.828s. Primary: Deforestation
[2026-09-17 18:20:38] [INFO] [EarthVisionX]: Earth Engine initialization skipped: No module named 'ee'
[2026-09-17 18:20:38] [INFO] [EarthVisionX]: Retrieving satellite pair for AOI (-9.8711, -63.2847) between 2016 and 2026
[2026-09-17 18:20:48] [INFO] [EarthVisionX]: Low inlier ratio (0.09); skipping projective warp to prevent distortion.
[2026-09-17 18:20:48] [INFO] [EarthVisionX]: Resampling T2 from (48, 48) to match T1 (64, 64)
[2026-09-17 18:20:49] [INFO] [EarthVisionX]: Generated 17-section IEEE PDF Report successfully: D:\projects\Earthvision-X\Earth Vision X An Explainable Foundation AI Platform for Multi-Temporal Environmental Change Detection Using Vision Transformers, Satellite Imagery, and Geospatial Intelligence\Code\outputs\EarthVisionX_Report_20260917_182049.pdf
[2026-09-17 18:22:04] [INFO] [EarthVisionX]: Earth Engine initialization skipped: No module named 'ee'
[2026-09-17 18:22:04] [INFO] [EarthVisionX]: Starting EARTH VISION-X 18-step pipeline for Bengaluru, Karnataka, India (2016 vs 2026)
[2026-09-17 18:22:04] [INFO] [EarthVisionX]: Retrieving satellite pair for AOI (12.9716, 77.5946) between 2016 and 2026
[2026-09-17 18:22:07] [INFO] [EarthVisionX]: Earth Engine initialization skipped: No module named 'ee'
[2026-09-17 18:22:07] [INFO] [EarthVisionX]: Starting EARTH VISION-X 18-step pipeline for Bengaluru, Karnataka, India (2016 vs 2026)
[2026-09-17 18:22:07] [INFO] [EarthVisionX]: Retrieving satellite pair for AOI (12.9716, 77.5946) between 2016 and 2026
[2026-09-17 18:22:15] [INFO] [EarthVisionX]: Low inlier ratio (0.16); skipping projective warp to prevent distortion.
[2026-09-17 18:22:18] [INFO] [EarthVisionX]: Low inlier ratio (0.16); skipping projective warp to prevent distortion.
[2026-09-17 18:22:28] [INFO] [EarthVisionX]: Pipeline executed in 24.213s. Primary: Urban Expansion
[2026-09-17 18:22:31] [INFO] [EarthVisionX]: Pipeline executed in 24.351s. Primary: Urban Expansion
